Synthetic database created successfully!
Starting synthetic density experiment
Graph sizes: [(50, 100), (100, 200), (150, 300), (200, 400)]
Algorithms: ['Naive', 'oneR', 'ADV++']
P values: [2, 3]
Q values: [3, 4, 5]
Epsilon: 1.0
Densities: [0.1, 0.15, 0.2, 0.25, 0.3, 0.35, 0.4, 0.45, 0.5, 0.55, 0.6, 0.65, 0.7, 0.75, 0.8, 0.85, 0.9, 0.95, 1.0]
Graphs per density: 5
Runs per graph: 2

============================================================
EXPERIMENTING WITH GRAPH SIZE: 50 x 100
============================================================

--- P=2, Q=3 ---

=== Density 0.10 (10.0%) ===

  Graph 1/5:
    Created graph: 500 edges (10.0% density)
    Running Naive...
      Run 1/2 (1/13680)
      Run 2/2 (2/13680)
      Mean MRE: 1145.111 ± 23.041
    Running oneR...
      Run 1/2 (3/13680)
      Run 2/2 (4/13680)
      Mean MRE: 52.636 ± 39.529
    Running ADV++...
      Run 1/2 (5/13680)
      Run 2/2 (6/13680)
      Mean MRE: 2.299 ± 1.389

  Graph 2/5:
    Created graph: 500 edges (10.0% density)
    Running Naive...
      Run 1/2 (7/13680)
      Run 2/2 (8/13680)
      Mean MRE: 1142.349 ± 44.739
    Running oneR...
      Run 1/2 (9/13680)
      Run 2/2 (10/13680)
      Mean MRE: 65.167 ± 30.781
    Running ADV++...
      Run 1/2 (11/13680)
      Run 2/2 (12/13680)
      Mean MRE: 60.582 ± 11.145

  Graph 3/5:
    Created graph: 500 edges (10.0% density)
    Running Naive...
      Run 1/2 (13/13680)
      Run 2/2 (14/13680)
      Mean MRE: 1120.012 ± 18.809
    Running oneR...
      Run 1/2 (15/13680)
      Run 2/2 (16/13680)
      Mean MRE: 16.124 ± 13.627
    Running ADV++...
      Run 1/2 (17/13680)
      Run 2/2 (18/13680)
      Mean MRE: 79.122 ± 5.590

  Graph 4/5:
    Created graph: 500 edges (10.0% density)
    Running Naive...
      Run 1/2 (19/13680)
      Run 2/2 (20/13680)
      Mean MRE: 1234.490 ± 146.241
    Running oneR...
      Run 1/2 (21/13680)
      Run 2/2 (22/13680)
      Mean MRE: 125.057 ± 87.705
    Running ADV++...
      Run 1/2 (23/13680)
      Run 2/2 (24/13680)
      Mean MRE: 27.591 ± 1.550

  Graph 5/5:
    Created graph: 500 edges (10.0% density)
    Running Naive...
      Run 1/2 (25/13680)
      Run 2/2 (26/13680)
      Mean MRE: 1087.597 ± 56.835
    Running oneR...
      Run 1/2 (27/13680)
      Run 2/2 (28/13680)
      Mean MRE: 71.051 ± 34.557
    Running ADV++...
      Run 1/2 (29/13680)
      Run 2/2 (30/13680)
      Mean MRE: 48.592 ± 1.110

=== Density 0.15 (15.0%) ===

  Graph 1/5:
    Created graph: 750 edges (15.0% density)
    Running Naive...
      Run 1/2 (31/13680)
      Run 2/2 (32/13680)
      Mean MRE: 154.411 ± 6.350
    Running oneR...
      Run 1/2 (33/13680)
      Run 2/2 (34/13680)
      Mean MRE: 5.569 ± 2.066
    Running ADV++...
      Run 1/2 (35/13680)
      Run 2/2 (36/13680)
      Mean MRE: 2.397 ± 0.713

  Graph 2/5:
    Created graph: 750 edges (15.0% density)
    Running Naive...
      Run 1/2 (37/13680)
      Run 2/2 (38/13680)
      Mean MRE: 170.231 ± 7.042
    Running oneR...
      Run 1/2 (39/13680)
      Run 2/2 (40/13680)
      Mean MRE: 4.471 ± 1.404
    Running ADV++...
      Run 1/2 (41/13680)
      Run 2/2 (42/13680)
      Mean MRE: 8.243 ± 3.378

  Graph 3/5:
    Created graph: 750 edges (15.0% density)
    Running Naive...
      Run 1/2 (43/13680)
      Run 2/2 (44/13680)
      Mean MRE: 119.958 ± 5.739
    Running oneR...
      Run 1/2 (45/13680)
      Run 2/2 (46/13680)
      Mean MRE: 4.893 ± 0.278
    Running ADV++...
      Run 1/2 (47/13680)
      Run 2/2 (48/13680)
      Mean MRE: 1.422 ± 1.377

  Graph 4/5:
    Created graph: 750 edges (15.0% density)
    Running Naive...
      Run 1/2 (49/13680)
      Run 2/2 (50/13680)
      Mean MRE: 154.399 ± 18.092
    Running oneR...
      Run 1/2 (51/13680)
      Run 2/2 (52/13680)
      Mean MRE: 15.834 ± 1.345
    Running ADV++...
      Run 1/2 (53/13680)
      Run 2/2 (54/13680)
      Mean MRE: 9.518 ± 1.572

  Graph 5/5:
    Created graph: 750 edges (15.0% density)
    Running Naive...
      Run 1/2 (55/13680)
      Run 2/2 (56/13680)
      Mean MRE: 148.599 ± 3.589
    Running oneR...
      Run 1/2 (57/13680)
      Run 2/2 (58/13680)
      Mean MRE: 3.442 ± 2.337
    Running ADV++...
      Run 1/2 (59/13680)
      Run 2/2 (60/13680)
      Mean MRE: 4.686 ± 1.295

=== Density 0.20 (20.0%) ===

  Graph 1/5:
    Created graph: 1000 edges (20.0% density)
    Running Naive...
      Run 1/2 (61/13680)
      Run 2/2 (62/13680)
      Mean MRE: 38.015 ± 2.405
    Running oneR...
      Run 1/2 (63/13680)
      Run 2/2 (64/13680)
      Mean MRE: 2.261 ± 0.627
    Running ADV++...
      Run 1/2 (65/13680)
      Run 2/2 (66/13680)
      Mean MRE: 0.189 ± 0.112

  Graph 2/5:
    Created graph: 1000 edges (20.0% density)
    Running Naive...
      Run 1/2 (67/13680)
      Run 2/2 (68/13680)
      Mean MRE: 32.992 ± 3.934
    Running oneR...
      Run 1/2 (69/13680)
      Run 2/2 (70/13680)
      Mean MRE: 1.263 ± 0.076
    Running ADV++...
      Run 1/2 (71/13680)
      Run 2/2 (72/13680)
      Mean MRE: 1.109 ± 1.059

  Graph 3/5:
    Created graph: 1000 edges (20.0% density)
    Running Naive...
      Run 1/2 (73/13680)
      Run 2/2 (74/13680)
      Mean MRE: 34.736 ± 3.103
    Running oneR...
      Run 1/2 (75/13680)
      Run 2/2 (76/13680)
      Mean MRE: 0.415 ± 0.309
    Running ADV++...
      Run 1/2 (77/13680)
      Run 2/2 (78/13680)
      Mean MRE: 0.790 ± 0.471

  Graph 4/5:
    Created graph: 1000 edges (20.0% density)
    Running Naive...
      Run 1/2 (79/13680)
      Run 2/2 (80/13680)
      Mean MRE: 35.317 ± 0.502
    Running oneR...
      Run 1/2 (81/13680)
      Run 2/2 (82/13680)
      Mean MRE: 0.538 ± 0.037
    Running ADV++...
      Run 1/2 (83/13680)
      Run 2/2 (84/13680)
      Mean MRE: 0.888 ± 0.498

  Graph 5/5:
    Created graph: 1000 edges (20.0% density)
    Running Naive...
      Run 1/2 (85/13680)
      Run 2/2 (86/13680)
      Mean MRE: 44.019 ± 3.200
    Running oneR...
      Run 1/2 (87/13680)
      Run 2/2 (88/13680)
      Mean MRE: 1.791 ± 0.023
    Running ADV++...
      Run 1/2 (89/13680)
      Run 2/2 (90/13680)
      Mean MRE: 1.532 ± 1.059

=== Density 0.25 (25.0%) ===

  Graph 1/5:
    Created graph: 1250 edges (25.0% density)
    Running Naive...
      Run 1/2 (91/13680)
      Run 2/2 (92/13680)
      Mean MRE: 12.907 ± 0.028
    Running oneR...
      Run 1/2 (93/13680)
      Run 2/2 (94/13680)
      Mean MRE: 1.300 ± 1.284
    Running ADV++...
      Run 1/2 (95/13680)
      Run 2/2 (96/13680)
      Mean MRE: 0.142 ± 0.076

  Graph 2/5:
    Created graph: 1250 edges (25.0% density)
    Running Naive...
      Run 1/2 (97/13680)
      Run 2/2 (98/13680)
      Mean MRE: 14.219 ± 1.477
    Running oneR...
      Run 1/2 (99/13680)
      Run 2/2 (100/13680)
      Mean MRE: 0.134 ± 0.029
    Running ADV++...
      Run 1/2 (101/13680)
      Run 2/2 (102/13680)
      Mean MRE: 0.151 ± 0.119

  Graph 3/5:
    Created graph: 1250 edges (25.0% density)
    Running Naive...
      Run 1/2 (103/13680)
      Run 2/2 (104/13680)
      Mean MRE: 13.367 ± 0.042
    Running oneR...
      Run 1/2 (105/13680)
      Run 2/2 (106/13680)
      Mean MRE: 0.454 ± 0.190
    Running ADV++...
      Run 1/2 (107/13680)
      Run 2/2 (108/13680)
      Mean MRE: 0.749 ± 0.060

  Graph 4/5:
    Created graph: 1250 edges (25.0% density)
    Running Naive...
      Run 1/2 (109/13680)
      Run 2/2 (110/13680)
      Mean MRE: 11.186 ± 0.242
    Running oneR...
      Run 1/2 (111/13680)
      Run 2/2 (112/13680)
      Mean MRE: 0.225 ± 0.127
    Running ADV++...
      Run 1/2 (113/13680)
      Run 2/2 (114/13680)
      Mean MRE: 0.122 ± 0.085

  Graph 5/5:
    Created graph: 1250 edges (25.0% density)
    Running Naive...
      Run 1/2 (115/13680)
      Run 2/2 (116/13680)
      Mean MRE: 11.404 ± 1.865
    Running oneR...
      Run 1/2 (117/13680)
      Run 2/2 (118/13680)
      Mean MRE: 0.438 ± 0.233
    Running ADV++...
      Run 1/2 (119/13680)
      Run 2/2 (120/13680)
      Mean MRE: 0.860 ± 0.567

=== Density 0.30 (30.0%) ===

  Graph 1/5:
    Created graph: 1500 edges (30.0% density)
    Running Naive...
      Run 1/2 (121/13680)
      Run 2/2 (122/13680)
      Mean MRE: 4.272 ± 0.453
    Running oneR...
      Run 1/2 (123/13680)
      Run 2/2 (124/13680)
      Mean MRE: 0.351 ± 0.169
    Running ADV++...
      Run 1/2 (125/13680)
      Run 2/2 (126/13680)
      Mean MRE: 0.242 ± 0.085

  Graph 2/5:
    Created graph: 1500 edges (30.0% density)
    Running Naive...
      Run 1/2 (127/13680)
      Run 2/2 (128/13680)
      Mean MRE: 6.514 ± 0.304
    Running oneR...
      Run 1/2 (129/13680)
      Run 2/2 (130/13680)
      Mean MRE: 0.345 ± 0.141
    Running ADV++...
      Run 1/2 (131/13680)
      Run 2/2 (132/13680)
      Mean MRE: 0.255 ± 0.108

  Graph 3/5:
    Created graph: 1500 edges (30.0% density)
    Running Naive...
      Run 1/2 (133/13680)
      Run 2/2 (134/13680)
      Mean MRE: 4.602 ± 0.008
    Running oneR...
      Run 1/2 (135/13680)
      Run 2/2 (136/13680)
      Mean MRE: 0.558 ± 0.411
    Running ADV++...
      Run 1/2 (137/13680)
      Run 2/2 (138/13680)
      Mean MRE: 0.454 ± 0.109

  Graph 4/5:
    Created graph: 1500 edges (30.0% density)
    Running Naive...
      Run 1/2 (139/13680)
      Run 2/2 (140/13680)
      Mean MRE: 5.165 ± 0.623
    Running oneR...
      Run 1/2 (141/13680)
      Run 2/2 (142/13680)
      Mean MRE: 0.236 ± 0.164
    Running ADV++...
      Run 1/2 (143/13680)
      Run 2/2 (144/13680)
      Mean MRE: 0.344 ± 0.115

  Graph 5/5:
    Created graph: 1500 edges (30.0% density)
    Running Naive...
      Run 1/2 (145/13680)
      Run 2/2 (146/13680)
      Mean MRE: 5.649 ± 0.293
    Running oneR...
      Run 1/2 (147/13680)
      Run 2/2 (148/13680)
      Mean MRE: 0.274 ± 0.182
    Running ADV++...
      Run 1/2 (149/13680)
      Run 2/2 (150/13680)
      Mean MRE: 0.176 ± 0.098

=== Density 0.35 (35.0%) ===

  Graph 1/5:
    Created graph: 1750 edges (35.0% density)
    Running Naive...
      Run 1/2 (151/13680)
      Run 2/2 (152/13680)
      Mean MRE: 2.526 ± 0.167
    Running oneR...
      Run 1/2 (153/13680)
      Run 2/2 (154/13680)
      Mean MRE: 0.162 ± 0.069
    Running ADV++...
      Run 1/2 (155/13680)
      Run 2/2 (156/13680)
      Mean MRE: 0.023 ± 0.011

  Graph 2/5:
    Created graph: 1750 edges (35.0% density)
    Running Naive...
      Run 1/2 (157/13680)
      Run 2/2 (158/13680)
      Mean MRE: 2.564 ± 0.046
    Running oneR...
      Run 1/2 (159/13680)
      Run 2/2 (160/13680)
      Mean MRE: 0.305 ± 0.014
    Running ADV++...
      Run 1/2 (161/13680)
      Run 2/2 (162/13680)
      Mean MRE: 0.121 ± 0.023

  Graph 3/5:
    Created graph: 1750 edges (35.0% density)
    Running Naive...
      Run 1/2 (163/13680)
      Run 2/2 (164/13680)
      Mean MRE: 2.533 ± 0.078
    Running oneR...
      Run 1/2 (165/13680)
      Run 2/2 (166/13680)
      Mean MRE: 0.258 ± 0.035
    Running ADV++...
      Run 1/2 (167/13680)
      Run 2/2 (168/13680)
      Mean MRE: 0.272 ± 0.083

  Graph 4/5:
    Created graph: 1750 edges (35.0% density)
    Running Naive...
      Run 1/2 (169/13680)
      Run 2/2 (170/13680)
      Mean MRE: 2.578 ± 0.096
    Running oneR...
      Run 1/2 (171/13680)
      Run 2/2 (172/13680)
      Mean MRE: 0.480 ± 0.084
    Running ADV++...
      Run 1/2 (173/13680)
      Run 2/2 (174/13680)
      Mean MRE: 0.222 ± 0.019

  Graph 5/5:
    Created graph: 1750 edges (35.0% density)
    Running Naive...
      Run 1/2 (175/13680)
      Run 2/2 (176/13680)
      Mean MRE: 2.653 ± 0.357
    Running oneR...
      Run 1/2 (177/13680)
      Run 2/2 (178/13680)
      Mean MRE: 0.196 ± 0.177
    Running ADV++...
      Run 1/2 (179/13680)
      Run 2/2 (180/13680)
      Mean MRE: 0.128 ± 0.085

=== Density 0.40 (40.0%) ===

  Graph 1/5:
    Created graph: 2000 edges (40.0% density)
    Running Naive...
      Run 1/2 (181/13680)
      Run 2/2 (182/13680)
      Mean MRE: 1.135 ± 0.171
    Running oneR...
      Run 1/2 (183/13680)
      Run 2/2 (184/13680)
      Mean MRE: 0.072 ± 0.009
    Running ADV++...
      Run 1/2 (185/13680)
      Run 2/2 (186/13680)
      Mean MRE: 0.092 ± 0.004

  Graph 2/5:
    Created graph: 2000 edges (40.0% density)
    Running Naive...
      Run 1/2 (187/13680)
      Run 2/2 (188/13680)
      Mean MRE: 1.144 ± 0.081
    Running oneR...
      Run 1/2 (189/13680)
      Run 2/2 (190/13680)
      Mean MRE: 0.159 ± 0.098
    Running ADV++...
      Run 1/2 (191/13680)
      Run 2/2 (192/13680)
      Mean MRE: 0.202 ± 0.171

  Graph 3/5:
    Created graph: 2000 edges (40.0% density)
    Running Naive...
      Run 1/2 (193/13680)
      Run 2/2 (194/13680)
      Mean MRE: 1.040 ± 0.153
    Running oneR...
      Run 1/2 (195/13680)
      Run 2/2 (196/13680)
      Mean MRE: 0.081 ± 0.063
    Running ADV++...
      Run 1/2 (197/13680)
      Run 2/2 (198/13680)
      Mean MRE: 0.043 ± 0.004

  Graph 4/5:
    Created graph: 2000 edges (40.0% density)
    Running Naive...
      Run 1/2 (199/13680)
      Run 2/2 (200/13680)
      Mean MRE: 1.025 ± 0.238
    Running oneR...
      Run 1/2 (201/13680)
      Run 2/2 (202/13680)
      Mean MRE: 0.123 ± 0.027
    Running ADV++...
      Run 1/2 (203/13680)
      Run 2/2 (204/13680)
      Mean MRE: 0.205 ± 0.176

  Graph 5/5:
    Created graph: 2000 edges (40.0% density)
    Running Naive...
      Run 1/2 (205/13680)
      Run 2/2 (206/13680)
      Mean MRE: 1.070 ± 0.068
    Running oneR...
      Run 1/2 (207/13680)
      Run 2/2 (208/13680)
      Mean MRE: 0.447 ± 0.310
    Running ADV++...
      Run 1/2 (209/13680)
      Run 2/2 (210/13680)
      Mean MRE: 0.152 ± 0.128

=== Density 0.45 (45.0%) ===

  Graph 1/5:
    Created graph: 2250 edges (45.0% density)
    Running Naive...
      Run 1/2 (211/13680)
      Run 2/2 (212/13680)
      Mean MRE: 0.221 ± 0.075
    Running oneR...
      Run 1/2 (213/13680)
      Run 2/2 (214/13680)
      Mean MRE: 0.089 ± 0.019
    Running ADV++...
      Run 1/2 (215/13680)
      Run 2/2 (216/13680)
      Mean MRE: 0.097 ± 0.003

  Graph 2/5:
    Created graph: 2250 edges (45.0% density)
    Running Naive...
      Run 1/2 (217/13680)
      Run 2/2 (218/13680)
      Mean MRE: 0.502 ± 0.019
    Running oneR...
      Run 1/2 (219/13680)
      Run 2/2 (220/13680)
      Mean MRE: 0.147 ± 0.124
    Running ADV++...
      Run 1/2 (221/13680)
      Run 2/2 (222/13680)
      Mean MRE: 0.127 ± 0.023

  Graph 3/5:
    Created graph: 2250 edges (45.0% density)
    Running Naive...
      Run 1/2 (223/13680)
      Run 2/2 (224/13680)
      Mean MRE: 0.353 ± 0.096
    Running oneR...
      Run 1/2 (225/13680)
      Run 2/2 (226/13680)
      Mean MRE: 0.346 ± 0.108
    Running ADV++...
      Run 1/2 (227/13680)
      Run 2/2 (228/13680)
      Mean MRE: 0.110 ± 0.084

  Graph 4/5:
    Created graph: 2250 edges (45.0% density)
    Running Naive...
      Run 1/2 (229/13680)
      Run 2/2 (230/13680)
      Mean MRE: 0.509 ± 0.122
    Running oneR...
      Run 1/2 (231/13680)
      Run 2/2 (232/13680)
      Mean MRE: 0.210 ± 0.169
    Running ADV++...
      Run 1/2 (233/13680)
      Run 2/2 (234/13680)
      Mean MRE: 0.118 ± 0.088

  Graph 5/5:
    Created graph: 2250 edges (45.0% density)
    Running Naive...
      Run 1/2 (235/13680)
      Run 2/2 (236/13680)
      Mean MRE: 0.510 ± 0.094
    Running oneR...
      Run 1/2 (237/13680)
      Run 2/2 (238/13680)
      Mean MRE: 0.150 ± 0.006
    Running ADV++...
      Run 1/2 (239/13680)
      Run 2/2 (240/13680)
      Mean MRE: 0.116 ± 0.028

=== Density 0.50 (50.0%) ===

  Graph 1/5:
    Created graph: 2500 edges (50.0% density)
    Running Naive...
      Run 1/2 (241/13680)
      Run 2/2 (242/13680)
      Mean MRE: 0.045 ± 0.012
    Running oneR...
      Run 1/2 (243/13680)
      Run 2/2 (244/13680)
      Mean MRE: 0.038 ± 0.028
    Running ADV++...
      Run 1/2 (245/13680)
      Run 2/2 (246/13680)
      Mean MRE: 0.048 ± 0.031

  Graph 2/5:
    Created graph: 2500 edges (50.0% density)
    Running Naive...
      Run 1/2 (247/13680)
      Run 2/2 (248/13680)
      Mean MRE: 0.025 ± 0.021
    Running oneR...
      Run 1/2 (249/13680)
      Run 2/2 (250/13680)
      Mean MRE: 0.071 ± 0.026
    Running ADV++...
      Run 1/2 (251/13680)
      Run 2/2 (252/13680)
      Mean MRE: 0.066 ± 0.005

  Graph 3/5:
    Created graph: 2500 edges (50.0% density)
    Running Naive...
      Run 1/2 (253/13680)
      Run 2/2 (254/13680)
      Mean MRE: 0.047 ± 0.008
    Running oneR...
      Run 1/2 (255/13680)
      Run 2/2 (256/13680)
      Mean MRE: 0.184 ± 0.025
    Running ADV++...
      Run 1/2 (257/13680)
      Run 2/2 (258/13680)
      Mean MRE: 0.076 ± 0.044

  Graph 4/5:
    Created graph: 2500 edges (50.0% density)
    Running Naive...
      Run 1/2 (259/13680)
      Run 2/2 (260/13680)
      Mean MRE: 0.064 ± 0.006
    Running oneR...
      Run 1/2 (261/13680)
      Run 2/2 (262/13680)
      Mean MRE: 0.116 ± 0.051
    Running ADV++...
      Run 1/2 (263/13680)
      Run 2/2 (264/13680)
      Mean MRE: 0.095 ± 0.027

  Graph 5/5:
    Created graph: 2500 edges (50.0% density)
    Running Naive...
      Run 1/2 (265/13680)
      Run 2/2 (266/13680)
      Mean MRE: 0.072 ± 0.037
    Running oneR...
      Run 1/2 (267/13680)
      Run 2/2 (268/13680)
      Mean MRE: 0.143 ± 0.082
    Running ADV++...
      Run 1/2 (269/13680)
      Run 2/2 (270/13680)
      Mean MRE: 0.088 ± 0.013

=== Density 0.55 (55.0%) ===

  Graph 1/5:
    Created graph: 2750 edges (55.0% density)
    Running Naive...
      Run 1/2 (271/13680)
      Run 2/2 (272/13680)
      Mean MRE: 0.260 ± 0.047
    Running oneR...
      Run 1/2 (273/13680)
      Run 2/2 (274/13680)
      Mean MRE: 0.149 ± 0.000
    Running ADV++...
      Run 1/2 (275/13680)
      Run 2/2 (276/13680)
      Mean MRE: 0.062 ± 0.042

  Graph 2/5:
    Created graph: 2750 edges (55.0% density)
    Running Naive...
      Run 1/2 (277/13680)
      Run 2/2 (278/13680)
      Mean MRE: 0.283 ± 0.046
    Running oneR...
      Run 1/2 (279/13680)
      Run 2/2 (280/13680)
      Mean MRE: 0.064 ± 0.047
    Running ADV++...
      Run 1/2 (281/13680)
      Run 2/2 (282/13680)
      Mean MRE: 0.042 ± 0.019

  Graph 3/5:
    Created graph: 2750 edges (55.0% density)
    Running Naive...
      Run 1/2 (283/13680)
      Run 2/2 (284/13680)
      Mean MRE: 0.248 ± 0.025
    Running oneR...
      Run 1/2 (285/13680)
      Run 2/2 (286/13680)
      Mean MRE: 0.050 ± 0.014
    Running ADV++...
      Run 1/2 (287/13680)
      Run 2/2 (288/13680)
      Mean MRE: 0.040 ± 0.011

  Graph 4/5:
    Created graph: 2750 edges (55.0% density)
    Running Naive...
      Run 1/2 (289/13680)
      Run 2/2 (290/13680)
      Mean MRE: 0.258 ± 0.052
    Running oneR...
      Run 1/2 (291/13680)
      Run 2/2 (292/13680)
      Mean MRE: 0.043 ± 0.005
    Running ADV++...
      Run 1/2 (293/13680)
      Run 2/2 (294/13680)
      Mean MRE: 0.067 ± 0.058

  Graph 5/5:
    Created graph: 2750 edges (55.0% density)
    Running Naive...
      Run 1/2 (295/13680)
      Run 2/2 (296/13680)
      Mean MRE: 0.236 ± 0.058
    Running oneR...
      Run 1/2 (297/13680)
      Run 2/2 (298/13680)
      Mean MRE: 0.218 ± 0.007
    Running ADV++...
      Run 1/2 (299/13680)
      Run 2/2 (300/13680)
      Mean MRE: 0.110 ± 0.061

=== Density 0.60 (60.0%) ===

  Graph 1/5:
    Created graph: 3000 edges (60.0% density)
    Running Naive...
      Run 1/2 (301/13680)
      Run 2/2 (302/13680)
      Mean MRE: 0.448 ± 0.032
    Running oneR...
      Run 1/2 (303/13680)
      Run 2/2 (304/13680)
      Mean MRE: 0.150 ± 0.041
    Running ADV++...
      Run 1/2 (305/13680)
      Run 2/2 (306/13680)
      Mean MRE: 0.046 ± 0.044

  Graph 2/5:
    Created graph: 3000 edges (60.0% density)
    Running Naive...
      Run 1/2 (307/13680)
      Run 2/2 (308/13680)
      Mean MRE: 0.346 ± 0.008
    Running oneR...
      Run 1/2 (309/13680)
      Run 2/2 (310/13680)
      Mean MRE: 0.118 ± 0.000
    Running ADV++...
      Run 1/2 (311/13680)
      Run 2/2 (312/13680)
      Mean MRE: 0.084 ± 0.008

  Graph 3/5:
    Created graph: 3000 edges (60.0% density)
    Running Naive...
      Run 1/2 (313/13680)
      Run 2/2 (314/13680)
      Mean MRE: 0.445 ± 0.036
    Running oneR...
      Run 1/2 (315/13680)
      Run 2/2 (316/13680)
      Mean MRE: 0.098 ± 0.064
    Running ADV++...
      Run 1/2 (317/13680)
      Run 2/2 (318/13680)
      Mean MRE: 0.035 ± 0.024

  Graph 4/5:
    Created graph: 3000 edges (60.0% density)
    Running Naive...
      Run 1/2 (319/13680)
      Run 2/2 (320/13680)
      Mean MRE: 0.464 ± 0.007
    Running oneR...
      Run 1/2 (321/13680)
      Run 2/2 (322/13680)
      Mean MRE: 0.086 ± 0.056
    Running ADV++...
      Run 1/2 (323/13680)
      Run 2/2 (324/13680)
      Mean MRE: 0.078 ± 0.023

  Graph 5/5:
    Created graph: 3000 edges (60.0% density)
    Running Naive...
      Run 1/2 (325/13680)
      Run 2/2 (326/13680)
      Mean MRE: 0.464 ± 0.024
    Running oneR...
      Run 1/2 (327/13680)
      Run 2/2 (328/13680)
      Mean MRE: 0.157 ± 0.001
    Running ADV++...
      Run 1/2 (329/13680)
      Run 2/2 (330/13680)
      Mean MRE: 0.037 ± 0.015

=== Density 0.65 (65.0%) ===

  Graph 1/5:
    Created graph: 3250 edges (65.0% density)
    Running Naive...
      Run 1/2 (331/13680)
      Run 2/2 (332/13680)
      Mean MRE: 0.497 ± 0.002
    Running oneR...
      Run 1/2 (333/13680)
      Run 2/2 (334/13680)
      Mean MRE: 0.124 ± 0.016
    Running ADV++...
      Run 1/2 (335/13680)
      Run 2/2 (336/13680)
      Mean MRE: 0.023 ± 0.007

  Graph 2/5:
    Created graph: 3250 edges (65.0% density)
    Running Naive...
      Run 1/2 (337/13680)
      Run 2/2 (338/13680)
      Mean MRE: 0.578 ± 0.003
    Running oneR...
      Run 1/2 (339/13680)
      Run 2/2 (340/13680)
      Mean MRE: 0.085 ± 0.021
    Running ADV++...
      Run 1/2 (341/13680)
      Run 2/2 (342/13680)
      Mean MRE: 0.026 ± 0.010

  Graph 3/5:
    Created graph: 3250 edges (65.0% density)
    Running Naive...
      Run 1/2 (343/13680)
      Run 2/2 (344/13680)
      Mean MRE: 0.570 ± 0.015
    Running oneR...
      Run 1/2 (345/13680)
      Run 2/2 (346/13680)
      Mean MRE: 0.283 ± 0.092
    Running ADV++...
      Run 1/2 (347/13680)
      Run 2/2 (348/13680)
      Mean MRE: 0.037 ± 0.034

  Graph 4/5:
    Created graph: 3250 edges (65.0% density)
    Running Naive...
      Run 1/2 (349/13680)
      Run 2/2 (350/13680)
      Mean MRE: 0.546 ± 0.034
    Running oneR...
      Run 1/2 (351/13680)
      Run 2/2 (352/13680)
      Mean MRE: 0.098 ± 0.022
    Running ADV++...
      Run 1/2 (353/13680)
      Run 2/2 (354/13680)
      Mean MRE: 0.107 ± 0.004

  Graph 5/5:
    Created graph: 3250 edges (65.0% density)
    Running Naive...
      Run 1/2 (355/13680)
      Run 2/2 (356/13680)
      Mean MRE: 0.576 ± 0.027
    Running oneR...
      Run 1/2 (357/13680)
      Run 2/2 (358/13680)
      Mean MRE: 0.042 ± 0.032
    Running ADV++...
      Run 1/2 (359/13680)
      Run 2/2 (360/13680)
      Mean MRE: 0.090 ± 0.082

=== Density 0.70 (70.0%) ===

  Graph 1/5:
    Created graph: 3500 edges (70.0% density)
    Running Naive...
      Run 1/2 (361/13680)
      Run 2/2 (362/13680)
      Mean MRE: 0.625 ± 0.002
    Running oneR...
      Run 1/2 (363/13680)
      Run 2/2 (364/13680)
      Mean MRE: 0.100 ± 0.042
    Running ADV++...
      Run 1/2 (365/13680)
      Run 2/2 (366/13680)
      Mean MRE: 0.049 ± 0.001

  Graph 2/5:
    Created graph: 3500 edges (70.0% density)
    Running Naive...
      Run 1/2 (367/13680)
      Run 2/2 (368/13680)
      Mean MRE: 0.623 ± 0.002
    Running oneR...
      Run 1/2 (369/13680)
      Run 2/2 (370/13680)
      Mean MRE: 0.043 ± 0.021
    Running ADV++...
      Run 1/2 (371/13680)
      Run 2/2 (372/13680)
      Mean MRE: 0.041 ± 0.025

  Graph 3/5:
    Created graph: 3500 edges (70.0% density)
    Running Naive...
      Run 1/2 (373/13680)
      Run 2/2 (374/13680)
      Mean MRE: 0.631 ± 0.009
    Running oneR...
      Run 1/2 (375/13680)
      Run 2/2 (376/13680)
      Mean MRE: 0.045 ± 0.043
    Running ADV++...
      Run 1/2 (377/13680)
      Run 2/2 (378/13680)
      Mean MRE: 0.047 ± 0.020

  Graph 4/5:
    Created graph: 3500 edges (70.0% density)
    Running Naive...
      Run 1/2 (379/13680)
      Run 2/2 (380/13680)
      Mean MRE: 0.667 ± 0.018
    Running oneR...
      Run 1/2 (381/13680)
      Run 2/2 (382/13680)
      Mean MRE: 0.039 ± 0.031
    Running ADV++...
      Run 1/2 (383/13680)
      Run 2/2 (384/13680)
      Mean MRE: 0.077 ± 0.046

  Graph 5/5:
    Created graph: 3500 edges (70.0% density)
    Running Naive...
      Run 1/2 (385/13680)
      Run 2/2 (386/13680)
      Mean MRE: 0.620 ± 0.015
    Running oneR...
      Run 1/2 (387/13680)
      Run 2/2 (388/13680)
      Mean MRE: 0.092 ± 0.049
    Running ADV++...
      Run 1/2 (389/13680)
      Run 2/2 (390/13680)
      Mean MRE: 0.154 ± 0.007

=== Density 0.75 (75.0%) ===

  Graph 1/5:
    Created graph: 3750 edges (75.0% density)
    Running Naive...
      Run 1/2 (391/13680)
      Run 2/2 (392/13680)
      Mean MRE: 0.682 ± 0.012
    Running oneR...
      Run 1/2 (393/13680)
      Run 2/2 (394/13680)
      Mean MRE: 0.179 ± 0.019
    Running ADV++...
      Run 1/2 (395/13680)
      Run 2/2 (396/13680)
      Mean MRE: 0.095 ± 0.042

  Graph 2/5:
    Created graph: 3750 edges (75.0% density)
    Running Naive...
      Run 1/2 (397/13680)
      Run 2/2 (398/13680)
      Mean MRE: 0.688 ± 0.012
    Running oneR...
      Run 1/2 (399/13680)
      Run 2/2 (400/13680)
      Mean MRE: 0.142 ± 0.020
    Running ADV++...
      Run 1/2 (401/13680)
      Run 2/2 (402/13680)
      Mean MRE: 0.036 ± 0.021

  Graph 3/5:
    Created graph: 3750 edges (75.0% density)
    Running Naive...
      Run 1/2 (403/13680)
      Run 2/2 (404/13680)
      Mean MRE: 0.698 ± 0.001
    Running oneR...
      Run 1/2 (405/13680)
      Run 2/2 (406/13680)
      Mean MRE: 0.075 ± 0.045
    Running ADV++...
      Run 1/2 (407/13680)
      Run 2/2 (408/13680)
      Mean MRE: 0.048 ± 0.003

  Graph 4/5:
    Created graph: 3750 edges (75.0% density)
    Running Naive...
      Run 1/2 (409/13680)
      Run 2/2 (410/13680)
      Mean MRE: 0.704 ± 0.006
    Running oneR...
      Run 1/2 (411/13680)
      Run 2/2 (412/13680)
      Mean MRE: 0.147 ± 0.110
    Running ADV++...
      Run 1/2 (413/13680)
      Run 2/2 (414/13680)
      Mean MRE: 0.066 ± 0.031

  Graph 5/5:
    Created graph: 3750 edges (75.0% density)
    Running Naive...
      Run 1/2 (415/13680)
      Run 2/2 (416/13680)
      Mean MRE: 0.688 ± 0.014
    Running oneR...
      Run 1/2 (417/13680)
      Run 2/2 (418/13680)
      Mean MRE: 0.169 ± 0.109
    Running ADV++...
      Run 1/2 (419/13680)
      Run 2/2 (420/13680)
      Mean MRE: 0.086 ± 0.041

=== Density 0.80 (80.0%) ===

  Graph 1/5:
    Created graph: 4000 edges (80.0% density)
    Running Naive...
      Run 1/2 (421/13680)
      Run 2/2 (422/13680)
      Mean MRE: 0.743 ± 0.015
    Running oneR...
      Run 1/2 (423/13680)
      Run 2/2 (424/13680)
      Mean MRE: 0.069 ± 0.011
    Running ADV++...
      Run 1/2 (425/13680)
      Run 2/2 (426/13680)
      Mean MRE: 0.014 ± 0.002

  Graph 2/5:
    Created graph: 4000 edges (80.0% density)
    Running Naive...
      Run 1/2 (427/13680)
      Run 2/2 (428/13680)
      Mean MRE: 0.728 ± 0.005
    Running oneR...
      Run 1/2 (429/13680)
      Run 2/2 (430/13680)
      Mean MRE: 0.076 ± 0.042
    Running ADV++...
      Run 1/2 (431/13680)
      Run 2/2 (432/13680)
      Mean MRE: 0.165 ± 0.031

  Graph 3/5:
    Created graph: 4000 edges (80.0% density)
    Running Naive...
      Run 1/2 (433/13680)
      Run 2/2 (434/13680)
      Mean MRE: 0.731 ± 0.015
    Running oneR...
      Run 1/2 (435/13680)
      Run 2/2 (436/13680)
      Mean MRE: 0.093 ± 0.052
    Running ADV++...
      Run 1/2 (437/13680)
      Run 2/2 (438/13680)
      Mean MRE: 0.025 ± 0.006

  Graph 4/5:
    Created graph: 4000 edges (80.0% density)
    Running Naive...
      Run 1/2 (439/13680)
      Run 2/2 (440/13680)
      Mean MRE: 0.730 ± 0.015
    Running oneR...
      Run 1/2 (441/13680)
      Run 2/2 (442/13680)
      Mean MRE: 0.065 ± 0.023
    Running ADV++...
      Run 1/2 (443/13680)
      Run 2/2 (444/13680)
      Mean MRE: 0.097 ± 0.042

  Graph 5/5:
    Created graph: 4000 edges (80.0% density)
    Running Naive...
      Run 1/2 (445/13680)
      Run 2/2 (446/13680)
      Mean MRE: 0.724 ± 0.003
    Running oneR...
      Run 1/2 (447/13680)
      Run 2/2 (448/13680)
      Mean MRE: 0.090 ± 0.087
    Running ADV++...
      Run 1/2 (449/13680)
      Run 2/2 (450/13680)
      Mean MRE: 0.109 ± 0.014

=== Density 0.85 (85.0%) ===

  Graph 1/5:
    Created graph: 4250 edges (85.0% density)
    Running Naive...
      Run 1/2 (451/13680)
      Run 2/2 (452/13680)
      Mean MRE: 0.788 ± 0.007
    Running oneR...
      Run 1/2 (453/13680)
      Run 2/2 (454/13680)
      Mean MRE: 0.022 ± 0.016
    Running ADV++...
      Run 1/2 (455/13680)
      Run 2/2 (456/13680)
      Mean MRE: 0.117 ± 0.053

  Graph 2/5:
    Created graph: 4250 edges (85.0% density)
    Running Naive...
      Run 1/2 (457/13680)
      Run 2/2 (458/13680)
      Mean MRE: 0.759 ± 0.002
    Running oneR...
      Run 1/2 (459/13680)
      Run 2/2 (460/13680)
      Mean MRE: 0.033 ± 0.002
    Running ADV++...
      Run 1/2 (461/13680)
      Run 2/2 (462/13680)
      Mean MRE: 0.062 ± 0.034

  Graph 3/5:
    Created graph: 4250 edges (85.0% density)
    Running Naive...
      Run 1/2 (463/13680)
      Run 2/2 (464/13680)
      Mean MRE: 0.782 ± 0.021
    Running oneR...
      Run 1/2 (465/13680)
      Run 2/2 (466/13680)
      Mean MRE: 0.068 ± 0.027
    Running ADV++...
      Run 1/2 (467/13680)
      Run 2/2 (468/13680)
      Mean MRE: 0.049 ± 0.009

  Graph 4/5:
    Created graph: 4250 edges (85.0% density)
    Running Naive...
      Run 1/2 (469/13680)
      Run 2/2 (470/13680)
      Mean MRE: 0.763 ± 0.001
    Running oneR...
      Run 1/2 (471/13680)
      Run 2/2 (472/13680)
      Mean MRE: 0.081 ± 0.048
    Running ADV++...
      Run 1/2 (473/13680)
      Run 2/2 (474/13680)
      Mean MRE: 0.019 ± 0.017

  Graph 5/5:
    Created graph: 4250 edges (85.0% density)
    Running Naive...
      Run 1/2 (475/13680)
      Run 2/2 (476/13680)
      Mean MRE: 0.767 ± 0.002
    Running oneR...
      Run 1/2 (477/13680)
      Run 2/2 (478/13680)
      Mean MRE: 0.058 ± 0.044
    Running ADV++...
      Run 1/2 (479/13680)
      Run 2/2 (480/13680)
      Mean MRE: 0.038 ± 0.016

=== Density 0.90 (90.0%) ===

  Graph 1/5:
    Created graph: 4500 edges (90.0% density)
    Running Naive...
      Run 1/2 (481/13680)
      Run 2/2 (482/13680)
      Mean MRE: 0.812 ± 0.011
    Running oneR...
      Run 1/2 (483/13680)
      Run 2/2 (484/13680)
      Mean MRE: 0.040 ± 0.026
    Running ADV++...
      Run 1/2 (485/13680)
      Run 2/2 (486/13680)
      Mean MRE: 0.018 ± 0.007

  Graph 2/5:
    Created graph: 4500 edges (90.0% density)
    Running Naive...
      Run 1/2 (487/13680)
      Run 2/2 (488/13680)
      Mean MRE: 0.800 ± 0.021
    Running oneR...
      Run 1/2 (489/13680)
      Run 2/2 (490/13680)
      Mean MRE: 0.097 ± 0.065
    Running ADV++...
      Run 1/2 (491/13680)
      Run 2/2 (492/13680)
      Mean MRE: 0.033 ± 0.019

  Graph 3/5:
    Created graph: 4500 edges (90.0% density)
    Running Naive...
      Run 1/2 (493/13680)
      Run 2/2 (494/13680)
      Mean MRE: 0.816 ± 0.012
    Running oneR...
      Run 1/2 (495/13680)
      Run 2/2 (496/13680)
      Mean MRE: 0.056 ± 0.005
    Running ADV++...
      Run 1/2 (497/13680)
      Run 2/2 (498/13680)
      Mean MRE: 0.078 ± 0.003

  Graph 4/5:
    Created graph: 4500 edges (90.0% density)
    Running Naive...
      Run 1/2 (499/13680)
      Run 2/2 (500/13680)
      Mean MRE: 0.809 ± 0.009
    Running oneR...
      Run 1/2 (501/13680)
      Run 2/2 (502/13680)
      Mean MRE: 0.154 ± 0.058
    Running ADV++...
      Run 1/2 (503/13680)
      Run 2/2 (504/13680)
      Mean MRE: 0.058 ± 0.026

  Graph 5/5:
    Created graph: 4500 edges (90.0% density)
    Running Naive...
      Run 1/2 (505/13680)
      Run 2/2 (506/13680)
      Mean MRE: 0.815 ± 0.006
    Running oneR...
      Run 1/2 (507/13680)
      Run 2/2 (508/13680)
      Mean MRE: 0.053 ± 0.014
    Running ADV++...
      Run 1/2 (509/13680)
      Run 2/2 (510/13680)
      Mean MRE: 0.022 ± 0.014

=== Density 0.95 (95.0%) ===

  Graph 1/5:
    Created graph: 4750 edges (95.0% density)
    Running Naive...
      Run 1/2 (511/13680)
      Run 2/2 (512/13680)
      Mean MRE: 0.832 ± 0.011
    Running oneR...
      Run 1/2 (513/13680)
      Run 2/2 (514/13680)
      Mean MRE: 0.111 ± 0.078
    Running ADV++...
      Run 1/2 (515/13680)
      Run 2/2 (516/13680)
      Mean MRE: 0.030 ± 0.028

  Graph 2/5:
    Created graph: 4750 edges (95.0% density)
    Running Naive...
      Run 1/2 (517/13680)
      Run 2/2 (518/13680)
      Mean MRE: 0.831 ± 0.006
    Running oneR...
      Run 1/2 (519/13680)
      Run 2/2 (520/13680)
      Mean MRE: 0.045 ± 0.028
    Running ADV++...
      Run 1/2 (521/13680)
      Run 2/2 (522/13680)
      Mean MRE: 0.014 ± 0.003

  Graph 3/5:
    Created graph: 4750 edges (95.0% density)
    Running Naive...
      Run 1/2 (523/13680)
      Run 2/2 (524/13680)
      Mean MRE: 0.820 ± 0.002
    Running oneR...
      Run 1/2 (525/13680)
      Run 2/2 (526/13680)
      Mean MRE: 0.072 ± 0.061
    Running ADV++...
      Run 1/2 (527/13680)
      Run 2/2 (528/13680)
      Mean MRE: 0.061 ± 0.037

  Graph 4/5:
    Created graph: 4750 edges (95.0% density)
    Running Naive...
      Run 1/2 (529/13680)
      Run 2/2 (530/13680)
      Mean MRE: 0.818 ± 0.012
    Running oneR...
      Run 1/2 (531/13680)
      Run 2/2 (532/13680)
      Mean MRE: 0.115 ± 0.047
    Running ADV++...
      Run 1/2 (533/13680)
      Run 2/2 (534/13680)
      Mean MRE: 0.041 ± 0.030

  Graph 5/5:
    Created graph: 4750 edges (95.0% density)
    Running Naive...
      Run 1/2 (535/13680)
      Run 2/2 (536/13680)
      Mean MRE: 0.840 ± 0.002
    Running oneR...
      Run 1/2 (537/13680)
      Run 2/2 (538/13680)
      Mean MRE: 0.054 ± 0.031
    Running ADV++...
      Run 1/2 (539/13680)
      Run 2/2 (540/13680)
      Mean MRE: 0.044 ± 0.022

=== Density 1.00 (100.0%) ===

  Graph 1/5:
    Created graph: 5000 edges (100.0% density)
    Running Naive...
      Run 1/2 (541/13680)
      Run 2/2 (542/13680)
      Mean MRE: 0.847 ± 0.010
    Running oneR...
      Run 1/2 (543/13680)
      Run 2/2 (544/13680)
      Mean MRE: 0.040 ± 0.002
    Running ADV++...
      Run 1/2 (545/13680)
      Run 2/2 (546/13680)
      Mean MRE: 0.056 ± 0.042

  Graph 2/5:
    Created graph: 5000 edges (100.0% density)
    Running Naive...
      Run 1/2 (547/13680)
      Run 2/2 (548/13680)
      Mean MRE: 0.854 ± 0.003
    Running oneR...
      Run 1/2 (549/13680)
      Run 2/2 (550/13680)
      Mean MRE: 0.026 ± 0.017
    Running ADV++...
      Run 1/2 (551/13680)
      Run 2/2 (552/13680)
      Mean MRE: 0.102 ± 0.065

  Graph 3/5:
    Created graph: 5000 edges (100.0% density)
    Running Naive...
      Run 1/2 (553/13680)
      Run 2/2 (554/13680)
      Mean MRE: 0.844 ± 0.001
    Running oneR...
      Run 1/2 (555/13680)
      Run 2/2 (556/13680)
      Mean MRE: 0.024 ± 0.008
    Running ADV++...
      Run 1/2 (557/13680)
      Run 2/2 (558/13680)
      Mean MRE: 0.060 ± 0.021

  Graph 4/5:
    Created graph: 5000 edges (100.0% density)
    Running Naive...
      Run 1/2 (559/13680)
      Run 2/2 (560/13680)
      Mean MRE: 0.841 ± 0.000
    Running oneR...
      Run 1/2 (561/13680)
      Run 2/2 (562/13680)
      Mean MRE: 0.062 ± 0.010
    Running ADV++...
      Run 1/2 (563/13680)
      Run 2/2 (564/13680)
      Mean MRE: 0.058 ± 0.014

  Graph 5/5:
    Created graph: 5000 edges (100.0% density)
    Running Naive...
      Run 1/2 (565/13680)
      Run 2/2 (566/13680)
      Mean MRE: 0.854 ± 0.001
    Running oneR...
      Run 1/2 (567/13680)
      Run 2/2 (568/13680)
      Mean MRE: 0.127 ± 0.101
    Running ADV++...
      Run 1/2 (569/13680)
      Run 2/2 (570/13680)
      Mean MRE: 0.116 ± 0.027

--- P=2, Q=4 ---

=== Density 0.10 (10.0%) ===

  Graph 1/5:
    Created graph: 500 edges (10.0% density)
    Running Naive...
      Run 1/2 (571/13680)
      Run 2/2 (572/13680)
      Mean MRE: 12378.485 ± 1677.135
    Running oneR...
      Run 1/2 (573/13680)
      Run 2/2 (574/13680)
      Mean MRE: 929.084 ± 755.148
    Running ADV++...
      Run 1/2 (575/13680)
      Run 2/2 (576/13680)
      Mean MRE: 4667.171 ± 1460.016

  Graph 2/5:
    Created graph: 500 edges (10.0% density)
    Running Naive...
      Run 1/2 (577/13680)
      Run 2/2 (578/13680)
      Mean MRE: 15847.600 ± 1086.680
    Running oneR...
      Run 1/2 (579/13680)
      Run 2/2 (580/13680)
      Mean MRE: 991.630 ± 678.561
    Running ADV++...
      Run 1/2 (581/13680)
      Run 2/2 (582/13680)
      Mean MRE: 3198.479 ± 1372.864

  Graph 3/5:
    Created graph: 500 edges (10.0% density)
    Running Naive...
      Run 1/2 (583/13680)
      Run 2/2 (584/13680)
      Mean MRE: 8135.078 ± 128.509
    Running oneR...
      Run 1/2 (585/13680)
      Run 2/2 (586/13680)
      Mean MRE: 873.146 ± 30.173
    Running ADV++...
      Run 1/2 (587/13680)
      Run 2/2 (588/13680)
      Mean MRE: 3503.710 ± 361.450

  Graph 4/5:
    Created graph: 500 edges (10.0% density)
    Running Naive...
      Run 1/2 (589/13680)
      Run 2/2 (590/13680)
      Mean MRE: 7246.594 ± 138.651
    Running oneR...
      Run 1/2 (591/13680)
      Run 2/2 (592/13680)
      Mean MRE: 614.873 ± 464.742
    Running ADV++...
      Run 1/2 (593/13680)
      Run 2/2 (594/13680)
      Mean MRE: 4616.516 ± 2065.804

  Graph 5/5:
    Created graph: 500 edges (10.0% density)
    Running Naive...
      Run 1/2 (595/13680)
      Run 2/2 (596/13680)
      Mean MRE: 11880.991 ± 1979.809
    Running oneR...
      Run 1/2 (597/13680)
      Run 2/2 (598/13680)
      Mean MRE: 603.574 ± 221.997
    Running ADV++...
      Run 1/2 (599/13680)
      Run 2/2 (600/13680)
      Mean MRE: 4210.736 ± 1050.403

=== Density 0.15 (15.0%) ===

  Graph 1/5:
    Created graph: 750 edges (15.0% density)
    Running Naive...
      Run 1/2 (601/13680)
      Run 2/2 (602/13680)
      Mean MRE: 646.870 ± 40.723
    Running oneR...
      Run 1/2 (603/13680)
      Run 2/2 (604/13680)
      Mean MRE: 110.528 ± 9.995
    Running ADV++...
      Run 1/2 (605/13680)
      Run 2/2 (606/13680)
      Mean MRE: 106.637 ± 15.180

  Graph 2/5:
    Created graph: 750 edges (15.0% density)
    Running Naive...
      Run 1/2 (607/13680)
      Run 2/2 (608/13680)
      Mean MRE: 968.381 ± 52.628
    Running oneR...
      Run 1/2 (609/13680)
      Run 2/2 (610/13680)
      Mean MRE: 78.614 ± 25.339
    Running ADV++...
      Run 1/2 (611/13680)
      Run 2/2 (612/13680)
      Mean MRE: 139.962 ± 2.414

  Graph 3/5:
    Created graph: 750 edges (15.0% density)
    Running Naive...
      Run 1/2 (613/13680)
      Run 2/2 (614/13680)
      Mean MRE: 509.369 ± 41.210
    Running oneR...
      Run 1/2 (615/13680)
      Run 2/2 (616/13680)
      Mean MRE: 60.446 ± 2.830
    Running ADV++...
      Run 1/2 (617/13680)
      Run 2/2 (618/13680)
      Mean MRE: 256.013 ± 76.283

  Graph 4/5:
    Created graph: 750 edges (15.0% density)
    Running Naive...
      Run 1/2 (619/13680)
      Run 2/2 (620/13680)
      Mean MRE: 633.699 ± 18.422
    Running oneR...
      Run 1/2 (621/13680)
      Run 2/2 (622/13680)
      Mean MRE: 31.443 ± 23.925
    Running ADV++...
      Run 1/2 (623/13680)
      Run 2/2 (624/13680)
      Mean MRE: 89.126 ± 35.246

  Graph 5/5:
    Created graph: 750 edges (15.0% density)
    Running Naive...
      Run 1/2 (625/13680)
      Run 2/2 (626/13680)
      Mean MRE: 899.639 ± 125.821
    Running oneR...
      Run 1/2 (627/13680)
      Run 2/2 (628/13680)
      Mean MRE: 121.927 ± 110.042
    Running ADV++...
      Run 1/2 (629/13680)
      Run 2/2 (630/13680)
      Mean MRE: 173.883 ± 17.464

=== Density 0.20 (20.0%) ===

  Graph 1/5:
    Created graph: 1000 edges (20.0% density)
    Running Naive...
      Run 1/2 (631/13680)
      Run 2/2 (632/13680)
      Mean MRE: 92.595 ± 6.065
    Running oneR...
      Run 1/2 (633/13680)
      Run 2/2 (634/13680)
      Mean MRE: 9.878 ± 1.272
    Running ADV++...
      Run 1/2 (635/13680)
      Run 2/2 (636/13680)
      Mean MRE: 10.955 ± 4.185

  Graph 2/5:
    Created graph: 1000 edges (20.0% density)
    Running Naive...
      Run 1/2 (637/13680)
      Run 2/2 (638/13680)
      Mean MRE: 96.813 ± 17.895
    Running oneR...
      Run 1/2 (639/13680)
      Run 2/2 (640/13680)
      Mean MRE: 5.887 ± 1.875
    Running ADV++...
      Run 1/2 (641/13680)
      Run 2/2 (642/13680)
      Mean MRE: 20.713 ± 8.885

  Graph 3/5:
    Created graph: 1000 edges (20.0% density)
    Running Naive...
      Run 1/2 (643/13680)
      Run 2/2 (644/13680)
      Mean MRE: 112.249 ± 0.225
    Running oneR...
      Run 1/2 (645/13680)
      Run 2/2 (646/13680)
      Mean MRE: 3.544 ± 2.036
    Running ADV++...
      Run 1/2 (647/13680)
      Run 2/2 (648/13680)
      Mean MRE: 6.232 ± 0.379

  Graph 4/5:
    Created graph: 1000 edges (20.0% density)
    Running Naive...
      Run 1/2 (649/13680)
      Run 2/2 (650/13680)
      Mean MRE: 112.985 ± 4.486
    Running oneR...
      Run 1/2 (651/13680)
      Run 2/2 (652/13680)
      Mean MRE: 4.615 ± 2.480
    Running ADV++...
      Run 1/2 (653/13680)
      Run 2/2 (654/13680)
      Mean MRE: 19.362 ± 0.585

  Graph 5/5:
    Created graph: 1000 edges (20.0% density)
    Running Naive...
      Run 1/2 (655/13680)
      Run 2/2 (656/13680)
      Mean MRE: 93.481 ± 16.430
    Running oneR...
      Run 1/2 (657/13680)
      Run 2/2 (658/13680)
      Mean MRE: 15.651 ± 1.074
    Running ADV++...
      Run 1/2 (659/13680)
      Run 2/2 (660/13680)
      Mean MRE: 8.517 ± 3.550

=== Density 0.25 (25.0%) ===

  Graph 1/5:
    Created graph: 1250 edges (25.0% density)
    Running Naive...
      Run 1/2 (661/13680)
      Run 2/2 (662/13680)
      Mean MRE: 21.411 ± 1.264
    Running oneR...
      Run 1/2 (663/13680)
      Run 2/2 (664/13680)
      Mean MRE: 1.812 ± 0.838
    Running ADV++...
      Run 1/2 (665/13680)
      Run 2/2 (666/13680)
      Mean MRE: 2.259 ± 0.330

  Graph 2/5:
    Created graph: 1250 edges (25.0% density)
    Running Naive...
      Run 1/2 (667/13680)
      Run 2/2 (668/13680)
      Mean MRE: 31.302 ± 3.830
    Running oneR...
      Run 1/2 (669/13680)
      Run 2/2 (670/13680)
      Mean MRE: 3.635 ± 0.877
    Running ADV++...
      Run 1/2 (671/13680)
      Run 2/2 (672/13680)
      Mean MRE: 2.527 ± 1.671

  Graph 3/5:
    Created graph: 1250 edges (25.0% density)
    Running Naive...
      Run 1/2 (673/13680)
      Run 2/2 (674/13680)
      Mean MRE: 42.331 ± 0.114
    Running oneR...
      Run 1/2 (675/13680)
      Run 2/2 (676/13680)
      Mean MRE: 0.800 ± 0.347
    Running ADV++...
      Run 1/2 (677/13680)
      Run 2/2 (678/13680)
      Mean MRE: 3.346 ± 3.293

  Graph 4/5:
    Created graph: 1250 edges (25.0% density)
    Running Naive...
      Run 1/2 (679/13680)
      Run 2/2 (680/13680)
      Mean MRE: 37.548 ± 0.139
    Running oneR...
      Run 1/2 (681/13680)
      Run 2/2 (682/13680)
      Mean MRE: 2.379 ± 1.063
    Running ADV++...
      Run 1/2 (683/13680)
      Run 2/2 (684/13680)
      Mean MRE: 9.990 ± 6.032

  Graph 5/5:
    Created graph: 1250 edges (25.0% density)
    Running Naive...
      Run 1/2 (685/13680)
      Run 2/2 (686/13680)
      Mean MRE: 34.267 ± 0.856
    Running oneR...
      Run 1/2 (687/13680)
      Run 2/2 (688/13680)
      Mean MRE: 3.008 ± 0.375
    Running ADV++...
      Run 1/2 (689/13680)
      Run 2/2 (690/13680)
      Mean MRE: 1.085 ± 0.312

=== Density 0.30 (30.0%) ===

  Graph 1/5:
    Created graph: 1500 edges (30.0% density)
    Running Naive...
      Run 1/2 (691/13680)
      Run 2/2 (692/13680)
      Mean MRE: 9.594 ± 0.477
    Running oneR...
      Run 1/2 (693/13680)
      Run 2/2 (694/13680)
      Mean MRE: 0.862 ± 0.276
    Running ADV++...
      Run 1/2 (695/13680)
      Run 2/2 (696/13680)
      Mean MRE: 0.431 ± 0.374

  Graph 2/5:
    Created graph: 1500 edges (30.0% density)
    Running Naive...
      Run 1/2 (697/13680)
      Run 2/2 (698/13680)
      Mean MRE: 8.801 ± 0.447
    Running oneR...
      Run 1/2 (699/13680)
      Run 2/2 (700/13680)
      Mean MRE: 0.944 ± 0.582
    Running ADV++...
      Run 1/2 (701/13680)
      Run 2/2 (702/13680)
      Mean MRE: 0.130 ± 0.114

  Graph 3/5:
    Created graph: 1500 edges (30.0% density)
    Running Naive...
      Run 1/2 (703/13680)
      Run 2/2 (704/13680)
      Mean MRE: 10.152 ± 0.872
    Running oneR...
      Run 1/2 (705/13680)
      Run 2/2 (706/13680)
      Mean MRE: 1.192 ± 0.182
    Running ADV++...
      Run 1/2 (707/13680)
      Run 2/2 (708/13680)
      Mean MRE: 0.734 ± 0.169

  Graph 4/5:
    Created graph: 1500 edges (30.0% density)
    Running Naive...
      Run 1/2 (709/13680)
      Run 2/2 (710/13680)
      Mean MRE: 12.138 ± 0.180
    Running oneR...
      Run 1/2 (711/13680)
      Run 2/2 (712/13680)
      Mean MRE: 0.772 ± 0.364
    Running ADV++...
      Run 1/2 (713/13680)
      Run 2/2 (714/13680)
      Mean MRE: 0.383 ± 0.215

  Graph 5/5:
    Created graph: 1500 edges (30.0% density)
    Running Naive...
      Run 1/2 (715/13680)
      Run 2/2 (716/13680)
      Mean MRE: 11.164 ± 0.609
    Running oneR...
      Run 1/2 (717/13680)
      Run 2/2 (718/13680)
      Mean MRE: 1.547 ± 0.604
    Running ADV++...
      Run 1/2 (719/13680)
      Run 2/2 (720/13680)
      Mean MRE: 0.373 ± 0.184

=== Density 0.35 (35.0%) ===

  Graph 1/5:
    Created graph: 1750 edges (35.0% density)
    Running Naive...
      Run 1/2 (721/13680)
      Run 2/2 (722/13680)
      Mean MRE: 4.577 ± 0.217
    Running oneR...
      Run 1/2 (723/13680)
      Run 2/2 (724/13680)
      Mean MRE: 0.384 ± 0.100
    Running ADV++...
      Run 1/2 (725/13680)
      Run 2/2 (726/13680)
      Mean MRE: 0.034 ± 0.009

  Graph 2/5:
    Created graph: 1750 edges (35.0% density)
    Running Naive...
      Run 1/2 (727/13680)
      Run 2/2 (728/13680)
      Mean MRE: 4.033 ± 0.262
    Running oneR...
      Run 1/2 (729/13680)
      Run 2/2 (730/13680)
      Mean MRE: 0.583 ± 0.074
    Running ADV++...
      Run 1/2 (731/13680)
      Run 2/2 (732/13680)
      Mean MRE: 0.298 ± 0.086

  Graph 3/5:
    Created graph: 1750 edges (35.0% density)
    Running Naive...
      Run 1/2 (733/13680)
      Run 2/2 (734/13680)
      Mean MRE: 4.133 ± 0.858
    Running oneR...
      Run 1/2 (735/13680)
      Run 2/2 (736/13680)
      Mean MRE: 0.278 ± 0.123
    Running ADV++...
      Run 1/2 (737/13680)
      Run 2/2 (738/13680)
      Mean MRE: 0.236 ± 0.037

  Graph 4/5:
    Created graph: 1750 edges (35.0% density)
    Running Naive...
      Run 1/2 (739/13680)
      Run 2/2 (740/13680)
      Mean MRE: 3.580 ± 0.294
    Running oneR...
      Run 1/2 (741/13680)
      Run 2/2 (742/13680)
      Mean MRE: 0.318 ± 0.018
    Running ADV++...
      Run 1/2 (743/13680)
      Run 2/2 (744/13680)
      Mean MRE: 0.207 ± 0.015

  Graph 5/5:
    Created graph: 1750 edges (35.0% density)
    Running Naive...
      Run 1/2 (745/13680)
      Run 2/2 (746/13680)
      Mean MRE: 4.216 ± 0.727
    Running oneR...
      Run 1/2 (747/13680)
      Run 2/2 (748/13680)
      Mean MRE: 0.224 ± 0.035
    Running ADV++...
      Run 1/2 (749/13680)
      Run 2/2 (750/13680)
      Mean MRE: 0.675 ± 0.258

=== Density 0.40 (40.0%) ===

  Graph 1/5:
    Created graph: 2000 edges (40.0% density)
    Running Naive...
      Run 1/2 (751/13680)
      Run 2/2 (752/13680)
      Mean MRE: 1.740 ± 0.047
    Running oneR...
      Run 1/2 (753/13680)
      Run 2/2 (754/13680)
      Mean MRE: 0.151 ± 0.025
    Running ADV++...
      Run 1/2 (755/13680)
      Run 2/2 (756/13680)
      Mean MRE: 0.130 ± 0.118

  Graph 2/5:
    Created graph: 2000 edges (40.0% density)
    Running Naive...
      Run 1/2 (757/13680)
      Run 2/2 (758/13680)
      Mean MRE: 1.554 ± 0.103
    Running oneR...
      Run 1/2 (759/13680)
      Run 2/2 (760/13680)
      Mean MRE: 0.032 ± 0.014
    Running ADV++...
      Run 1/2 (761/13680)
      Run 2/2 (762/13680)
      Mean MRE: 0.315 ± 0.164

  Graph 3/5:
    Created graph: 2000 edges (40.0% density)
    Running Naive...
      Run 1/2 (763/13680)
      Run 2/2 (764/13680)
      Mean MRE: 1.615 ± 0.235
    Running oneR...
      Run 1/2 (765/13680)
      Run 2/2 (766/13680)
      Mean MRE: 0.145 ± 0.037
    Running ADV++...
      Run 1/2 (767/13680)
      Run 2/2 (768/13680)
      Mean MRE: 0.178 ± 0.119

  Graph 4/5:
    Created graph: 2000 edges (40.0% density)
    Running Naive...
      Run 1/2 (769/13680)
      Run 2/2 (770/13680)
      Mean MRE: 2.199 ± 0.521
    Running oneR...
      Run 1/2 (771/13680)
      Run 2/2 (772/13680)
      Mean MRE: 0.249 ± 0.122
    Running ADV++...
      Run 1/2 (773/13680)
      Run 2/2 (774/13680)
      Mean MRE: 0.252 ± 0.031

  Graph 5/5:
    Created graph: 2000 edges (40.0% density)
    Running Naive...
      Run 1/2 (775/13680)
      Run 2/2 (776/13680)
      Mean MRE: 1.452 ± 0.359
    Running oneR...
      Run 1/2 (777/13680)
      Run 2/2 (778/13680)
      Mean MRE: 0.200 ± 0.186
    Running ADV++...
      Run 1/2 (779/13680)
      Run 2/2 (780/13680)
      Mean MRE: 0.174 ± 0.062

=== Density 0.45 (45.0%) ===

  Graph 1/5:
    Created graph: 2250 edges (45.0% density)
    Running Naive...
      Run 1/2 (781/13680)
      Run 2/2 (782/13680)
      Mean MRE: 0.931 ± 0.283
    Running oneR...
      Run 1/2 (783/13680)
      Run 2/2 (784/13680)
      Mean MRE: 0.151 ± 0.124
    Running ADV++...
      Run 1/2 (785/13680)
      Run 2/2 (786/13680)
      Mean MRE: 0.112 ± 0.068

  Graph 2/5:
    Created graph: 2250 edges (45.0% density)
    Running Naive...
      Run 1/2 (787/13680)
      Run 2/2 (788/13680)
      Mean MRE: 0.834 ± 0.144
    Running oneR...
      Run 1/2 (789/13680)
      Run 2/2 (790/13680)
      Mean MRE: 0.157 ± 0.133
    Running ADV++...
      Run 1/2 (791/13680)
      Run 2/2 (792/13680)
      Mean MRE: 0.145 ± 0.113

  Graph 3/5:
    Created graph: 2250 edges (45.0% density)
    Running Naive...
      Run 1/2 (793/13680)
      Run 2/2 (794/13680)
      Mean MRE: 0.402 ± 0.026
    Running oneR...
      Run 1/2 (795/13680)
      Run 2/2 (796/13680)
      Mean MRE: 0.186 ± 0.158
    Running ADV++...
      Run 1/2 (797/13680)
      Run 2/2 (798/13680)
      Mean MRE: 0.392 ± 0.237

  Graph 4/5:
    Created graph: 2250 edges (45.0% density)
    Running Naive...
      Run 1/2 (799/13680)
      Run 2/2 (800/13680)
      Mean MRE: 0.548 ± 0.054
    Running oneR...
      Run 1/2 (801/13680)
      Run 2/2 (802/13680)
      Mean MRE: 0.057 ± 0.032
    Running ADV++...
      Run 1/2 (803/13680)
      Run 2/2 (804/13680)
      Mean MRE: 0.137 ± 0.074

  Graph 5/5:
    Created graph: 2250 edges (45.0% density)
    Running Naive...
      Run 1/2 (805/13680)
      Run 2/2 (806/13680)
      Mean MRE: 0.676 ± 0.065
    Running oneR...
      Run 1/2 (807/13680)
      Run 2/2 (808/13680)
      Mean MRE: 0.159 ± 0.085
    Running ADV++...
      Run 1/2 (809/13680)
      Run 2/2 (810/13680)
      Mean MRE: 0.064 ± 0.031

=== Density 0.50 (50.0%) ===

  Graph 1/5:
    Created graph: 2500 edges (50.0% density)
    Running Naive...
      Run 1/2 (811/13680)
      Run 2/2 (812/13680)
      Mean MRE: 0.066 ± 0.012
    Running oneR...
      Run 1/2 (813/13680)
      Run 2/2 (814/13680)
      Mean MRE: 0.093 ± 0.060
    Running ADV++...
      Run 1/2 (815/13680)
      Run 2/2 (816/13680)
      Mean MRE: 0.171 ± 0.046

  Graph 2/5:
    Created graph: 2500 edges (50.0% density)
    Running Naive...
      Run 1/2 (817/13680)
      Run 2/2 (818/13680)
      Mean MRE: 0.043 ± 0.022
    Running oneR...
      Run 1/2 (819/13680)
      Run 2/2 (820/13680)
      Mean MRE: 0.151 ± 0.017
    Running ADV++...
      Run 1/2 (821/13680)
      Run 2/2 (822/13680)
      Mean MRE: 0.258 ± 0.023

  Graph 3/5:
    Created graph: 2500 edges (50.0% density)
    Running Naive...
      Run 1/2 (823/13680)
      Run 2/2 (824/13680)
      Mean MRE: 0.158 ± 0.102
    Running oneR...
      Run 1/2 (825/13680)
      Run 2/2 (826/13680)
      Mean MRE: 0.195 ± 0.176
    Running ADV++...
      Run 1/2 (827/13680)
      Run 2/2 (828/13680)
      Mean MRE: 0.079 ± 0.011

  Graph 4/5:
    Created graph: 2500 edges (50.0% density)
    Running Naive...
      Run 1/2 (829/13680)
      Run 2/2 (830/13680)
      Mean MRE: 0.097 ± 0.027
    Running oneR...
      Run 1/2 (831/13680)
      Run 2/2 (832/13680)
      Mean MRE: 0.166 ± 0.149
    Running ADV++...
      Run 1/2 (833/13680)
      Run 2/2 (834/13680)
      Mean MRE: 0.180 ± 0.168

  Graph 5/5:
    Created graph: 2500 edges (50.0% density)
    Running Naive...
      Run 1/2 (835/13680)
      Run 2/2 (836/13680)
      Mean MRE: 0.038 ± 0.013
    Running oneR...
      Run 1/2 (837/13680)
      Run 2/2 (838/13680)
      Mean MRE: 0.172 ± 0.120
    Running ADV++...
      Run 1/2 (839/13680)
      Run 2/2 (840/13680)
      Mean MRE: 0.196 ± 0.050

=== Density 0.55 (55.0%) ===

  Graph 1/5:
    Created graph: 2750 edges (55.0% density)
    Running Naive...
      Run 1/2 (841/13680)
      Run 2/2 (842/13680)
      Mean MRE: 0.416 ± 0.036
    Running oneR...
      Run 1/2 (843/13680)
      Run 2/2 (844/13680)
      Mean MRE: 0.048 ± 0.007
    Running ADV++...
      Run 1/2 (845/13680)
      Run 2/2 (846/13680)
      Mean MRE: 0.038 ± 0.018

  Graph 2/5:
    Created graph: 2750 edges (55.0% density)
    Running Naive...
      Run 1/2 (847/13680)
      Run 2/2 (848/13680)
      Mean MRE: 0.220 ± 0.050
    Running oneR...
      Run 1/2 (849/13680)
      Run 2/2 (850/13680)
      Mean MRE: 0.291 ± 0.259
    Running ADV++...
      Run 1/2 (851/13680)
      Run 2/2 (852/13680)
      Mean MRE: 0.068 ± 0.055

  Graph 3/5:
    Created graph: 2750 edges (55.0% density)
    Running Naive...
      Run 1/2 (853/13680)
      Run 2/2 (854/13680)
      Mean MRE: 0.306 ± 0.025
    Running oneR...
      Run 1/2 (855/13680)
      Run 2/2 (856/13680)
      Mean MRE: 0.082 ± 0.001
    Running ADV++...
      Run 1/2 (857/13680)
      Run 2/2 (858/13680)
      Mean MRE: 0.030 ± 0.004

  Graph 4/5:
    Created graph: 2750 edges (55.0% density)
    Running Naive...
      Run 1/2 (859/13680)
      Run 2/2 (860/13680)
      Mean MRE: 0.330 ± 0.076
    Running oneR...
      Run 1/2 (861/13680)
      Run 2/2 (862/13680)
      Mean MRE: 0.149 ± 0.005
    Running ADV++...
      Run 1/2 (863/13680)
      Run 2/2 (864/13680)
      Mean MRE: 0.112 ± 0.005

  Graph 5/5:
    Created graph: 2750 edges (55.0% density)
    Running Naive...
      Run 1/2 (865/13680)
      Run 2/2 (866/13680)
      Mean MRE: 0.250 ± 0.023
    Running oneR...
      Run 1/2 (867/13680)
      Run 2/2 (868/13680)
      Mean MRE: 0.120 ± 0.034
    Running ADV++...
      Run 1/2 (869/13680)
      Run 2/2 (870/13680)
      Mean MRE: 0.092 ± 0.001

=== Density 0.60 (60.0%) ===

  Graph 1/5:
    Created graph: 3000 edges (60.0% density)
    Running Naive...
      Run 1/2 (871/13680)
      Run 2/2 (872/13680)
      Mean MRE: 0.509 ± 0.087
    Running oneR...
      Run 1/2 (873/13680)
      Run 2/2 (874/13680)
      Mean MRE: 0.187 ± 0.071
    Running ADV++...
      Run 1/2 (875/13680)
      Run 2/2 (876/13680)
      Mean MRE: 0.174 ± 0.029

  Graph 2/5:
    Created graph: 3000 edges (60.0% density)
    Running Naive...
      Run 1/2 (877/13680)
      Run 2/2 (878/13680)
      Mean MRE: 0.507 ± 0.025
    Running oneR...
      Run 1/2 (879/13680)
      Run 2/2 (880/13680)
      Mean MRE: 0.292 ± 0.261
    Running ADV++...
      Run 1/2 (881/13680)
      Run 2/2 (882/13680)
      Mean MRE: 0.069 ± 0.017

  Graph 3/5:
    Created graph: 3000 edges (60.0% density)
    Running Naive...
      Run 1/2 (883/13680)
      Run 2/2 (884/13680)
      Mean MRE: 0.536 ± 0.014
    Running oneR...
      Run 1/2 (885/13680)
      Run 2/2 (886/13680)
      Mean MRE: 0.238 ± 0.010
    Running ADV++...
      Run 1/2 (887/13680)
      Run 2/2 (888/13680)
      Mean MRE: 0.179 ± 0.024

  Graph 4/5:
    Created graph: 3000 edges (60.0% density)
    Running Naive...
      Run 1/2 (889/13680)
      Run 2/2 (890/13680)
      Mean MRE: 0.504 ± 0.026
    Running oneR...
      Run 1/2 (891/13680)
      Run 2/2 (892/13680)
      Mean MRE: 0.170 ± 0.032
    Running ADV++...
      Run 1/2 (893/13680)
      Run 2/2 (894/13680)
      Mean MRE: 0.110 ± 0.044

  Graph 5/5:
    Created graph: 3000 edges (60.0% density)
    Running Naive...
      Run 1/2 (895/13680)
      Run 2/2 (896/13680)
      Mean MRE: 0.519 ± 0.054
    Running oneR...
      Run 1/2 (897/13680)
      Run 2/2 (898/13680)
      Mean MRE: 0.062 ± 0.000
    Running ADV++...
      Run 1/2 (899/13680)
      Run 2/2 (900/13680)
      Mean MRE: 0.075 ± 0.028

=== Density 0.65 (65.0%) ===

  Graph 1/5:
    Created graph: 3250 edges (65.0% density)
    Running Naive...
      Run 1/2 (901/13680)
      Run 2/2 (902/13680)
      Mean MRE: 0.687 ± 0.023
    Running oneR...
      Run 1/2 (903/13680)
      Run 2/2 (904/13680)
      Mean MRE: 0.240 ± 0.082
    Running ADV++...
      Run 1/2 (905/13680)
      Run 2/2 (906/13680)
      Mean MRE: 0.077 ± 0.058

  Graph 2/5:
    Created graph: 3250 edges (65.0% density)
    Running Naive...
      Run 1/2 (907/13680)
      Run 2/2 (908/13680)
      Mean MRE: 0.635 ± 0.012
    Running oneR...
      Run 1/2 (909/13680)
      Run 2/2 (910/13680)
      Mean MRE: 0.231 ± 0.034
    Running ADV++...
      Run 1/2 (911/13680)
      Run 2/2 (912/13680)
      Mean MRE: 0.130 ± 0.016

  Graph 3/5:
    Created graph: 3250 edges (65.0% density)
    Running Naive...
      Run 1/2 (913/13680)
      Run 2/2 (914/13680)
      Mean MRE: 0.662 ± 0.001
    Running oneR...
      Run 1/2 (915/13680)
      Run 2/2 (916/13680)
      Mean MRE: 0.193 ± 0.132
    Running ADV++...
      Run 1/2 (917/13680)
      Run 2/2 (918/13680)
      Mean MRE: 0.115 ± 0.003

  Graph 4/5:
    Created graph: 3250 edges (65.0% density)
    Running Naive...
      Run 1/2 (919/13680)
      Run 2/2 (920/13680)
      Mean MRE: 0.671 ± 0.020
    Running oneR...
      Run 1/2 (921/13680)
      Run 2/2 (922/13680)
      Mean MRE: 0.355 ± 0.084
    Running ADV++...
      Run 1/2 (923/13680)
      Run 2/2 (924/13680)
      Mean MRE: 0.023 ± 0.004

  Graph 5/5:
    Created graph: 3250 edges (65.0% density)
    Running Naive...
      Run 1/2 (925/13680)
      Run 2/2 (926/13680)
      Mean MRE: 0.686 ± 0.010
    Running oneR...
      Run 1/2 (927/13680)
      Run 2/2 (928/13680)
      Mean MRE: 0.113 ± 0.109
    Running ADV++...
      Run 1/2 (929/13680)
      Run 2/2 (930/13680)
      Mean MRE: 0.067 ± 0.012

=== Density 0.70 (70.0%) ===

  Graph 1/5:
    Created graph: 3500 edges (70.0% density)
    Running Naive...
      Run 1/2 (931/13680)
      Run 2/2 (932/13680)
      Mean MRE: 0.731 ± 0.017
    Running oneR...
      Run 1/2 (933/13680)
      Run 2/2 (934/13680)
      Mean MRE: 0.256 ± 0.027
    Running ADV++...
      Run 1/2 (935/13680)
      Run 2/2 (936/13680)
      Mean MRE: 0.158 ± 0.070

  Graph 2/5:
    Created graph: 3500 edges (70.0% density)
    Running Naive...
      Run 1/2 (937/13680)
      Run 2/2 (938/13680)
      Mean MRE: 0.770 ± 0.006
    Running oneR...
      Run 1/2 (939/13680)
      Run 2/2 (940/13680)
      Mean MRE: 0.143 ± 0.054
    Running ADV++...
      Run 1/2 (941/13680)
      Run 2/2 (942/13680)
      Mean MRE: 0.021 ± 0.001

  Graph 3/5:
    Created graph: 3500 edges (70.0% density)
    Running Naive...
      Run 1/2 (943/13680)
      Run 2/2 (944/13680)
      Mean MRE: 0.757 ± 0.003
    Running oneR...
      Run 1/2 (945/13680)
      Run 2/2 (946/13680)
      Mean MRE: 0.243 ± 0.017
    Running ADV++...
      Run 1/2 (947/13680)
      Run 2/2 (948/13680)
      Mean MRE: 0.054 ± 0.022

  Graph 4/5:
    Created graph: 3500 edges (70.0% density)
    Running Naive...
      Run 1/2 (949/13680)
      Run 2/2 (950/13680)
      Mean MRE: 0.693 ± 0.011
    Running oneR...
      Run 1/2 (951/13680)
      Run 2/2 (952/13680)
      Mean MRE: 0.160 ± 0.016
    Running ADV++...
      Run 1/2 (953/13680)
      Run 2/2 (954/13680)
      Mean MRE: 0.057 ± 0.014

  Graph 5/5:
    Created graph: 3500 edges (70.0% density)
    Running Naive...
      Run 1/2 (955/13680)
      Run 2/2 (956/13680)
      Mean MRE: 0.724 ± 0.006
    Running oneR...
      Run 1/2 (957/13680)
      Run 2/2 (958/13680)
      Mean MRE: 0.088 ± 0.055
    Running ADV++...
      Run 1/2 (959/13680)
      Run 2/2 (960/13680)
      Mean MRE: 0.126 ± 0.094

=== Density 0.75 (75.0%) ===

  Graph 1/5:
    Created graph: 3750 edges (75.0% density)
    Running Naive...
      Run 1/2 (961/13680)
      Run 2/2 (962/13680)
      Mean MRE: 0.803 ± 0.004
    Running oneR...
      Run 1/2 (963/13680)
      Run 2/2 (964/13680)
      Mean MRE: 0.216 ± 0.076
    Running ADV++...
      Run 1/2 (965/13680)
      Run 2/2 (966/13680)
      Mean MRE: 0.071 ± 0.066

  Graph 2/5:
    Created graph: 3750 edges (75.0% density)
    Running Naive...
      Run 1/2 (967/13680)
      Run 2/2 (968/13680)
      Mean MRE: 0.781 ± 0.018
    Running oneR...
      Run 1/2 (969/13680)
      Run 2/2 (970/13680)
      Mean MRE: 0.113 ± 0.035
    Running ADV++...
      Run 1/2 (971/13680)
      Run 2/2 (972/13680)
      Mean MRE: 0.168 ± 0.088

  Graph 3/5:
    Created graph: 3750 edges (75.0% density)
    Running Naive...
      Run 1/2 (973/13680)
      Run 2/2 (974/13680)
      Mean MRE: 0.778 ± 0.028
    Running oneR...
      Run 1/2 (975/13680)
      Run 2/2 (976/13680)
      Mean MRE: 0.074 ± 0.026
    Running ADV++...
      Run 1/2 (977/13680)
      Run 2/2 (978/13680)
      Mean MRE: 0.093 ± 0.026

  Graph 4/5:
    Created graph: 3750 edges (75.0% density)
    Running Naive...
      Run 1/2 (979/13680)
      Run 2/2 (980/13680)
      Mean MRE: 0.789 ± 0.000
    Running oneR...
      Run 1/2 (981/13680)
      Run 2/2 (982/13680)
      Mean MRE: 0.065 ± 0.045
    Running ADV++...
      Run 1/2 (983/13680)
      Run 2/2 (984/13680)
      Mean MRE: 0.042 ± 0.027

  Graph 5/5:
    Created graph: 3750 edges (75.0% density)
    Running Naive...
      Run 1/2 (985/13680)
      Run 2/2 (986/13680)
      Mean MRE: 0.792 ± 0.010
    Running oneR...
      Run 1/2 (987/13680)
      Run 2/2 (988/13680)
      Mean MRE: 0.149 ± 0.070
    Running ADV++...
      Run 1/2 (989/13680)
      Run 2/2 (990/13680)
      Mean MRE: 0.030 ± 0.021

=== Density 0.80 (80.0%) ===

  Graph 1/5:
    Created graph: 4000 edges (80.0% density)
    Running Naive...
      Run 1/2 (991/13680)
      Run 2/2 (992/13680)
      Mean MRE: 0.829 ± 0.005
    Running oneR...
      Run 1/2 (993/13680)
      Run 2/2 (994/13680)
      Mean MRE: 0.053 ± 0.007
    Running ADV++...
      Run 1/2 (995/13680)
      Run 2/2 (996/13680)
      Mean MRE: 0.074 ± 0.062

  Graph 2/5:
    Created graph: 4000 edges (80.0% density)
    Running Naive...
      Run 1/2 (997/13680)
      Run 2/2 (998/13680)
      Mean MRE: 0.844 ± 0.002
    Running oneR...
      Run 1/2 (999/13680)
      Run 2/2 (1000/13680)
      Mean MRE: 0.249 ± 0.014
    Running ADV++...
      Run 1/2 (1001/13680)
      Run 2/2 (1002/13680)
      Mean MRE: 0.058 ± 0.026

  Graph 3/5:
    Created graph: 4000 edges (80.0% density)
    Running Naive...
      Run 1/2 (1003/13680)
      Run 2/2 (1004/13680)
      Mean MRE: 0.822 ± 0.007
    Running oneR...
      Run 1/2 (1005/13680)
      Run 2/2 (1006/13680)
      Mean MRE: 0.110 ± 0.067
    Running ADV++...
      Run 1/2 (1007/13680)
      Run 2/2 (1008/13680)
      Mean MRE: 0.055 ± 0.011

  Graph 4/5:
    Created graph: 4000 edges (80.0% density)
    Running Naive...
      Run 1/2 (1009/13680)
      Run 2/2 (1010/13680)
      Mean MRE: 0.837 ± 0.002
    Running oneR...
      Run 1/2 (1011/13680)
      Run 2/2 (1012/13680)
      Mean MRE: 0.173 ± 0.084
    Running ADV++...
      Run 1/2 (1013/13680)
      Run 2/2 (1014/13680)
      Mean MRE: 0.079 ± 0.001

  Graph 5/5:
    Created graph: 4000 edges (80.0% density)
    Running Naive...
      Run 1/2 (1015/13680)
      Run 2/2 (1016/13680)
      Mean MRE: 0.846 ± 0.004
    Running oneR...
      Run 1/2 (1017/13680)
      Run 2/2 (1018/13680)
      Mean MRE: 0.127 ± 0.107
    Running ADV++...
      Run 1/2 (1019/13680)
      Run 2/2 (1020/13680)
      Mean MRE: 0.138 ± 0.027

=== Density 0.85 (85.0%) ===

  Graph 1/5:
    Created graph: 4250 edges (85.0% density)
    Running Naive...
      Run 1/2 (1021/13680)
      Run 2/2 (1022/13680)
      Mean MRE: 0.871 ± 0.011
    Running oneR...
      Run 1/2 (1023/13680)
      Run 2/2 (1024/13680)
      Mean MRE: 0.146 ± 0.054
    Running ADV++...
      Run 1/2 (1025/13680)
      Run 2/2 (1026/13680)
      Mean MRE: 0.143 ± 0.004

  Graph 2/5:
    Created graph: 4250 edges (85.0% density)
    Running Naive...
      Run 1/2 (1027/13680)
      Run 2/2 (1028/13680)
      Mean MRE: 0.871 ± 0.002
    Running oneR...
      Run 1/2 (1029/13680)
      Run 2/2 (1030/13680)
      Mean MRE: 0.022 ± 0.005
    Running ADV++...
      Run 1/2 (1031/13680)
      Run 2/2 (1032/13680)
      Mean MRE: 0.030 ± 0.020

  Graph 3/5:
    Created graph: 4250 edges (85.0% density)
    Running Naive...
      Run 1/2 (1033/13680)
      Run 2/2 (1034/13680)
      Mean MRE: 0.866 ± 0.002
    Running oneR...
      Run 1/2 (1035/13680)
      Run 2/2 (1036/13680)
      Mean MRE: 0.157 ± 0.032
    Running ADV++...
      Run 1/2 (1037/13680)
      Run 2/2 (1038/13680)
      Mean MRE: 0.117 ± 0.080

  Graph 4/5:
    Created graph: 4250 edges (85.0% density)
    Running Naive...
      Run 1/2 (1039/13680)
      Run 2/2 (1040/13680)
      Mean MRE: 0.868 ± 0.015
    Running oneR...
      Run 1/2 (1041/13680)
      Run 2/2 (1042/13680)
      Mean MRE: 0.202 ± 0.157
    Running ADV++...
      Run 1/2 (1043/13680)
      Run 2/2 (1044/13680)
      Mean MRE: 0.053 ± 0.017

  Graph 5/5:
    Created graph: 4250 edges (85.0% density)
    Running Naive...
      Run 1/2 (1045/13680)
      Run 2/2 (1046/13680)
      Mean MRE: 0.868 ± 0.001
    Running oneR...
      Run 1/2 (1047/13680)
      Run 2/2 (1048/13680)
      Mean MRE: 0.035 ± 0.027
    Running ADV++...
      Run 1/2 (1049/13680)
      Run 2/2 (1050/13680)
      Mean MRE: 0.092 ± 0.043

=== Density 0.90 (90.0%) ===

  Graph 1/5:
    Created graph: 4500 edges (90.0% density)
    Running Naive...
      Run 1/2 (1051/13680)
      Run 2/2 (1052/13680)
      Mean MRE: 0.886 ± 0.005
    Running oneR...
      Run 1/2 (1053/13680)
      Run 2/2 (1054/13680)
      Mean MRE: 0.071 ± 0.071
    Running ADV++...
      Run 1/2 (1055/13680)
      Run 2/2 (1056/13680)
      Mean MRE: 0.050 ± 0.029

  Graph 2/5:
    Created graph: 4500 edges (90.0% density)
    Running Naive...
      Run 1/2 (1057/13680)
      Run 2/2 (1058/13680)
      Mean MRE: 0.885 ± 0.008
    Running oneR...
      Run 1/2 (1059/13680)
      Run 2/2 (1060/13680)
      Mean MRE: 0.114 ± 0.066
    Running ADV++...
      Run 1/2 (1061/13680)
      Run 2/2 (1062/13680)
      Mean MRE: 0.045 ± 0.044

  Graph 3/5:
    Created graph: 4500 edges (90.0% density)
    Running Naive...
      Run 1/2 (1063/13680)
      Run 2/2 (1064/13680)
      Mean MRE: 0.882 ± 0.002
    Running oneR...
      Run 1/2 (1065/13680)
      Run 2/2 (1066/13680)
      Mean MRE: 0.084 ± 0.069
    Running ADV++...
      Run 1/2 (1067/13680)
      Run 2/2 (1068/13680)
      Mean MRE: 0.047 ± 0.036

  Graph 4/5:
    Created graph: 4500 edges (90.0% density)
    Running Naive...
      Run 1/2 (1069/13680)
      Run 2/2 (1070/13680)
      Mean MRE: 0.886 ± 0.001
    Running oneR...
      Run 1/2 (1071/13680)
      Run 2/2 (1072/13680)
      Mean MRE: 0.188 ± 0.013
    Running ADV++...
      Run 1/2 (1073/13680)
      Run 2/2 (1074/13680)
      Mean MRE: 0.201 ± 0.035

  Graph 5/5:
    Created graph: 4500 edges (90.0% density)
    Running Naive...
      Run 1/2 (1075/13680)
      Run 2/2 (1076/13680)
      Mean MRE: 0.895 ± 0.004
    Running oneR...
      Run 1/2 (1077/13680)
      Run 2/2 (1078/13680)
      Mean MRE: 0.053 ± 0.004
    Running ADV++...
      Run 1/2 (1079/13680)
      Run 2/2 (1080/13680)
      Mean MRE: 0.058 ± 0.035

=== Density 0.95 (95.0%) ===

  Graph 1/5:
    Created graph: 4750 edges (95.0% density)
    Running Naive...
      Run 1/2 (1081/13680)
      Run 2/2 (1082/13680)
      Mean MRE: 0.915 ± 0.001
    Running oneR...
      Run 1/2 (1083/13680)
      Run 2/2 (1084/13680)
      Mean MRE: 0.080 ± 0.057
    Running ADV++...
      Run 1/2 (1085/13680)
      Run 2/2 (1086/13680)
      Mean MRE: 0.115 ± 0.061

  Graph 2/5:
    Created graph: 4750 edges (95.0% density)
    Running Naive...
      Run 1/2 (1087/13680)
      Run 2/2 (1088/13680)
      Mean MRE: 0.905 ± 0.002
    Running oneR...
      Run 1/2 (1089/13680)
      Run 2/2 (1090/13680)
      Mean MRE: 0.076 ± 0.009
    Running ADV++...
      Run 1/2 (1091/13680)
      Run 2/2 (1092/13680)
      Mean MRE: 0.122 ± 0.039

  Graph 3/5:
    Created graph: 4750 edges (95.0% density)
    Running Naive...
      Run 1/2 (1093/13680)
      Run 2/2 (1094/13680)
      Mean MRE: 0.901 ± 0.001
    Running oneR...
      Run 1/2 (1095/13680)
      Run 2/2 (1096/13680)
      Mean MRE: 0.083 ± 0.004
    Running ADV++...
      Run 1/2 (1097/13680)
      Run 2/2 (1098/13680)
      Mean MRE: 0.047 ± 0.022

  Graph 4/5:
    Created graph: 4750 edges (95.0% density)
    Running Naive...
      Run 1/2 (1099/13680)
      Run 2/2 (1100/13680)
      Mean MRE: 0.903 ± 0.015
    Running oneR...
      Run 1/2 (1101/13680)
      Run 2/2 (1102/13680)
      Mean MRE: 0.115 ± 0.090
    Running ADV++...
      Run 1/2 (1103/13680)
      Run 2/2 (1104/13680)
      Mean MRE: 0.127 ± 0.021

  Graph 5/5:
    Created graph: 4750 edges (95.0% density)
    Running Naive...
      Run 1/2 (1105/13680)
      Run 2/2 (1106/13680)
      Mean MRE: 0.910 ± 0.001
    Running oneR...
      Run 1/2 (1107/13680)
      Run 2/2 (1108/13680)
      Mean MRE: 0.123 ± 0.054
    Running ADV++...
      Run 1/2 (1109/13680)
      Run 2/2 (1110/13680)
      Mean MRE: 0.066 ± 0.042

=== Density 1.00 (100.0%) ===

  Graph 1/5:
    Created graph: 5000 edges (100.0% density)
    Running Naive...
      Run 1/2 (1111/13680)
      Run 2/2 (1112/13680)
      Mean MRE: 0.922 ± 0.010
    Running oneR...
      Run 1/2 (1113/13680)
      Run 2/2 (1114/13680)
      Mean MRE: 0.023 ± 0.003
    Running ADV++...
      Run 1/2 (1115/13680)
      Run 2/2 (1116/13680)
      Mean MRE: 0.033 ± 0.003

  Graph 2/5:
    Created graph: 5000 edges (100.0% density)
    Running Naive...
      Run 1/2 (1117/13680)
      Run 2/2 (1118/13680)
      Mean MRE: 0.917 ± 0.005
    Running oneR...
      Run 1/2 (1119/13680)
      Run 2/2 (1120/13680)
      Mean MRE: 0.089 ± 0.014
    Running ADV++...
      Run 1/2 (1121/13680)
      Run 2/2 (1122/13680)
      Mean MRE: 0.064 ± 0.047

  Graph 3/5:
    Created graph: 5000 edges (100.0% density)
    Running Naive...
      Run 1/2 (1123/13680)
      Run 2/2 (1124/13680)
      Mean MRE: 0.914 ± 0.003
    Running oneR...
      Run 1/2 (1125/13680)
      Run 2/2 (1126/13680)
      Mean MRE: 0.027 ± 0.019
    Running ADV++...
      Run 1/2 (1127/13680)
      Run 2/2 (1128/13680)
      Mean MRE: 0.064 ± 0.004

  Graph 4/5:
    Created graph: 5000 edges (100.0% density)
    Running Naive...
      Run 1/2 (1129/13680)
      Run 2/2 (1130/13680)
      Mean MRE: 0.911 ± 0.001
    Running oneR...
      Run 1/2 (1131/13680)
      Run 2/2 (1132/13680)
      Mean MRE: 0.082 ± 0.038
    Running ADV++...
      Run 1/2 (1133/13680)
      Run 2/2 (1134/13680)
      Mean MRE: 0.059 ± 0.057

  Graph 5/5:
    Created graph: 5000 edges (100.0% density)
    Running Naive...
      Run 1/2 (1135/13680)
      Run 2/2 (1136/13680)
      Mean MRE: 0.914 ± 0.002
    Running oneR...
      Run 1/2 (1137/13680)
      Run 2/2 (1138/13680)
      Mean MRE: 0.230 ± 0.069
    Running ADV++...
      Run 1/2 (1139/13680)
      Run 2/2 (1140/13680)
      Mean MRE: 0.077 ± 0.041

--- P=2, Q=5 ---

=== Density 0.10 (10.0%) ===

  Graph 1/5:
    Created graph: 500 edges (10.0% density)
    Running Naive...
      Run 1/2 (1141/13680)
      Run 2/2 (1142/13680)
      Mean MRE: 50757.155 ± 2378.075
    Running oneR...
      Run 1/2 (1143/13680)
      Run 2/2 (1144/13680)
      Mean MRE: 8016.134 ± 448.320
    Running ADV++...
      Run 1/2 (1145/13680)
      Run 2/2 (1146/13680)
      Mean MRE: 74343.375 ± 63258.637

  Graph 2/5:
    Created graph: 500 edges (10.0% density)
    Running Naive...
      Run 1/2 (1147/13680)
      Run 2/2 (1148/13680)
      Mean MRE: 88833.675 ± 36214.425
    Running oneR...
      Run 1/2 (1149/13680)
      Run 2/2 (1150/13680)
      Mean MRE: 20000.119 ± 9162.456
    Running ADV++...
      Run 1/2 (1151/13680)
      Run 2/2 (1152/13680)
      Mean MRE: 6107.463 ± 3948.704

  Graph 3/5:
    Created graph: 500 edges (10.0% density)
    Running Naive...
      Run 1/2 (1153/13680)
      Run 2/2 (1154/13680)
      Mean MRE: 96214.435 ± 13105.865
    Running oneR...
      Run 1/2 (1155/13680)
      Run 2/2 (1156/13680)
      Mean MRE: 29040.374 ± 15424.565
    Running ADV++...
      Run 1/2 (1157/13680)
      Run 2/2 (1158/13680)
      Mean MRE: 24209.244 ± 7987.046

  Graph 4/5:
    Created graph: 500 edges (10.0% density)
    Running Naive...
      Run 1/2 (1159/13680)
      Run 2/2 (1160/13680)
      Mean MRE: 76375.910 ± 10506.640
    Running oneR...
      Run 1/2 (1161/13680)
      Run 2/2 (1162/13680)
      Mean MRE: 23047.194 ± 12127.985
    Running ADV++...
      Run 1/2 (1163/13680)
      Run 2/2 (1164/13680)
      Mean MRE: 80875.730 ± 64079.275

  Graph 5/5:
    Created graph: 500 edges (10.0% density)
    Running Naive...
      Run 1/2 (1165/13680)
      Run 2/2 (1166/13680)
      Mean MRE: 331013.500 ± 58105.200
    Running oneR...
      Run 1/2 (1167/13680)
      Run 2/2 (1168/13680)
      Mean MRE: 75456.056 ± 51099.623
    Running ADV++...
      Run 1/2 (1169/13680)
      Run 2/2 (1170/13680)
      Mean MRE: 20013.793 ± 4856.750

=== Density 0.15 (15.0%) ===

  Graph 1/5:
    Created graph: 750 edges (15.0% density)
    Running Naive...
      Run 1/2 (1171/13680)
      Run 2/2 (1172/13680)
      Mean MRE: 2153.955 ± 38.169
    Running oneR...
      Run 1/2 (1173/13680)
      Run 2/2 (1174/13680)
      Mean MRE: 383.262 ± 285.502
    Running ADV++...
      Run 1/2 (1175/13680)
      Run 2/2 (1176/13680)
      Mean MRE: 845.662 ± 707.935

  Graph 2/5:
    Created graph: 750 edges (15.0% density)
    Running Naive...
      Run 1/2 (1177/13680)
      Run 2/2 (1178/13680)
      Mean MRE: 3434.207 ± 398.298
    Running oneR...
      Run 1/2 (1179/13680)
      Run 2/2 (1180/13680)
      Mean MRE: 116.513 ± 6.553
    Running ADV++...
      Run 1/2 (1181/13680)
      Run 2/2 (1182/13680)
      Mean MRE: 144.861 ± 63.242

  Graph 3/5:
    Created graph: 750 edges (15.0% density)
    Running Naive...
      Run 1/2 (1183/13680)
      Run 2/2 (1184/13680)
      Mean MRE: 4235.735 ± 636.190
    Running oneR...
      Run 1/2 (1185/13680)
      Run 2/2 (1186/13680)
      Mean MRE: 979.005 ± 255.863
    Running ADV++...
      Run 1/2 (1187/13680)
      Run 2/2 (1188/13680)
      Mean MRE: 113.803 ± 58.353

  Graph 4/5:
    Created graph: 750 edges (15.0% density)
    Running Naive...
      Run 1/2 (1189/13680)
      Run 2/2 (1190/13680)
      Mean MRE: 3356.621 ± 361.831
    Running oneR...
      Run 1/2 (1191/13680)
      Run 2/2 (1192/13680)
      Mean MRE: 428.558 ± 273.305
    Running ADV++...
      Run 1/2 (1193/13680)
      Run 2/2 (1194/13680)
      Mean MRE: 254.747 ± 203.773

  Graph 5/5:
    Created graph: 750 edges (15.0% density)
    Running Naive...
      Run 1/2 (1195/13680)
      Run 2/2 (1196/13680)
      Mean MRE: 2616.035 ± 19.177
    Running oneR...
      Run 1/2 (1197/13680)
      Run 2/2 (1198/13680)
      Mean MRE: 170.194 ± 51.019
    Running ADV++...
      Run 1/2 (1199/13680)
      Run 2/2 (1200/13680)
      Mean MRE: 248.234 ± 59.028

=== Density 0.20 (20.0%) ===

  Graph 1/5:
    Created graph: 1000 edges (20.0% density)
    Running Naive...
      Run 1/2 (1201/13680)
      Run 2/2 (1202/13680)
      Mean MRE: 546.183 ± 21.400
    Running oneR...
      Run 1/2 (1203/13680)
      Run 2/2 (1204/13680)
      Mean MRE: 34.113 ± 28.019
    Running ADV++...
      Run 1/2 (1205/13680)
      Run 2/2 (1206/13680)
      Mean MRE: 52.732 ± 24.397

  Graph 2/5:
    Created graph: 1000 edges (20.0% density)
    Running Naive...
      Run 1/2 (1207/13680)
      Run 2/2 (1208/13680)
      Mean MRE: 382.390 ± 9.876
    Running oneR...
      Run 1/2 (1209/13680)
      Run 2/2 (1210/13680)
      Mean MRE: 45.071 ± 8.681
    Running ADV++...
      Run 1/2 (1211/13680)
      Run 2/2 (1212/13680)
      Mean MRE: 29.951 ± 27.826

  Graph 3/5:
    Created graph: 1000 edges (20.0% density)
    Running Naive...
      Run 1/2 (1213/13680)
      Run 2/2 (1214/13680)
      Mean MRE: 317.587 ± 11.646
    Running oneR...
      Run 1/2 (1215/13680)
      Run 2/2 (1216/13680)
      Mean MRE: 73.440 ± 30.858
    Running ADV++...
      Run 1/2 (1217/13680)
      Run 2/2 (1218/13680)
      Mean MRE: 143.906 ± 111.470

  Graph 4/5:
    Created graph: 1000 edges (20.0% density)
    Running Naive...
      Run 1/2 (1219/13680)
      Run 2/2 (1220/13680)
      Mean MRE: 424.103 ± 9.584
    Running oneR...
      Run 1/2 (1221/13680)
      Run 2/2 (1222/13680)
      Mean MRE: 88.466 ± 58.193
    Running ADV++...
      Run 1/2 (1223/13680)
      Run 2/2 (1224/13680)
      Mean MRE: 48.025 ± 20.266

  Graph 5/5:
    Created graph: 1000 edges (20.0% density)
    Running Naive...
      Run 1/2 (1225/13680)
      Run 2/2 (1226/13680)
      Mean MRE: 290.160 ± 45.862
    Running oneR...
      Run 1/2 (1227/13680)
      Run 2/2 (1228/13680)
      Mean MRE: 24.740 ± 6.405
    Running ADV++...
      Run 1/2 (1229/13680)
      Run 2/2 (1230/13680)
      Mean MRE: 38.612 ± 6.592

=== Density 0.25 (25.0%) ===

  Graph 1/5:
    Created graph: 1250 edges (25.0% density)
    Running Naive...
      Run 1/2 (1231/13680)
      Run 2/2 (1232/13680)
      Mean MRE: 101.202 ± 2.350
    Running oneR...
      Run 1/2 (1233/13680)
      Run 2/2 (1234/13680)
      Mean MRE: 11.401 ± 8.667
    Running ADV++...
      Run 1/2 (1235/13680)
      Run 2/2 (1236/13680)
      Mean MRE: 8.249 ± 1.722

  Graph 2/5:
    Created graph: 1250 edges (25.0% density)
    Running Naive...
      Run 1/2 (1237/13680)
      Run 2/2 (1238/13680)
      Mean MRE: 73.453 ± 7.341
    Running oneR...
      Run 1/2 (1239/13680)
      Run 2/2 (1240/13680)
      Mean MRE: 11.511 ± 8.189
    Running ADV++...
      Run 1/2 (1241/13680)
      Run 2/2 (1242/13680)
      Mean MRE: 6.118 ± 2.549

  Graph 3/5:
    Created graph: 1250 edges (25.0% density)
    Running Naive...
      Run 1/2 (1243/13680)
      Run 2/2 (1244/13680)
      Mean MRE: 88.249 ± 3.434
    Running oneR...
      Run 1/2 (1245/13680)
      Run 2/2 (1246/13680)
      Mean MRE: 1.822 ± 0.396
    Running ADV++...
      Run 1/2 (1247/13680)
      Run 2/2 (1248/13680)
      Mean MRE: 2.398 ± 2.175

  Graph 4/5:
    Created graph: 1250 edges (25.0% density)
    Running Naive...
      Run 1/2 (1249/13680)
      Run 2/2 (1250/13680)
      Mean MRE: 55.664 ± 8.386
    Running oneR...
      Run 1/2 (1251/13680)
      Run 2/2 (1252/13680)
      Mean MRE: 10.748 ± 6.210
    Running ADV++...
      Run 1/2 (1253/13680)
      Run 2/2 (1254/13680)
      Mean MRE: 4.610 ± 4.041

  Graph 5/5:
    Created graph: 1250 edges (25.0% density)
    Running Naive...
      Run 1/2 (1255/13680)
      Run 2/2 (1256/13680)
      Mean MRE: 89.437 ± 8.550
    Running oneR...
      Run 1/2 (1257/13680)
      Run 2/2 (1258/13680)
      Mean MRE: 1.306 ± 0.761
    Running ADV++...
      Run 1/2 (1259/13680)
      Run 2/2 (1260/13680)
      Mean MRE: 7.956 ± 4.304

=== Density 0.30 (30.0%) ===

  Graph 1/5:
    Created graph: 1500 edges (30.0% density)
    Running Naive...
      Run 1/2 (1261/13680)
      Run 2/2 (1262/13680)
      Mean MRE: 26.692 ± 0.926
    Running oneR...
      Run 1/2 (1263/13680)
      Run 2/2 (1264/13680)
      Mean MRE: 4.079 ± 1.742
    Running ADV++...
      Run 1/2 (1265/13680)
      Run 2/2 (1266/13680)
      Mean MRE: 4.891 ± 4.035

  Graph 2/5:
    Created graph: 1500 edges (30.0% density)
    Running Naive...
      Run 1/2 (1267/13680)
      Run 2/2 (1268/13680)
      Mean MRE: 18.775 ± 2.382
    Running oneR...
      Run 1/2 (1269/13680)
      Run 2/2 (1270/13680)
      Mean MRE: 3.514 ± 0.843
    Running ADV++...
      Run 1/2 (1271/13680)
      Run 2/2 (1272/13680)
      Mean MRE: 3.682 ± 1.073

  Graph 3/5:
    Created graph: 1500 edges (30.0% density)
    Running Naive...
      Run 1/2 (1273/13680)
      Run 2/2 (1274/13680)
      Mean MRE: 18.893 ± 2.676
    Running oneR...
      Run 1/2 (1275/13680)
      Run 2/2 (1276/13680)
      Mean MRE: 2.663 ± 0.452
    Running ADV++...
      Run 1/2 (1277/13680)
      Run 2/2 (1278/13680)
      Mean MRE: 0.220 ± 0.032

  Graph 4/5:
    Created graph: 1500 edges (30.0% density)
    Running Naive...
      Run 1/2 (1279/13680)
      Run 2/2 (1280/13680)
      Mean MRE: 26.938 ± 4.047
    Running oneR...
      Run 1/2 (1281/13680)
      Run 2/2 (1282/13680)
      Mean MRE: 3.985 ± 1.796
    Running ADV++...
      Run 1/2 (1283/13680)
      Run 2/2 (1284/13680)
      Mean MRE: 3.064 ± 2.285

  Graph 5/5:
    Created graph: 1500 edges (30.0% density)
    Running Naive...
      Run 1/2 (1285/13680)
      Run 2/2 (1286/13680)
      Mean MRE: 18.019 ± 4.469
    Running oneR...
      Run 1/2 (1287/13680)
      Run 2/2 (1288/13680)
      Mean MRE: 2.002 ± 0.251
    Running ADV++...
      Run 1/2 (1289/13680)
      Run 2/2 (1290/13680)
      Mean MRE: 2.644 ± 1.868

=== Density 0.35 (35.0%) ===

  Graph 1/5:
    Created graph: 1750 edges (35.0% density)
    Running Naive...
      Run 1/2 (1291/13680)
      Run 2/2 (1292/13680)
      Mean MRE: 5.594 ± 1.025
    Running oneR...
      Run 1/2 (1293/13680)
      Run 2/2 (1294/13680)
      Mean MRE: 0.456 ± 0.193
    Running ADV++...
      Run 1/2 (1295/13680)
      Run 2/2 (1296/13680)
      Mean MRE: 0.624 ± 0.444

  Graph 2/5:
    Created graph: 1750 edges (35.0% density)
    Running Naive...
      Run 1/2 (1297/13680)
      Run 2/2 (1298/13680)
      Mean MRE: 8.272 ± 0.348
    Running oneR...
      Run 1/2 (1299/13680)
      Run 2/2 (1300/13680)
      Mean MRE: 0.139 ± 0.050
    Running ADV++...
      Run 1/2 (1301/13680)
      Run 2/2 (1302/13680)
      Mean MRE: 1.911 ± 0.656

  Graph 3/5:
    Created graph: 1750 edges (35.0% density)
    Running Naive...
      Run 1/2 (1303/13680)
      Run 2/2 (1304/13680)
      Mean MRE: 7.652 ± 1.118
    Running oneR...
      Run 1/2 (1305/13680)
      Run 2/2 (1306/13680)
      Mean MRE: 0.590 ± 0.423
    Running ADV++...
      Run 1/2 (1307/13680)
      Run 2/2 (1308/13680)
      Mean MRE: 0.772 ± 0.507

  Graph 4/5:
    Created graph: 1750 edges (35.0% density)
    Running Naive...
      Run 1/2 (1309/13680)
      Run 2/2 (1310/13680)
      Mean MRE: 9.166 ± 2.466
    Running oneR...
      Run 1/2 (1311/13680)
      Run 2/2 (1312/13680)
      Mean MRE: 1.201 ± 0.087
    Running ADV++...
      Run 1/2 (1313/13680)
      Run 2/2 (1314/13680)
      Mean MRE: 0.389 ± 0.040

  Graph 5/5:
    Created graph: 1750 edges (35.0% density)
    Running Naive...
      Run 1/2 (1315/13680)
      Run 2/2 (1316/13680)
      Mean MRE: 7.802 ± 0.356
    Running oneR...
      Run 1/2 (1317/13680)
      Run 2/2 (1318/13680)
      Mean MRE: 1.582 ± 0.438
    Running ADV++...
      Run 1/2 (1319/13680)
      Run 2/2 (1320/13680)
      Mean MRE: 0.301 ± 0.129

=== Density 0.40 (40.0%) ===

  Graph 1/5:
    Created graph: 2000 edges (40.0% density)
    Running Naive...
      Run 1/2 (1321/13680)
      Run 2/2 (1322/13680)
      Mean MRE: 3.412 ± 0.069
    Running oneR...
      Run 1/2 (1323/13680)
      Run 2/2 (1324/13680)
      Mean MRE: 0.779 ± 0.364
    Running ADV++...
      Run 1/2 (1325/13680)
      Run 2/2 (1326/13680)
      Mean MRE: 0.112 ± 0.094

  Graph 2/5:
    Created graph: 2000 edges (40.0% density)
    Running Naive...
      Run 1/2 (1327/13680)
      Run 2/2 (1328/13680)
      Mean MRE: 3.167 ± 0.250
    Running oneR...
      Run 1/2 (1329/13680)
      Run 2/2 (1330/13680)
      Mean MRE: 0.913 ± 0.214
    Running ADV++...
      Run 1/2 (1331/13680)
      Run 2/2 (1332/13680)
      Mean MRE: 0.495 ± 0.104

  Graph 3/5:
    Created graph: 2000 edges (40.0% density)
    Running Naive...
      Run 1/2 (1333/13680)
      Run 2/2 (1334/13680)
      Mean MRE: 3.108 ± 0.151
    Running oneR...
      Run 1/2 (1335/13680)
      Run 2/2 (1336/13680)
      Mean MRE: 0.455 ± 0.207
    Running ADV++...
      Run 1/2 (1337/13680)
      Run 2/2 (1338/13680)
      Mean MRE: 0.362 ± 0.128

  Graph 4/5:
    Created graph: 2000 edges (40.0% density)
    Running Naive...
      Run 1/2 (1339/13680)
      Run 2/2 (1340/13680)
      Mean MRE: 2.769 ± 0.436
    Running oneR...
      Run 1/2 (1341/13680)
      Run 2/2 (1342/13680)
      Mean MRE: 0.739 ± 0.336
    Running ADV++...
      Run 1/2 (1343/13680)
      Run 2/2 (1344/13680)
      Mean MRE: 0.291 ± 0.084

  Graph 5/5:
    Created graph: 2000 edges (40.0% density)
    Running Naive...
      Run 1/2 (1345/13680)
      Run 2/2 (1346/13680)
      Mean MRE: 2.060 ± 0.179
    Running oneR...
      Run 1/2 (1347/13680)
      Run 2/2 (1348/13680)
      Mean MRE: 0.392 ± 0.258
    Running ADV++...
      Run 1/2 (1349/13680)
      Run 2/2 (1350/13680)
      Mean MRE: 1.200 ± 0.585

=== Density 0.45 (45.0%) ===

  Graph 1/5:
    Created graph: 2250 edges (45.0% density)
    Running Naive...
      Run 1/2 (1351/13680)
      Run 2/2 (1352/13680)
      Mean MRE: 0.451 ± 0.280
    Running oneR...
      Run 1/2 (1353/13680)
      Run 2/2 (1354/13680)
      Mean MRE: 0.414 ± 0.289
    Running ADV++...
      Run 1/2 (1355/13680)
      Run 2/2 (1356/13680)
      Mean MRE: 0.241 ± 0.045

  Graph 2/5:
    Created graph: 2250 edges (45.0% density)
    Running Naive...
      Run 1/2 (1357/13680)
      Run 2/2 (1358/13680)
      Mean MRE: 0.740 ± 0.098
    Running oneR...
      Run 1/2 (1359/13680)
      Run 2/2 (1360/13680)
      Mean MRE: 0.671 ± 0.167
    Running ADV++...
      Run 1/2 (1361/13680)
      Run 2/2 (1362/13680)
      Mean MRE: 0.238 ± 0.056

  Graph 3/5:
    Created graph: 2250 edges (45.0% density)
    Running Naive...
      Run 1/2 (1363/13680)
      Run 2/2 (1364/13680)
      Mean MRE: 0.632 ± 0.142
    Running oneR...
      Run 1/2 (1365/13680)
      Run 2/2 (1366/13680)
      Mean MRE: 0.485 ± 0.136
    Running ADV++...
      Run 1/2 (1367/13680)
      Run 2/2 (1368/13680)
      Mean MRE: 0.285 ± 0.094

  Graph 4/5:
    Created graph: 2250 edges (45.0% density)
    Running Naive...
      Run 1/2 (1369/13680)
      Run 2/2 (1370/13680)
      Mean MRE: 0.538 ± 0.293
    Running oneR...
      Run 1/2 (1371/13680)
      Run 2/2 (1372/13680)
      Mean MRE: 0.326 ± 0.298
    Running ADV++...
      Run 1/2 (1373/13680)
      Run 2/2 (1374/13680)
      Mean MRE: 0.294 ± 0.067

  Graph 5/5:
    Created graph: 2250 edges (45.0% density)
    Running Naive...
      Run 1/2 (1375/13680)
      Run 2/2 (1376/13680)
      Mean MRE: 0.860 ± 0.049
    Running oneR...
      Run 1/2 (1377/13680)
      Run 2/2 (1378/13680)
      Mean MRE: 0.376 ± 0.037
    Running ADV++...
      Run 1/2 (1379/13680)
      Run 2/2 (1380/13680)
      Mean MRE: 0.313 ± 0.257

=== Density 0.50 (50.0%) ===

  Graph 1/5:
    Created graph: 2500 edges (50.0% density)
    Running Naive...
      Run 1/2 (1381/13680)
      Run 2/2 (1382/13680)
      Mean MRE: 0.152 ± 0.060
    Running oneR...
      Run 1/2 (1383/13680)
      Run 2/2 (1384/13680)
      Mean MRE: 0.527 ± 0.061
    Running ADV++...
      Run 1/2 (1385/13680)
      Run 2/2 (1386/13680)
      Mean MRE: 0.237 ± 0.090

  Graph 2/5:
    Created graph: 2500 edges (50.0% density)
    Running Naive...
      Run 1/2 (1387/13680)
      Run 2/2 (1388/13680)
      Mean MRE: 0.070 ± 0.052
    Running oneR...
      Run 1/2 (1389/13680)
      Run 2/2 (1390/13680)
      Mean MRE: 0.546 ± 0.108
    Running ADV++...
      Run 1/2 (1391/13680)
      Run 2/2 (1392/13680)
      Mean MRE: 0.361 ± 0.093

  Graph 3/5:
    Created graph: 2500 edges (50.0% density)
    Running Naive...
      Run 1/2 (1393/13680)
      Run 2/2 (1394/13680)
      Mean MRE: 0.096 ± 0.086
    Running oneR...
      Run 1/2 (1395/13680)
      Run 2/2 (1396/13680)
      Mean MRE: 0.722 ± 0.463
    Running ADV++...
      Run 1/2 (1397/13680)
      Run 2/2 (1398/13680)
      Mean MRE: 0.235 ± 0.141

  Graph 4/5:
    Created graph: 2500 edges (50.0% density)
    Running Naive...
      Run 1/2 (1399/13680)
      Run 2/2 (1400/13680)
      Mean MRE: 0.074 ± 0.004
    Running oneR...
      Run 1/2 (1401/13680)
      Run 2/2 (1402/13680)
      Mean MRE: 0.222 ± 0.204
    Running ADV++...
      Run 1/2 (1403/13680)
      Run 2/2 (1404/13680)
      Mean MRE: 0.178 ± 0.069

  Graph 5/5:
    Created graph: 2500 edges (50.0% density)
    Running Naive...
      Run 1/2 (1405/13680)
      Run 2/2 (1406/13680)
      Mean MRE: 0.175 ± 0.150
    Running oneR...
      Run 1/2 (1407/13680)
      Run 2/2 (1408/13680)
      Mean MRE: 0.117 ± 0.033
    Running ADV++...
      Run 1/2 (1409/13680)
      Run 2/2 (1410/13680)
      Mean MRE: 0.050 ± 0.010

=== Density 0.55 (55.0%) ===

  Graph 1/5:
    Created graph: 2750 edges (55.0% density)
    Running Naive...
      Run 1/2 (1411/13680)
      Run 2/2 (1412/13680)
      Mean MRE: 0.391 ± 0.063
    Running oneR...
      Run 1/2 (1413/13680)
      Run 2/2 (1414/13680)
      Mean MRE: 0.331 ± 0.232
    Running ADV++...
      Run 1/2 (1415/13680)
      Run 2/2 (1416/13680)
      Mean MRE: 0.141 ± 0.008

  Graph 2/5:
    Created graph: 2750 edges (55.0% density)
    Running Naive...
      Run 1/2 (1417/13680)
      Run 2/2 (1418/13680)
      Mean MRE: 0.438 ± 0.033
    Running oneR...
      Run 1/2 (1419/13680)
      Run 2/2 (1420/13680)
      Mean MRE: 0.287 ± 0.027
    Running ADV++...
      Run 1/2 (1421/13680)
      Run 2/2 (1422/13680)
      Mean MRE: 0.165 ± 0.085

  Graph 3/5:
    Created graph: 2750 edges (55.0% density)
    Running Naive...
      Run 1/2 (1423/13680)
      Run 2/2 (1424/13680)
      Mean MRE: 0.361 ± 0.069
    Running oneR...
      Run 1/2 (1425/13680)
      Run 2/2 (1426/13680)
      Mean MRE: 0.103 ± 0.044
    Running ADV++...
      Run 1/2 (1427/13680)
      Run 2/2 (1428/13680)
      Mean MRE: 0.171 ± 0.089

  Graph 4/5:
    Created graph: 2750 edges (55.0% density)
    Running Naive...
      Run 1/2 (1429/13680)
      Run 2/2 (1430/13680)
      Mean MRE: 0.406 ± 0.070
    Running oneR...
      Run 1/2 (1431/13680)
      Run 2/2 (1432/13680)
      Mean MRE: 0.255 ± 0.058
    Running ADV++...
      Run 1/2 (1433/13680)
      Run 2/2 (1434/13680)
      Mean MRE: 0.142 ± 0.078

  Graph 5/5:
    Created graph: 2750 edges (55.0% density)
    Running Naive...
      Run 1/2 (1435/13680)
      Run 2/2 (1436/13680)
      Mean MRE: 0.481 ± 0.035
    Running oneR...
      Run 1/2 (1437/13680)
      Run 2/2 (1438/13680)
      Mean MRE: 0.102 ± 0.061
    Running ADV++...
      Run 1/2 (1439/13680)
      Run 2/2 (1440/13680)
      Mean MRE: 0.028 ± 0.019

=== Density 0.60 (60.0%) ===

  Graph 1/5:
    Created graph: 3000 edges (60.0% density)
    Running Naive...
      Run 1/2 (1441/13680)
      Run 2/2 (1442/13680)
      Mean MRE: 0.543 ± 0.020
    Running oneR...
      Run 1/2 (1443/13680)
      Run 2/2 (1444/13680)
      Mean MRE: 0.478 ± 0.142
    Running ADV++...
      Run 1/2 (1445/13680)
      Run 2/2 (1446/13680)
      Mean MRE: 0.200 ± 0.171

  Graph 2/5:
    Created graph: 3000 edges (60.0% density)
    Running Naive...
      Run 1/2 (1447/13680)
      Run 2/2 (1448/13680)
      Mean MRE: 0.619 ± 0.043
    Running oneR...
      Run 1/2 (1449/13680)
      Run 2/2 (1450/13680)
      Mean MRE: 0.175 ± 0.055
    Running ADV++...
      Run 1/2 (1451/13680)
      Run 2/2 (1452/13680)
      Mean MRE: 0.208 ± 0.197

  Graph 3/5:
    Created graph: 3000 edges (60.0% density)
    Running Naive...
      Run 1/2 (1453/13680)
      Run 2/2 (1454/13680)
      Mean MRE: 0.600 ± 0.032
    Running oneR...
      Run 1/2 (1455/13680)
      Run 2/2 (1456/13680)
      Mean MRE: 0.121 ± 0.044
    Running ADV++...
      Run 1/2 (1457/13680)
      Run 2/2 (1458/13680)
      Mean MRE: 0.058 ± 0.029

  Graph 4/5:
    Created graph: 3000 edges (60.0% density)
    Running Naive...
      Run 1/2 (1459/13680)
      Run 2/2 (1460/13680)
      Mean MRE: 0.649 ± 0.037
    Running oneR...
      Run 1/2 (1461/13680)
      Run 2/2 (1462/13680)
      Mean MRE: 0.023 ± 0.008
    Running ADV++...
      Run 1/2 (1463/13680)
      Run 2/2 (1464/13680)
      Mean MRE: 0.022 ± 0.019

  Graph 5/5:
    Created graph: 3000 edges (60.0% density)
    Running Naive...
      Run 1/2 (1465/13680)
      Run 2/2 (1466/13680)
      Mean MRE: 0.611 ± 0.078
    Running oneR...
      Run 1/2 (1467/13680)
      Run 2/2 (1468/13680)
      Mean MRE: 0.144 ± 0.021
    Running ADV++...
      Run 1/2 (1469/13680)
      Run 2/2 (1470/13680)
      Mean MRE: 0.184 ± 0.043

=== Density 0.65 (65.0%) ===

  Graph 1/5:
    Created graph: 3250 edges (65.0% density)
    Running Naive...
      Run 1/2 (1471/13680)
      Run 2/2 (1472/13680)
      Mean MRE: 0.743 ± 0.005
    Running oneR...
      Run 1/2 (1473/13680)
      Run 2/2 (1474/13680)
      Mean MRE: 0.286 ± 0.058
    Running ADV++...
      Run 1/2 (1475/13680)
      Run 2/2 (1476/13680)
      Mean MRE: 0.050 ± 0.049

  Graph 2/5:
    Created graph: 3250 edges (65.0% density)
    Running Naive...
      Run 1/2 (1477/13680)
      Run 2/2 (1478/13680)
      Mean MRE: 0.723 ± 0.043
    Running oneR...
      Run 1/2 (1479/13680)
      Run 2/2 (1480/13680)
      Mean MRE: 0.100 ± 0.021
    Running ADV++...
      Run 1/2 (1481/13680)
      Run 2/2 (1482/13680)
      Mean MRE: 0.281 ± 0.001

  Graph 3/5:
    Created graph: 3250 edges (65.0% density)
    Running Naive...
      Run 1/2 (1483/13680)
      Run 2/2 (1484/13680)
      Mean MRE: 0.704 ± 0.054
    Running oneR...
      Run 1/2 (1485/13680)
      Run 2/2 (1486/13680)
      Mean MRE: 0.565 ± 0.018
    Running ADV++...
      Run 1/2 (1487/13680)
      Run 2/2 (1488/13680)
      Mean MRE: 0.077 ± 0.006

  Graph 4/5:
    Created graph: 3250 edges (65.0% density)
    Running Naive...
      Run 1/2 (1489/13680)
      Run 2/2 (1490/13680)
      Mean MRE: 0.760 ± 0.010
    Running oneR...
      Run 1/2 (1491/13680)
      Run 2/2 (1492/13680)
      Mean MRE: 0.295 ± 0.026
    Running ADV++...
      Run 1/2 (1493/13680)
      Run 2/2 (1494/13680)
      Mean MRE: 0.146 ± 0.024

  Graph 5/5:
    Created graph: 3250 edges (65.0% density)
    Running Naive...
      Run 1/2 (1495/13680)
      Run 2/2 (1496/13680)
      Mean MRE: 0.731 ± 0.015
    Running oneR...
      Run 1/2 (1497/13680)
      Run 2/2 (1498/13680)
      Mean MRE: 0.145 ± 0.038
    Running ADV++...
      Run 1/2 (1499/13680)
      Run 2/2 (1500/13680)
      Mean MRE: 0.110 ± 0.064

=== Density 0.70 (70.0%) ===

  Graph 1/5:
    Created graph: 3500 edges (70.0% density)
    Running Naive...
      Run 1/2 (1501/13680)
      Run 2/2 (1502/13680)
      Mean MRE: 0.803 ± 0.008
    Running oneR...
      Run 1/2 (1503/13680)
      Run 2/2 (1504/13680)
      Mean MRE: 0.169 ± 0.052
    Running ADV++...
      Run 1/2 (1505/13680)
      Run 2/2 (1506/13680)
      Mean MRE: 0.154 ± 0.054

  Graph 2/5:
    Created graph: 3500 edges (70.0% density)
    Running Naive...
      Run 1/2 (1507/13680)
      Run 2/2 (1508/13680)
      Mean MRE: 0.804 ± 0.000
    Running oneR...
      Run 1/2 (1509/13680)
      Run 2/2 (1510/13680)
      Mean MRE: 0.122 ± 0.117
    Running ADV++...
      Run 1/2 (1511/13680)
      Run 2/2 (1512/13680)
      Mean MRE: 0.046 ± 0.038

  Graph 3/5:
    Created graph: 3500 edges (70.0% density)
    Running Naive...
      Run 1/2 (1513/13680)
      Run 2/2 (1514/13680)
      Mean MRE: 0.794 ± 0.012
    Running oneR...
      Run 1/2 (1515/13680)
      Run 2/2 (1516/13680)
      Mean MRE: 0.289 ± 0.001
    Running ADV++...
      Run 1/2 (1517/13680)
      Run 2/2 (1518/13680)
      Mean MRE: 0.029 ± 0.012

  Graph 4/5:
    Created graph: 3500 edges (70.0% density)
    Running Naive...
      Run 1/2 (1519/13680)
      Run 2/2 (1520/13680)
      Mean MRE: 0.814 ± 0.017
    Running oneR...
      Run 1/2 (1521/13680)
      Run 2/2 (1522/13680)
      Mean MRE: 0.125 ± 0.078
    Running ADV++...
      Run 1/2 (1523/13680)
      Run 2/2 (1524/13680)
      Mean MRE: 0.048 ± 0.041

  Graph 5/5:
    Created graph: 3500 edges (70.0% density)
    Running Naive...
      Run 1/2 (1525/13680)
      Run 2/2 (1526/13680)
      Mean MRE: 0.835 ± 0.001
    Running oneR...
      Run 1/2 (1527/13680)
      Run 2/2 (1528/13680)
      Mean MRE: 0.136 ± 0.112
    Running ADV++...
      Run 1/2 (1529/13680)
      Run 2/2 (1530/13680)
      Mean MRE: 0.191 ± 0.101

=== Density 0.75 (75.0%) ===

  Graph 1/5:
    Created graph: 3750 edges (75.0% density)
    Running Naive...
      Run 1/2 (1531/13680)
      Run 2/2 (1532/13680)
      Mean MRE: 0.848 ± 0.002
    Running oneR...
      Run 1/2 (1533/13680)
      Run 2/2 (1534/13680)
      Mean MRE: 0.282 ± 0.006
    Running ADV++...
      Run 1/2 (1535/13680)
      Run 2/2 (1536/13680)
      Mean MRE: 0.145 ± 0.087

  Graph 2/5:
    Created graph: 3750 edges (75.0% density)
    Running Naive...
      Run 1/2 (1537/13680)
      Run 2/2 (1538/13680)
      Mean MRE: 0.851 ± 0.005
    Running oneR...
      Run 1/2 (1539/13680)
      Run 2/2 (1540/13680)
      Mean MRE: 0.206 ± 0.109
    Running ADV++...
      Run 1/2 (1541/13680)
      Run 2/2 (1542/13680)
      Mean MRE: 0.091 ± 0.038

  Graph 3/5:
    Created graph: 3750 edges (75.0% density)
    Running Naive...
      Run 1/2 (1543/13680)
      Run 2/2 (1544/13680)
      Mean MRE: 0.863 ± 0.014
    Running oneR...
      Run 1/2 (1545/13680)
      Run 2/2 (1546/13680)
      Mean MRE: 0.047 ± 0.032
    Running ADV++...
      Run 1/2 (1547/13680)
      Run 2/2 (1548/13680)
      Mean MRE: 0.053 ± 0.006

  Graph 4/5:
    Created graph: 3750 edges (75.0% density)
    Running Naive...
      Run 1/2 (1549/13680)
      Run 2/2 (1550/13680)
      Mean MRE: 0.870 ± 0.000
    Running oneR...
      Run 1/2 (1551/13680)
      Run 2/2 (1552/13680)
      Mean MRE: 0.121 ± 0.105
    Running ADV++...
      Run 1/2 (1553/13680)
      Run 2/2 (1554/13680)
      Mean MRE: 0.067 ± 0.040

  Graph 5/5:
    Created graph: 3750 edges (75.0% density)
    Running Naive...
      Run 1/2 (1555/13680)
      Run 2/2 (1556/13680)
      Mean MRE: 0.859 ± 0.004
    Running oneR...
      Run 1/2 (1557/13680)
      Run 2/2 (1558/13680)
      Mean MRE: 0.251 ± 0.181
    Running ADV++...
      Run 1/2 (1559/13680)
      Run 2/2 (1560/13680)
      Mean MRE: 0.052 ± 0.040

=== Density 0.80 (80.0%) ===

  Graph 1/5:
    Created graph: 4000 edges (80.0% density)
    Running Naive...
      Run 1/2 (1561/13680)
      Run 2/2 (1562/13680)
      Mean MRE: 0.899 ± 0.005
    Running oneR...
      Run 1/2 (1563/13680)
      Run 2/2 (1564/13680)
      Mean MRE: 0.214 ± 0.004
    Running ADV++...
      Run 1/2 (1565/13680)
      Run 2/2 (1566/13680)
      Mean MRE: 0.093 ± 0.077

  Graph 2/5:
    Created graph: 4000 edges (80.0% density)
    Running Naive...
      Run 1/2 (1567/13680)
      Run 2/2 (1568/13680)
      Mean MRE: 0.886 ± 0.011
    Running oneR...
      Run 1/2 (1569/13680)
      Run 2/2 (1570/13680)
      Mean MRE: 0.047 ± 0.031
    Running ADV++...
      Run 1/2 (1571/13680)
      Run 2/2 (1572/13680)
      Mean MRE: 0.115 ± 0.033

  Graph 3/5:
    Created graph: 4000 edges (80.0% density)
    Running Naive...
      Run 1/2 (1573/13680)
      Run 2/2 (1574/13680)
      Mean MRE: 0.899 ± 0.012
    Running oneR...
      Run 1/2 (1575/13680)
      Run 2/2 (1576/13680)
      Mean MRE: 0.089 ± 0.029
    Running ADV++...
      Run 1/2 (1577/13680)
      Run 2/2 (1578/13680)
      Mean MRE: 0.048 ± 0.016

  Graph 4/5:
    Created graph: 4000 edges (80.0% density)
    Running Naive...
      Run 1/2 (1579/13680)
      Run 2/2 (1580/13680)
      Mean MRE: 0.904 ± 0.013
    Running oneR...
      Run 1/2 (1581/13680)
      Run 2/2 (1582/13680)
      Mean MRE: 0.323 ± 0.107
    Running ADV++...
      Run 1/2 (1583/13680)
      Run 2/2 (1584/13680)
      Mean MRE: 0.102 ± 0.030

  Graph 5/5:
    Created graph: 4000 edges (80.0% density)
    Running Naive...
      Run 1/2 (1585/13680)
      Run 2/2 (1586/13680)
      Mean MRE: 0.887 ± 0.011
    Running oneR...
      Run 1/2 (1587/13680)
      Run 2/2 (1588/13680)
      Mean MRE: 0.007 ± 0.001
    Running ADV++...
      Run 1/2 (1589/13680)
      Run 2/2 (1590/13680)
      Mean MRE: 0.023 ± 0.023

=== Density 0.85 (85.0%) ===

  Graph 1/5:
    Created graph: 4250 edges (85.0% density)
    Running Naive...
      Run 1/2 (1591/13680)
      Run 2/2 (1592/13680)
      Mean MRE: 0.916 ± 0.004
    Running oneR...
      Run 1/2 (1593/13680)
      Run 2/2 (1594/13680)
      Mean MRE: 0.074 ± 0.038
    Running ADV++...
      Run 1/2 (1595/13680)
      Run 2/2 (1596/13680)
      Mean MRE: 0.074 ± 0.061

  Graph 2/5:
    Created graph: 4250 edges (85.0% density)
    Running Naive...
      Run 1/2 (1597/13680)
      Run 2/2 (1598/13680)
      Mean MRE: 0.919 ± 0.001
    Running oneR...
      Run 1/2 (1599/13680)
      Run 2/2 (1600/13680)
      Mean MRE: 0.098 ± 0.037
    Running ADV++...
      Run 1/2 (1601/13680)
      Run 2/2 (1602/13680)
      Mean MRE: 0.184 ± 0.038

  Graph 3/5:
    Created graph: 4250 edges (85.0% density)
    Running Naive...
      Run 1/2 (1603/13680)
      Run 2/2 (1604/13680)
      Mean MRE: 0.927 ± 0.004
    Running oneR...
      Run 1/2 (1605/13680)
      Run 2/2 (1606/13680)
      Mean MRE: 0.062 ± 0.043
    Running ADV++...
      Run 1/2 (1607/13680)
      Run 2/2 (1608/13680)
      Mean MRE: 0.091 ± 0.043

  Graph 4/5:
    Created graph: 4250 edges (85.0% density)
    Running Naive...
      Run 1/2 (1609/13680)
      Run 2/2 (1610/13680)
      Mean MRE: 0.916 ± 0.000
    Running oneR...
      Run 1/2 (1611/13680)
      Run 2/2 (1612/13680)
      Mean MRE: 0.171 ± 0.011
    Running ADV++...
      Run 1/2 (1613/13680)
      Run 2/2 (1614/13680)
      Mean MRE: 0.053 ± 0.046

  Graph 5/5:
    Created graph: 4250 edges (85.0% density)
    Running Naive...
      Run 1/2 (1615/13680)
      Run 2/2 (1616/13680)
      Mean MRE: 0.923 ± 0.001
    Running oneR...
      Run 1/2 (1617/13680)
      Run 2/2 (1618/13680)
      Mean MRE: 0.112 ± 0.040
    Running ADV++...
      Run 1/2 (1619/13680)
      Run 2/2 (1620/13680)
      Mean MRE: 0.176 ± 0.087

=== Density 0.90 (90.0%) ===

  Graph 1/5:
    Created graph: 4500 edges (90.0% density)
    Running Naive...
      Run 1/2 (1621/13680)
      Run 2/2 (1622/13680)
      Mean MRE: 0.933 ± 0.002
    Running oneR...
      Run 1/2 (1623/13680)
      Run 2/2 (1624/13680)
      Mean MRE: 0.058 ± 0.022
    Running ADV++...
      Run 1/2 (1625/13680)
      Run 2/2 (1626/13680)
      Mean MRE: 0.045 ± 0.015

  Graph 2/5:
    Created graph: 4500 edges (90.0% density)
    Running Naive...
      Run 1/2 (1627/13680)
      Run 2/2 (1628/13680)
      Mean MRE: 0.930 ± 0.009
    Running oneR...
      Run 1/2 (1629/13680)
      Run 2/2 (1630/13680)
      Mean MRE: 0.066 ± 0.019
    Running ADV++...
      Run 1/2 (1631/13680)
      Run 2/2 (1632/13680)
      Mean MRE: 0.062 ± 0.024

  Graph 3/5:
    Created graph: 4500 edges (90.0% density)
    Running Naive...
      Run 1/2 (1633/13680)
      Run 2/2 (1634/13680)
      Mean MRE: 0.937 ± 0.000
    Running oneR...
      Run 1/2 (1635/13680)
      Run 2/2 (1636/13680)
      Mean MRE: 0.127 ± 0.112
    Running ADV++...
      Run 1/2 (1637/13680)
      Run 2/2 (1638/13680)
      Mean MRE: 0.041 ± 0.009

  Graph 4/5:
    Created graph: 4500 edges (90.0% density)
    Running Naive...
      Run 1/2 (1639/13680)
      Run 2/2 (1640/13680)
      Mean MRE: 0.933 ± 0.003
    Running oneR...
      Run 1/2 (1641/13680)
      Run 2/2 (1642/13680)
      Mean MRE: 0.182 ± 0.005
    Running ADV++...
      Run 1/2 (1643/13680)
      Run 2/2 (1644/13680)
      Mean MRE: 0.057 ± 0.017

  Graph 5/5:
    Created graph: 4500 edges (90.0% density)
    Running Naive...
      Run 1/2 (1645/13680)
      Run 2/2 (1646/13680)
      Mean MRE: 0.935 ± 0.003
    Running oneR...
      Run 1/2 (1647/13680)
      Run 2/2 (1648/13680)
      Mean MRE: 0.069 ± 0.036
    Running ADV++...
      Run 1/2 (1649/13680)
      Run 2/2 (1650/13680)
      Mean MRE: 0.069 ± 0.053

=== Density 0.95 (95.0%) ===

  Graph 1/5:
    Created graph: 4750 edges (95.0% density)
    Running Naive...
      Run 1/2 (1651/13680)
      Run 2/2 (1652/13680)
      Mean MRE: 0.950 ± 0.006
    Running oneR...
      Run 1/2 (1653/13680)
      Run 2/2 (1654/13680)
      Mean MRE: 0.133 ± 0.005
    Running ADV++...
      Run 1/2 (1655/13680)
      Run 2/2 (1656/13680)
      Mean MRE: 0.074 ± 0.030

  Graph 2/5:
    Created graph: 4750 edges (95.0% density)
    Running Naive...
      Run 1/2 (1657/13680)
      Run 2/2 (1658/13680)
      Mean MRE: 0.947 ± 0.002
    Running oneR...
      Run 1/2 (1659/13680)
      Run 2/2 (1660/13680)
      Mean MRE: 0.065 ± 0.035
    Running ADV++...
      Run 1/2 (1661/13680)
      Run 2/2 (1662/13680)
      Mean MRE: 0.130 ± 0.105

  Graph 3/5:
    Created graph: 4750 edges (95.0% density)
    Running Naive...
      Run 1/2 (1663/13680)
      Run 2/2 (1664/13680)
      Mean MRE: 0.947 ± 0.004
    Running oneR...
      Run 1/2 (1665/13680)
      Run 2/2 (1666/13680)
      Mean MRE: 0.043 ± 0.030
    Running ADV++...
      Run 1/2 (1667/13680)
      Run 2/2 (1668/13680)
      Mean MRE: 0.047 ± 0.016

  Graph 4/5:
    Created graph: 4750 edges (95.0% density)
    Running Naive...
      Run 1/2 (1669/13680)
      Run 2/2 (1670/13680)
      Mean MRE: 0.944 ± 0.001
    Running oneR...
      Run 1/2 (1671/13680)
      Run 2/2 (1672/13680)
      Mean MRE: 0.105 ± 0.012
    Running ADV++...
      Run 1/2 (1673/13680)
      Run 2/2 (1674/13680)
      Mean MRE: 0.097 ± 0.012

  Graph 5/5:
    Created graph: 4750 edges (95.0% density)
    Running Naive...
      Run 1/2 (1675/13680)
      Run 2/2 (1676/13680)
      Mean MRE: 0.945 ± 0.003
    Running oneR...
      Run 1/2 (1677/13680)
      Run 2/2 (1678/13680)
      Mean MRE: 0.057 ± 0.054
    Running ADV++...
      Run 1/2 (1679/13680)
      Run 2/2 (1680/13680)
      Mean MRE: 0.110 ± 0.017

=== Density 1.00 (100.0%) ===

  Graph 1/5:
    Created graph: 5000 edges (100.0% density)
    Running Naive...
      Run 1/2 (1681/13680)
      Run 2/2 (1682/13680)
      Mean MRE: 0.951 ± 0.003
    Running oneR...
      Run 1/2 (1683/13680)
      Run 2/2 (1684/13680)
      Mean MRE: 0.071 ± 0.059
    Running ADV++...
      Run 1/2 (1685/13680)
      Run 2/2 (1686/13680)
      Mean MRE: 0.106 ± 0.001

  Graph 2/5:
    Created graph: 5000 edges (100.0% density)
    Running Naive...
      Run 1/2 (1687/13680)
      Run 2/2 (1688/13680)
      Mean MRE: 0.954 ± 0.001
    Running oneR...
      Run 1/2 (1689/13680)
      Run 2/2 (1690/13680)
      Mean MRE: 0.127 ± 0.126
    Running ADV++...
      Run 1/2 (1691/13680)
      Run 2/2 (1692/13680)
      Mean MRE: 0.034 ± 0.030

  Graph 3/5:
    Created graph: 5000 edges (100.0% density)
    Running Naive...
      Run 1/2 (1693/13680)
      Run 2/2 (1694/13680)
      Mean MRE: 0.958 ± 0.002
    Running oneR...
      Run 1/2 (1695/13680)
      Run 2/2 (1696/13680)
      Mean MRE: 0.125 ± 0.037
    Running ADV++...
      Run 1/2 (1697/13680)
      Run 2/2 (1698/13680)
      Mean MRE: 0.049 ± 0.039

  Graph 4/5:
    Created graph: 5000 edges (100.0% density)
    Running Naive...
      Run 1/2 (1699/13680)
      Run 2/2 (1700/13680)
      Mean MRE: 0.954 ± 0.005
    Running oneR...
      Run 1/2 (1701/13680)
      Run 2/2 (1702/13680)
      Mean MRE: 0.159 ± 0.032
    Running ADV++...
      Run 1/2 (1703/13680)
      Run 2/2 (1704/13680)
      Mean MRE: 0.017 ± 0.005

  Graph 5/5:
    Created graph: 5000 edges (100.0% density)
    Running Naive...
      Run 1/2 (1705/13680)
      Run 2/2 (1706/13680)
      Mean MRE: 0.954 ± 0.005
    Running oneR...
      Run 1/2 (1707/13680)
      Run 2/2 (1708/13680)
      Mean MRE: 0.113 ± 0.091
    Running ADV++...
      Run 1/2 (1709/13680)
      Run 2/2 (1710/13680)
      Mean MRE: 0.057 ± 0.011

--- P=3, Q=3 ---

=== Density 0.10 (10.0%) ===

  Graph 1/5:
    Created graph: 500 edges (10.0% density)
    Running Naive...
      Run 1/2 (1711/13680)
      Run 2/2 (1712/13680)
      Mean MRE: 47555.000 ± 7528.000
    Running oneR...
      Run 1/2 (1713/13680)
      Run 2/2 (1714/13680)
      Mean MRE: 25057.582 ± 3782.044
    Running ADV++...
      Run 1/2 (1715/13680)
      Run 2/2 (1716/13680)
      Mean MRE: 138552.465 ± 64703.787

  Graph 2/5:
    Created graph: 500 edges (10.0% density)
    Running Naive...
      Run 1/2 (1717/13680)
      Run 2/2 (1718/13680)
      Mean MRE: 24145.625 ± 6644.125
    Running oneR...
      Run 1/2 (1719/13680)
      Run 2/2 (1720/13680)
      Mean MRE: 20698.400 ± 8530.453
    Running ADV++...
      Run 1/2 (1721/13680)
      Run 2/2 (1722/13680)
      Mean MRE: 109937.489 ± 11077.932

  Graph 3/5:
    Created graph: 500 edges (10.0% density)
    Running Naive...
      Run 1/2 (1723/13680)
      Run 2/2 (1724/13680)
      Mean MRE: 24491.500 ± 4526.750
    Running oneR...
      Run 1/2 (1725/13680)
      Run 2/2 (1726/13680)
      Mean MRE: 5790.234 ± 1664.888
    Running ADV++...
      Run 1/2 (1727/13680)
      Run 2/2 (1728/13680)
      Mean MRE: 58655.074 ± 49093.845

  Graph 4/5:
    Created graph: 500 edges (10.0% density)
    Running Naive...
      Run 1/2 (1729/13680)
      Run 2/2 (1730/13680)
      Mean MRE: 33414.670 ± 4512.000
    Running oneR...
      Run 1/2 (1731/13680)
      Run 2/2 (1732/13680)
      Mean MRE: 9972.330 ± 9921.321
    Running ADV++...
      Run 1/2 (1733/13680)
      Run 2/2 (1734/13680)
      Mean MRE: 67277.290 ± 9660.807

  Graph 5/5:
    Created graph: 500 edges (10.0% density)
    Running Naive...
      Run 1/2 (1735/13680)
      Run 2/2 (1736/13680)
      Mean MRE: 11409.166 ± 2291.944
    Running oneR...
      Run 1/2 (1737/13680)
      Run 2/2 (1738/13680)
      Mean MRE: 1900.324 ± 1054.944
    Running ADV++...
      Run 1/2 (1739/13680)
      Run 2/2 (1740/13680)
      Mean MRE: 31408.365 ± 3191.499

=== Density 0.15 (15.0%) ===

  Graph 1/5:
    Created graph: 750 edges (15.0% density)
    Running Naive...
      Run 1/2 (1741/13680)
      Run 2/2 (1742/13680)
      Mean MRE: 1662.587 ± 16.908
    Running oneR...
      Run 1/2 (1743/13680)
      Run 2/2 (1744/13680)
      Mean MRE: 498.176 ± 277.089
    Running ADV++...
      Run 1/2 (1745/13680)
      Run 2/2 (1746/13680)
      Mean MRE: 3751.657 ± 1327.974

  Graph 2/5:
    Created graph: 750 edges (15.0% density)
    Running Naive...
      Run 1/2 (1747/13680)
      Run 2/2 (1748/13680)
      Mean MRE: 1645.140 ± 131.104
    Running oneR...
      Run 1/2 (1749/13680)
      Run 2/2 (1750/13680)
      Mean MRE: 321.079 ± 138.769
    Running ADV++...
      Run 1/2 (1751/13680)
      Run 2/2 (1752/13680)
      Mean MRE: 2203.817 ± 355.802

  Graph 3/5:
    Created graph: 750 edges (15.0% density)
    Running Naive...
      Run 1/2 (1753/13680)
      Run 2/2 (1754/13680)
      Mean MRE: 1456.880 ± 68.931
    Running oneR...
      Run 1/2 (1755/13680)
      Run 2/2 (1756/13680)
      Mean MRE: 632.429 ± 347.517
    Running ADV++...
      Run 1/2 (1757/13680)
      Run 2/2 (1758/13680)
      Mean MRE: 473.786 ± 402.939

  Graph 4/5:
    Created graph: 750 edges (15.0% density)
    Running Naive...
      Run 1/2 (1759/13680)
      Run 2/2 (1760/13680)
      Mean MRE: 1331.878 ± 149.391
    Running oneR...
      Run 1/2 (1761/13680)
      Run 2/2 (1762/13680)
      Mean MRE: 481.484 ± 51.985
    Running ADV++...
      Run 1/2 (1763/13680)
      Run 2/2 (1764/13680)
      Mean MRE: 984.972 ± 46.649

  Graph 5/5:
    Created graph: 750 edges (15.0% density)
    Running Naive...
      Run 1/2 (1765/13680)
      Run 2/2 (1766/13680)
      Mean MRE: 1749.187 ± 75.458
    Running oneR...
      Run 1/2 (1767/13680)
      Run 2/2 (1768/13680)
      Mean MRE: 585.461 ± 109.332
    Running ADV++...
      Run 1/2 (1769/13680)
      Run 2/2 (1770/13680)
      Mean MRE: 1097.041 ± 87.285

=== Density 0.20 (20.0%) ===

  Graph 1/5:
    Created graph: 1000 edges (20.0% density)
    Running Naive...
      Run 1/2 (1771/13680)
      Run 2/2 (1772/13680)
      Mean MRE: 212.436 ± 19.468
    Running oneR...
      Run 1/2 (1773/13680)
      Run 2/2 (1774/13680)
      Mean MRE: 62.416 ± 14.967
    Running ADV++...
      Run 1/2 (1775/13680)
      Run 2/2 (1776/13680)
      Mean MRE: 171.061 ± 44.997

  Graph 2/5:
    Created graph: 1000 edges (20.0% density)
    Running Naive...
      Run 1/2 (1777/13680)
      Run 2/2 (1778/13680)
      Mean MRE: 187.002 ± 8.188
    Running oneR...
      Run 1/2 (1779/13680)
      Run 2/2 (1780/13680)
      Mean MRE: 66.039 ± 51.278
    Running ADV++...
      Run 1/2 (1781/13680)
      Run 2/2 (1782/13680)
      Mean MRE: 407.406 ± 31.894

  Graph 3/5:
    Created graph: 1000 edges (20.0% density)
    Running Naive...
      Run 1/2 (1783/13680)
      Run 2/2 (1784/13680)
      Mean MRE: 189.330 ± 2.293
    Running oneR...
      Run 1/2 (1785/13680)
      Run 2/2 (1786/13680)
      Mean MRE: 30.407 ± 3.493
    Running ADV++...
      Run 1/2 (1787/13680)
      Run 2/2 (1788/13680)
      Mean MRE: 64.846 ± 33.899

  Graph 4/5:
    Created graph: 1000 edges (20.0% density)
    Running Naive...
      Run 1/2 (1789/13680)
      Run 2/2 (1790/13680)
      Mean MRE: 219.010 ± 8.593
    Running oneR...
      Run 1/2 (1791/13680)
      Run 2/2 (1792/13680)
      Mean MRE: 28.063 ± 22.973
    Running ADV++...
      Run 1/2 (1793/13680)
      Run 2/2 (1794/13680)
      Mean MRE: 64.439 ± 39.034

  Graph 5/5:
    Created graph: 1000 edges (20.0% density)
    Running Naive...
      Run 1/2 (1795/13680)
      Run 2/2 (1796/13680)
      Mean MRE: 231.314 ± 7.446
    Running oneR...
      Run 1/2 (1797/13680)
      Run 2/2 (1798/13680)
      Mean MRE: 33.973 ± 11.290
    Running ADV++...
      Run 1/2 (1799/13680)
      Run 2/2 (1800/13680)
      Mean MRE: 211.793 ± 164.721

=== Density 0.25 (25.0%) ===

  Graph 1/5:
    Created graph: 1250 edges (25.0% density)
    Running Naive...
      Run 1/2 (1801/13680)
      Run 2/2 (1802/13680)
      Mean MRE: 43.838 ± 2.236
    Running oneR...
      Run 1/2 (1803/13680)
      Run 2/2 (1804/13680)
      Mean MRE: 8.194 ± 6.438
    Running ADV++...
      Run 1/2 (1805/13680)
      Run 2/2 (1806/13680)
      Mean MRE: 24.740 ± 21.965

  Graph 2/5:
    Created graph: 1250 edges (25.0% density)
    Running Naive...
      Run 1/2 (1807/13680)
      Run 2/2 (1808/13680)
      Mean MRE: 53.652 ± 2.965
    Running oneR...
      Run 1/2 (1809/13680)
      Run 2/2 (1810/13680)
      Mean MRE: 9.899 ± 2.299
    Running ADV++...
      Run 1/2 (1811/13680)
      Run 2/2 (1812/13680)
      Mean MRE: 24.185 ± 22.248

  Graph 3/5:
    Created graph: 1250 edges (25.0% density)
    Running Naive...
      Run 1/2 (1813/13680)
      Run 2/2 (1814/13680)
      Mean MRE: 57.545 ± 5.004
    Running oneR...
      Run 1/2 (1815/13680)
      Run 2/2 (1816/13680)
      Mean MRE: 9.205 ± 1.958
    Running ADV++...
      Run 1/2 (1817/13680)
      Run 2/2 (1818/13680)
      Mean MRE: 33.714 ± 23.695

  Graph 4/5:
    Created graph: 1250 edges (25.0% density)
    Running Naive...
      Run 1/2 (1819/13680)
      Run 2/2 (1820/13680)
      Mean MRE: 46.257 ± 2.099
    Running oneR...
      Run 1/2 (1821/13680)
      Run 2/2 (1822/13680)
      Mean MRE: 9.770 ± 2.053
    Running ADV++...
      Run 1/2 (1823/13680)
      Run 2/2 (1824/13680)
      Mean MRE: 17.933 ± 0.531

  Graph 5/5:
    Created graph: 1250 edges (25.0% density)
    Running Naive...
      Run 1/2 (1825/13680)
      Run 2/2 (1826/13680)
      Mean MRE: 59.631 ± 4.355
    Running oneR...
      Run 1/2 (1827/13680)
      Run 2/2 (1828/13680)
      Mean MRE: 4.283 ± 3.115
    Running ADV++...
      Run 1/2 (1829/13680)
      Run 2/2 (1830/13680)
      Mean MRE: 19.721 ± 3.279

=== Density 0.30 (30.0%) ===

  Graph 1/5:
    Created graph: 1500 edges (30.0% density)
    Running Naive...
      Run 1/2 (1831/13680)
      Run 2/2 (1832/13680)
      Mean MRE: 16.582 ± 1.257
    Running oneR...
      Run 1/2 (1833/13680)
      Run 2/2 (1834/13680)
      Mean MRE: 3.806 ± 3.362
    Running ADV++...
      Run 1/2 (1835/13680)
      Run 2/2 (1836/13680)
      Mean MRE: 4.576 ± 4.476

  Graph 2/5:
    Created graph: 1500 edges (30.0% density)
    Running Naive...
      Run 1/2 (1837/13680)
      Run 2/2 (1838/13680)
      Mean MRE: 15.916 ± 1.072
    Running oneR...
      Run 1/2 (1839/13680)
      Run 2/2 (1840/13680)
      Mean MRE: 4.781 ± 1.228
    Running ADV++...
      Run 1/2 (1841/13680)
      Run 2/2 (1842/13680)
      Mean MRE: 5.802 ± 0.819

  Graph 3/5:
    Created graph: 1500 edges (30.0% density)
    Running Naive...
      Run 1/2 (1843/13680)
      Run 2/2 (1844/13680)
      Mean MRE: 15.540 ± 1.190
    Running oneR...
      Run 1/2 (1845/13680)
      Run 2/2 (1846/13680)
      Mean MRE: 0.409 ± 0.380
    Running ADV++...
      Run 1/2 (1847/13680)
      Run 2/2 (1848/13680)
      Mean MRE: 2.653 ± 0.123

  Graph 4/5:
    Created graph: 1500 edges (30.0% density)
    Running Naive...
      Run 1/2 (1849/13680)
      Run 2/2 (1850/13680)
      Mean MRE: 15.645 ± 0.678
    Running oneR...
      Run 1/2 (1851/13680)
      Run 2/2 (1852/13680)
      Mean MRE: 2.354 ± 1.825
    Running ADV++...
      Run 1/2 (1853/13680)
      Run 2/2 (1854/13680)
      Mean MRE: 4.567 ± 1.003

  Graph 5/5:
    Created graph: 1500 edges (30.0% density)
    Running Naive...
      Run 1/2 (1855/13680)
      Run 2/2 (1856/13680)
      Mean MRE: 14.363 ± 0.136
    Running oneR...
      Run 1/2 (1857/13680)
      Run 2/2 (1858/13680)
      Mean MRE: 2.421 ± 0.302
    Running ADV++...
      Run 1/2 (1859/13680)
      Run 2/2 (1860/13680)
      Mean MRE: 1.561 ± 0.764

=== Density 0.35 (35.0%) ===

  Graph 1/5:
    Created graph: 1750 edges (35.0% density)
    Running Naive...
      Run 1/2 (1861/13680)
      Run 2/2 (1862/13680)
      Mean MRE: 6.305 ± 0.524
    Running oneR...
      Run 1/2 (1863/13680)
      Run 2/2 (1864/13680)
      Mean MRE: 0.634 ± 0.089
    Running ADV++...
      Run 1/2 (1865/13680)
      Run 2/2 (1866/13680)
      Mean MRE: 1.929 ± 0.152

  Graph 2/5:
    Created graph: 1750 edges (35.0% density)
    Running Naive...
      Run 1/2 (1867/13680)
      Run 2/2 (1868/13680)
      Mean MRE: 5.461 ± 0.807
    Running oneR...
      Run 1/2 (1869/13680)
      Run 2/2 (1870/13680)
      Mean MRE: 0.725 ± 0.677
    Running ADV++...
      Run 1/2 (1871/13680)
      Run 2/2 (1872/13680)
      Mean MRE: 0.952 ± 0.813

  Graph 3/5:
    Created graph: 1750 edges (35.0% density)
    Running Naive...
      Run 1/2 (1873/13680)
      Run 2/2 (1874/13680)
      Mean MRE: 5.481 ± 0.559
    Running oneR...
      Run 1/2 (1875/13680)
      Run 2/2 (1876/13680)
      Mean MRE: 0.538 ± 0.080
    Running ADV++...
      Run 1/2 (1877/13680)
      Run 2/2 (1878/13680)
      Mean MRE: 1.866 ± 0.234

  Graph 4/5:
    Created graph: 1750 edges (35.0% density)
    Running Naive...
      Run 1/2 (1879/13680)
      Run 2/2 (1880/13680)
      Mean MRE: 5.472 ± 0.892
    Running oneR...
      Run 1/2 (1881/13680)
      Run 2/2 (1882/13680)
      Mean MRE: 1.286 ± 1.179
    Running ADV++...
      Run 1/2 (1883/13680)
      Run 2/2 (1884/13680)
      Mean MRE: 1.706 ± 0.088

  Graph 5/5:
    Created graph: 1750 edges (35.0% density)
    Running Naive...
      Run 1/2 (1885/13680)
      Run 2/2 (1886/13680)
      Mean MRE: 4.945 ± 0.241
    Running oneR...
      Run 1/2 (1887/13680)
      Run 2/2 (1888/13680)
      Mean MRE: 0.486 ± 0.167
    Running ADV++...
      Run 1/2 (1889/13680)
      Run 2/2 (1890/13680)
      Mean MRE: 0.696 ± 0.389

=== Density 0.40 (40.0%) ===

  Graph 1/5:
    Created graph: 2000 edges (40.0% density)
    Running Naive...
      Run 1/2 (1891/13680)
      Run 2/2 (1892/13680)
      Mean MRE: 1.805 ± 0.100
    Running oneR...
      Run 1/2 (1893/13680)
      Run 2/2 (1894/13680)
      Mean MRE: 0.587 ± 0.146
    Running ADV++...
      Run 1/2 (1895/13680)
      Run 2/2 (1896/13680)
      Mean MRE: 0.894 ± 0.046

  Graph 2/5:
    Created graph: 2000 edges (40.0% density)
    Running Naive...
      Run 1/2 (1897/13680)
      Run 2/2 (1898/13680)
      Mean MRE: 2.642 ± 0.156
    Running oneR...
      Run 1/2 (1899/13680)
      Run 2/2 (1900/13680)
      Mean MRE: 0.209 ± 0.152
    Running ADV++...
      Run 1/2 (1901/13680)
      Run 2/2 (1902/13680)
      Mean MRE: 0.039 ± 0.008

  Graph 3/5:
    Created graph: 2000 edges (40.0% density)
    Running Naive...
      Run 1/2 (1903/13680)
      Run 2/2 (1904/13680)
      Mean MRE: 1.957 ± 0.310
    Running oneR...
      Run 1/2 (1905/13680)
      Run 2/2 (1906/13680)
      Mean MRE: 0.234 ± 0.003
    Running ADV++...
      Run 1/2 (1907/13680)
      Run 2/2 (1908/13680)
      Mean MRE: 0.223 ± 0.165

  Graph 4/5:
    Created graph: 2000 edges (40.0% density)
    Running Naive...
      Run 1/2 (1909/13680)
      Run 2/2 (1910/13680)
      Mean MRE: 2.052 ± 0.241
    Running oneR...
      Run 1/2 (1911/13680)
      Run 2/2 (1912/13680)
      Mean MRE: 0.449 ± 0.328
    Running ADV++...
      Run 1/2 (1913/13680)
      Run 2/2 (1914/13680)
      Mean MRE: 0.641 ± 0.018

  Graph 5/5:
    Created graph: 2000 edges (40.0% density)
    Running Naive...
      Run 1/2 (1915/13680)
      Run 2/2 (1916/13680)
      Mean MRE: 2.294 ± 0.016
    Running oneR...
      Run 1/2 (1917/13680)
      Run 2/2 (1918/13680)
      Mean MRE: 0.580 ± 0.349
    Running ADV++...
      Run 1/2 (1919/13680)
      Run 2/2 (1920/13680)
      Mean MRE: 0.286 ± 0.069

=== Density 0.45 (45.0%) ===

  Graph 1/5:
    Created graph: 2250 edges (45.0% density)
    Running Naive...
      Run 1/2 (1921/13680)
      Run 2/2 (1922/13680)
      Mean MRE: 0.655 ± 0.164
    Running oneR...
      Run 1/2 (1923/13680)
      Run 2/2 (1924/13680)
      Mean MRE: 0.381 ± 0.051
    Running ADV++...
      Run 1/2 (1925/13680)
      Run 2/2 (1926/13680)
      Mean MRE: 0.382 ± 0.090

  Graph 2/5:
    Created graph: 2250 edges (45.0% density)
    Running Naive...
      Run 1/2 (1927/13680)
      Run 2/2 (1928/13680)
      Mean MRE: 0.779 ± 0.104
    Running oneR...
      Run 1/2 (1929/13680)
      Run 2/2 (1930/13680)
      Mean MRE: 0.314 ± 0.133
    Running ADV++...
      Run 1/2 (1931/13680)
      Run 2/2 (1932/13680)
      Mean MRE: 0.227 ± 0.179

  Graph 3/5:
    Created graph: 2250 edges (45.0% density)
    Running Naive...
      Run 1/2 (1933/13680)
      Run 2/2 (1934/13680)
      Mean MRE: 0.727 ± 0.095
    Running oneR...
      Run 1/2 (1935/13680)
      Run 2/2 (1936/13680)
      Mean MRE: 0.203 ± 0.006
    Running ADV++...
      Run 1/2 (1937/13680)
      Run 2/2 (1938/13680)
      Mean MRE: 0.359 ± 0.186

  Graph 4/5:
    Created graph: 2250 edges (45.0% density)
    Running Naive...
      Run 1/2 (1939/13680)
      Run 2/2 (1940/13680)
      Mean MRE: 0.852 ± 0.184
    Running oneR...
      Run 1/2 (1941/13680)
      Run 2/2 (1942/13680)
      Mean MRE: 0.093 ± 0.031
    Running ADV++...
      Run 1/2 (1943/13680)
      Run 2/2 (1944/13680)
      Mean MRE: 0.363 ± 0.162

  Graph 5/5:
    Created graph: 2250 edges (45.0% density)
    Running Naive...
      Run 1/2 (1945/13680)
      Run 2/2 (1946/13680)
      Mean MRE: 0.879 ± 0.140
    Running oneR...
      Run 1/2 (1947/13680)
      Run 2/2 (1948/13680)
      Mean MRE: 0.398 ± 0.055
    Running ADV++...
      Run 1/2 (1949/13680)
      Run 2/2 (1950/13680)
      Mean MRE: 0.081 ± 0.001

=== Density 0.50 (50.0%) ===

  Graph 1/5:
    Created graph: 2500 edges (50.0% density)
    Running Naive...
      Run 1/2 (1951/13680)
      Run 2/2 (1952/13680)
      Mean MRE: 0.120 ± 0.085
    Running oneR...
      Run 1/2 (1953/13680)
      Run 2/2 (1954/13680)
      Mean MRE: 0.321 ± 0.048
    Running ADV++...
      Run 1/2 (1955/13680)
      Run 2/2 (1956/13680)
      Mean MRE: 0.109 ± 0.003

  Graph 2/5:
    Created graph: 2500 edges (50.0% density)
    Running Naive...
      Run 1/2 (1957/13680)
      Run 2/2 (1958/13680)
      Mean MRE: 0.088 ± 0.083
    Running oneR...
      Run 1/2 (1959/13680)
      Run 2/2 (1960/13680)
      Mean MRE: 0.236 ± 0.068
    Running ADV++...
      Run 1/2 (1961/13680)
      Run 2/2 (1962/13680)
      Mean MRE: 0.092 ± 0.013

  Graph 3/5:
    Created graph: 2500 edges (50.0% density)
    Running Naive...
      Run 1/2 (1963/13680)
      Run 2/2 (1964/13680)
      Mean MRE: 0.066 ± 0.019
    Running oneR...
      Run 1/2 (1965/13680)
      Run 2/2 (1966/13680)
      Mean MRE: 0.319 ± 0.174
    Running ADV++...
      Run 1/2 (1967/13680)
      Run 2/2 (1968/13680)
      Mean MRE: 0.092 ± 0.050

  Graph 4/5:
    Created graph: 2500 edges (50.0% density)
    Running Naive...
      Run 1/2 (1969/13680)
      Run 2/2 (1970/13680)
      Mean MRE: 0.113 ± 0.003
    Running oneR...
      Run 1/2 (1971/13680)
      Run 2/2 (1972/13680)
      Mean MRE: 0.160 ± 0.029
    Running ADV++...
      Run 1/2 (1973/13680)
      Run 2/2 (1974/13680)
      Mean MRE: 0.184 ± 0.099

  Graph 5/5:
    Created graph: 2500 edges (50.0% density)
    Running Naive...
      Run 1/2 (1975/13680)
      Run 2/2 (1976/13680)
      Mean MRE: 0.062 ± 0.004
    Running oneR...
      Run 1/2 (1977/13680)
      Run 2/2 (1978/13680)
      Mean MRE: 0.383 ± 0.061
    Running ADV++...
      Run 1/2 (1979/13680)
      Run 2/2 (1980/13680)
      Mean MRE: 0.078 ± 0.066

=== Density 0.55 (55.0%) ===

  Graph 1/5:
    Created graph: 2750 edges (55.0% density)
    Running Naive...
      Run 1/2 (1981/13680)
      Run 2/2 (1982/13680)
      Mean MRE: 0.289 ± 0.080
    Running oneR...
      Run 1/2 (1983/13680)
      Run 2/2 (1984/13680)
      Mean MRE: 0.196 ± 0.098
    Running ADV++...
      Run 1/2 (1985/13680)
      Run 2/2 (1986/13680)
      Mean MRE: 0.139 ± 0.063

  Graph 2/5:
    Created graph: 2750 edges (55.0% density)
    Running Naive...
      Run 1/2 (1987/13680)
      Run 2/2 (1988/13680)
      Mean MRE: 0.353 ± 0.019
    Running oneR...
      Run 1/2 (1989/13680)
      Run 2/2 (1990/13680)
      Mean MRE: 0.285 ± 0.045
    Running ADV++...
      Run 1/2 (1991/13680)
      Run 2/2 (1992/13680)
      Mean MRE: 0.088 ± 0.076

  Graph 3/5:
    Created graph: 2750 edges (55.0% density)
    Running Naive...
      Run 1/2 (1993/13680)
      Run 2/2 (1994/13680)
      Mean MRE: 0.439 ± 0.006
    Running oneR...
      Run 1/2 (1995/13680)
      Run 2/2 (1996/13680)
      Mean MRE: 0.082 ± 0.072
    Running ADV++...
      Run 1/2 (1997/13680)
      Run 2/2 (1998/13680)
      Mean MRE: 0.190 ± 0.056

  Graph 4/5:
    Created graph: 2750 edges (55.0% density)
    Running Naive...
      Run 1/2 (1999/13680)
      Run 2/2 (2000/13680)
      Mean MRE: 0.430 ± 0.032
    Running oneR...
      Run 1/2 (2001/13680)
      Run 2/2 (2002/13680)
      Mean MRE: 0.237 ± 0.105
    Running ADV++...
      Run 1/2 (2003/13680)
      Run 2/2 (2004/13680)
      Mean MRE: 0.432 ± 0.209

  Graph 5/5:
    Created graph: 2750 edges (55.0% density)
    Running Naive...
      Run 1/2 (2005/13680)
      Run 2/2 (2006/13680)
      Mean MRE: 0.365 ± 0.008
    Running oneR...
      Run 1/2 (2007/13680)
      Run 2/2 (2008/13680)
      Mean MRE: 0.192 ± 0.080
    Running ADV++...
      Run 1/2 (2009/13680)
      Run 2/2 (2010/13680)
      Mean MRE: 0.076 ± 0.011

=== Density 0.60 (60.0%) ===

  Graph 1/5:
    Created graph: 3000 edges (60.0% density)
    Running Naive...
      Run 1/2 (2011/13680)
      Run 2/2 (2012/13680)
      Mean MRE: 0.520 ± 0.025
    Running oneR...
      Run 1/2 (2013/13680)
      Run 2/2 (2014/13680)
      Mean MRE: 0.226 ± 0.167
    Running ADV++...
      Run 1/2 (2015/13680)
      Run 2/2 (2016/13680)
      Mean MRE: 0.037 ± 0.016

  Graph 2/5:
    Created graph: 3000 edges (60.0% density)
    Running Naive...
      Run 1/2 (2017/13680)
      Run 2/2 (2018/13680)
      Mean MRE: 0.578 ± 0.035
    Running oneR...
      Run 1/2 (2019/13680)
      Run 2/2 (2020/13680)
      Mean MRE: 0.216 ± 0.062
    Running ADV++...
      Run 1/2 (2021/13680)
      Run 2/2 (2022/13680)
      Mean MRE: 0.159 ± 0.077

  Graph 3/5:
    Created graph: 3000 edges (60.0% density)
    Running Naive...
      Run 1/2 (2023/13680)
      Run 2/2 (2024/13680)
      Mean MRE: 0.545 ± 0.032
    Running oneR...
      Run 1/2 (2025/13680)
      Run 2/2 (2026/13680)
      Mean MRE: 0.108 ± 0.087
    Running ADV++...
      Run 1/2 (2027/13680)
      Run 2/2 (2028/13680)
      Mean MRE: 0.300 ± 0.152

  Graph 4/5:
    Created graph: 3000 edges (60.0% density)
    Running Naive...
      Run 1/2 (2029/13680)
      Run 2/2 (2030/13680)
      Mean MRE: 0.598 ± 0.019
    Running oneR...
      Run 1/2 (2031/13680)
      Run 2/2 (2032/13680)
      Mean MRE: 0.318 ± 0.003
    Running ADV++...
      Run 1/2 (2033/13680)
      Run 2/2 (2034/13680)
      Mean MRE: 0.224 ± 0.167

  Graph 5/5:
    Created graph: 3000 edges (60.0% density)
    Running Naive...
      Run 1/2 (2035/13680)
      Run 2/2 (2036/13680)
      Mean MRE: 0.484 ± 0.097
    Running oneR...
      Run 1/2 (2037/13680)
      Run 2/2 (2038/13680)
      Mean MRE: 0.279 ± 0.178
    Running ADV++...
      Run 1/2 (2039/13680)
      Run 2/2 (2040/13680)
      Mean MRE: 0.150 ± 0.075

=== Density 0.65 (65.0%) ===

  Graph 1/5:
    Created graph: 3250 edges (65.0% density)
    Running Naive...
      Run 1/2 (2041/13680)
      Run 2/2 (2042/13680)
      Mean MRE: 0.749 ± 0.014
    Running oneR...
      Run 1/2 (2043/13680)
      Run 2/2 (2044/13680)
      Mean MRE: 0.029 ± 0.013
    Running ADV++...
      Run 1/2 (2045/13680)
      Run 2/2 (2046/13680)
      Mean MRE: 0.185 ± 0.024

  Graph 2/5:
    Created graph: 3250 edges (65.0% density)
    Running Naive...
      Run 1/2 (2047/13680)
      Run 2/2 (2048/13680)
      Mean MRE: 0.699 ± 0.001
    Running oneR...
      Run 1/2 (2049/13680)
      Run 2/2 (2050/13680)
      Mean MRE: 0.188 ± 0.146
    Running ADV++...
      Run 1/2 (2051/13680)
      Run 2/2 (2052/13680)
      Mean MRE: 0.128 ± 0.000

  Graph 3/5:
    Created graph: 3250 edges (65.0% density)
    Running Naive...
      Run 1/2 (2053/13680)
      Run 2/2 (2054/13680)
      Mean MRE: 0.726 ± 0.014
    Running oneR...
      Run 1/2 (2055/13680)
      Run 2/2 (2056/13680)
      Mean MRE: 0.143 ± 0.110
    Running ADV++...
      Run 1/2 (2057/13680)
      Run 2/2 (2058/13680)
      Mean MRE: 0.155 ± 0.002

  Graph 4/5:
    Created graph: 3250 edges (65.0% density)
    Running Naive...
      Run 1/2 (2059/13680)
      Run 2/2 (2060/13680)
      Mean MRE: 0.673 ± 0.025
    Running oneR...
      Run 1/2 (2061/13680)
      Run 2/2 (2062/13680)
      Mean MRE: 0.134 ± 0.086
    Running ADV++...
      Run 1/2 (2063/13680)
      Run 2/2 (2064/13680)
      Mean MRE: 0.203 ± 0.041

  Graph 5/5:
    Created graph: 3250 edges (65.0% density)
    Running Naive...
      Run 1/2 (2065/13680)
      Run 2/2 (2066/13680)
      Mean MRE: 0.732 ± 0.005
    Running oneR...
      Run 1/2 (2067/13680)
      Run 2/2 (2068/13680)
      Mean MRE: 0.071 ± 0.059
    Running ADV++...
      Run 1/2 (2069/13680)
      Run 2/2 (2070/13680)
      Mean MRE: 0.063 ± 0.014

=== Density 0.70 (70.0%) ===

  Graph 1/5:
    Created graph: 3500 edges (70.0% density)
    Running Naive...
      Run 1/2 (2071/13680)
      Run 2/2 (2072/13680)
      Mean MRE: 0.745 ± 0.002
    Running oneR...
      Run 1/2 (2073/13680)
      Run 2/2 (2074/13680)
      Mean MRE: 0.184 ± 0.114
    Running ADV++...
      Run 1/2 (2075/13680)
      Run 2/2 (2076/13680)
      Mean MRE: 0.102 ± 0.020

  Graph 2/5:
    Created graph: 3500 edges (70.0% density)
    Running Naive...
      Run 1/2 (2077/13680)
      Run 2/2 (2078/13680)
      Mean MRE: 0.765 ± 0.017
    Running oneR...
      Run 1/2 (2079/13680)
      Run 2/2 (2080/13680)
      Mean MRE: 0.057 ± 0.047
    Running ADV++...
      Run 1/2 (2081/13680)
      Run 2/2 (2082/13680)
      Mean MRE: 0.031 ± 0.014

  Graph 3/5:
    Created graph: 3500 edges (70.0% density)
    Running Naive...
      Run 1/2 (2083/13680)
      Run 2/2 (2084/13680)
      Mean MRE: 0.773 ± 0.036
    Running oneR...
      Run 1/2 (2085/13680)
      Run 2/2 (2086/13680)
      Mean MRE: 0.116 ± 0.097
    Running ADV++...
      Run 1/2 (2087/13680)
      Run 2/2 (2088/13680)
      Mean MRE: 0.157 ± 0.151

  Graph 4/5:
    Created graph: 3500 edges (70.0% density)
    Running Naive...
      Run 1/2 (2089/13680)
      Run 2/2 (2090/13680)
      Mean MRE: 0.767 ± 0.013
    Running oneR...
      Run 1/2 (2091/13680)
      Run 2/2 (2092/13680)
      Mean MRE: 0.046 ± 0.039
    Running ADV++...
      Run 1/2 (2093/13680)
      Run 2/2 (2094/13680)
      Mean MRE: 0.185 ± 0.020

  Graph 5/5:
    Created graph: 3500 edges (70.0% density)
    Running Naive...
      Run 1/2 (2095/13680)
      Run 2/2 (2096/13680)
      Mean MRE: 0.758 ± 0.032
    Running oneR...
      Run 1/2 (2097/13680)
      Run 2/2 (2098/13680)
      Mean MRE: 0.143 ± 0.032
    Running ADV++...
      Run 1/2 (2099/13680)
      Run 2/2 (2100/13680)
      Mean MRE: 0.023 ± 0.003

=== Density 0.75 (75.0%) ===

  Graph 1/5:
    Created graph: 3750 edges (75.0% density)
    Running Naive...
      Run 1/2 (2101/13680)
      Run 2/2 (2102/13680)
      Mean MRE: 0.826 ± 0.022
    Running oneR...
      Run 1/2 (2103/13680)
      Run 2/2 (2104/13680)
      Mean MRE: 0.133 ± 0.042
    Running ADV++...
      Run 1/2 (2105/13680)
      Run 2/2 (2106/13680)
      Mean MRE: 0.101 ± 0.038

  Graph 2/5:
    Created graph: 3750 edges (75.0% density)
    Running Naive...
      Run 1/2 (2107/13680)
      Run 2/2 (2108/13680)
      Mean MRE: 0.825 ± 0.000
    Running oneR...
      Run 1/2 (2109/13680)
      Run 2/2 (2110/13680)
      Mean MRE: 0.110 ± 0.010
    Running ADV++...
      Run 1/2 (2111/13680)
      Run 2/2 (2112/13680)
      Mean MRE: 0.204 ± 0.139

  Graph 3/5:
    Created graph: 3750 edges (75.0% density)
    Running Naive...
      Run 1/2 (2113/13680)
      Run 2/2 (2114/13680)
      Mean MRE: 0.824 ± 0.010
    Running oneR...
      Run 1/2 (2115/13680)
      Run 2/2 (2116/13680)
      Mean MRE: 0.144 ± 0.074
    Running ADV++...
      Run 1/2 (2117/13680)
      Run 2/2 (2118/13680)
      Mean MRE: 0.145 ± 0.040

  Graph 4/5:
    Created graph: 3750 edges (75.0% density)
    Running Naive...
      Run 1/2 (2119/13680)
      Run 2/2 (2120/13680)
      Mean MRE: 0.829 ± 0.000
    Running oneR...
      Run 1/2 (2121/13680)
      Run 2/2 (2122/13680)
      Mean MRE: 0.175 ± 0.162
    Running ADV++...
      Run 1/2 (2123/13680)
      Run 2/2 (2124/13680)
      Mean MRE: 0.125 ± 0.101

  Graph 5/5:
    Created graph: 3750 edges (75.0% density)
    Running Naive...
      Run 1/2 (2125/13680)
      Run 2/2 (2126/13680)
      Mean MRE: 0.825 ± 0.006
    Running oneR...
      Run 1/2 (2127/13680)
      Run 2/2 (2128/13680)
      Mean MRE: 0.242 ± 0.016
    Running ADV++...
      Run 1/2 (2129/13680)
      Run 2/2 (2130/13680)
      Mean MRE: 0.220 ± 0.021

=== Density 0.80 (80.0%) ===

  Graph 1/5:
    Created graph: 4000 edges (80.0% density)
    Running Naive...
      Run 1/2 (2131/13680)
      Run 2/2 (2132/13680)
      Mean MRE: 0.872 ± 0.011
    Running oneR...
      Run 1/2 (2133/13680)
      Run 2/2 (2134/13680)
      Mean MRE: 0.073 ± 0.025
    Running ADV++...
      Run 1/2 (2135/13680)
      Run 2/2 (2136/13680)
      Mean MRE: 0.193 ± 0.033

  Graph 2/5:
    Created graph: 4000 edges (80.0% density)
    Running Naive...
      Run 1/2 (2137/13680)
      Run 2/2 (2138/13680)
      Mean MRE: 0.876 ± 0.009
    Running oneR...
      Run 1/2 (2139/13680)
      Run 2/2 (2140/13680)
      Mean MRE: 0.102 ± 0.014
    Running ADV++...
      Run 1/2 (2141/13680)
      Run 2/2 (2142/13680)
      Mean MRE: 0.141 ± 0.019

  Graph 3/5:
    Created graph: 4000 edges (80.0% density)
    Running Naive...
      Run 1/2 (2143/13680)
      Run 2/2 (2144/13680)
      Mean MRE: 0.872 ± 0.002
    Running oneR...
      Run 1/2 (2145/13680)
      Run 2/2 (2146/13680)
      Mean MRE: 0.177 ± 0.037
    Running ADV++...
      Run 1/2 (2147/13680)
      Run 2/2 (2148/13680)
      Mean MRE: 0.143 ± 0.027

  Graph 4/5:
    Created graph: 4000 edges (80.0% density)
    Running Naive...
      Run 1/2 (2149/13680)
      Run 2/2 (2150/13680)
      Mean MRE: 0.872 ± 0.011
    Running oneR...
      Run 1/2 (2151/13680)
      Run 2/2 (2152/13680)
      Mean MRE: 0.076 ± 0.071
    Running ADV++...
      Run 1/2 (2153/13680)
      Run 2/2 (2154/13680)
      Mean MRE: 0.002 ± 0.001

  Graph 5/5:
    Created graph: 4000 edges (80.0% density)
    Running Naive...
      Run 1/2 (2155/13680)
      Run 2/2 (2156/13680)
      Mean MRE: 0.863 ± 0.000
    Running oneR...
      Run 1/2 (2157/13680)
      Run 2/2 (2158/13680)
      Mean MRE: 0.165 ± 0.048
    Running ADV++...
      Run 1/2 (2159/13680)
      Run 2/2 (2160/13680)
      Mean MRE: 0.078 ± 0.025

=== Density 0.85 (85.0%) ===

  Graph 1/5:
    Created graph: 4250 edges (85.0% density)
    Running Naive...
      Run 1/2 (2161/13680)
      Run 2/2 (2162/13680)
      Mean MRE: 0.893 ± 0.008
    Running oneR...
      Run 1/2 (2163/13680)
      Run 2/2 (2164/13680)
      Mean MRE: 0.085 ± 0.042
    Running ADV++...
      Run 1/2 (2165/13680)
      Run 2/2 (2166/13680)
      Mean MRE: 0.166 ± 0.042

  Graph 2/5:
    Created graph: 4250 edges (85.0% density)
    Running Naive...
      Run 1/2 (2167/13680)
      Run 2/2 (2168/13680)
      Mean MRE: 0.893 ± 0.016
    Running oneR...
      Run 1/2 (2169/13680)
      Run 2/2 (2170/13680)
      Mean MRE: 0.185 ± 0.061
    Running ADV++...
      Run 1/2 (2171/13680)
      Run 2/2 (2172/13680)
      Mean MRE: 0.086 ± 0.075

  Graph 3/5:
    Created graph: 4250 edges (85.0% density)
    Running Naive...
      Run 1/2 (2173/13680)
      Run 2/2 (2174/13680)
      Mean MRE: 0.894 ± 0.002
    Running oneR...
      Run 1/2 (2175/13680)
/home/user/anaconda3/lib/python3.9/site-packages/numpy/core/_methods.py:230: RuntimeWarning: invalid value encountered in subtract
  x = asanyarray(arr - arrmean)
      Run 2/2 (2176/13680)
      Mean MRE: 0.042 ± 0.026
    Running ADV++...
      Run 1/2 (2177/13680)
      Run 2/2 (2178/13680)
      Mean MRE: 0.117 ± 0.072

  Graph 4/5:
    Created graph: 4250 edges (85.0% density)
    Running Naive...
      Run 1/2 (2179/13680)
      Run 2/2 (2180/13680)
      Mean MRE: 0.893 ± 0.004
    Running oneR...
      Run 1/2 (2181/13680)
      Run 2/2 (2182/13680)
      Mean MRE: 0.035 ± 0.026
    Running ADV++...
      Run 1/2 (2183/13680)
      Run 2/2 (2184/13680)
      Mean MRE: 0.182 ± 0.045

  Graph 5/5:
    Created graph: 4250 edges (85.0% density)
    Running Naive...
      Run 1/2 (2185/13680)
      Run 2/2 (2186/13680)
      Mean MRE: 0.895 ± 0.003
    Running oneR...
      Run 1/2 (2187/13680)
      Run 2/2 (2188/13680)
      Mean MRE: 0.246 ± 0.008
    Running ADV++...
      Run 1/2 (2189/13680)
      Run 2/2 (2190/13680)
      Mean MRE: 0.172 ± 0.054

=== Density 0.90 (90.0%) ===

  Graph 1/5:
    Created graph: 4500 edges (90.0% density)
    Running Naive...
      Run 1/2 (2191/13680)
      Run 2/2 (2192/13680)
      Mean MRE: 0.908 ± 0.002
    Running oneR...
      Run 1/2 (2193/13680)
      Run 2/2 (2194/13680)
      Mean MRE: 0.104 ± 0.037
    Running ADV++...
      Run 1/2 (2195/13680)
      Run 2/2 (2196/13680)
      Mean MRE: 0.092 ± 0.011

  Graph 2/5:
    Created graph: 4500 edges (90.0% density)
    Running Naive...
      Run 1/2 (2197/13680)
      Run 2/2 (2198/13680)
      Mean MRE: 0.913 ± 0.003
    Running oneR...
      Run 1/2 (2199/13680)
      Run 2/2 (2200/13680)
      Mean MRE: 0.104 ± 0.010
    Running ADV++...
      Run 1/2 (2201/13680)
      Run 2/2 (2202/13680)
      Mean MRE: 0.126 ± 0.108

  Graph 3/5:
    Created graph: 4500 edges (90.0% density)
    Running Naive...
      Run 1/2 (2203/13680)
      Run 2/2 (2204/13680)
      Mean MRE: 0.912 ± 0.001
    Running oneR...
      Run 1/2 (2205/13680)
      Run 2/2 (2206/13680)
      Mean MRE: 0.089 ± 0.044
    Running ADV++...
      Run 1/2 (2207/13680)
      Run 2/2 (2208/13680)
      Mean MRE: 0.165 ± 0.097

  Graph 4/5:
    Created graph: 4500 edges (90.0% density)
    Running Naive...
      Run 1/2 (2209/13680)
      Run 2/2 (2210/13680)
      Mean MRE: 0.910 ± 0.008
    Running oneR...
      Run 1/2 (2211/13680)
      Run 2/2 (2212/13680)
      Mean MRE: 0.190 ± 0.165
    Running ADV++...
      Run 1/2 (2213/13680)
      Run 2/2 (2214/13680)
      Mean MRE: 0.108 ± 0.050

  Graph 5/5:
    Created graph: 4500 edges (90.0% density)
    Running Naive...
      Run 1/2 (2215/13680)
      Run 2/2 (2216/13680)
      Mean MRE: 0.912 ± 0.006
    Running oneR...
      Run 1/2 (2217/13680)
      Run 2/2 (2218/13680)
      Mean MRE: 0.166 ± 0.015
    Running ADV++...
      Run 1/2 (2219/13680)
      Run 2/2 (2220/13680)
      Mean MRE: 0.083 ± 0.054

=== Density 0.95 (95.0%) ===

  Graph 1/5:
    Created graph: 4750 edges (95.0% density)
    Running Naive...
      Run 1/2 (2221/13680)
      Run 2/2 (2222/13680)
      Mean MRE: 0.925 ± 0.002
    Running oneR...
      Run 1/2 (2223/13680)
      Run 2/2 (2224/13680)
      Mean MRE: 0.173 ± 0.004
    Running ADV++...
      Run 1/2 (2225/13680)
      Run 2/2 (2226/13680)
      Mean MRE: 0.097 ± 0.070

  Graph 2/5:
    Created graph: 4750 edges (95.0% density)
    Running Naive...
      Run 1/2 (2227/13680)
      Run 2/2 (2228/13680)
      Mean MRE: 0.934 ± 0.003
    Running oneR...
      Run 1/2 (2229/13680)
      Run 2/2 (2230/13680)
      Mean MRE: 0.024 ± 0.019
    Running ADV++...
      Run 1/2 (2231/13680)
      Run 2/2 (2232/13680)
      Mean MRE: 0.048 ± 0.027

  Graph 3/5:
    Created graph: 4750 edges (95.0% density)
    Running Naive...
      Run 1/2 (2233/13680)
      Run 2/2 (2234/13680)
      Mean MRE: 0.932 ± 0.004
    Running oneR...
      Run 1/2 (2235/13680)
      Run 2/2 (2236/13680)
      Mean MRE: 0.081 ± 0.040
    Running ADV++...
      Run 1/2 (2237/13680)
      Run 2/2 (2238/13680)
      Mean MRE: 0.239 ± 0.031

  Graph 4/5:
    Created graph: 4750 edges (95.0% density)
    Running Naive...
      Run 1/2 (2239/13680)
      Run 2/2 (2240/13680)
      Mean MRE: 0.927 ± 0.001
    Running oneR...
      Run 1/2 (2241/13680)
      Run 2/2 (2242/13680)
      Mean MRE: 0.051 ± 0.039
    Running ADV++...
      Run 1/2 (2243/13680)
      Run 2/2 (2244/13680)
      Mean MRE: 0.104 ± 0.017

  Graph 5/5:
    Created graph: 4750 edges (95.0% density)
    Running Naive...
      Run 1/2 (2245/13680)
      Run 2/2 (2246/13680)
      Mean MRE: 0.935 ± 0.003
    Running oneR...
      Run 1/2 (2247/13680)
      Run 2/2 (2248/13680)
      Mean MRE: 0.044 ± 0.009
    Running ADV++...
      Run 1/2 (2249/13680)
      Run 2/2 (2250/13680)
      Mean MRE: 0.009 ± 0.003

=== Density 1.00 (100.0%) ===

  Graph 1/5:
    Created graph: 5000 edges (100.0% density)
    Running Naive...
      Run 1/2 (2251/13680)
      Run 2/2 (2252/13680)
      Mean MRE: 0.939 ± 0.002
    Running oneR...
      Run 1/2 (2253/13680)
      Run 2/2 (2254/13680)
      Mean MRE: 0.156 ± 0.064
    Running ADV++...
      Run 1/2 (2255/13680)
      Run 2/2 (2256/13680)
      Mean MRE: 0.021 ± 0.006

  Graph 2/5:
    Created graph: 5000 edges (100.0% density)
    Running Naive...
      Run 1/2 (2257/13680)
      Run 2/2 (2258/13680)
      Mean MRE: 0.945 ± 0.004
    Running oneR...
      Run 1/2 (2259/13680)
      Run 2/2 (2260/13680)
      Mean MRE: 0.100 ± 0.028
    Running ADV++...
      Run 1/2 (2261/13680)
      Run 2/2 (2262/13680)
      Mean MRE: 0.288 ± 0.260

  Graph 3/5:
    Created graph: 5000 edges (100.0% density)
    Running Naive...
      Run 1/2 (2263/13680)
      Run 2/2 (2264/13680)
      Mean MRE: 0.947 ± 0.000
    Running oneR...
      Run 1/2 (2265/13680)
      Run 2/2 (2266/13680)
      Mean MRE: 0.235 ± 0.061
    Running ADV++...
      Run 1/2 (2267/13680)
      Run 2/2 (2268/13680)
      Mean MRE: 0.045 ± 0.022

  Graph 4/5:
    Created graph: 5000 edges (100.0% density)
    Running Naive...
      Run 1/2 (2269/13680)
      Run 2/2 (2270/13680)
      Mean MRE: 0.941 ± 0.006
    Running oneR...
      Run 1/2 (2271/13680)
      Run 2/2 (2272/13680)
      Mean MRE: 0.208 ± 0.014
    Running ADV++...
      Run 1/2 (2273/13680)
      Run 2/2 (2274/13680)
      Mean MRE: 0.049 ± 0.008

  Graph 5/5:
    Created graph: 5000 edges (100.0% density)
    Running Naive...
      Run 1/2 (2275/13680)
      Run 2/2 (2276/13680)
      Mean MRE: 0.940 ± 0.001
    Running oneR...
      Run 1/2 (2277/13680)
      Run 2/2 (2278/13680)
      Mean MRE: 0.060 ± 0.019
    Running ADV++...
      Run 1/2 (2279/13680)
      Run 2/2 (2280/13680)
      Mean MRE: 0.139 ± 0.028

--- P=3, Q=4 ---

=== Density 0.10 (10.0%) ===

  Graph 1/5:
    Created graph: 500 edges (10.0% density)
    Running Naive...
      Run 1/2 (2281/13680)
      Run 2/2 (2282/13680)
      Mean MRE: inf ± nan
    Running oneR...
      Run 1/2 (2283/13680)
      Run 2/2 (2284/13680)
      Mean MRE: inf ± nan
    Running ADV++...
      Run 1/2 (2285/13680)
      Run 2/2 (2286/13680)
      Mean MRE: inf ± nan

  Graph 2/5:
    Created graph: 500 edges (10.0% density)
    Running Naive...
      Run 1/2 (2287/13680)
      Run 2/2 (2288/13680)
      Mean MRE: inf ± nan
    Running oneR...
      Run 1/2 (2289/13680)
      Run 2/2 (2290/13680)
      Mean MRE: inf ± nan
    Running ADV++...
      Run 1/2 (2291/13680)
      Run 2/2 (2292/13680)
      Mean MRE: inf ± nan

  Graph 3/5:
    Created graph: 500 edges (10.0% density)
    Running Naive...
      Run 1/2 (2293/13680)
      Run 2/2 (2294/13680)
      Mean MRE: inf ± nan
    Running oneR...
      Run 1/2 (2295/13680)
      Run 2/2 (2296/13680)
      Mean MRE: inf ± nan
    Running ADV++...
      Run 1/2 (2297/13680)
      Run 2/2 (2298/13680)
      Mean MRE: inf ± nan

  Graph 4/5:
    Created graph: 500 edges (10.0% density)
    Running Naive...
      Run 1/2 (2299/13680)
      Run 2/2 (2300/13680)
      Mean MRE: inf ± nan
    Running oneR...
      Run 1/2 (2301/13680)
      Run 2/2 (2302/13680)
      Mean MRE: inf ± nan
    Running ADV++...
      Run 1/2 (2303/13680)
      Run 2/2 (2304/13680)
      Mean MRE: inf ± nan

  Graph 5/5:
    Created graph: 500 edges (10.0% density)
    Running Naive...
      Run 1/2 (2305/13680)
      Run 2/2 (2306/13680)
      Mean MRE: inf ± nan
    Running oneR...
      Run 1/2 (2307/13680)
      Run 2/2 (2308/13680)
      Mean MRE: inf ± nan
    Running ADV++...
      Run 1/2 (2309/13680)
      Run 2/2 (2310/13680)
      Mean MRE: inf ± nan

=== Density 0.15 (15.0%) ===

  Graph 1/5:
    Created graph: 750 edges (15.0% density)
    Running Naive...
      Run 1/2 (2311/13680)
      Run 2/2 (2312/13680)
      Mean MRE: 10359.035 ± 841.535
    Running oneR...
      Run 1/2 (2313/13680)
      Run 2/2 (2314/13680)
      Mean MRE: 19480.789 ± 7346.520
    Running ADV++...
      Run 1/2 (2315/13680)
      Run 2/2 (2316/13680)
      Mean MRE: 1392440.290 ± 320363.911

  Graph 2/5:
    Created graph: 750 edges (15.0% density)
    Running Naive...
      Run 1/2 (2317/13680)
      Run 2/2 (2318/13680)
      Mean MRE: 16533.275 ± 1795.365
    Running oneR...
      Run 1/2 (2319/13680)
      Run 2/2 (2320/13680)
      Mean MRE: 2881.164 ± 1372.097
    Running ADV++...
      Run 1/2 (2321/13680)
      Run 2/2 (2322/13680)
      Mean MRE: 1611270.196 ± 41551.404

  Graph 3/5:
    Created graph: 750 edges (15.0% density)
    Running Naive...
      Run 1/2 (2323/13680)
      Run 2/2 (2324/13680)
      Mean MRE: 60083.665 ± 3779.335
    Running oneR...
      Run 1/2 (2325/13680)
      Run 2/2 (2326/13680)
      Mean MRE: 144302.792 ± 132939.285
    Running ADV++...
      Run 1/2 (2327/13680)
      Run 2/2 (2328/13680)
      Mean MRE: 5118339.067 ± 272240.539

  Graph 4/5:
    Created graph: 750 edges (15.0% density)
    Running Naive...
      Run 1/2 (2329/13680)
      Run 2/2 (2330/13680)
      Mean MRE: 15816.165 ± 4694.055
    Running oneR...
      Run 1/2 (2331/13680)
      Run 2/2 (2332/13680)
      Mean MRE: 61853.924 ± 30390.188
    Running ADV++...
      Run 1/2 (2333/13680)
      Run 2/2 (2334/13680)
      Mean MRE: 1809511.938 ± 132163.230

  Graph 5/5:
    Created graph: 750 edges (15.0% density)
    Running Naive...
      Run 1/2 (2335/13680)
      Run 2/2 (2336/13680)
      Mean MRE: 67725.500 ± 5024.170
    Running oneR...
      Run 1/2 (2337/13680)
      Run 2/2 (2338/13680)
      Mean MRE: 146323.892 ± 45893.418
    Running ADV++...
      Run 1/2 (2339/13680)
      Run 2/2 (2340/13680)
      Mean MRE: 4899977.687 ± 108684.386

=== Density 0.20 (20.0%) ===

  Graph 1/5:
    Created graph: 1000 edges (20.0% density)
    Running Naive...
      Run 1/2 (2341/13680)
      Run 2/2 (2342/13680)
      Mean MRE: 973.192 ± 130.699
    Running oneR...
      Run 1/2 (2343/13680)
      Run 2/2 (2344/13680)
      Mean MRE: 732.819 ± 307.291
    Running ADV++...
      Run 1/2 (2345/13680)
      Run 2/2 (2346/13680)
      Mean MRE: 41092.403 ± 3960.996

  Graph 2/5:
    Created graph: 1000 edges (20.0% density)
    Running Naive...
      Run 1/2 (2347/13680)
      Run 2/2 (2348/13680)
      Mean MRE: 1362.638 ± 147.092
    Running oneR...
      Run 1/2 (2349/13680)
      Run 2/2 (2350/13680)
      Mean MRE: 2119.746 ± 952.709
    Running ADV++...
      Run 1/2 (2351/13680)
      Run 2/2 (2352/13680)
      Mean MRE: 53897.797 ± 5628.123

  Graph 3/5:
    Created graph: 1000 edges (20.0% density)
    Running Naive...
      Run 1/2 (2353/13680)
      Run 2/2 (2354/13680)
      Mean MRE: 1609.942 ± 188.862
    Running oneR...
      Run 1/2 (2355/13680)
      Run 2/2 (2356/13680)
      Mean MRE: 1329.494 ± 433.632
    Running ADV++...
      Run 1/2 (2357/13680)
      Run 2/2 (2358/13680)
      Mean MRE: 56854.497 ± 2078.187

  Graph 4/5:
    Created graph: 1000 edges (20.0% density)
    Running Naive...
      Run 1/2 (2359/13680)
      Run 2/2 (2360/13680)
      Mean MRE: 2308.254 ± 241.414
    Running oneR...
      Run 1/2 (2361/13680)
      Run 2/2 (2362/13680)
      Mean MRE: 4225.001 ± 467.954
    Running ADV++...
      Run 1/2 (2363/13680)
      Run 2/2 (2364/13680)
      Mean MRE: 85356.246 ± 7692.502

  Graph 5/5:
    Created graph: 1000 edges (20.0% density)
    Running Naive...
      Run 1/2 (2365/13680)
      Run 2/2 (2366/13680)
      Mean MRE: 1655.205 ± 168.975
    Running oneR...
      Run 1/2 (2367/13680)
      Run 2/2 (2368/13680)
      Mean MRE: 2404.675 ± 144.621
    Running ADV++...
      Run 1/2 (2369/13680)
      Run 2/2 (2370/13680)
      Mean MRE: 56914.439 ± 3113.082

=== Density 0.25 (25.0%) ===

  Graph 1/5:
    Created graph: 1250 edges (25.0% density)
    Running Naive...
      Run 1/2 (2371/13680)
      Run 2/2 (2372/13680)
      Mean MRE: 146.120 ± 11.126
    Running oneR...
      Run 1/2 (2373/13680)
      Run 2/2 (2374/13680)
      Mean MRE: 125.553 ± 53.103
    Running ADV++...
      Run 1/2 (2375/13680)
      Run 2/2 (2376/13680)
      Mean MRE: 2358.985 ± 155.642

  Graph 2/5:
    Created graph: 1250 edges (25.0% density)
    Running Naive...
      Run 1/2 (2377/13680)
      Run 2/2 (2378/13680)
      Mean MRE: 252.903 ± 96.051
    Running oneR...
      Run 1/2 (2379/13680)
      Run 2/2 (2380/13680)
      Mean MRE: 143.841 ± 91.670
    Running ADV++...
      Run 1/2 (2381/13680)
      Run 2/2 (2382/13680)
      Mean MRE: 3914.799 ± 767.615

  Graph 3/5:
    Created graph: 1250 edges (25.0% density)
    Running Naive...
      Run 1/2 (2383/13680)
      Run 2/2 (2384/13680)
      Mean MRE: 236.103 ± 8.436
    Running oneR...
      Run 1/2 (2385/13680)
      Run 2/2 (2386/13680)
      Mean MRE: 135.218 ± 32.854
    Running ADV++...
      Run 1/2 (2387/13680)
      Run 2/2 (2388/13680)
      Mean MRE: 4510.303 ± 512.759

  Graph 4/5:
    Created graph: 1250 edges (25.0% density)
    Running Naive...
      Run 1/2 (2389/13680)
      Run 2/2 (2390/13680)
      Mean MRE: 182.625 ± 3.251
    Running oneR...
      Run 1/2 (2391/13680)
      Run 2/2 (2392/13680)
      Mean MRE: 276.959 ± 92.741
    Running ADV++...
      Run 1/2 (2393/13680)
      Run 2/2 (2394/13680)
      Mean MRE: 3173.134 ± 268.829

  Graph 5/5:
    Created graph: 1250 edges (25.0% density)
    Running Naive...
      Run 1/2 (2395/13680)
      Run 2/2 (2396/13680)
      Mean MRE: 214.623 ± 26.150
    Running oneR...
      Run 1/2 (2397/13680)
      Run 2/2 (2398/13680)
      Mean MRE: 154.009 ± 123.421
    Running ADV++...
      Run 1/2 (2399/13680)
      Run 2/2 (2400/13680)
      Mean MRE: 3385.706 ± 65.607

=== Density 0.30 (30.0%) ===

  Graph 1/5:
    Created graph: 1500 edges (30.0% density)
    Running Naive...
      Run 1/2 (2401/13680)
      Run 2/2 (2402/13680)
      Mean MRE: 42.386 ± 2.106
    Running oneR...
      Run 1/2 (2403/13680)
      Run 2/2 (2404/13680)
      Mean MRE: 60.909 ± 46.485
    Running ADV++...
      Run 1/2 (2405/13680)
      Run 2/2 (2406/13680)
      Mean MRE: 459.005 ± 46.690

  Graph 2/5:
    Created graph: 1500 edges (30.0% density)
    Running Naive...
      Run 1/2 (2407/13680)
      Run 2/2 (2408/13680)
      Mean MRE: 32.731 ± 7.121
    Running oneR...
      Run 1/2 (2409/13680)
      Run 2/2 (2410/13680)
      Mean MRE: 37.300 ± 3.802
    Running ADV++...
      Run 1/2 (2411/13680)
      Run 2/2 (2412/13680)
      Mean MRE: 310.463 ± 85.072

  Graph 3/5:
    Created graph: 1500 edges (30.0% density)
    Running Naive...
      Run 1/2 (2413/13680)
      Run 2/2 (2414/13680)
      Mean MRE: 42.235 ± 3.069
    Running oneR...
      Run 1/2 (2415/13680)
      Run 2/2 (2416/13680)
      Mean MRE: 10.574 ± 3.902
    Running ADV++...
      Run 1/2 (2417/13680)
      Run 2/2 (2418/13680)
      Mean MRE: 303.554 ± 14.492

  Graph 4/5:
    Created graph: 1500 edges (30.0% density)
    Running Naive...
      Run 1/2 (2419/13680)
      Run 2/2 (2420/13680)
      Mean MRE: 47.808 ± 9.258
    Running oneR...
      Run 1/2 (2421/13680)
      Run 2/2 (2422/13680)
      Mean MRE: 18.093 ± 4.108
    Running ADV++...
      Run 1/2 (2423/13680)
      Run 2/2 (2424/13680)
      Mean MRE: 434.175 ± 41.198

  Graph 5/5:
    Created graph: 1500 edges (30.0% density)
    Running Naive...
      Run 1/2 (2425/13680)
      Run 2/2 (2426/13680)
      Mean MRE: 44.276 ± 4.921
    Running oneR...
      Run 1/2 (2427/13680)
      Run 2/2 (2428/13680)
      Mean MRE: 27.781 ± 18.643
    Running ADV++...
      Run 1/2 (2429/13680)
      Run 2/2 (2430/13680)
      Mean MRE: 372.340 ± 70.356

=== Density 0.35 (35.0%) ===

  Graph 1/5:
    Created graph: 1750 edges (35.0% density)
    Running Naive...
      Run 1/2 (2431/13680)
      Run 2/2 (2432/13680)
      Mean MRE: 16.021 ± 1.867
    Running oneR...
      Run 1/2 (2433/13680)
      Run 2/2 (2434/13680)
      Mean MRE: 3.859 ± 1.023
    Running ADV++...
      Run 1/2 (2435/13680)
      Run 2/2 (2436/13680)
      Mean MRE: 55.362 ± 6.738

  Graph 2/5:
    Created graph: 1750 edges (35.0% density)
    Running Naive...
      Run 1/2 (2437/13680)
      Run 2/2 (2438/13680)
      Mean MRE: 13.403 ± 1.776
    Running oneR...
      Run 1/2 (2439/13680)
      Run 2/2 (2440/13680)
      Mean MRE: 6.501 ± 1.124
    Running ADV++...
      Run 1/2 (2441/13680)
      Run 2/2 (2442/13680)
      Mean MRE: 56.144 ± 2.089

  Graph 3/5:
    Created graph: 1750 edges (35.0% density)
    Running Naive...
      Run 1/2 (2443/13680)
      Run 2/2 (2444/13680)
      Mean MRE: 9.631 ± 2.617
    Running oneR...
      Run 1/2 (2445/13680)
      Run 2/2 (2446/13680)
      Mean MRE: 5.640 ± 0.736
    Running ADV++...
      Run 1/2 (2447/13680)
      Run 2/2 (2448/13680)
      Mean MRE: 67.885 ± 4.500

  Graph 4/5:
    Created graph: 1750 edges (35.0% density)
    Running Naive...
      Run 1/2 (2449/13680)
      Run 2/2 (2450/13680)
      Mean MRE: 10.532 ± 3.276
    Running oneR...
      Run 1/2 (2451/13680)
      Run 2/2 (2452/13680)
      Mean MRE: 1.674 ± 0.547
    Running ADV++...
      Run 1/2 (2453/13680)
      Run 2/2 (2454/13680)
      Mean MRE: 45.192 ± 8.734

  Graph 5/5:
    Created graph: 1750 edges (35.0% density)
    Running Naive...
      Run 1/2 (2455/13680)
      Run 2/2 (2456/13680)
      Mean MRE: 10.233 ± 0.089
    Running oneR...
      Run 1/2 (2457/13680)
      Run 2/2 (2458/13680)
      Mean MRE: 6.135 ± 4.762
    Running ADV++...
      Run 1/2 (2459/13680)
      Run 2/2 (2460/13680)
      Mean MRE: 47.031 ± 0.521

=== Density 0.40 (40.0%) ===

  Graph 1/5:
    Created graph: 2000 edges (40.0% density)
    Running Naive...
      Run 1/2 (2461/13680)
      Run 2/2 (2462/13680)
      Mean MRE: 4.617 ± 0.483
    Running oneR...
      Run 1/2 (2463/13680)
      Run 2/2 (2464/13680)
      Mean MRE: 1.880 ± 1.256
    Running ADV++...
      Run 1/2 (2465/13680)
      Run 2/2 (2466/13680)
      Mean MRE: 10.689 ± 0.678

  Graph 2/5:
    Created graph: 2000 edges (40.0% density)
    Running Naive...
      Run 1/2 (2467/13680)
      Run 2/2 (2468/13680)
      Mean MRE: 4.825 ± 0.202
    Running oneR...
      Run 1/2 (2469/13680)
      Run 2/2 (2470/13680)
      Mean MRE: 0.457 ± 0.013
    Running ADV++...
      Run 1/2 (2471/13680)
      Run 2/2 (2472/13680)
      Mean MRE: 10.334 ± 0.623

  Graph 3/5:
    Created graph: 2000 edges (40.0% density)
    Running Naive...
      Run 1/2 (2473/13680)
      Run 2/2 (2474/13680)
      Mean MRE: 3.272 ± 0.256
    Running oneR...
      Run 1/2 (2475/13680)
      Run 2/2 (2476/13680)
      Mean MRE: 1.319 ± 0.664
    Running ADV++...
      Run 1/2 (2477/13680)
      Run 2/2 (2478/13680)
      Mean MRE: 13.234 ± 1.479

  Graph 4/5:
    Created graph: 2000 edges (40.0% density)
    Running Naive...
      Run 1/2 (2479/13680)
      Run 2/2 (2480/13680)
      Mean MRE: 3.541 ± 0.049
    Running oneR...
      Run 1/2 (2481/13680)
      Run 2/2 (2482/13680)
      Mean MRE: 2.195 ± 0.144
    Running ADV++...
      Run 1/2 (2483/13680)
      Run 2/2 (2484/13680)
      Mean MRE: 15.285 ± 2.729

  Graph 5/5:
    Created graph: 2000 edges (40.0% density)
    Running Naive...
      Run 1/2 (2485/13680)
      Run 2/2 (2486/13680)
      Mean MRE: 4.266 ± 0.098
    Running oneR...
      Run 1/2 (2487/13680)
      Run 2/2 (2488/13680)
      Mean MRE: 3.342 ± 3.197
    Running ADV++...
      Run 1/2 (2489/13680)
      Run 2/2 (2490/13680)
      Mean MRE: 10.265 ± 1.031

=== Density 0.45 (45.0%) ===

  Graph 1/5:
    Created graph: 2250 edges (45.0% density)
    Running Naive...
      Run 1/2 (2491/13680)
      Run 2/2 (2492/13680)
      Mean MRE: 1.212 ± 0.272
    Running oneR...
      Run 1/2 (2493/13680)
      Run 2/2 (2494/13680)
      Mean MRE: 0.470 ± 0.093
    Running ADV++...
      Run 1/2 (2495/13680)
      Run 2/2 (2496/13680)
      Mean MRE: 2.335 ± 0.936

  Graph 2/5:
    Created graph: 2250 edges (45.0% density)
    Running Naive...
      Run 1/2 (2497/13680)
      Run 2/2 (2498/13680)
      Mean MRE: 1.358 ± 0.003
    Running oneR...
      Run 1/2 (2499/13680)
      Run 2/2 (2500/13680)
      Mean MRE: 0.404 ± 0.338
    Running ADV++...
      Run 1/2 (2501/13680)
      Run 2/2 (2502/13680)
      Mean MRE: 2.891 ± 0.175

  Graph 3/5:
    Created graph: 2250 edges (45.0% density)
    Running Naive...
      Run 1/2 (2503/13680)
      Run 2/2 (2504/13680)
      Mean MRE: 0.780 ± 0.048
    Running oneR...
      Run 1/2 (2505/13680)
      Run 2/2 (2506/13680)
      Mean MRE: 0.433 ± 0.007
    Running ADV++...
      Run 1/2 (2507/13680)
      Run 2/2 (2508/13680)
      Mean MRE: 2.460 ± 0.062

  Graph 4/5:
    Created graph: 2250 edges (45.0% density)
    Running Naive...
      Run 1/2 (2509/13680)
      Run 2/2 (2510/13680)
      Mean MRE: 0.918 ± 0.153
    Running oneR...
      Run 1/2 (2511/13680)
      Run 2/2 (2512/13680)
      Mean MRE: 0.377 ± 0.199
    Running ADV++...
      Run 1/2 (2513/13680)
      Run 2/2 (2514/13680)
      Mean MRE: 3.153 ± 0.445

  Graph 5/5:
    Created graph: 2250 edges (45.0% density)
    Running Naive...
      Run 1/2 (2515/13680)
      Run 2/2 (2516/13680)
      Mean MRE: 1.187 ± 0.039
    Running oneR...
      Run 1/2 (2517/13680)
      Run 2/2 (2518/13680)
      Mean MRE: 0.528 ± 0.488
    Running ADV++...
      Run 1/2 (2519/13680)
      Run 2/2 (2520/13680)
      Mean MRE: 2.579 ± 0.151

=== Density 0.50 (50.0%) ===

  Graph 1/5:
    Created graph: 2500 edges (50.0% density)
    Running Naive...
      Run 1/2 (2521/13680)
      Run 2/2 (2522/13680)
      Mean MRE: 0.079 ± 0.075
    Running oneR...
      Run 1/2 (2523/13680)
      Run 2/2 (2524/13680)
      Mean MRE: 1.158 ± 0.108
    Running ADV++...
      Run 1/2 (2525/13680)
      Run 2/2 (2526/13680)
      Mean MRE: 0.159 ± 0.101

  Graph 2/5:
    Created graph: 2500 edges (50.0% density)
    Running Naive...
      Run 1/2 (2527/13680)
      Run 2/2 (2528/13680)
      Mean MRE: 0.061 ± 0.018
    Running oneR...
      Run 1/2 (2529/13680)
      Run 2/2 (2530/13680)
      Mean MRE: 0.455 ± 0.225
    Running ADV++...
      Run 1/2 (2531/13680)
      Run 2/2 (2532/13680)
      Mean MRE: 0.793 ± 0.120

  Graph 3/5:
    Created graph: 2500 edges (50.0% density)
    Running Naive...
      Run 1/2 (2533/13680)
      Run 2/2 (2534/13680)
      Mean MRE: 0.068 ± 0.028
    Running oneR...
      Run 1/2 (2535/13680)
      Run 2/2 (2536/13680)
      Mean MRE: 0.621 ± 0.037
    Running ADV++...
      Run 1/2 (2537/13680)
      Run 2/2 (2538/13680)
      Mean MRE: 0.931 ± 0.076

  Graph 4/5:
    Created graph: 2500 edges (50.0% density)
    Running Naive...
      Run 1/2 (2539/13680)
      Run 2/2 (2540/13680)
      Mean MRE: 0.153 ± 0.087
    Running oneR...
      Run 1/2 (2541/13680)
      Run 2/2 (2542/13680)
      Mean MRE: 0.468 ± 0.132
    Running ADV++...
      Run 1/2 (2543/13680)
      Run 2/2 (2544/13680)
      Mean MRE: 0.529 ± 0.155

  Graph 5/5:
    Created graph: 2500 edges (50.0% density)
    Running Naive...
      Run 1/2 (2545/13680)
      Run 2/2 (2546/13680)
      Mean MRE: 0.028 ± 0.018
    Running oneR...
      Run 1/2 (2547/13680)
      Run 2/2 (2548/13680)
      Mean MRE: 0.379 ± 0.233
    Running ADV++...
      Run 1/2 (2549/13680)
      Run 2/2 (2550/13680)
      Mean MRE: 0.788 ± 0.417

=== Density 0.55 (55.0%) ===

  Graph 1/5:
    Created graph: 2750 edges (55.0% density)
    Running Naive...
      Run 1/2 (2551/13680)
      Run 2/2 (2552/13680)
      Mean MRE: 0.429 ± 0.042
    Running oneR...
      Run 1/2 (2553/13680)
      Run 2/2 (2554/13680)
      Mean MRE: 0.095 ± 0.051
    Running ADV++...
      Run 1/2 (2555/13680)
      Run 2/2 (2556/13680)
      Mean MRE: 0.241 ± 0.077

  Graph 2/5:
    Created graph: 2750 edges (55.0% density)
    Running Naive...
      Run 1/2 (2557/13680)
      Run 2/2 (2558/13680)
      Mean MRE: 0.465 ± 0.084
    Running oneR...
      Run 1/2 (2559/13680)
      Run 2/2 (2560/13680)
      Mean MRE: 0.603 ± 0.142
    Running ADV++...
      Run 1/2 (2561/13680)
      Run 2/2 (2562/13680)
      Mean MRE: 0.262 ± 0.191

  Graph 3/5:
    Created graph: 2750 edges (55.0% density)
    Running Naive...
      Run 1/2 (2563/13680)
      Run 2/2 (2564/13680)
      Mean MRE: 0.507 ± 0.009
    Running oneR...
      Run 1/2 (2565/13680)
      Run 2/2 (2566/13680)
      Mean MRE: 0.193 ± 0.150
    Running ADV++...
      Run 1/2 (2567/13680)
      Run 2/2 (2568/13680)
      Mean MRE: 0.376 ± 0.127

  Graph 4/5:
    Created graph: 2750 edges (55.0% density)
    Running Naive...
      Run 1/2 (2569/13680)
      Run 2/2 (2570/13680)
      Mean MRE: 0.517 ± 0.041
    Running oneR...
      Run 1/2 (2571/13680)
      Run 2/2 (2572/13680)
      Mean MRE: 0.262 ± 0.039
    Running ADV++...
      Run 1/2 (2573/13680)
      Run 2/2 (2574/13680)
      Mean MRE: 0.005 ± 0.001

  Graph 5/5:
    Created graph: 2750 edges (55.0% density)
    Running Naive...
      Run 1/2 (2575/13680)
      Run 2/2 (2576/13680)
      Mean MRE: 0.516 ± 0.002
    Running oneR...
      Run 1/2 (2577/13680)
      Run 2/2 (2578/13680)
      Mean MRE: 0.307 ± 0.033
    Running ADV++...
      Run 1/2 (2579/13680)
      Run 2/2 (2580/13680)
      Mean MRE: 0.480 ± 0.370

=== Density 0.60 (60.0%) ===

  Graph 1/5:
    Created graph: 3000 edges (60.0% density)
    Running Naive...
      Run 1/2 (2581/13680)
      Run 2/2 (2582/13680)
      Mean MRE: 0.680 ± 0.014
    Running oneR...
      Run 1/2 (2583/13680)
      Run 2/2 (2584/13680)
      Mean MRE: 0.030 ± 0.009
    Running ADV++...
      Run 1/2 (2585/13680)
      Run 2/2 (2586/13680)
      Mean MRE: 0.205 ± 0.015

  Graph 2/5:
    Created graph: 3000 edges (60.0% density)
    Running Naive...
      Run 1/2 (2587/13680)
      Run 2/2 (2588/13680)
      Mean MRE: 0.708 ± 0.013
    Running oneR...
      Run 1/2 (2589/13680)
      Run 2/2 (2590/13680)
      Mean MRE: 0.588 ± 0.352
    Running ADV++...
      Run 1/2 (2591/13680)
      Run 2/2 (2592/13680)
      Mean MRE: 0.321 ± 0.042

  Graph 3/5:
    Created graph: 3000 edges (60.0% density)
    Running Naive...
      Run 1/2 (2593/13680)
      Run 2/2 (2594/13680)
      Mean MRE: 0.639 ± 0.003
    Running oneR...
      Run 1/2 (2595/13680)
      Run 2/2 (2596/13680)
      Mean MRE: 0.282 ± 0.145
    Running ADV++...
      Run 1/2 (2597/13680)
      Run 2/2 (2598/13680)
      Mean MRE: 0.323 ± 0.114

  Graph 4/5:
    Created graph: 3000 edges (60.0% density)
    Running Naive...
      Run 1/2 (2599/13680)
      Run 2/2 (2600/13680)
      Mean MRE: 0.725 ± 0.002
    Running oneR...
      Run 1/2 (2601/13680)
      Run 2/2 (2602/13680)
      Mean MRE: 0.260 ± 0.122
    Running ADV++...
      Run 1/2 (2603/13680)
      Run 2/2 (2604/13680)
      Mean MRE: 0.108 ± 0.098

  Graph 5/5:
    Created graph: 3000 edges (60.0% density)
    Running Naive...
      Run 1/2 (2605/13680)
      Run 2/2 (2606/13680)
      Mean MRE: 0.730 ± 0.017
    Running oneR...
      Run 1/2 (2607/13680)
      Run 2/2 (2608/13680)
      Mean MRE: 0.183 ± 0.133
    Running ADV++...
      Run 1/2 (2609/13680)
      Run 2/2 (2610/13680)
      Mean MRE: 0.243 ± 0.240

=== Density 0.65 (65.0%) ===

  Graph 1/5:
    Created graph: 3250 edges (65.0% density)
    Running Naive...
      Run 1/2 (2611/13680)
      Run 2/2 (2612/13680)
      Mean MRE: 0.825 ± 0.013
    Running oneR...
      Run 1/2 (2613/13680)
      Run 2/2 (2614/13680)
      Mean MRE: 0.333 ± 0.011
    Running ADV++...
      Run 1/2 (2615/13680)
      Run 2/2 (2616/13680)
      Mean MRE: 0.115 ± 0.038

  Graph 2/5:
    Created graph: 3250 edges (65.0% density)
    Running Naive...
      Run 1/2 (2617/13680)
      Run 2/2 (2618/13680)
      Mean MRE: 0.795 ± 0.013
    Running oneR...
      Run 1/2 (2619/13680)
      Run 2/2 (2620/13680)
      Mean MRE: 0.188 ± 0.175
    Running ADV++...
      Run 1/2 (2621/13680)
      Run 2/2 (2622/13680)
      Mean MRE: 0.116 ± 0.046

  Graph 3/5:
    Created graph: 3250 edges (65.0% density)
    Running Naive...
      Run 1/2 (2623/13680)
      Run 2/2 (2624/13680)
      Mean MRE: 0.812 ± 0.047
    Running oneR...
      Run 1/2 (2625/13680)
      Run 2/2 (2626/13680)
      Mean MRE: 0.113 ± 0.079
    Running ADV++...
      Run 1/2 (2627/13680)
      Run 2/2 (2628/13680)
      Mean MRE: 0.221 ± 0.083

  Graph 4/5:
    Created graph: 3250 edges (65.0% density)
    Running Naive...
      Run 1/2 (2629/13680)
      Run 2/2 (2630/13680)
      Mean MRE: 0.799 ± 0.009
    Running oneR...
      Run 1/2 (2631/13680)
      Run 2/2 (2632/13680)
      Mean MRE: 0.527 ± 0.262
    Running ADV++...
      Run 1/2 (2633/13680)
      Run 2/2 (2634/13680)
      Mean MRE: 0.232 ± 0.226

  Graph 5/5:
    Created graph: 3250 edges (65.0% density)
    Running Naive...
      Run 1/2 (2635/13680)
      Run 2/2 (2636/13680)
      Mean MRE: 0.804 ± 0.000
    Running oneR...
      Run 1/2 (2637/13680)
      Run 2/2 (2638/13680)
      Mean MRE: 0.164 ± 0.101
    Running ADV++...
      Run 1/2 (2639/13680)
      Run 2/2 (2640/13680)
      Mean MRE: 0.133 ± 0.028

=== Density 0.70 (70.0%) ===

  Graph 1/5:
    Created graph: 3500 edges (70.0% density)
    Running Naive...
      Run 1/2 (2641/13680)
      Run 2/2 (2642/13680)
      Mean MRE: 0.854 ± 0.004
    Running oneR...
      Run 1/2 (2643/13680)
      Run 2/2 (2644/13680)
      Mean MRE: 0.173 ± 0.105
    Running ADV++...
      Run 1/2 (2645/13680)
      Run 2/2 (2646/13680)
      Mean MRE: 0.143 ± 0.023

  Graph 2/5:
    Created graph: 3500 edges (70.0% density)
    Running Naive...
      Run 1/2 (2647/13680)
      Run 2/2 (2648/13680)
      Mean MRE: 0.853 ± 0.005
    Running oneR...
      Run 1/2 (2649/13680)
      Run 2/2 (2650/13680)
      Mean MRE: 0.125 ± 0.026
    Running ADV++...
      Run 1/2 (2651/13680)
      Run 2/2 (2652/13680)
      Mean MRE: 0.051 ± 0.014

  Graph 3/5:
    Created graph: 3500 edges (70.0% density)
    Running Naive...
      Run 1/2 (2653/13680)
      Run 2/2 (2654/13680)
      Mean MRE: 0.867 ± 0.024
    Running oneR...
      Run 1/2 (2655/13680)
      Run 2/2 (2656/13680)
      Mean MRE: 0.175 ± 0.147
    Running ADV++...
      Run 1/2 (2657/13680)
      Run 2/2 (2658/13680)
      Mean MRE: 0.143 ± 0.033

  Graph 4/5:
    Created graph: 3500 edges (70.0% density)
    Running Naive...
      Run 1/2 (2659/13680)
      Run 2/2 (2660/13680)
      Mean MRE: 0.858 ± 0.001
    Running oneR...
      Run 1/2 (2661/13680)
      Run 2/2 (2662/13680)
      Mean MRE: 0.235 ± 0.176
    Running ADV++...
      Run 1/2 (2663/13680)
      Run 2/2 (2664/13680)
      Mean MRE: 0.179 ± 0.167

  Graph 5/5:
    Created graph: 3500 edges (70.0% density)
    Running Naive...
      Run 1/2 (2665/13680)
      Run 2/2 (2666/13680)
      Mean MRE: 0.862 ± 0.013
    Running oneR...
      Run 1/2 (2667/13680)
      Run 2/2 (2668/13680)
      Mean MRE: 0.394 ± 0.210
    Running ADV++...
      Run 1/2 (2669/13680)
      Run 2/2 (2670/13680)
      Mean MRE: 0.223 ± 0.016

=== Density 0.75 (75.0%) ===

  Graph 1/5:
    Created graph: 3750 edges (75.0% density)
    Running Naive...
      Run 1/2 (2671/13680)
      Run 2/2 (2672/13680)
      Mean MRE: 0.907 ± 0.006
    Running oneR...
      Run 1/2 (2673/13680)
      Run 2/2 (2674/13680)
      Mean MRE: 0.301 ± 0.198
    Running ADV++...
      Run 1/2 (2675/13680)
      Run 2/2 (2676/13680)
      Mean MRE: 0.065 ± 0.014

  Graph 2/5:
    Created graph: 3750 edges (75.0% density)
    Running Naive...
      Run 1/2 (2677/13680)
      Run 2/2 (2678/13680)
      Mean MRE: 0.902 ± 0.000
    Running oneR...
      Run 1/2 (2679/13680)
      Run 2/2 (2680/13680)
      Mean MRE: 0.215 ± 0.208
    Running ADV++...
      Run 1/2 (2681/13680)
      Run 2/2 (2682/13680)
      Mean MRE: 0.037 ± 0.014

  Graph 3/5:
    Created graph: 3750 edges (75.0% density)
    Running Naive...
      Run 1/2 (2683/13680)
      Run 2/2 (2684/13680)
      Mean MRE: 0.907 ± 0.005
    Running oneR...
      Run 1/2 (2685/13680)
      Run 2/2 (2686/13680)
      Mean MRE: 0.151 ± 0.107
    Running ADV++...
      Run 1/2 (2687/13680)
      Run 2/2 (2688/13680)
      Mean MRE: 0.089 ± 0.001

  Graph 4/5:
    Created graph: 3750 edges (75.0% density)
    Running Naive...
      Run 1/2 (2689/13680)
      Run 2/2 (2690/13680)
      Mean MRE: 0.899 ± 0.004
    Running oneR...
      Run 1/2 (2691/13680)
      Run 2/2 (2692/13680)
      Mean MRE: 0.077 ± 0.072
    Running ADV++...
      Run 1/2 (2693/13680)
      Run 2/2 (2694/13680)
      Mean MRE: 0.034 ± 0.022

  Graph 5/5:
    Created graph: 3750 edges (75.0% density)
    Running Naive...
      Run 1/2 (2695/13680)
      Run 2/2 (2696/13680)
      Mean MRE: 0.906 ± 0.001
    Running oneR...
      Run 1/2 (2697/13680)
      Run 2/2 (2698/13680)
      Mean MRE: 0.254 ± 0.094
    Running ADV++...
      Run 1/2 (2699/13680)
      Run 2/2 (2700/13680)
      Mean MRE: 0.106 ± 0.092

=== Density 0.80 (80.0%) ===

  Graph 1/5:
    Created graph: 4000 edges (80.0% density)
    Running Naive...
      Run 1/2 (2701/13680)
      Run 2/2 (2702/13680)
      Mean MRE: 0.938 ± 0.001
    Running oneR...
      Run 1/2 (2703/13680)
      Run 2/2 (2704/13680)
      Mean MRE: 0.116 ± 0.023
    Running ADV++...
      Run 1/2 (2705/13680)
      Run 2/2 (2706/13680)
      Mean MRE: 0.049 ± 0.009

  Graph 2/5:
    Created graph: 4000 edges (80.0% density)
    Running Naive...
      Run 1/2 (2707/13680)
      Run 2/2 (2708/13680)
      Mean MRE: 0.929 ± 0.007
    Running oneR...
      Run 1/2 (2709/13680)
      Run 2/2 (2710/13680)
      Mean MRE: 0.084 ± 0.046
    Running ADV++...
      Run 1/2 (2711/13680)
      Run 2/2 (2712/13680)
      Mean MRE: 0.203 ± 0.129

  Graph 3/5:
    Created graph: 4000 edges (80.0% density)
    Running Naive...
      Run 1/2 (2713/13680)
      Run 2/2 (2714/13680)
      Mean MRE: 0.927 ± 0.006
    Running oneR...
      Run 1/2 (2715/13680)
      Run 2/2 (2716/13680)
      Mean MRE: 0.115 ± 0.041
    Running ADV++...
      Run 1/2 (2717/13680)
      Run 2/2 (2718/13680)
      Mean MRE: 0.330 ± 0.041

  Graph 4/5:
    Created graph: 4000 edges (80.0% density)
    Running Naive...
      Run 1/2 (2719/13680)
      Run 2/2 (2720/13680)
      Mean MRE: 0.929 ± 0.014
    Running oneR...
      Run 1/2 (2721/13680)
      Run 2/2 (2722/13680)
      Mean MRE: 0.136 ± 0.035
    Running ADV++...
      Run 1/2 (2723/13680)
      Run 2/2 (2724/13680)
      Mean MRE: 0.220 ± 0.092

  Graph 5/5:
    Created graph: 4000 edges (80.0% density)
    Running Naive...
      Run 1/2 (2725/13680)
      Run 2/2 (2726/13680)
      Mean MRE: 0.930 ± 0.001
    Running oneR...
      Run 1/2 (2727/13680)
      Run 2/2 (2728/13680)
      Mean MRE: 0.225 ± 0.183
    Running ADV++...
      Run 1/2 (2729/13680)
      Run 2/2 (2730/13680)
      Mean MRE: 0.150 ± 0.004

=== Density 0.85 (85.0%) ===

  Graph 1/5:
    Created graph: 4250 edges (85.0% density)
    Running Naive...
      Run 1/2 (2731/13680)
      Run 2/2 (2732/13680)
      Mean MRE: 0.946 ± 0.005
    Running oneR...
      Run 1/2 (2733/13680)
      Run 2/2 (2734/13680)
      Mean MRE: 0.090 ± 0.014
    Running ADV++...
      Run 1/2 (2735/13680)
      Run 2/2 (2736/13680)
      Mean MRE: 0.116 ± 0.064

  Graph 2/5:
    Created graph: 4250 edges (85.0% density)
    Running Naive...
      Run 1/2 (2737/13680)
      Run 2/2 (2738/13680)
      Mean MRE: 0.952 ± 0.002
    Running oneR...
      Run 1/2 (2739/13680)
      Run 2/2 (2740/13680)
      Mean MRE: 0.138 ± 0.028
    Running ADV++...
      Run 1/2 (2741/13680)
      Run 2/2 (2742/13680)
      Mean MRE: 0.248 ± 0.073

  Graph 3/5:
    Created graph: 4250 edges (85.0% density)
    Running Naive...
      Run 1/2 (2743/13680)
      Run 2/2 (2744/13680)
      Mean MRE: 0.953 ± 0.001
    Running oneR...
      Run 1/2 (2745/13680)
      Run 2/2 (2746/13680)
      Mean MRE: 0.230 ± 0.031
    Running ADV++...
      Run 1/2 (2747/13680)
      Run 2/2 (2748/13680)
      Mean MRE: 0.125 ± 0.029

  Graph 4/5:
    Created graph: 4250 edges (85.0% density)
    Running Naive...
      Run 1/2 (2749/13680)
      Run 2/2 (2750/13680)
      Mean MRE: 0.950 ± 0.003
    Running oneR...
      Run 1/2 (2751/13680)
      Run 2/2 (2752/13680)
      Mean MRE: 0.134 ± 0.003
    Running ADV++...
      Run 1/2 (2753/13680)
      Run 2/2 (2754/13680)
      Mean MRE: 0.216 ± 0.036

  Graph 5/5:
    Created graph: 4250 edges (85.0% density)
    Running Naive...
      Run 1/2 (2755/13680)
      Run 2/2 (2756/13680)
      Mean MRE: 0.956 ± 0.004
    Running oneR...
      Run 1/2 (2757/13680)
      Run 2/2 (2758/13680)
      Mean MRE: 0.059 ± 0.049
    Running ADV++...
      Run 1/2 (2759/13680)
      Run 2/2 (2760/13680)
      Mean MRE: 0.237 ± 0.017

=== Density 0.90 (90.0%) ===

  Graph 1/5:
    Created graph: 4500 edges (90.0% density)
    Running Naive...
      Run 1/2 (2761/13680)
      Run 2/2 (2762/13680)
      Mean MRE: 0.952 ± 0.003
    Running oneR...
      Run 1/2 (2763/13680)
      Run 2/2 (2764/13680)
      Mean MRE: 0.138 ± 0.032
    Running ADV++...
      Run 1/2 (2765/13680)
      Run 2/2 (2766/13680)
      Mean MRE: 0.139 ± 0.134

  Graph 2/5:
    Created graph: 4500 edges (90.0% density)
    Running Naive...
      Run 1/2 (2767/13680)
      Run 2/2 (2768/13680)
      Mean MRE: 0.962 ± 0.002
    Running oneR...
      Run 1/2 (2769/13680)
      Run 2/2 (2770/13680)
      Mean MRE: 0.108 ± 0.030
    Running ADV++...
      Run 1/2 (2771/13680)
      Run 2/2 (2772/13680)
      Mean MRE: 0.112 ± 0.074

  Graph 3/5:
    Created graph: 4500 edges (90.0% density)
    Running Naive...
      Run 1/2 (2773/13680)
      Run 2/2 (2774/13680)
      Mean MRE: 0.965 ± 0.001
    Running oneR...
      Run 1/2 (2775/13680)
      Run 2/2 (2776/13680)
      Mean MRE: 0.110 ± 0.051
    Running ADV++...
      Run 1/2 (2777/13680)
      Run 2/2 (2778/13680)
      Mean MRE: 0.161 ± 0.029

  Graph 4/5:
    Created graph: 4500 edges (90.0% density)
    Running Naive...
      Run 1/2 (2779/13680)
      Run 2/2 (2780/13680)
      Mean MRE: 0.963 ± 0.005
    Running oneR...
      Run 1/2 (2781/13680)
      Run 2/2 (2782/13680)
      Mean MRE: 0.046 ± 0.005
    Running ADV++...
      Run 1/2 (2783/13680)
      Run 2/2 (2784/13680)
      Mean MRE: 0.248 ± 0.029

  Graph 5/5:
    Created graph: 4500 edges (90.0% density)
    Running Naive...
      Run 1/2 (2785/13680)
      Run 2/2 (2786/13680)
      Mean MRE: 0.963 ± 0.005
    Running oneR...
      Run 1/2 (2787/13680)
      Run 2/2 (2788/13680)
      Mean MRE: 0.087 ± 0.021
    Running ADV++...
      Run 1/2 (2789/13680)
      Run 2/2 (2790/13680)
      Mean MRE: 0.193 ± 0.169

=== Density 0.95 (95.0%) ===

  Graph 1/5:
    Created graph: 4750 edges (95.0% density)
    Running Naive...
      Run 1/2 (2791/13680)
      Run 2/2 (2792/13680)
      Mean MRE: 0.970 ± 0.001
    Running oneR...
      Run 1/2 (2793/13680)
      Run 2/2 (2794/13680)
      Mean MRE: 0.288 ± 0.015
    Running ADV++...
      Run 1/2 (2795/13680)
      Run 2/2 (2796/13680)
      Mean MRE: 0.026 ± 0.013

  Graph 2/5:
    Created graph: 4750 edges (95.0% density)
    Running Naive...
      Run 1/2 (2797/13680)
      Run 2/2 (2798/13680)
      Mean MRE: 0.971 ± 0.001
    Running oneR...
      Run 1/2 (2799/13680)
      Run 2/2 (2800/13680)
      Mean MRE: 0.135 ± 0.057
    Running ADV++...
      Run 1/2 (2801/13680)
      Run 2/2 (2802/13680)
      Mean MRE: 0.220 ± 0.102

  Graph 3/5:
    Created graph: 4750 edges (95.0% density)
    Running Naive...
      Run 1/2 (2803/13680)
      Run 2/2 (2804/13680)
      Mean MRE: 0.972 ± 0.003
    Running oneR...
      Run 1/2 (2805/13680)
      Run 2/2 (2806/13680)
      Mean MRE: 0.077 ± 0.052
    Running ADV++...
      Run 1/2 (2807/13680)
      Run 2/2 (2808/13680)
      Mean MRE: 0.033 ± 0.030

  Graph 4/5:
    Created graph: 4750 edges (95.0% density)
    Running Naive...
      Run 1/2 (2809/13680)
      Run 2/2 (2810/13680)
      Mean MRE: 0.971 ± 0.002
    Running oneR...
      Run 1/2 (2811/13680)
      Run 2/2 (2812/13680)
      Mean MRE: 0.038 ± 0.021
    Running ADV++...
      Run 1/2 (2813/13680)
      Run 2/2 (2814/13680)
      Mean MRE: 0.138 ± 0.038

  Graph 5/5:
    Created graph: 4750 edges (95.0% density)
    Running Naive...
      Run 1/2 (2815/13680)
      Run 2/2 (2816/13680)
      Mean MRE: 0.971 ± 0.002
    Running oneR...
      Run 1/2 (2817/13680)
      Run 2/2 (2818/13680)
      Mean MRE: 0.086 ± 0.049
    Running ADV++...
      Run 1/2 (2819/13680)
      Run 2/2 (2820/13680)
      Mean MRE: 0.051 ± 0.022

=== Density 1.00 (100.0%) ===

  Graph 1/5:
    Created graph: 5000 edges (100.0% density)
    Running Naive...
      Run 1/2 (2821/13680)
      Run 2/2 (2822/13680)
      Mean MRE: 0.980 ± 0.000
    Running oneR...
      Run 1/2 (2823/13680)
      Run 2/2 (2824/13680)
      Mean MRE: 0.166 ± 0.107
    Running ADV++...
      Run 1/2 (2825/13680)
      Run 2/2 (2826/13680)
      Mean MRE: 0.160 ± 0.023

  Graph 2/5:
    Created graph: 5000 edges (100.0% density)
    Running Naive...
      Run 1/2 (2827/13680)
      Run 2/2 (2828/13680)
      Mean MRE: 0.976 ± 0.001
    Running oneR...
      Run 1/2 (2829/13680)
      Run 2/2 (2830/13680)
      Mean MRE: 0.025 ± 0.015
    Running ADV++...
      Run 1/2 (2831/13680)
      Run 2/2 (2832/13680)
      Mean MRE: 0.098 ± 0.050

  Graph 3/5:
    Created graph: 5000 edges (100.0% density)
    Running Naive...
      Run 1/2 (2833/13680)
      Run 2/2 (2834/13680)
      Mean MRE: 0.975 ± 0.002
    Running oneR...
      Run 1/2 (2835/13680)
      Run 2/2 (2836/13680)
      Mean MRE: 0.091 ± 0.009
    Running ADV++...
      Run 1/2 (2837/13680)
      Run 2/2 (2838/13680)
      Mean MRE: 0.360 ± 0.034

  Graph 4/5:
    Created graph: 5000 edges (100.0% density)
    Running Naive...
      Run 1/2 (2839/13680)
      Run 2/2 (2840/13680)
      Mean MRE: 0.976 ± 0.002
    Running oneR...
      Run 1/2 (2841/13680)
      Run 2/2 (2842/13680)
      Mean MRE: 0.114 ± 0.042
    Running ADV++...
      Run 1/2 (2843/13680)
      Run 2/2 (2844/13680)
      Mean MRE: 0.166 ± 0.013

  Graph 5/5:
    Created graph: 5000 edges (100.0% density)
    Running Naive...
      Run 1/2 (2845/13680)
      Run 2/2 (2846/13680)
      Mean MRE: 0.978 ± 0.000
    Running oneR...
      Run 1/2 (2847/13680)
      Run 2/2 (2848/13680)
      Mean MRE: 0.176 ± 0.033
    Running ADV++...
      Run 1/2 (2849/13680)
      Run 2/2 (2850/13680)
      Mean MRE: 0.191 ± 0.184

--- P=3, Q=5 ---

=== Density 0.10 (10.0%) ===

  Graph 1/5:
    Created graph: 500 edges (10.0% density)
    Running Naive...
      Run 1/2 (2851/13680)
      Run 2/2 (2852/13680)
      Mean MRE: inf ± nan
    Running oneR...
      Run 1/2 (2853/13680)
        Failed: Algorithm timed out
      Run 2/2 (2854/13680)
        Failed: Algorithm timed out
    Running ADV++...
      Run 1/2 (2855/13680)
      Run 2/2 (2856/13680)
      Mean MRE: inf ± nan

  Graph 2/5:
    Created graph: 500 edges (10.0% density)
    Running Naive...
      Run 1/2 (2857/13680)
      Run 2/2 (2858/13680)
      Mean MRE: inf ± nan
    Running oneR...
      Run 1/2 (2859/13680)
        Failed: Algorithm timed out
      Run 2/2 (2860/13680)
        Failed: Algorithm timed out
    Running ADV++...
      Run 1/2 (2861/13680)
      Run 2/2 (2862/13680)
      Mean MRE: inf ± nan

  Graph 3/5:
    Created graph: 500 edges (10.0% density)
    Running Naive...
      Run 1/2 (2863/13680)
      Run 2/2 (2864/13680)
      Mean MRE: inf ± nan
    Running oneR...
      Run 1/2 (2865/13680)
        Failed: Algorithm timed out
      Run 2/2 (2866/13680)
        Failed: Algorithm timed out
    Running ADV++...
      Run 1/2 (2867/13680)
      Run 2/2 (2868/13680)
      Mean MRE: inf ± nan

  Graph 4/5:
    Created graph: 500 edges (10.0% density)
    Running Naive...
      Run 1/2 (2869/13680)
      Run 2/2 (2870/13680)
      Mean MRE: inf ± nan
    Running oneR...
      Run 1/2 (2871/13680)
        Failed: Algorithm timed out
      Run 2/2 (2872/13680)
        Failed: Algorithm timed out
    Running ADV++...
      Run 1/2 (2873/13680)
      Run 2/2 (2874/13680)
      Mean MRE: inf ± nan

  Graph 5/5:
    Created graph: 500 edges (10.0% density)
    Running Naive...
      Run 1/2 (2875/13680)
      Run 2/2 (2876/13680)
      Mean MRE: inf ± nan
    Running oneR...
      Run 1/2 (2877/13680)
        Failed: Algorithm timed out
      Run 2/2 (2878/13680)
        Failed: Algorithm timed out
    Running ADV++...
      Run 1/2 (2879/13680)
      Run 2/2 (2880/13680)
      Mean MRE: inf ± nan

=== Density 0.15 (15.0%) ===

  Graph 1/5:
    Created graph: 750 edges (15.0% density)
    Running Naive...
      Run 1/2 (2881/13680)
      Run 2/2 (2882/13680)
      Mean MRE: inf ± nan
    Running oneR...
      Run 1/2 (2883/13680)
        Failed: Algorithm timed out
      Run 2/2 (2884/13680)
        Failed: Algorithm timed out
    Running ADV++...
      Run 1/2 (2885/13680)
      Run 2/2 (2886/13680)
      Mean MRE: inf ± nan

  Graph 2/5:
    Created graph: 750 edges (15.0% density)
    Running Naive...
      Run 1/2 (2887/13680)
      Run 2/2 (2888/13680)
      Mean MRE: inf ± nan
    Running oneR...
      Run 1/2 (2889/13680)
        Failed: Algorithm timed out
      Run 2/2 (2890/13680)
        Failed: Algorithm timed out
    Running ADV++...
      Run 1/2 (2891/13680)
      Run 2/2 (2892/13680)
      Mean MRE: inf ± nan

  Graph 3/5:
    Created graph: 750 edges (15.0% density)
    Running Naive...
      Run 1/2 (2893/13680)
      Run 2/2 (2894/13680)
      Mean MRE: inf ± nan
    Running oneR...
      Run 1/2 (2895/13680)
        Failed: Algorithm timed out
      Run 2/2 (2896/13680)
        Failed: Algorithm timed out
    Running ADV++...
      Run 1/2 (2897/13680)
      Run 2/2 (2898/13680)
      Mean MRE: inf ± nan

  Graph 4/5:
    Created graph: 750 edges (15.0% density)
    Running Naive...
      Run 1/2 (2899/13680)
      Run 2/2 (2900/13680)
      Mean MRE: 166157.500 ± 29906.500
    Running oneR...
      Run 1/2 (2901/13680)
        Failed: Algorithm timed out
      Run 2/2 (2902/13680)
        Failed: Algorithm timed out
    Running ADV++...
      Run 1/2 (2903/13680)
      Run 2/2 (2904/13680)
      Mean MRE: 21002177.473 ± 19116066.480

  Graph 5/5:
    Created graph: 750 edges (15.0% density)
    Running Naive...
      Run 1/2 (2905/13680)
      Run 2/2 (2906/13680)
      Mean MRE: 116636.500 ± 25413.500
    Running oneR...
      Run 1/2 (2907/13680)
        Failed: Algorithm timed out
      Run 2/2 (2908/13680)
        Failed: Algorithm timed out
    Running ADV++...
      Run 1/2 (2909/13680)
      Run 2/2 (2910/13680)
      Mean MRE: 41541541.094 ± 28091368.054

=== Density 0.20 (20.0%) ===

  Graph 1/5:
    Created graph: 1000 edges (20.0% density)
    Running Naive...
      Run 1/2 (2911/13680)
      Run 2/2 (2912/13680)
      Mean MRE: 11024.093 ± 3432.706
    Running oneR...
      Run 1/2 (2913/13680)
        Failed: Algorithm timed out
      Run 2/2 (2914/13680)
        Failed: Algorithm timed out
    Running ADV++...
      Run 1/2 (2915/13680)
      Run 2/2 (2916/13680)
      Mean MRE: 929030.126 ± 120958.759

  Graph 2/5:
    Created graph: 1000 edges (20.0% density)
    Running Naive...
      Run 1/2 (2917/13680)
      Run 2/2 (2918/13680)
      Mean MRE: 12984.660 ± 4910.140
    Running oneR...
      Run 1/2 (2919/13680)
        Failed: Algorithm timed out
      Run 2/2 (2920/13680)
        Failed: Algorithm timed out
    Running ADV++...
      Run 1/2 (2921/13680)
      Run 2/2 (2922/13680)
      Mean MRE: 705781.072 ± 660676.441

  Graph 3/5:
    Created graph: 1000 edges (20.0% density)
    Running Naive...
      Run 1/2 (2923/13680)
      Run 2/2 (2924/13680)
      Mean MRE: 9117.700 ± 2059.910
    Running oneR...
      Run 1/2 (2925/13680)
        Failed: Algorithm timed out
      Run 2/2 (2926/13680)
        Failed: Algorithm timed out
    Running ADV++...
      Run 1/2 (2927/13680)
      Run 2/2 (2928/13680)
      Mean MRE: 592217.414 ± 185372.590

  Graph 4/5:
    Created graph: 1000 edges (20.0% density)
    Running Naive...
      Run 1/2 (2929/13680)
      Run 2/2 (2930/13680)
      Mean MRE: 12039.165 ± 3993.535
    Running oneR...
      Run 1/2 (2931/13680)
