Vertex Pair Variance Analysis
Upper vertices: 73, Lower vertices: 251
Edges: 328
Rounds: 5

u	w	Variance	StdDev	MeanEst
22	149	19.904877	4.461488	2.284927
19	215	17.451273	4.177472	2.395525
62	28	16.688514	4.085158	2.011315
45	216	16.194378	4.024224	1.986537
32	80	16.052599	4.006570	3.261777
40	151	15.906364	3.988278	2.220326
8	20	14.382767	3.792462	2.396349
35	253	14.254828	3.775557	2.055342
66	253	13.801747	3.715070	1.804264
15	174	13.718642	3.703869	2.334973
17	30	13.362462	3.655470	1.925784
5	229	13.346530	3.653290	1.855316
52	93	13.343968	3.652940	1.741985
38	202	13.136207	3.624391	1.777342
4	132	11.756370	3.428756	1.905347
18	87	11.640679	3.411844	1.969314
16	227	11.378498	3.373203	2.063950
65	7	11.305101	3.362306	1.667712
52	255	11.303031	3.361998	1.554778
50	71	10.949984	3.309076	2.022317
51	228	10.877969	3.298177	1.804995
61	125	10.672303	3.266849	1.964845
29	25	10.632418	3.260739	1.997300
72	192	10.523577	3.244006	2.284590
16	36	10.426362	3.228988	1.805678
49	253	10.362577	3.219096	1.439623
46	110	10.293333	3.208322	1.529238
72	225	10.274955	3.205457	1.433524
33	95	10.181732	3.190883	1.877867
68	77	10.001919	3.162581	1.973455
10	247	9.972082	3.157860	1.638042
56	126	9.932784	3.151632	2.280841
53	48	9.847868	3.138131	1.998273
65	100	9.808175	3.131801	1.723121
68	93	9.775583	3.126593	1.462511
55	83	9.441432	3.072691	1.754641
63	27	9.437731	3.072089	1.373880
40	206	9.407819	3.067217	1.703436
40	239	9.401805	3.066236	1.757725
57	166	9.347311	3.057337	1.448970
21	207	9.322020	3.053198	2.355816
40	61	9.240337	3.039792	1.494659
72	68	9.238937	3.039562	2.562619
35	170	9.179546	3.029777	2.013479
36	210	9.169290	3.028083	2.275064
12	205	9.117570	3.019531	1.701174
35	73	9.084466	3.014045	2.204059
40	205	9.017642	3.002939	2.138824
56	163	8.950873	2.991801	2.432424
1	206	8.948061	2.991331	1.423599
46	91	8.937491	2.989564	1.483119
70	101	8.905645	2.984233	1.419110
61	117	8.854790	2.975700	1.533836
12	54	8.801178	2.966678	1.344792
22	247	8.782197	2.963477	1.459867
49	41	8.768635	2.961188	1.602322
23	242	8.710401	2.951339	2.106442
62	104	8.627841	2.937319	1.313609
63	191	8.573520	2.928057	1.731997
45	149	8.471319	2.910553	1.759097
9	151	8.422349	2.902128	1.839895
17	203	8.342568	2.888350	1.530770
37	33	8.337688	2.887506	1.798484
21	21	8.268691	2.875533	1.593919
64	119	8.246221	2.871623	1.590787
12	251	8.220850	2.867203	1.782995
16	29	8.219214	2.866917	2.294949
14	117	8.209186	2.865168	1.463456
26	99	8.178681	2.859839	1.850442
24	39	8.177687	2.859666	1.763742
4	43	8.176643	2.859483	1.671537
51	44	8.175972	2.859366	1.603386
40	15	8.042020	2.835845	1.268229
10	15	8.029572	2.833650	2.077932
1	72	7.987414	2.826201	1.492910
37	35	7.929161	2.815877	1.259298
41	155	7.916817	2.813684	2.382690
29	168	7.868512	2.805087	2.222161
30	167	7.859934	2.803557	1.258989
72	52	7.826322	2.797556	2.093031
60	5	7.802066	2.793218	2.417706
39	184	7.787968	2.790693	1.932743
35	203	7.732971	2.780822	1.805901
23	78	7.720926	2.778656	1.948265
61	56	7.714351	2.777472	1.783160
72	152	7.709151	2.776536	2.333272
47	165	7.685053	2.772193	1.255667
61	188	7.628690	2.762008	2.118199
70	64	7.622817	2.760945	1.337319
36	173	7.599750	2.756764	1.400433
17	65	7.571246	2.751590	1.230548
23	252	7.568416	2.751075	1.580958
73	36	7.567195	2.750854	2.558525
24	233	7.566273	2.750686	2.270996
22	110	7.506771	2.739849	1.943690
68	89	7.488669	2.736543	1.461563
60	81	7.440128	2.727660	1.739301
59	51	7.430407	2.725877	1.393729
59	111	7.405849	2.721369	1.530055
53	102	7.324285	2.706342	1.352639
49	173	7.321223	2.705776	1.458589
44	199	7.273327	2.696911	1.448524
46	122	7.254315	2.693384	2.064512
35	222	7.237925	2.690339	1.564392
38	207	7.224097	2.687768	2.235173
23	149	7.191518	2.681701	1.652919
2	25	7.168839	2.677469	1.445282
41	81	7.157713	2.675390	1.626670
70	82	7.142260	2.672501	1.205413
68	23	7.100764	2.664726	1.778185
39	244	7.097280	2.664072	1.781170
21	34	7.097196	2.664056	1.966001
6	254	7.068138	2.658597	2.328257
49	170	7.067141	2.658410	1.646459
39	35	7.028436	2.651120	1.567237
35	237	6.987743	2.643434	2.108436
2	104	6.976172	2.641244	1.181200
39	217	6.972896	2.640624	1.421542
8	37	6.946706	2.635660	1.709448
32	11	6.941618	2.634695	1.993753
7	146	6.935960	2.633621	1.177791
9	63	6.916211	2.629869	1.976437
4	169	6.876722	2.622351	1.599511
68	236	6.875255	2.622071	1.953255
41	31	6.860843	2.619321	1.586944
33	59	6.838017	2.614960	1.978235
44	77	6.817948	2.611120	1.167728
19	53	6.814476	2.610455	1.201479
11	65	6.791825	2.606113	1.364428
24	245	6.769547	2.601835	2.233220
34	187	6.766876	2.601322	2.010839
64	252	6.742544	2.596641	1.180255
70	198	6.711253	2.590609	1.609630
14	141	6.682042	2.584965	1.168355
1	23	6.599666	2.568981	1.350546
23	134	6.596545	2.568374	1.600857
54	17	6.564622	2.562152	1.236388
6	212	6.553158	2.559914	1.539982
48	212	6.525407	2.554488	1.234012
55	138	6.521644	2.553751	1.142637
17	84	6.513721	2.552199	1.359081
61	135	6.509107	2.551295	1.864048
1	184	6.481575	2.545894	1.890553
5	224	6.467746	2.543176	1.259618
23	192	6.463245	2.542291	1.136947
63	15	6.446054	2.538908	1.135434
68	205	6.412148	2.532222	1.548927
49	222	6.412058	2.532204	1.144395
12	82	6.388938	2.527635	1.695119
37	252	6.371707	2.524224	1.258404
42	60	6.351662	2.520250	1.512657
66	173	6.344836	2.518896	1.221820
11	51	6.340298	2.517995	1.127680
26	150	6.316835	2.513331	1.744995
18	251	6.304137	2.510804	1.542544
35	182	6.259042	2.501808	1.411005
20	182	6.246584	2.499317	1.117728
13	123	6.241864	2.498372	1.612445
36	163	6.237356	2.497470	1.461570
42	246	6.229055	2.495807	1.137468
2	45	6.196235	2.489224	2.381081
34	43	6.181620	2.486286	1.562263
39	139	6.175652	2.485086	1.655168
18	176	6.170421	2.484033	1.389881
57	157	6.168795	2.483706	1.668247
42	220	6.155926	2.481114	1.465670
47	22	6.149665	2.479852	1.494574
71	21	6.127891	2.475458	2.289386
42	157	6.124890	2.474851	2.109816
49	254	6.105454	2.470922	1.678280
9	236	6.093136	2.468428	1.950743
28	4	6.037345	2.457101	1.719455
29	166	6.025307	2.454650	1.361980
72	91	6.012353	2.452010	1.096572
40	30	6.002061	2.449910	1.488930
32	1	5.996131	2.448700	1.466741
24	16	5.992123	2.447881	1.426510
34	210	5.989299	2.447304	1.168169
13	105	5.943471	2.437923	1.382213
2	1	5.933751	2.435929	2.333168
62	32	5.917449	2.432581	1.288670
39	142	5.893500	2.427653	2.052717
27	205	5.888027	2.426526	1.172889
28	92	5.863404	2.421447	1.267318
65	76	5.815322	2.411498	2.264542
3	77	5.805190	2.409396	1.585752
71	87	5.801879	2.408709	1.590475
18	224	5.781860	2.404550	1.364983
2	217	5.761014	2.400211	1.964755
68	109	5.755466	2.399055	1.156060
19	6	5.754284	2.398809	2.264338
60	21	5.751408	2.398209	1.661035
21	250	5.751092	2.398143	1.604536
21	247	5.744278	2.396722	1.071847
44	31	5.727261	2.393170	2.004826
1	74	5.717682	2.391168	1.128408
41	250	5.712690	2.390123	1.068896
56	191	5.709476	2.389451	1.284676
40	169	5.676532	2.382547	1.189814
32	239	5.671620	2.381516	1.065047
69	204	5.669055	2.380978	1.163307
62	105	5.668586	2.380879	1.639385
66	54	5.635431	2.373906	1.455681
56	102	5.592307	2.364806	1.856098
40	249	5.585787	2.363427	1.800961
18	181	5.567361	2.359526	1.191686
56	205	5.563517	2.358711	1.205200
20	208	5.554697	2.356840	1.342581
9	197	5.552771	2.356432	1.286934
23	95	5.547697	2.355355	1.257452
15	42	5.535662	2.352799	1.053218
21	6	5.526298	2.350808	1.640065
51	65	5.526027	2.350750	1.724251
38	210	5.515873	2.348590	1.199345
40	117	5.515805	2.348575	1.543756
15	253	5.484101	2.341816	1.122230
22	40	5.475952	2.340075	1.046513
51	60	5.474858	2.339841	1.263862
68	56	5.471967	2.339224	2.223236
73	156	5.471662	2.339158	1.756483
24	191	5.468401	2.338461	1.876585
42	83	5.465385	2.337816	1.609776
3	228	5.441457	2.332693	1.788631
43	194	5.435858	2.331493	1.051545
29	235	5.430140	2.330266	1.438755
15	4	5.426385	2.329460	2.128083
22	81	5.411053	2.326167	1.268757
70	93	5.406330	2.325152	1.847832
1	249	5.406030	2.325087	2.132801
31	103	5.405335	2.324938	1.376103
45	47	5.380664	2.319626	2.039633
49	158	5.378610	2.319183	1.740441
66	1	5.376917	2.318818	1.402031
48	224	5.373335	2.318046	1.628527
45	155	5.370402	2.317413	1.411973
22	140	5.369539	2.317227	1.432518
10	249	5.352101	2.313461	1.034611
39	256	5.351645	2.313362	1.617441
41	22	5.324810	2.307555	1.311092
51	29	5.323389	2.307247	1.270689
57	97	5.300946	2.302378	1.185537
1	230	5.298102	2.301761	1.079379
36	178	5.297958	2.301729	1.748073
18	200	5.296053	2.301316	1.226929
57	238	5.292035	2.300442	2.185922
41	92	5.254418	2.292252	1.343106
55	105	5.253524	2.292057	1.089020
14	160	5.245888	2.290390	1.384935
18	71	5.239636	2.289025	1.775728
57	142	5.217804	2.284251	1.095858
73	76	5.214612	2.283553	1.474225
24	188	5.209254	2.282379	1.707585
16	55	5.207125	2.281913	2.545484
20	144	5.203464	2.281110	1.294940
54	134	5.188556	2.277840	1.456168
7	234	5.180825	2.276143	1.128491
51	107	5.168938	2.273530	1.016753
25	167	5.162307	2.272071	1.930435
49	90	5.155864	2.270653	1.687331
61	247	5.126596	2.264199	1.713416
59	221	5.125872	2.264039	1.270915
56	216	5.125001	2.263847	1.012423
10	165	5.098410	2.257966	1.430645
35	129	5.079331	2.253737	1.747319
64	11	5.073230	2.252383	1.031457
4	239	5.057005	2.248779	1.170411
56	61	5.044070	2.245901	1.783749
2	254	5.040466	2.245098	1.473596
53	158	5.032787	2.243387	1.671284
35	171	5.032350	2.243290	1.075701
69	29	5.030479	2.242873	1.096586
71	67	5.029874	2.242738	1.316958
61	25	5.021324	2.240831	1.161805
32	247	5.014743	2.239362	1.476184
40	27	5.014243	2.239251	1.285896
67	119	5.013573	2.239101	1.729512
13	29	5.005297	2.237252	2.294184
72	243	5.004859	2.237154	2.612799
39	219	5.002223	2.236565	2.232135
71	40	5.000720	2.236229	1.057556
36	196	4.996544	2.235295	0.999654
69	235	4.989319	2.233678	1.904566
6	194	4.989083	2.233626	2.303591
71	252	4.985683	2.232864	1.672774
54	166	4.981206	2.231862	1.361101
1	113	4.971151	2.229608	2.201191
66	217	4.971073	2.229590	1.085311
37	169	4.966847	2.228642	1.196981
3	148	4.960760	2.227276	1.356542
40	90	4.954308	2.225828	1.075899
66	167	4.933918	2.221242	1.077091
20	190	4.902664	2.214196	1.592668
14	93	4.897119	2.212943	1.067684
33	173	4.897081	2.212935	1.466346
46	77	4.879614	2.208985	1.717003
22	164	4.854352	2.203259	1.161038
26	34	4.839241	2.199827	1.915075
57	178	4.837147	2.199351	1.053411
38	72	4.836725	2.199256	1.991341
26	67	4.836047	2.199101	2.172506
68	10	4.830245	2.197782	2.191986
44	238	4.824191	2.196404	1.024729
30	197	4.815474	2.194419	1.429280
31	157	4.815100	2.194334	1.255168
37	225	4.810574	2.193302	1.981085
60	188	4.793989	2.189518	0.986789
20	24	4.793796	2.189474	1.557163
35	85	4.793138	2.189324	1.116865
71	115	4.781009	2.186552	1.358439
17	184	4.779543	2.186217	1.068590
50	78	4.772665	2.184643	1.764941
33	246	4.767347	2.183426	1.727926
11	98	4.758390	2.181373	2.469110
4	214	4.756982	2.181051	1.176476
72	50	4.756442	2.180927	1.606376
50	74	4.753384	2.180226	1.142338
14	140	4.740728	2.177321	1.325788
69	94	4.731628	2.175231	2.049310
45	80	4.730359	2.174939	1.405878
71	6	4.728708	2.174559	1.178163
18	208	4.726733	2.174105	1.405737
69	221	4.708923	2.170005	1.693423
56	128	4.708105	2.169817	1.689314
72	57	4.700998	2.168178	1.582417
61	127	4.699185	2.167760	1.286413
14	143	4.688763	2.165355	0.977013
23	222	4.688762	2.165355	1.951311
25	23	4.667929	2.160539	1.242387
67	203	4.658645	2.158390	1.316386
20	10	4.657407	2.158103	1.332005
6	85	4.653054	2.157094	1.530313
37	246	4.645319	2.155300	1.040020
30	199	4.636622	2.153282	0.998301
62	255	4.631388	2.152066	1.725746
67	190	4.629572	2.151644	1.062659
20	31	4.624948	2.150569	1.439852
13	44	4.618593	2.149091	1.327118
34	207	4.605538	2.146052	1.162260
33	84	4.601622	2.145139	1.520716
53	121	4.598487	2.144408	1.588783
26	189	4.596835	2.144023	1.170724
33	227	4.595635	2.143743	0.979049
5	128	4.588271	2.142025	1.124724
23	117	4.587319	2.141803	1.267589
5	198	4.586339	2.141574	2.651286
43	227	4.584331	2.141105	1.487244
50	192	4.583013	2.140797	0.957394
12	172	4.572653	2.138376	1.107621
73	246	4.570916	2.137970	1.512161
38	220	4.555650	2.134397	1.390289
8	34	4.554638	2.134160	1.604845
26	15	4.552618	2.133686	1.041644
8	151	4.550656	2.133227	1.473464
60	148	4.550445	2.133177	1.287365
36	45	4.536014	2.129792	0.980166
47	169	4.531177	2.128656	1.521544
70	106	4.524896	2.127180	1.487406
32	187	4.523021	2.126739	2.206571
50	212	4.518817	2.125751	1.640900
50	193	4.515105	2.124878	1.041707
13	66	4.507879	2.123177	1.424107
37	211	4.503543	2.122155	1.066085
27	83	4.501901	2.121768	1.079045
16	166	4.501650	2.121709	1.134143
18	151	4.491218	2.119249	1.266045
10	149	4.486866	2.118222	1.648728
53	128	4.484804	2.117736	1.035540
68	195	4.482306	2.117146	1.192493
26	30	4.480672	2.116760	1.495507
48	214	4.473873	2.115153	1.088974
48	172	4.437671	2.106578	2.568986
16	97	4.428296	2.104352	1.286126
62	191	4.422799	2.103045	1.371596
44	157	4.419417	2.102241	1.283529
64	79	4.417555	2.101798	1.083407
56	156	4.401383	2.097947	1.778367
34	215	4.397798	2.097093	1.513690
1	68	4.390217	2.095284	0.978570
60	234	4.386776	2.094463	1.157523
63	241	4.381168	2.093124	1.910451
60	47	4.372032	2.090940	1.211603
71	161	4.365380	2.089349	1.284798
61	161	4.364164	2.089058	1.251653
64	82	4.363968	2.089011	1.290509
69	79	4.354649	2.086780	1.717470
57	69	4.349785	2.085614	1.707708
71	190	4.333049	2.081598	1.187820
3	253	4.331805	2.081299	1.156007
62	39	4.321656	2.078859	1.114524
21	97	4.310942	2.076281	1.209375
58	54	4.310247	2.076113	1.507005
14	119	4.309849	2.076018	1.090747
15	237	4.301262	2.073948	1.152561
17	192	4.298810	2.073357	0.952398
71	100	4.298774	2.073348	1.264724
23	169	4.293707	2.072126	1.554664
16	73	4.292364	2.071802	1.672963
51	111	4.289880	2.071203	0.926270
34	181	4.278036	2.068341	1.493947
55	245	4.273640	2.067278	0.924515
20	192	4.265408	2.065286	1.218184
38	46	4.264819	2.065144	1.173935
38	75	4.257995	2.063491	0.922821
25	127	4.240243	2.059185	1.386229
61	237	4.239255	2.058945	1.490266
7	237	4.231003	2.056940	1.119384
19	255	4.227307	2.056042	1.168174
8	229	4.225707	2.055653	0.919316
52	58	4.222424	2.054854	1.758523
28	199	4.221313	2.054583	1.248762
39	191	4.221081	2.054527	1.443237
52	141	4.218799	2.053971	1.471064
70	151	4.218521	2.053904	1.179243
33	15	4.211473	2.052187	1.496465
41	140	4.211082	2.052092	1.248481
37	168	4.205929	2.050836	1.503719
30	171	4.202361	2.049966	0.918154
18	11	4.201414	2.049735	1.229942
63	171	4.198587	2.049045	1.411486
17	206	4.194184	2.047971	0.915880
49	119	4.192823	2.047639	1.333557
36	182	4.192450	2.047547	1.746321
25	132	4.191653	2.047353	1.706242
8	42	4.190629	2.047103	1.006994
58	5	4.179329	2.044341	1.333721
59	96	4.178225	2.044071	0.914136
13	121	4.177243	2.043830	0.914029
10	63	4.176013	2.043530	1.037009
66	227	4.159019	2.039367	1.509049
33	97	4.158758	2.039303	1.476407
39	118	4.141564	2.035083	1.993130
67	244	4.138208	2.034258	1.473421
21	159	4.134580	2.033367	1.193238
72	150	4.132225	2.032788	0.967735
72	74	4.131897	2.032707	1.001705
41	123	4.124797	2.030960	1.133352
7	201	4.123927	2.030745	1.258977
43	108	4.120578	2.029921	0.917367
69	6	4.111131	2.027592	1.112372
35	190	4.109002	2.027067	1.324030
36	206	4.108807	2.027019	1.001707
58	42	4.108099	2.026844	0.987396
51	51	4.105811	2.026280	1.467093
32	50	4.105443	2.026189	1.293640
46	184	4.101591	2.025239	1.013985
26	159	4.101261	2.025157	0.969550
41	16	4.098562	2.024490	1.114838
10	25	4.097383	2.024199	1.857395
61	213	4.097018	2.024109	0.991640
37	67	4.094325	2.023444	1.516787
16	91	4.089718	2.022305	0.904402
28	136	4.073378	2.018261	1.587711
58	52	4.065692	2.016356	1.463320
39	1	4.065510	2.016311	1.177234
29	223	4.061098	2.015217	1.548848
59	115	4.051150	2.012747	1.139211
58	159	4.047808	2.011917	1.102681
73	38	4.047389	2.011812	1.664115
40	188	4.040712	2.010152	1.452053
66	61	4.031748	2.007921	1.052537
26	176	4.030184	2.007532	1.329988
45	135	4.024860	2.006205	1.427315
34	78	4.024762	2.006181	1.036434
50	16	4.024303	2.006067	1.674512
14	36	4.023714	2.005920	1.217795
47	111	4.019793	2.004942	1.114786
73	4	4.008745	2.002185	1.383258
37	213	4.006367	2.001591	1.497512
16	182	4.001675	2.000419	1.554388
6	113	4.000811	2.000203	0.957987
27	231	3.994949	1.998737	1.108281
35	64	3.994619	1.998654	0.893825
11	238	3.992805	1.998200	1.462504
18	152	3.988075	1.997017	0.955523
56	55	3.971676	1.992906	1.685988
44	191	3.958418	1.989577	1.839681
61	134	3.957515	1.989350	0.889665
63	128	3.931191	1.982723	1.578660
6	144	3.928866	1.982137	1.049393
24	163	3.928042	1.981929	1.853555
57	245	3.927243	1.981727	1.061510
3	210	3.926940	1.981651	1.260270
27	55	3.924985	1.981158	0.934027
25	237	3.924267	1.980976	1.388663
22	118	3.920380	1.979995	0.913306
33	200	3.912583	1.978025	1.150604
70	252	3.910252	1.977436	2.961800
21	32	3.907768	1.976807	1.641698
35	132	3.907115	1.976642	1.161844
48	78	3.903578	1.975748	0.883581
13	102	3.902678	1.975520	1.314317
69	246	3.902675	1.975519	1.060082
65	177	3.900250	1.974905	1.799067
4	29	3.897923	1.974316	1.304498
57	59	3.896757	1.974021	1.024488
60	110	3.889769	1.972250	0.909418
27	74	3.886382	1.971391	2.288397
12	235	3.884393	1.970886	0.881407
50	134	3.872362	1.967832	0.925171
21	54	3.870706	1.967411	1.016633
13	180	3.869356	1.967068	1.084439
15	210	3.865091	1.965984	1.191393
71	55	3.854974	1.963409	1.392256
24	217	3.854106	1.963188	1.293595
67	166	3.850091	1.962165	0.974915
44	16	3.849856	1.962105	1.079891
13	16	3.843792	1.960559	1.066926
17	16	3.841866	1.960068	1.549576
40	55	3.840248	1.959655	1.292074
19	84	3.838399	1.959183	1.427520
41	77	3.829039	1.956793	1.616106
13	213	3.822226	1.955051	1.835575
50	130	3.821301	1.954815	0.874220
12	29	3.820424	1.954590	1.376645
59	49	3.817436	1.953826	1.117097
46	242	3.808429	1.951520	1.464796
52	23	3.805522	1.950775	1.543227
59	245	3.804430	1.950495	1.172272
70	43	3.800171	1.949403	1.596468
71	126	3.796397	1.948435	1.148753
15	116	3.792305	1.947384	1.478761
17	152	3.786418	1.945872	1.007490
54	65	3.781759	1.944674	1.210686
36	6	3.774023	1.942685	1.415496
23	238	3.767763	1.941073	1.179598
41	93	3.765477	1.940484	0.952673
46	179	3.762053	1.939601	2.227105
9	115	3.760943	1.939315	1.113487
16	218	3.758409	1.938662	0.881689
11	79	3.755275	1.937853	1.194204
46	227	3.755199	1.937833	1.480027
54	135	3.750441	1.936606	1.108744
17	197	3.746088	1.935481	1.161926
7	112	3.746082	1.935480	1.267685
15	251	3.738998	1.933649	0.955606
43	229	3.734722	1.932543	0.864259
27	97	3.732039	1.931849	0.906446
8	176	3.723847	1.929727	1.067225
19	57	3.723580	1.929658	1.052060
72	148	3.720580	1.928881	1.121736
15	173	3.710989	1.926393	0.861509
43	109	3.710682	1.926313	0.964472
66	128	3.706504	1.925228	1.234303
65	127	3.705080	1.924859	1.601682
24	210	3.704260	1.924646	2.934939
54	45	3.696161	1.922540	0.936310
17	81	3.693728	1.921907	1.593366
62	256	3.692473	1.921581	1.119137
47	90	3.691622	1.921359	0.859258
21	29	3.686406	1.920002	1.463079
58	200	3.685128	1.919669	2.144546
13	30	3.673753	1.916704	1.464069
73	242	3.669438	1.915578	1.396685
53	225	3.668199	1.915254	1.073164
66	186	3.661446	1.913491	1.998448
62	161	3.659985	1.913109	1.377676
67	171	3.658173	1.912635	1.042971
22	63	3.656355	1.912160	1.057401
48	27	3.656214	1.912123	1.002048
30	72	3.655765	1.912005	1.647399
4	195	3.654699	1.911727	1.244730
67	234	3.653688	1.911462	1.125023
45	42	3.653670	1.911458	1.188472
36	152	3.651301	1.910838	1.220138
53	1	3.650136	1.910533	1.031724
56	78	3.649201	1.910288	1.233638
67	18	3.648228	1.910033	1.188448
53	175	3.643522	1.908801	1.119880
33	24	3.641531	1.908280	0.983706
27	84	3.624448	1.903798	1.148820
9	82	3.622828	1.903373	1.249210
66	75	3.621810	1.903105	0.893577
47	94	3.616102	1.901605	1.058178
70	153	3.610444	1.900117	1.289889
5	86	3.603613	1.898318	1.850041
6	1	3.599600	1.897261	1.747754
39	25	3.595469	1.896172	1.174367
42	74	3.594302	1.895865	1.664550
2	57	3.592338	1.895346	1.351714
39	153	3.590505	1.894863	1.856749
58	209	3.588760	1.894402	1.016422
31	245	3.586806	1.893887	0.940290
67	176	3.583263	1.892951	0.963686
16	25	3.582003	1.892618	1.159389
11	199	3.575117	1.890798	1.951399
36	245	3.572648	1.890145	1.673600
21	113	3.571466	1.889832	1.362689
13	145	3.558600	1.886425	1.865236
23	136	3.553388	1.885043	1.553997
72	78	3.552537	1.884818	1.208469
61	28	3.549924	1.884124	1.263223
13	211	3.547888	1.883584	2.135377
19	116	3.547077	1.883369	1.153186
39	103	3.546514	1.883219	1.029747
4	249	3.540463	1.881612	1.114095
67	70	3.537651	1.880865	0.933195
65	253	3.535490	1.880290	1.120337
44	215	3.534929	1.880141	1.598054
35	28	3.533525	1.879767	1.179139
21	4	3.532780	1.879569	0.983099
59	86	3.528806	1.878512	0.980347
1	43	3.528163	1.878340	2.337580
22	185	3.526366	1.877862	1.142855
24	38	3.525471	1.877624	0.839699
45	74	3.524810	1.877448	1.208497
7	38	3.523749	1.877165	1.525374
16	219	3.523608	1.877128	1.655450
61	91	3.522607	1.876861	1.193634
34	96	3.519625	1.876066	1.015923
5	251	3.517914	1.875610	0.944234
32	75	3.517184	1.875416	0.860501
6	30	3.516297	1.875179	1.369237
6	179	3.512765	1.874237	1.190944
17	66	3.509307	1.873315	1.823476
39	99	3.508180	1.873014	1.351195
48	62	3.506402	1.872539	0.931485
14	207	3.505639	1.872335	1.610966
66	63	3.503688	1.871814	1.180212
55	84	3.503439	1.871748	1.226203
72	250	3.500954	1.871084	1.360297
5	180	3.499517	1.870700	0.930933
54	141	3.497933	1.870276	1.421608
40	137	3.492801	1.868904	1.801143
47	152	3.491925	1.868669	1.224007
16	28	3.488577	1.867773	1.630599
23	4	3.488328	1.867707	1.032749
49	49	3.488019	1.867624	1.432512
22	198	3.486593	1.867242	1.159271
44	159	3.484995	1.866814	0.834865
10	152	3.483427	1.866394	1.179445
19	251	3.483374	1.866380	0.998769
58	105	3.478832	1.865163	0.944914
8	169	3.478443	1.865058	0.886361
60	17	3.475466	1.864260	1.080971
60	92	3.472441	1.863449	1.155261
13	70	3.471224	1.863122	1.056220
22	26	3.468298	1.862337	0.975753
6	65	3.466611	1.861884	1.827226
58	215	3.465034	1.861460	1.250110
1	84	3.462741	1.860844	1.534556
42	130	3.449807	1.857366	1.450840
28	148	3.449804	1.857365	1.157430
52	219	3.446438	1.856459	1.317638
44	95	3.442692	1.855449	1.306778
19	189	3.442561	1.855414	0.932057
33	145	3.441893	1.855234	1.492795
51	232	3.435095	1.853401	1.003087
54	252	3.433438	1.852954	2.198024
27	247	3.433406	1.852945	0.932597
44	197	3.432066	1.852584	1.238746
1	164	3.431606	1.852459	0.828445
24	145	3.422543	1.850012	0.889683
26	178	3.421712	1.849787	0.935175
33	69	3.419138	1.849091	1.677557
4	42	3.415486	1.848103	1.257009
42	177	3.409996	1.846618	0.825832
10	37	3.402064	1.844469	1.211332
64	42	3.401269	1.844253	1.343448
58	65	3.398287	1.843444	1.290915
31	29	3.397917	1.843344	0.972594
34	111	3.396938	1.843078	1.196368
20	221	3.394740	1.842482	0.823983
32	4	3.391114	1.841498	1.065586
50	5	3.388018	1.840657	0.835791
69	78	3.386609	1.840274	1.304031
60	137	3.383593	1.839455	0.831009
7	60	3.383067	1.839311	0.986651
37	38	3.378740	1.838135	1.105127
71	187	3.377546	1.837810	0.821894
25	160	3.374363	1.836944	1.192346
58	154	3.372996	1.836572	1.139937
13	147	3.372262	1.836372	1.398832
16	151	3.368337	1.835303	1.044479
50	174	3.357221	1.832272	0.965714
18	207	3.356271	1.832013	1.337463
28	118	3.352568	1.831002	1.125739
6	139	3.352521	1.830989	0.869807
2	115	3.352493	1.830981	1.606845
2	42	3.352134	1.830883	1.754863
67	168	3.345470	1.829063	1.245245
65	15	3.338297	1.827101	1.095644
8	99	3.336914	1.826722	1.331896
70	162	3.335913	1.826448	1.192508
50	26	3.334510	1.826064	1.321605
44	69	3.333705	1.825844	1.959736
45	23	3.332633	1.825550	1.174833
34	205	3.332620	1.825546	1.060391
36	17	3.332519	1.825519	1.049879
48	227	3.332254	1.825446	1.149565
51	221	3.328718	1.824478	0.815931
35	122	3.327941	1.824265	1.988780
66	33	3.325113	1.823489	1.393788
51	199	3.322514	1.822776	1.010742
9	216	3.316201	1.821044	1.749779
64	80	3.310068	1.819359	1.339098
15	70	3.309914	1.819317	1.546245
3	24	3.305812	1.818189	0.873534
43	228	3.303167	1.817462	1.465210
12	25	3.295327	1.815304	1.602121
4	111	3.294962	1.815203	1.017129
66	110	3.293896	1.814909	0.997008
1	102	3.284512	1.812322	1.091307
44	46	3.283482	1.812038	1.096593
42	132	3.282760	1.811839	0.828246
17	132	3.282425	1.811746	0.971275
24	212	3.278767	1.810737	1.797110
10	52	3.277290	1.810329	0.937007
42	18	3.275402	1.809807	1.028251
53	45	3.274747	1.809626	1.016800
16	112	3.274193	1.809473	1.054384
12	160	3.269487	1.808172	2.190959
35	152	3.267584	1.807646	0.932811
47	188	3.265746	1.807138	0.900594
64	213	3.265281	1.807009	1.359020
62	185	3.258598	1.805159	1.037113
24	117	3.251859	1.803291	1.447458
6	222	3.249583	1.802660	1.422886
32	124	3.248967	1.802489	1.667464
29	222	3.248264	1.802294	1.180651
24	215	3.247094	1.801969	2.529241
37	217	3.247036	1.801953	1.534381
59	197	3.243885	1.801079	1.308050
27	109	3.238273	1.799520	0.804770
24	69	3.228405	1.796776	1.209963
13	191	3.228119	1.796697	1.227866
31	246	3.225301	1.795912	0.928775
7	197	3.225021	1.795834	1.791978
48	236	3.219087	1.794181	1.508211
15	50	3.216845	1.793557	1.247822
30	212	3.211106	1.791956	1.332148
42	199	3.210216	1.791708	0.873948
16	160	3.207190	1.790863	1.033832
7	117	3.205926	1.790510	0.966419
54	103	3.204743	1.790180	1.490653
12	78	3.204544	1.790124	0.932084
43	132	3.204300	1.790056	1.103361
2	47	3.201605	1.789303	2.333587
17	124	3.199339	1.788670	1.545118
57	200	3.198537	1.788446	0.838405
65	202	3.197062	1.788033	1.623173
12	107	3.187973	1.785490	0.803860
55	97	3.187585	1.785381	0.886524
65	145	3.186606	1.785107	1.005330
22	179	3.186604	1.785106	0.819053
28	169	3.186147	1.784978	1.013037
43	152	3.186089	1.784962	1.262027
58	51	3.185802	1.784881	1.145965
47	148	3.180019	1.783261	1.180445
51	174	3.179366	1.783078	0.947679
16	248	3.178769	1.782910	1.510765
61	26	3.178112	1.782726	1.694903
46	72	3.177619	1.782588	1.126390
48	42	3.173038	1.781302	0.796623
4	140	3.169097	1.780196	1.483202
39	67	3.169090	1.780194	1.460089
53	25	3.167245	1.779675	1.201585
27	81	3.166783	1.779546	0.811182
45	26	3.165342	1.779141	1.553702
30	90	3.161758	1.778133	1.412634
15	108	3.156664	1.776700	1.079624
59	169	3.153734	1.775876	1.731583
53	160	3.153507	1.775812	1.815516
14	71	3.148095	1.774287	1.317671
66	64	3.146637	1.773876	0.883195
69	192	3.145398	1.773527	1.418521
43	182	3.143179	1.772901	0.911590
58	128	3.141968	1.772560	0.913266
62	164	3.140930	1.772267	0.843124
25	221	3.140439	1.772128	1.553288
68	14	3.136957	1.771146	1.256913
62	152	3.136376	1.770982	1.450228
45	188	3.132369	1.769850	1.239307
5	122	3.129932	1.769161	1.143957
40	173	3.128016	1.768620	0.800755
49	208	3.126698	1.768247	1.959590
1	100	3.125593	1.767935	1.087306
31	87	3.124938	1.767749	0.790562
55	102	3.124504	1.767627	0.799577
63	68	3.124467	1.767616	1.416584
39	223	3.123143	1.767242	1.359193
54	234	3.121186	1.766688	0.948942
34	51	3.121054	1.766650	0.937241
22	28	3.117741	1.765712	1.210731
43	126	3.116002	1.765220	0.789430
69	199	3.112034	1.764096	1.551283
29	181	3.110772	1.763738	0.796008
54	193	3.110062	1.763537	0.992007
62	151	3.109596	1.763405	1.734081
51	80	3.104838	1.762055	1.006624
61	86	3.101681	1.761159	1.409170
47	141	3.099729	1.760605	0.862167
43	6	3.096521	1.759693	1.223239
33	210	3.096000	1.759545	1.642026
68	111	3.093427	1.758814	1.038257
57	27	3.090106	1.757870	1.113221
62	20	3.087862	1.757231	1.190513
19	59	3.086109	1.756733	0.837981
56	87	3.085599	1.756587	1.189005
39	187	3.082694	1.755760	0.876243
19	200	3.079308	1.754796	1.681486
4	122	3.075067	1.753587	0.914236
60	74	3.074114	1.753315	0.880452
38	236	3.073677	1.753190	0.884859
51	186	3.073304	1.753084	1.042650
29	161	3.072717	1.752917	1.746751
68	137	3.069648	1.752041	1.155154
51	115	3.069291	1.751939	1.307138
6	107	3.067606	1.751458	1.831456
6	33	3.065203	1.750772	1.611248
24	93	3.064102	1.750458	1.578276
51	150	3.063964	1.750418	1.188815
32	7	3.055989	1.748139	0.853989
45	221	3.054099	1.747598	1.393549
62	235	3.052815	1.747231	1.426683
40	42	3.051838	1.746951	1.054514
22	135	3.051711	1.746915	0.926073
43	243	3.047856	1.745811	1.388121
20	15	3.047326	1.745659	1.439261
64	153	3.045289	1.745076	0.781067
3	183	3.045238	1.745061	0.893181
14	129	3.043844	1.744662	0.780236
45	55	3.042147	1.744175	1.158367
49	112	3.040051	1.743574	1.670491
70	174	3.034526	1.741989	0.793705
73	195	3.030294	1.740774	1.658825
8	17	3.029832	1.740641	1.419628
6	18	3.029686	1.740599	1.218710
10	5	3.027780	1.740052	0.959323
54	207	3.024887	1.739220	0.777803
55	121	3.022549	1.738548	0.777502
6	189	3.018039	1.737250	1.411785
14	110	3.016395	1.736777	1.345231
38	255	3.013482	1.735938	0.927959
4	235	3.005882	1.733748	0.842050
29	147	3.005606	1.733668	0.803383
4	253	2.998032	1.731483	1.116276
49	63	2.996916	1.731160	0.949170
24	243	2.995994	1.730894	1.234699
36	65	2.995825	1.730845	0.900432
72	41	2.992238	1.729809	0.786428
54	214	2.992112	1.729772	1.306349
11	97	2.989542	1.729029	0.834335
14	70	2.989191	1.728928	0.980237
49	122	2.989042	1.728885	1.008146
6	202	2.987392	1.728407	1.258689
41	218	2.987290	1.728378	1.258219
4	142	2.985331	1.727811	0.772701
47	174	2.975561	1.724981	2.016263
54	40	2.973588	1.724409	1.363051
70	11	2.972492	1.724092	1.583453
7	176	2.969777	1.723304	0.770685
28	61	2.968927	1.723057	1.014665
50	66	2.968872	1.723041	1.122789
14	178	2.967321	1.722591	1.022307
29	247	2.965921	1.722185	1.408577
56	106	2.965597	1.722091	0.774645
22	183	2.964479	1.721766	0.902252
14	106	2.962497	1.721190	1.599225
6	156	2.961763	1.720977	1.103334
72	109	2.959781	1.720401	1.070510
5	41	2.956565	1.719467	0.768969
54	154	2.952121	1.718174	1.473500
16	148	2.950688	1.717757	0.981379
28	51	2.949553	1.717426	0.768056
24	102	2.945651	1.716290	0.882238
25	207	2.944093	1.715836	1.108643
58	107	2.943818	1.715756	0.947847
60	112	2.943749	1.715736	1.208274
8	213	2.942329	1.715322	1.294287
42	96	2.940755	1.714863	1.136971
13	45	2.938031	1.714068	1.736243
54	67	2.937970	1.714051	0.766547
55	162	2.935163	1.713232	1.024361
12	43	2.933650	1.712790	1.393689
71	151	2.933120	1.712635	0.765914
32	139	2.932467	1.712445	1.034017
25	199	2.932426	1.712433	1.269775
9	240	2.930131	1.711762	0.903423
56	152	2.929573	1.711599	0.865168
25	255	2.929011	1.711435	1.153319
49	224	2.928667	1.711335	1.380793
50	200	2.927748	1.711066	1.668351
29	75	2.927561	1.711012	1.035964
2	196	2.927311	1.710939	1.277289
5	141	2.926529	1.710710	1.381242
3	40	2.924525	1.710124	1.440239
14	112	2.921084	1.709118	0.830656
39	209	2.920775	1.709027	1.180453
17	104	2.916832	1.707873	0.991189
46	168	2.916740	1.707846	0.929902
30	21	2.914810	1.707281	1.244437
73	99	2.914629	1.707228	0.865314
1	136	2.913501	1.706898	1.304219
37	79	2.905416	1.704528	0.795714
4	168	2.900297	1.703026	1.241895
1	196	2.900239	1.703009	1.536271
64	1	2.895868	1.701725	1.683490
60	165	2.894609	1.701355	1.051010
30	198	2.893854	1.701133	0.760770
53	33	2.893663	1.701077	1.098536
49	245	2.891220	1.700359	1.435405
13	138	2.890268	1.700079	0.760298
47	203	2.885006	1.698531	1.678487
48	48	2.884215	1.698298	1.284532
29	80	2.882994	1.697938	0.897373
63	124	2.882775	1.697874	1.154526
48	116	2.882227	1.697712	0.877405
20	138	2.878030	1.696476	0.917725
22	193	2.875957	1.695865	1.268416
64	7	2.875613	1.695763	1.707515
21	89	2.874969	1.695573	1.057918
72	139	2.874954	1.695569	1.359766
5	30	2.873130	1.695031	1.980116
62	187	2.869790	1.694045	0.757600
59	74	2.868288	1.693602	1.392418
3	37	2.866947	1.693206	1.181409
51	248	2.865972	1.692918	0.952580
22	70	2.858207	1.690623	1.184147
43	250	2.855357	1.689780	1.028510
71	35	2.852317	1.688880	1.268887
52	36	2.848581	1.687774	1.230308
20	118	2.847619	1.687489	0.754668
23	211	2.844944	1.686696	1.757111
64	103	2.842332	1.685922	1.263282
52	186	2.842239	1.685894	1.487389
45	222	2.841602	1.685705	0.753870
42	70	2.840718	1.685443	1.403778
18	16	2.840586	1.685404	1.786962
62	214	2.837960	1.684625	0.994649
47	183	2.836731	1.684260	1.042756
22	242	2.832288	1.682940	1.792132
8	152	2.831849	1.682810	1.658604
52	156	2.829748	1.682185	0.822519
58	81	2.829144	1.682006	1.161480
3	43	2.828786	1.681900	1.677415
23	152	2.826626	1.681257	1.343652
29	34	2.825297	1.680862	1.227311
7	209	2.825092	1.680801	0.934186
48	197	2.824173	1.680528	0.760552
2	151	2.822670	1.680080	1.053501
21	96	2.821175	1.679635	0.755637
66	155	2.818603	1.678870	1.104603
5	49	2.815990	1.678091	0.938191
70	56	2.814906	1.677768	1.280827
57	94	2.814488	1.677644	1.210489
23	66	2.811446	1.676737	1.078966
9	103	2.811364	1.676712	1.131616
47	11	2.810675	1.676507	1.593216
22	98	2.810041	1.676318	1.023290
72	231	2.807126	1.675448	0.867718
11	149	2.806802	1.675351	1.221643
56	73	2.806584	1.675286	1.921968
40	191	2.806308	1.675204	0.898798
27	200	2.805633	1.675002	1.093003
16	88	2.805274	1.674895	1.102177
41	50	2.803795	1.674454	1.612742
10	111	2.803006	1.674218	1.659011
69	15	2.802183	1.673972	0.964471
57	221	2.801171	1.673670	1.124323
20	256	2.801051	1.673634	1.374853
16	32	2.800539	1.673481	1.027293
33	103	2.800085	1.673345	0.748343
5	189	2.798421	1.672848	1.051507
16	61	2.791559	1.670796	1.474195
62	197	2.790319	1.670425	0.984039
42	55	2.790277	1.670412	0.907249
8	172	2.789508	1.670182	0.746928
46	224	2.788397	1.669849	0.961673
68	173	2.783763	1.668461	0.990272
49	84	2.783192	1.668290	1.146518
70	235	2.781959	1.667921	0.912151
4	251	2.781459	1.667771	0.796731
45	171	2.780704	1.667544	0.745748
57	147	2.779873	1.667295	0.799110
46	6	2.776059	1.666151	0.745125
20	218	2.774527	1.665691	1.314115
60	96	2.773371	1.665344	1.441759
35	78	2.773236	1.665303	1.210355
38	242	2.769477	1.664174	0.845990
2	31	2.768945	1.664015	0.921635
68	172	2.768280	1.663815	1.464054
23	105	2.767567	1.663601	1.125901
25	50	2.767266	1.663510	0.856432
5	24	2.764895	1.662797	1.043705
33	96	2.762906	1.662199	1.158319
36	255	2.762600	1.662107	0.934436
60	30	2.761122	1.661662	0.745692
39	179	2.760974	1.661618	1.052027
43	76	2.758065	1.660742	0.742707
63	43	2.750123	1.658350	0.877536
22	178	2.749646	1.658206	1.276463
72	183	2.749383	1.658126	1.178843
60	117	2.744831	1.656753	1.234513
3	81	2.744660	1.656702	1.598479
36	193	2.744182	1.656557	1.438530
24	118	2.740687	1.655502	1.729776
11	35	2.739607	1.655176	0.805413
72	110	2.739253	1.655069	1.142849
64	55	2.738721	1.654908	1.433294
4	81	2.738671	1.654893	1.213671
58	15	2.734337	1.653583	0.778103
18	204	2.732598	1.653057	1.032907
6	15	2.732240	1.652949	0.826469
29	152	2.731589	1.652752	1.043826
62	195	2.730116	1.652306	0.916019
18	106	2.729917	1.652246	1.348236
5	132	2.729211	1.652032	1.410186
36	31	2.729194	1.652027	1.159118
51	96	2.728276	1.651749	0.906136
30	122	2.726696	1.651271	1.006656
46	123	2.726556	1.651229	0.780658
30	123	2.726247	1.651135	1.256394
30	49	2.726223	1.651128	1.783192
51	152	2.725427	1.650887	1.432230
48	196	2.723566	1.650323	0.973421
55	76	2.721009	1.649548	0.737700
54	120	2.720531	1.649403	1.115413
3	9	2.720416	1.649368	1.125671
20	173	2.719275	1.649023	0.861902
29	205	2.718825	1.648886	1.299014
2	245	2.717674	1.648537	0.945311
15	118	2.715771	1.647960	0.979234
67	134	2.713549	1.647285	1.372010
55	230	2.712502	1.646967	1.085832
61	124	2.710603	1.646391	0.736288
60	82	2.710157	1.646255	0.736228
70	165	2.708021	1.645606	1.352427
23	112	2.704828	1.644636	0.948830
42	21	2.701410	1.643597	1.136845
22	225	2.700907	1.643444	1.285344
68	250	2.699952	1.643153	1.055494
5	110	2.699263	1.642943	1.218981
35	6	2.697083	1.642280	1.312081
67	139	2.693995	1.641339	1.325151
42	213	2.693665	1.641239	1.146088
15	207	2.693569	1.641209	0.846474
58	82	2.690615	1.640309	0.870006
25	174	2.687887	1.639478	0.827666
56	167	2.686089	1.638929	1.309721
14	137	2.685337	1.638700	1.102698
2	84	2.682346	1.637787	0.883625
61	1	2.681621	1.637565	0.732342
17	169	2.680825	1.637323	2.069982
26	70	2.680535	1.637234	1.183148
40	220	2.679225	1.636834	1.414815
21	41	2.676040	1.635861	1.702347
38	153	2.674661	1.635439	0.829296
27	148	2.673762	1.635164	0.731268
24	187	2.673482	1.635079	1.269426
30	129	2.673074	1.634954	1.327117
71	3	2.672446	1.634762	0.852931
71	196	2.669043	1.633721	1.257157
45	107	2.665611	1.632670	0.940140
60	241	2.664766	1.632411	1.478139
52	74	2.664712	1.632395	1.108336
30	144	2.663125	1.631909	0.975124
57	240	2.662692	1.631776	0.739779
53	42	2.659914	1.630924	0.782881
24	135	2.658368	1.630450	1.633801
73	30	2.655591	1.629598	0.900008
23	171	2.654458	1.629251	1.064408
44	98	2.653720	1.629024	1.305488
33	54	2.651885	1.628461	1.669699
11	242	2.651342	1.628294	0.788362
27	14	2.648977	1.627568	1.535165
30	255	2.648037	1.627279	0.901603
57	182	2.645514	1.626504	1.435197
42	50	2.644921	1.626321	1.012251
57	107	2.644329	1.626139	0.900058
11	120	2.643021	1.625737	0.727052
36	189	2.642345	1.625529	0.726959
3	185	2.640640	1.625005	0.790693
50	202	2.638522	1.624353	0.953991
10	235	2.638392	1.624313	0.941443
5	88	2.636157	1.623625	0.726107
62	71	2.635381	1.623386	1.390329
15	192	2.631114	1.622071	1.221188
30	233	2.629522	1.621580	0.771135
64	48	2.626640	1.620691	1.189806
40	44	2.625745	1.620415	0.790640
53	77	2.625623	1.620377	1.594042
16	167	2.622701	1.619476	1.172370
22	126	2.622460	1.619401	0.740117
6	236	2.621384	1.619069	1.226511
14	30	2.621027	1.618959	1.124962
55	113	2.620750	1.618873	0.998906
73	190	2.618638	1.618221	1.077597
55	154	2.616424	1.617536	0.911748
26	230	2.609373	1.615355	0.794257
46	22	2.607652	1.614823	1.344882
57	73	2.606574	1.614489	1.426933
61	231	2.604872	1.613962	0.829778
33	208	2.604800	1.613939	1.318574
24	21	2.601259	1.612842	0.981308
2	134	2.598561	1.612005	0.964367
5	133	2.596739	1.611440	0.960429
64	43	2.595363	1.611013	0.866734
69	53	2.594130	1.610630	0.779702
49	234	2.594019	1.610596	1.158098
61	143	2.593885	1.610554	0.747078
36	124	2.593661	1.610485	1.142582
21	204	2.592689	1.610183	0.938606
10	241	2.591599	1.609844	1.059121
6	224	2.590250	1.609425	1.866204
35	145	2.590203	1.609411	0.719750
1	161	2.589612	1.609227	0.719668
41	117	2.587258	1.608496	0.918134
59	16	2.586261	1.608186	1.407743
2	46	2.585634	1.607991	1.082291
62	245	2.583361	1.607284	0.942505
10	132	2.583243	1.607247	1.170921
73	24	2.582857	1.607127	2.526091
23	163	2.579274	1.606012	0.856000
24	115	2.578249	1.605693	1.073623
73	53	2.577614	1.605495	1.175149
17	246	2.575075	1.604704	1.145424
49	31	2.571881	1.603709	1.371462
38	189	2.571355	1.603544	1.400293
25	35	2.570538	1.603290	0.717013
19	29	2.569525	1.602974	1.290606
23	116	2.565745	1.601794	1.513602
16	17	2.565612	1.601753	2.212146
2	229	2.564642	1.601450	0.810461
51	129	2.563363	1.601051	1.080843
15	61	2.559649	1.599890	1.390087
55	253	2.559048	1.599702	0.715409
1	186	2.558341	1.599482	1.371846
46	222	2.557120	1.599100	1.074042
64	100	2.555671	1.598647	1.003130
13	141	2.555590	1.598621	1.713739
47	216	2.555239	1.598511	0.926170
6	112	2.553258	1.597892	1.135284
40	196	2.552966	1.597800	1.552167
33	126	2.550723	1.597098	0.997994
54	129	2.547017	1.595938	0.986734
44	52	2.546631	1.595817	0.788606
32	215	2.543495	1.594834	1.203827
40	145	2.542655	1.594570	1.163575
57	227	2.542165	1.594417	1.065267
42	222	2.541890	1.594331	0.798889
63	28	2.540837	1.594000	1.121814
39	158	2.540200	1.593800	1.249839
61	155	2.539371	1.593540	1.215740
47	206	2.537380	1.592916	0.849100
68	7	2.534822	1.592112	1.212970
56	40	2.531707	1.591134	0.711577
7	252	2.530900	1.590880	0.897601
47	124	2.529046	1.590297	0.742859
37	39	2.528730	1.590198	1.119846
72	90	2.523985	1.588705	1.439621
39	235	2.523686	1.588611	0.710449
27	122	2.523275	1.588482	0.710456
12	118	2.523123	1.588434	0.820862
52	200	2.522163	1.588132	0.999263
29	109	2.520907	1.587736	1.549778
73	179	2.518203	1.586885	0.911248
18	72	2.518045	1.586835	1.738045
28	171	2.515625	1.586072	1.157807
21	190	2.513456	1.585388	0.968001
23	194	2.513130	1.585285	1.259650
46	137	2.512747	1.585165	1.406183
71	186	2.511722	1.584841	1.622252
44	190	2.510927	1.584591	1.104554
17	119	2.509522	1.584147	0.708452
5	215	2.507407	1.583479	1.278946
39	3	2.505485	1.582872	0.848469
13	57	2.505421	1.582852	1.655624
29	68	2.505267	1.582804	0.707851
51	16	2.504466	1.582550	1.121669
69	188	2.501708	1.581679	0.779110
64	138	2.501329	1.581559	1.693670
44	207	2.499962	1.581127	0.867192
3	76	2.499321	1.580924	1.424938
23	35	2.498963	1.580811	0.837647
11	73	2.498532	1.580674	1.446107
1	232	2.498367	1.580622	1.138489
34	204	2.497697	1.580410	1.109939
66	105	2.496511	1.580035	1.058542
2	59	2.496126	1.579913	1.242204
31	153	2.495472	1.579706	1.138827
30	77	2.485398	1.576515	0.770765
62	97	2.485280	1.576477	1.119764
60	142	2.484970	1.576379	1.114176
38	103	2.484121	1.576109	1.633118
28	84	2.483741	1.575989	0.968828
14	256	2.481634	1.575320	0.814638
10	106	2.481403	1.575247	0.704472
20	95	2.479297	1.574578	0.940459
45	54	2.478706	1.574391	0.987023
55	52	2.478157	1.574216	1.121942
41	68	2.477906	1.574137	1.445394
24	139	2.477058	1.573867	1.354641
49	210	2.476988	1.573845	1.148411
11	105	2.476235	1.573606	1.270719
24	133	2.474705	1.573120	1.630380
34	250	2.474554	1.573071	0.708739
70	103	2.469473	1.571456	0.702776
25	197	2.469253	1.571386	0.702745
49	213	2.469047	1.571320	0.930195
47	199	2.468899	1.571273	1.013216
16	170	2.468323	1.571090	1.616721
28	123	2.468064	1.571007	1.042032
53	180	2.465505	1.570193	1.803738
48	131	2.465279	1.570121	0.865431
1	51	2.465216	1.570101	0.799921
39	77	2.464775	1.569960	1.212832
62	22	2.464716	1.569941	1.284771
9	180	2.462036	1.569087	1.052320
5	53	2.461512	1.568921	1.212372
10	126	2.461340	1.568866	0.708965
46	128	2.459904	1.568408	1.232636
1	66	2.456888	1.567446	1.796611
15	30	2.455664	1.567056	1.094538
37	170	2.452397	1.566013	0.780984
47	86	2.452373	1.566006	1.140005
16	4	2.449986	1.565243	2.194717
27	241	2.449318	1.565030	1.067845
39	149	2.446763	1.564213	1.030226
63	81	2.442379	1.562811	1.363696
30	252	2.441801	1.562626	0.774957
51	79	2.439775	1.561978	0.779999
55	94	2.439633	1.561933	0.722789
26	221	2.437328	1.561195	0.777899
32	87	2.437312	1.561189	1.118649
58	80	2.437139	1.561134	1.175617
69	187	2.436573	1.560952	0.945683
3	119	2.436513	1.560933	1.756027
70	248	2.433375	1.559928	1.104169
40	214	2.432355	1.559601	0.849273
45	235	2.432219	1.559557	0.737353
66	252	2.430421	1.558981	0.723602
46	64	2.428982	1.558519	1.500837
16	229	2.428686	1.558424	1.056157
44	175	2.426892	1.557849	1.196432
42	181	2.425762	1.557486	1.665734
8	187	2.424928	1.557218	0.965636
65	242	2.424542	1.557094	1.200130
11	227	2.424516	1.557086	1.215328
52	79	2.422883	1.556561	0.931219
4	49	2.422446	1.556421	1.374901
49	65	2.421446	1.556099	1.120197
3	92	2.419616	1.555512	1.135980
1	134	2.416600	1.554542	1.403068
23	226	2.414367	1.553823	1.507869
56	184	2.414253	1.553787	2.364546
42	110	2.412536	1.553234	1.058196
68	135	2.411706	1.552967	0.735336
21	125	2.411607	1.552935	0.744565
57	58	2.407384	1.551575	0.720302
15	38	2.404511	1.550649	0.727093
56	42	2.403774	1.550411	1.417129
42	154	2.400916	1.549489	1.049814
64	98	2.397988	1.548544	1.732067
27	150	2.397037	1.548237	1.099976
8	190	2.396074	1.547926	0.892327
27	218	2.395288	1.547672	0.933268
47	133	2.394359	1.547372	1.264835
59	25	2.392710	1.546839	1.123043
27	190	2.392681	1.546829	1.057222
68	168	2.392674	1.546827	0.904490
46	204	2.392079	1.546635	0.954664
26	138	2.390149	1.546011	1.044551
34	148	2.389384	1.545763	0.875006
40	78	2.388369	1.545435	1.508870
47	10	2.387228	1.545066	0.726108
64	200	2.386793	1.544925	1.392484
17	165	2.386058	1.544687	1.048335
30	231	2.386039	1.544681	0.690802
35	212	2.384468	1.544172	1.261318
4	232	2.384258	1.544104	0.733156
25	107	2.383796	1.543955	0.899161
54	126	2.382182	1.543432	1.273027
27	67	2.381261	1.543133	0.798963
9	158	2.380611	1.542923	1.300033
48	162	2.378930	1.542378	0.727840
13	25	2.378630	1.542281	1.587804
50	38	2.378551	1.542255	0.735583
53	83	2.373975	1.540771	0.923844
4	87	2.373849	1.540730	0.699233
15	110	2.373463	1.540605	1.656718
3	149	2.372171	1.540185	1.288556
25	24	2.371209	1.539873	0.808973
1	71	2.370162	1.539533	1.568914
38	253	2.369959	1.539467	1.121348
14	242	2.369932	1.539458	1.315968
70	130	2.369786	1.539411	0.821001
21	14	2.367431	1.538646	1.100580
52	240	2.366848	1.538456	1.354538
54	4	2.365912	1.538152	2.023719
4	1	2.363913	1.537502	1.896125
30	27	2.363811	1.537469	0.787616
58	27	2.363382	1.537329	1.162895
66	55	2.362211	1.536948	1.202465
34	35	2.361411	1.536688	1.068997
42	215	2.360867	1.536511	1.438530
73	69	2.360760	1.536476	1.936266
10	163	2.360428	1.536368	0.721461
14	202	2.360199	1.536294	1.020356
67	149	2.358473	1.535732	1.090646
6	35	2.357295	1.535349	1.093157
11	114	2.356119	1.534966	1.136828
52	185	2.354776	1.534528	0.957591
64	209	2.353632	1.534155	1.232809
50	7	2.353528	1.534121	1.160920
72	96	2.353460	1.534099	1.068245
14	21	2.352023	1.533631	0.907509
37	134	2.351879	1.533584	0.686848
54	136	2.350297	1.533068	0.958066
59	251	2.349439	1.532788	1.232054
73	175	2.348951	1.532629	0.692392
32	30	2.348161	1.532371	0.954195
17	76	2.347076	1.532017	1.468292
32	144	2.346883	1.531954	1.023432
18	141	2.346599	1.531861	1.491767
71	86	2.345458	1.531489	0.768854
51	138	2.344326	1.531119	1.043940
18	93	2.343733	1.530925	1.136077
65	40	2.343601	1.530882	1.504803
60	101	2.343031	1.530696	1.421850
20	146	2.342404	1.530492	0.837948
43	23	2.342297	1.530457	1.497760
64	152	2.341976	1.530352	0.837694
62	236	2.341729	1.530271	1.029771
44	128	2.338034	1.529063	1.155179
32	94	2.337987	1.529048	0.768245
63	96	2.337592	1.528919	1.487763
67	211	2.336244	1.528478	1.688359
18	209	2.336160	1.528450	0.773802
33	105	2.335988	1.528394	1.006162
11	225	2.334463	1.527895	0.891051
66	169	2.333777	1.527671	0.809920
30	59	2.332449	1.527236	0.708302
37	145	2.331169	1.526817	1.769998
63	64	2.329963	1.526422	1.020875
17	196	2.329388	1.526233	1.321897
31	40	2.327013	1.525455	0.890777
15	197	2.326520	1.525293	0.869467
49	180	2.325716	1.525030	0.881343
28	60	2.324787	1.524725	1.801865
53	218	2.324507	1.524633	1.430956
12	21	2.321936	1.523790	1.391448
59	200	2.320067	1.523177	1.291672
17	223	2.319721	1.523063	0.875665
21	72	2.318447	1.522645	1.596617
18	23	2.318335	1.522608	0.917795
59	68	2.317679	1.522392	1.040844
45	63	2.316309	1.521943	1.270025
68	207	2.313417	1.520992	1.011414
51	34	2.311983	1.520521	2.266249
41	207	2.309528	1.519713	1.080993
37	180	2.307248	1.518963	1.349663
25	126	2.304904	1.518191	0.678956
60	224	2.302944	1.517545	1.182031
72	187	2.302385	1.517361	1.205970
25	135	2.300712	1.516810	1.050568
1	207	2.300465	1.516728	1.369588
36	140	2.297431	1.515728	1.055719
3	48	2.296649	1.515470	2.802856
33	125	2.296631	1.515464	1.005322
36	79	2.296315	1.515360	0.677690
24	213	2.296236	1.515334	1.144721
48	216	2.295802	1.515191	1.441328
35	194	2.294108	1.514631	1.111769
70	210	2.294057	1.514614	1.191785
55	66	2.293782	1.514524	0.969821
31	175	2.293779	1.514523	1.202048
71	243	2.293503	1.514432	0.851565
51	95	2.293332	1.514375	0.905182
63	138	2.291922	1.513909	0.976589
61	210	2.291302	1.513705	1.102670
44	211	2.290906	1.513574	1.320171
57	75	2.289278	1.513036	1.205971
72	36	2.289262	1.513031	1.392671
72	5	2.288545	1.512794	1.638737
16	143	2.286117	1.511991	1.179059
49	199	2.285465	1.511775	0.757520
29	55	2.283891	1.511255	1.185159
72	30	2.282691	1.510858	1.427188
58	139	2.280971	1.510288	0.834868
12	23	2.280811	1.510235	1.360867
17	159	2.280102	1.510001	1.264275
43	153	2.279903	1.509935	0.869301
46	163	2.278714	1.509541	1.480460
2	106	2.277646	1.509187	1.030724
69	167	2.277532	1.509150	1.454085
73	217	2.277000	1.508973	1.301193
48	89	2.276575	1.508832	1.179713
56	212	2.276274	1.508733	1.375219
6	232	2.276246	1.508723	2.213575
22	253	2.275160	1.508363	1.211595
19	10	2.270710	1.506887	1.322621
30	99	2.270484	1.506813	1.180955
34	153	2.270242	1.506732	1.603137
4	60	2.270092	1.506683	1.316842
60	57	2.270040	1.506665	1.014682
18	101	2.269157	1.506372	0.689907
47	236	2.268718	1.506226	0.896597
51	99	2.266857	1.505609	1.135919
40	130	2.266314	1.505428	1.363302
44	37	2.265657	1.505210	1.326717
63	35	2.263190	1.504390	1.284774
49	50	2.259835	1.503275	0.739202
56	137	2.259773	1.503254	1.047077
62	113	2.259305	1.503099	1.086817
2	232	2.259257	1.503082	1.032074
3	245	2.258473	1.502822	0.672082
7	147	2.256733	1.502243	0.905499
23	67	2.256511	1.502169	0.997849
61	137	2.254838	1.501612	0.794477
70	54	2.254172	1.501390	0.725420
9	159	2.254055	1.501351	1.080297
39	11	2.253675	1.501225	0.895045
12	244	2.253357	1.501118	0.909514
14	74	2.252320	1.500773	1.136662
37	220	2.250512	1.500171	0.860971
1	193	2.249861	1.499954	0.841955
53	89	2.247801	1.499267	0.670493
3	232	2.246071	1.498690	1.067600
21	101	2.244188	1.498061	1.439156
33	16	2.242576	1.497523	1.596068
2	208	2.242062	1.497352	0.990656
25	250	2.241797	1.497263	1.798588
13	251	2.239844	1.496611	1.397113
27	232	2.239622	1.496537	1.070431
51	39	2.239233	1.496407	1.625068
23	164	2.238447	1.496144	1.634513
40	157	2.237196	1.495726	1.105290
67	183	2.237091	1.495691	0.991605
47	74	2.236721	1.495567	1.649916
56	177	2.235251	1.495075	1.628340
25	117	2.234947	1.494974	1.032548
56	253	2.233808	1.494593	0.819233
21	65	2.233626	1.494532	1.055205
35	149	2.232659	1.494209	1.060043
69	50	2.232101	1.494022	0.684501
26	165	2.231382	1.493781	1.479320
62	252	2.230451	1.493469	1.184930
52	10	2.230203	1.493387	1.313638
32	231	2.229394	1.493116	0.876721
38	121	2.229369	1.493107	1.292460
42	250	2.228107	1.492685	1.011722
1	144	2.227641	1.492528	0.667479
40	248	2.226082	1.492006	1.190939
62	237	2.225900	1.491945	0.673940
14	45	2.225664	1.491866	0.783838
20	48	2.225081	1.491671	1.157165
62	194	2.224746	1.491558	0.794282
42	233	2.223562	1.491161	1.172451
39	44	2.223389	1.491103	1.086568
19	33	2.223310	1.491077	0.782008
51	61	2.223145	1.491022	1.004639
68	147	2.221574	1.490494	0.706748
67	135	2.219561	1.489819	1.322338
56	209	2.219200	1.489698	1.128834
53	9	2.219031	1.489641	1.087224
41	223	2.218419	1.489436	0.997872
8	142	2.216147	1.488673	0.704100
3	234	2.215952	1.488607	0.861596
55	239	2.215774	1.488548	1.223863
15	28	2.215619	1.488496	1.192979
21	51	2.214972	1.488278	1.126564
31	213	2.214848	1.488237	1.234586
66	126	2.211145	1.486992	0.747602
17	205	2.210348	1.486724	1.229438
69	81	2.210076	1.486633	1.079408
64	145	2.207037	1.485610	1.055749
58	129	2.206534	1.485441	0.714768
49	249	2.206180	1.485321	0.886498
33	110	2.203631	1.484463	0.756604
1	158	2.203138	1.484297	0.797350
43	248	2.202975	1.484242	0.741404
11	134	2.202012	1.483918	0.886658
6	181	2.201544	1.483760	0.663558
52	133	2.201239	1.483657	1.383404
50	105	2.201018	1.483583	1.521031
73	238	2.200087	1.483269	0.769485
50	14	2.198966	1.482891	1.605884
66	127	2.198882	1.482863	1.015525
32	133	2.198264	1.482654	0.984577
2	81	2.195001	1.481553	0.666267
10	138	2.193989	1.481212	1.267277
28	11	2.192833	1.480822	0.726212
4	32	2.191817	1.480479	0.662090
19	240	2.191364	1.480326	1.410002
6	183	2.190098	1.479898	1.019508
28	158	2.188588	1.479388	1.054520
57	37	2.188292	1.479288	0.777597
60	58	2.187669	1.479077	1.045031
65	120	2.187483	1.479014	0.873945
9	109	2.187217	1.478924	0.972131
4	64	2.187163	1.478906	0.913766
54	113	2.186669	1.478739	0.768995
15	31	2.186170	1.478570	0.938317
17	60	2.185721	1.478418	0.986893
31	141	2.185179	1.478235	0.708921
32	208	2.185128	1.478218	1.090934
35	189	2.184920	1.478148	1.574794
31	254	2.184220	1.477911	1.257178
52	213	2.184002	1.477837	0.660909
69	189	2.183616	1.477706	1.348348
65	119	2.183303	1.477601	0.740564
5	94	2.180526	1.476660	0.930234
13	92	2.179117	1.476183	0.840157
58	234	2.178344	1.475921	1.008096
5	89	2.177385	1.475596	0.820525
10	201	2.177124	1.475508	1.317924
42	128	2.175125	1.474830	1.072531
20	233	2.174918	1.474760	1.262840
66	39	2.174060	1.474470	1.015548
30	24	2.172210	1.473842	0.659122
41	7	2.171234	1.473511	1.142257
17	193	2.170328	1.473203	1.113642
21	93	2.168808	1.472687	1.179756
36	98	2.168533	1.472594	1.601061
66	142	2.167390	1.472206	1.356962
18	64	2.167024	1.472082	1.349424
53	114	2.166985	1.472068	0.658329
8	76	2.166707	1.471974	0.822513
35	18	2.165595	1.471596	0.740218
27	39	2.165103	1.471429	1.273415
24	158	2.162446	1.470526	1.979446
23	154	2.162031	1.470385	1.019199
56	6	2.161777	1.470298	1.095577
27	244	2.161115	1.470073	1.540141
47	39	2.160954	1.470018	0.695382
41	86	2.160764	1.469954	1.223114
6	220	2.160401	1.469830	0.918018
43	213	2.159447	1.469506	0.774548
18	165	2.158544	1.469198	1.073628
63	105	2.157027	1.468682	1.439565
45	123	2.155889	1.468295	0.656641
28	187	2.153823	1.467591	1.565636
32	37	2.153249	1.467395	1.063646
63	166	2.152000	1.466970	0.964770
25	152	2.151224	1.466705	0.756987
11	121	2.151043	1.466644	1.111568
37	108	2.148359	1.465728	0.655494
25	111	2.147869	1.465561	1.047040
46	231	2.147519	1.465441	1.319426
34	175	2.147449	1.465418	1.357625
16	204	2.147356	1.465386	0.947189
72	113	2.145283	1.464679	0.899626
35	169	2.145050	1.464599	0.688278
28	181	2.144672	1.464470	1.729549
41	177	2.143823	1.464180	1.100016
38	66	2.143727	1.464147	1.081235
2	143	2.142524	1.463736	0.654603
56	245	2.142296	1.463658	0.844730
29	145	2.141996	1.463556	1.365172
7	181	2.140209	1.462945	1.722277
25	171	2.138516	1.462367	0.653990
4	27	2.138068	1.462213	0.653922
59	232	2.136135	1.461552	1.229997
40	181	2.134583	1.461021	1.327682
37	31	2.134576	1.461019	0.731903
23	155	2.132973	1.460470	0.846690
49	214	2.132436	1.460286	1.222090
43	235	2.131837	1.460081	0.982151
4	114	2.131075	1.459820	0.829444
50	49	2.130861	1.459747	1.276578
10	96	2.130041	1.459466	1.109345
40	138	2.129108	1.459146	1.286357
47	102	2.127993	1.458764	0.770655
45	68	2.127470	1.458585	1.093449
9	101	2.127350	1.458544	0.866804
21	168	2.124016	1.457400	0.731547
19	174	2.123222	1.457128	0.678994
55	142	2.121987	1.456704	1.063826
29	219	2.121807	1.456642	1.419556
19	122	2.119248	1.455764	0.973009
3	141	2.118137	1.455382	0.983009
72	171	2.117627	1.455207	1.094568
9	147	2.116443	1.454800	1.358511
6	214	2.116082	1.454676	0.650551
23	209	2.115612	1.454514	0.836580
51	68	2.115352	1.454425	1.088900
62	150	2.114505	1.454134	0.802214
11	128	2.114300	1.454063	0.826839
16	155	2.113809	1.453894	1.619605
10	78	2.113709	1.453860	0.879693
55	163	2.111500	1.453100	0.843849
69	230	2.110538	1.452769	1.052916
38	97	2.110491	1.452753	0.649691
31	220	2.110374	1.452713	1.047936
26	107	2.110161	1.452639	0.771008
26	152	2.109996	1.452583	0.802066
70	150	2.109478	1.452404	0.649535
23	131	2.108324	1.452007	0.865560
54	90	2.108264	1.451986	0.690677
68	131	2.107920	1.451868	1.224517
68	167	2.107430	1.451699	1.282161
68	35	2.107028	1.451560	1.317238
66	196	2.106484	1.451373	0.764597
49	80	2.104946	1.450843	2.278891
64	219	2.103844	1.450463	0.905808
56	74	2.103771	1.450438	0.718033
68	66	2.102327	1.449940	0.661622
55	160	2.101738	1.449737	1.081315
27	178	2.100588	1.449340	0.990783
57	192	2.099746	1.449050	1.696318
8	115	2.099347	1.448912	0.853081
60	237	2.098186	1.448511	0.851466
23	98	2.098032	1.448459	0.647770
60	189	2.097940	1.448427	1.423422
67	162	2.096356	1.447880	0.824194
56	194	2.096250	1.447843	0.889153
25	183	2.095937	1.447735	0.845663
67	132	2.095059	1.447432	1.007794
44	17	2.094789	1.447339	0.953459
11	40	2.089815	1.445619	1.026821
62	83	2.088757	1.445253	0.826266
36	166	2.087093	1.444677	1.954756
11	34	2.086924	1.444619	1.032290
40	143	2.086337	1.444416	1.370843
35	57	2.086108	1.444337	1.053040
44	183	2.084825	1.443892	0.946936
19	21	2.084768	1.443873	0.969819
52	101	2.084023	1.443615	0.645604
43	178	2.083877	1.443564	1.231615
22	9	2.083156	1.443314	1.077461
35	34	2.081811	1.442848	1.070886
9	199	2.081596	1.442774	0.645228
44	187	2.079929	1.442196	0.679676
59	186	2.079241	1.441957	0.998781
70	55	2.079024	1.441882	0.686090
42	33	2.078660	1.441756	1.034749
72	189	2.078653	1.441753	0.644772
41	41	2.078480	1.441693	0.802262
18	115	2.078153	1.441580	0.677834
44	153	2.076470	1.440996	1.240824
42	186	2.074870	1.440441	0.971759
3	15	2.074532	1.440323	1.462079
30	154	2.072801	1.439723	1.028705
8	45	2.072746	1.439703	0.966275
71	92	2.072304	1.439550	0.857066
12	10	2.071798	1.439374	1.197273
57	239	2.069547	1.438592	0.669721
65	31	2.069187	1.438467	0.771148
68	114	2.068780	1.438325	1.087197
8	6	2.068723	1.438306	1.034802
26	190	2.067883	1.438014	0.643099
41	188	2.067590	1.437912	1.258747
72	126	2.066949	1.437689	0.953969
35	204	2.065258	1.437100	1.025442
30	133	2.065173	1.437071	0.854085
39	129	2.063183	1.436379	0.778258
21	16	2.062726	1.436219	0.862212
36	27	2.061454	1.435776	0.985038
25	123	2.059981	1.435264	1.211617
31	61	2.059964	1.435258	1.194581
33	212	2.059122	1.434964	1.047942
73	102	2.059100	1.434956	0.641732
24	64	2.057436	1.434377	1.215739
23	10	2.056450	1.434033	0.990887
6	160	2.056157	1.433931	0.889097
15	93	2.055748	1.433788	0.652427
71	114	2.055707	1.433774	1.163365
50	40	2.055477	1.433693	0.855629
13	173	2.055114	1.433567	1.595441
47	213	2.055001	1.433528	0.971222
36	11	2.054937	1.433505	1.317771
69	183	2.054845	1.433473	0.741208
68	233	2.054151	1.433231	0.901438
10	169	2.053501	1.433004	0.640859
57	246	2.052814	1.432764	1.168055
20	150	2.051532	1.432317	0.992624
14	215	2.051377	1.432263	0.806176
67	69	2.050123	1.431825	1.424980
51	105	2.049565	1.431630	1.271521
4	157	2.048823	1.431371	0.943131
71	202	2.048047	1.431100	0.792462
21	119	2.047370	1.430863	0.861852
65	255	2.047200	1.430804	0.843160
46	69	2.046892	1.430696	0.920793
30	74	2.045418	1.430181	1.251584
29	20	2.044487	1.429856	1.036502
21	120	2.043696	1.429579	1.202212
68	151	2.042697	1.429229	1.068858
7	85	2.039321	1.428048	0.915221
18	162	2.038874	1.427892	1.093462
53	126	2.038610	1.427799	0.699233
69	237	2.038580	1.427788	0.730829
73	147	2.037842	1.427530	0.796137
22	249	2.037735	1.427493	0.668501
17	237	2.037608	1.427448	1.056961
69	106	2.037160	1.427291	0.743296
10	198	2.037085	1.427265	0.852490
25	83	2.037070	1.427260	0.831171
43	154	2.036441	1.427039	0.638191
14	243	2.036398	1.427024	0.668891
42	202	2.036229	1.426965	1.126090
59	93	2.036093	1.426917	0.638137
4	126	2.034437	1.426337	1.435555
17	172	2.033380	1.425966	0.637712
19	125	2.033119	1.425875	0.874587
33	218	2.033037	1.425846	1.201426
4	85	2.031829	1.425423	1.037909
14	218	2.031535	1.425319	0.689582
6	101	2.031324	1.425245	1.536758
66	251	2.030625	1.425000	0.967404
3	220	2.030487	1.424951	0.651609
46	89	2.030119	1.424822	0.890329
15	48	2.030108	1.424819	1.344084
37	214	2.029368	1.424559	0.920614
11	196	2.029072	1.424455	0.650072
41	231	2.025960	1.423362	0.818883
64	229	2.024396	1.422813	0.980790
37	226	2.024306	1.422781	1.005056
59	125	2.024154	1.422728	1.131267
25	81	2.023530	1.422508	0.733176
8	159	2.022455	1.422130	1.030652
7	224	2.020350	1.421390	1.513865
11	58	2.019568	1.421115	0.778105
56	104	2.018856	1.420865	0.635430
36	85	2.017244	1.420297	1.052757
27	134	2.013647	1.419030	1.110691
11	255	2.012741	1.418711	0.928183
54	208	2.011945	1.418430	0.781608
14	38	2.011923	1.418423	0.829845
54	26	2.010337	1.417864	1.448131
32	53	2.009686	1.417634	0.635960
63	34	2.009471	1.417558	0.997397
65	21	2.009459	1.417554	1.135562
68	69	2.008722	1.417294	0.808062
45	16	2.008136	1.417087	1.175153
58	157	2.007533	1.416874	0.864783
67	161	2.007256	1.416777	1.278234
46	192	2.006481	1.416503	0.633479
31	165	2.006445	1.416490	1.053801
65	124	2.006238	1.416417	0.767420
13	87	2.005749	1.416245	0.947254
37	230	2.005712	1.416232	0.952903
60	250	2.005407	1.416124	0.784977
20	235	2.004361	1.415755	1.391456
30	62	2.003416	1.415421	0.719179
71	242	2.002917	1.415244	0.711211
51	237	2.002846	1.415219	0.656490
66	131	2.001297	1.414672	0.928716
16	27	2.001295	1.414671	0.901111
45	138	2.000521	1.414398	0.826083
50	72	2.000513	1.414395	0.910614
34	97	2.000077	1.414241	1.238811
52	63	1.999860	1.414164	1.243028
4	210	1.999734	1.414119	1.596033
36	117	1.998915	1.413830	0.663570
12	92	1.997000	1.413152	1.378199
16	133	1.996654	1.413030	0.631926
9	74	1.996495	1.412974	0.821028
2	35	1.996075	1.412825	0.732719
25	172	1.995557	1.412642	1.194909
33	30	1.994798	1.412373	0.817139
52	92	1.993933	1.412067	0.677562
42	59	1.993113	1.411776	1.025696
55	86	1.992841	1.411680	0.912069
16	130	1.992685	1.411625	1.088528
15	143	1.992000	1.411382	0.911044
61	179	1.991730	1.411287	0.925175
29	121	1.991669	1.411265	0.695251
11	72	1.991406	1.411172	0.631095
17	62	1.991002	1.411029	1.125028
18	203	1.990361	1.410802	1.116719
28	146	1.990320	1.410787	1.141709
1	239	1.989590	1.410528	1.020632
64	21	1.989327	1.410435	0.982537
8	245	1.989131	1.410366	1.092269
33	80	1.988168	1.410024	1.331962
63	169	1.986525	1.409441	1.230984
18	218	1.986021	1.409262	0.920506
51	161	1.984606	1.408760	1.021033
37	255	1.983826	1.408484	0.811142
70	83	1.982926	1.408164	1.159188
16	117	1.981680	1.407721	1.759677
5	70	1.981545	1.407674	0.629531
37	93	1.981523	1.407666	1.305440
6	234	1.980975	1.407471	1.325925
54	108	1.980050	1.407143	1.022174
36	157	1.979594	1.406981	0.863530
52	48	1.979004	1.406771	0.914318
67	230	1.977744	1.406323	1.707361
56	172	1.976738	1.405965	1.300954
25	110	1.975121	1.405390	0.820093
8	86	1.974782	1.405269	0.896255
37	119	1.974407	1.405136	0.680572
51	192	1.973910	1.404959	1.341312
63	50	1.973641	1.404863	0.890208
3	214	1.973543	1.404828	0.656718
12	187	1.973253	1.404725	0.925747
41	69	1.972689	1.404525	0.944489
18	53	1.972509	1.404461	1.359398
55	236	1.972489	1.404453	1.353577
29	199	1.972096	1.404313	0.917471
33	182	1.971686	1.404167	0.760136
63	198	1.971231	1.404005	0.779271
22	124	1.970702	1.403817	0.914720
36	239	1.970221	1.403646	1.224770
46	70	1.969973	1.403557	0.998716
15	55	1.968802	1.403140	0.950703
10	3	1.968768	1.403128	0.898555
56	170	1.966631	1.402366	1.198947
9	156	1.964054	1.401447	1.002067
6	217	1.963939	1.401406	0.965854
5	51	1.963339	1.401192	0.915371
56	88	1.962627	1.400938	1.217653
68	68	1.962150	1.400768	1.147794
29	63	1.961305	1.400466	1.411357
58	148	1.961154	1.400412	1.524207
2	165	1.961036	1.400370	0.626264
19	50	1.960611	1.400218	1.387082
72	44	1.960513	1.400183	1.037468
55	109	1.960176	1.400063	0.961098
1	78	1.960072	1.400026	1.317614
42	161	1.959986	1.399995	1.488682
41	21	1.959846	1.399945	0.859582
38	187	1.959640	1.399872	0.939269
21	66	1.958749	1.399553	1.030522
37	75	1.958276	1.399384	0.865310
29	61	1.957321	1.399043	1.496959
31	59	1.956888	1.398888	1.283502
26	81	1.956612	1.398789	0.907922
56	150	1.956516	1.398755	0.700277
71	139	1.955982	1.398564	0.995770
66	78	1.953818	1.397790	1.368765
23	166	1.953715	1.397754	0.660485
46	119	1.950996	1.396781	0.844393
43	256	1.949372	1.396199	0.624399
33	139	1.948461	1.395873	1.410145
14	95	1.947826	1.395645	1.226746
5	207	1.947649	1.395582	1.543068
62	77	1.947568	1.395553	0.742275
50	93	1.946542	1.395185	1.012491
39	90	1.944606	1.394491	0.626897
68	107	1.944383	1.394411	0.993503
20	108	1.944179	1.394338	0.639742
62	34	1.944084	1.394304	1.209536
42	190	1.943823	1.394211	1.540979
57	31	1.943324	1.394032	0.703296
4	50	1.943220	1.393994	1.364722
36	130	1.942649	1.393789	0.715575
28	32	1.940640	1.393069	2.230462
40	84	1.940455	1.393002	0.933986
38	248	1.940187	1.392906	1.189852
42	240	1.939972	1.392829	0.857567
15	90	1.938824	1.392417	1.003401
10	144	1.938138	1.392170	0.658237
5	188	1.937822	1.392057	0.908295
62	244	1.933824	1.390620	1.392616
18	179	1.933755	1.390595	0.795551
26	58	1.933280	1.390424	0.931814
66	246	1.932925	1.390297	0.815446
63	179	1.932515	1.390149	1.251517
37	70	1.931677	1.389848	0.669438
43	156	1.931599	1.389820	1.116887
41	67	1.928994	1.388882	1.120222
33	219	1.928016	1.388530	0.825063
22	64	1.927556	1.388364	1.393264
30	89	1.926982	1.388158	0.811438
15	242	1.926912	1.388133	1.027913
34	131	1.926780	1.388085	1.304005
15	76	1.925470	1.387613	0.746839
28	87	1.925037	1.387457	0.890721
46	213	1.924687	1.387331	0.761625
73	255	1.924161	1.387141	0.679482
14	122	1.923454	1.386887	0.796738
56	220	1.923079	1.386751	1.789929
41	161	1.922967	1.386711	0.753333
62	210	1.917965	1.384906	0.785302
50	52	1.917550	1.384756	0.912116
15	240	1.917161	1.384616	0.989797
68	90	1.914525	1.383664	1.591107
9	5	1.913883	1.383432	0.675121
29	88	1.913102	1.383149	1.149180
35	75	1.912218	1.382830	0.838394
70	58	1.912040	1.382765	0.981224
71	199	1.911838	1.382692	0.908012
45	14	1.911711	1.382646	0.861178
20	242	1.911387	1.382529	1.139432
54	77	1.910981	1.382382	1.023399
59	145	1.910579	1.382237	0.840472
26	92	1.908005	1.381306	1.439526
14	231	1.906957	1.380926	1.061215
33	230	1.906061	1.380602	0.617424
47	218	1.906015	1.380585	1.001393
38	139	1.905502	1.380399	0.836089
17	198	1.905490	1.380395	1.241525
16	171	1.905269	1.380315	1.254610
33	91	1.904177	1.379919	0.816373
49	116	1.903339	1.379615	1.218392
35	128	1.899326	1.378161	1.290818
49	204	1.899274	1.378142	0.725584
31	176	1.897905	1.377645	0.771900
66	122	1.897455	1.377481	1.490499
21	213	1.896819	1.377251	0.734442
14	15	1.896488	1.377130	1.105030
73	111	1.895562	1.376794	0.699976
31	183	1.894136	1.376276	0.615489
3	159	1.893944	1.376206	1.297676
46	161	1.893142	1.375915	0.831879
27	183	1.891290	1.375242	0.749616
37	22	1.886796	1.373607	0.970037
40	102	1.886690	1.373568	0.659805
50	230	1.885644	1.373188	0.768409
72	77	1.885405	1.373100	0.695958
71	135	1.884387	1.372730	0.818697
18	163	1.883621	1.372451	1.066057
54	237	1.882408	1.372009	0.953324
20	88	1.882277	1.371961	0.613560
14	66	1.881269	1.371594	0.613395
3	67	1.880643	1.371365	1.305877
70	15	1.880534	1.371325	0.901935
63	221	1.878452	1.370566	0.711135
10	255	1.876161	1.369730	1.057953
51	255	1.875593	1.369523	0.798952
53	58	1.874724	1.369205	0.798893
42	206	1.874723	1.369205	0.699338
20	126	1.874232	1.369026	1.546194
14	3	1.873927	1.368914	0.612197
8	53	1.873232	1.368661	1.017783
52	131	1.873230	1.368660	1.198629
47	247	1.871979	1.368203	0.739894
56	111	1.871762	1.368124	0.866420
52	204	1.871614	1.368069	0.730644
48	70	1.871540	1.368042	0.885349
3	97	1.871377	1.367983	1.300960
41	233	1.871196	1.367917	1.421976
47	31	1.871194	1.367916	0.701487
66	250	1.870474	1.367653	0.702873
64	195	1.869866	1.367430	1.220658
50	108	1.868683	1.366998	0.759835
9	18	1.867855	1.366695	0.634116
20	244	1.867780	1.366667	0.613524
37	65	1.867762	1.366661	0.611189
52	139	1.867188	1.366451	0.710412
65	143	1.866402	1.366163	0.765672
60	199	1.866299	1.366126	0.895401
15	72	1.866235	1.366102	0.656062
6	55	1.866049	1.366034	0.981329
40	241	1.865787	1.365938	0.610866
53	159	1.864635	1.365516	0.610677
51	33	1.863199	1.364990	0.616085
10	73	1.863037	1.364931	1.166338
52	24	1.862812	1.364849	0.787969
69	38	1.862550	1.364753	0.610336
14	168	1.858294	1.363193	1.074126
27	131	1.857890	1.363044	0.815145
16	188	1.857807	1.363014	0.856527
36	253	1.854662	1.361860	1.404033
44	154	1.854569	1.361826	1.031043
4	151	1.854444	1.361780	0.609006
37	80	1.853701	1.361507	1.781734
23	70	1.853222	1.361331	1.124945
55	47	1.851880	1.360838	1.148968
12	181	1.851813	1.360813	1.019233
37	234	1.851175	1.360579	1.316895
14	33	1.850871	1.360467	0.845472
10	71	1.850632	1.360379	0.887303
15	75	1.850404	1.360296	0.993205
17	37	1.850347	1.360275	1.047347
12	48	1.849962	1.360133	0.935225
51	183	1.849424	1.359935	1.013741
66	112	1.848672	1.359659	0.667947
5	113	1.848321	1.359530	0.982112
47	129	1.847906	1.359377	0.701809
40	18	1.845634	1.358541	0.851770
8	61	1.844708	1.358200	1.254250
73	136	1.844604	1.358162	0.733678
5	219	1.843975	1.357930	1.261497
29	6	1.843784	1.357860	1.919752
1	156	1.843475	1.357746	1.275601
36	176	1.843245	1.357662	1.020615
25	140	1.843106	1.357610	0.981218
27	212	1.842607	1.357426	1.277621
28	194	1.842267	1.357301	0.768459
43	121	1.841359	1.356967	1.093495
4	247	1.841239	1.356923	1.178031
13	234	1.840577	1.356679	0.916883
60	136	1.840375	1.356604	0.925148
12	173	1.840326	1.356586	1.376236
1	210	1.839483	1.356275	0.979534
59	84	1.839442	1.356260	0.621382
63	236	1.839438	1.356259	1.243062
65	56	1.838398	1.355875	0.891906
18	191	1.837897	1.355691	0.934759
37	99	1.837814	1.355660	0.756613
41	17	1.837813	1.355659	1.253717
4	21	1.836619	1.355219	0.898584
52	152	1.835912	1.354958	0.710897
32	119	1.834379	1.354393	0.628466
22	152	1.832900	1.353846	0.819118
12	229	1.832564	1.353722	0.605403
25	211	1.832291	1.353621	0.834345
35	220	1.832185	1.353582	0.653199
63	190	1.831143	1.353197	0.873885
63	112	1.830719	1.353041	0.605098
63	67	1.829753	1.352683	0.771132
73	167	1.829054	1.352425	0.855356
46	202	1.828675	1.352285	1.124465
43	226	1.827826	1.351971	0.604620
7	155	1.825429	1.351084	0.841995
13	155	1.825362	1.351060	0.981346
47	32	1.823811	1.350485	0.796894
42	11	1.822592	1.350034	0.665883
20	14	1.822286	1.349921	1.138389
72	151	1.821983	1.349809	1.197601
28	106	1.821379	1.349585	0.777676
58	152	1.819551	1.348907	0.604710
30	54	1.819104	1.348742	0.603176
16	142	1.818741	1.348607	1.039834
15	159	1.818221	1.348414	0.873207
73	10	1.816390	1.347735	0.672015
15	196	1.813967	1.346836	0.917968
37	235	1.813133	1.346526	1.012158
30	238	1.812755	1.346386	1.051863
3	215	1.811357	1.345867	0.978933
29	177	1.810684	1.345617	1.002313
67	145	1.810114	1.345405	1.093023
17	54	1.809398	1.345139	0.787562
39	86	1.809361	1.345125	1.139439
60	67	1.809160	1.345050	1.320569
9	49	1.808465	1.344792	0.987117
4	14	1.808039	1.344633	0.875804
9	114	1.807290	1.344355	0.913050
38	138	1.806886	1.344205	1.103729
26	224	1.806214	1.343955	1.021699
60	226	1.806060	1.343897	1.372066
40	243	1.804690	1.343387	0.630179
40	210	1.803743	1.343035	0.600623
6	244	1.803043	1.342774	1.324223
46	47	1.801961	1.342372	1.190199
48	65	1.801682	1.342267	0.600280
6	22	1.800203	1.341716	1.023112
29	1	1.799891	1.341600	1.058487
64	66	1.799020	1.341276	0.864411
16	76	1.798742	1.341172	1.233743
30	150	1.798646	1.341136	0.972873
46	182	1.798472	1.341071	0.763515
21	77	1.796789	1.340444	0.832557
10	6	1.795680	1.340030	1.167311
25	11	1.795308	1.339891	0.977955
2	27	1.794146	1.339457	0.970712
15	179	1.793981	1.339396	0.802899
24	140	1.793473	1.339206	0.731711
52	110	1.792824	1.338964	0.598803
52	17	1.792756	1.338938	1.284651
28	234	1.791831	1.338593	0.753794
34	229	1.791806	1.338584	1.073042
60	93	1.790893	1.338243	1.503490
21	62	1.790675	1.338161	1.173568
30	159	1.790170	1.337972	1.106130
62	181	1.788629	1.337396	0.988441
8	249	1.787417	1.336943	0.728285
8	79	1.785725	1.336310	0.620475
18	82	1.784880	1.335994	1.614357
20	86	1.783250	1.335384	0.910123
13	38	1.782886	1.335248	1.189741
56	169	1.782358	1.335050	0.753612
69	84	1.781550	1.334747	0.613664
40	75	1.781200	1.334616	0.684867
27	108	1.780368	1.334304	0.951387
5	247	1.778886	1.333749	0.794396
45	229	1.778844	1.333733	0.708523
40	201	1.777604	1.333268	0.831862
28	138	1.777473	1.333219	0.618669
52	140	1.776530	1.332865	0.670927
70	67	1.776047	1.332684	0.714514
45	151	1.775890	1.332625	1.183184
61	177	1.775497	1.332478	1.139681
30	48	1.774863	1.332240	0.916777
12	32	1.773928	1.331889	2.440677
23	97	1.773172	1.331605	1.166595
61	175	1.771489	1.330973	0.903769
28	179	1.771231	1.330876	0.839805
73	162	1.770968	1.330777	1.126358
45	38	1.770951	1.330771	1.318801
11	160	1.769751	1.330320	0.594937
9	137	1.768504	1.329851	1.092573
11	115	1.768400	1.329812	1.111455
10	254	1.768167	1.329724	0.594671
28	30	1.767587	1.329506	1.263243
57	63	1.767440	1.329451	1.062358
17	1	1.767194	1.329358	0.670230
5	3	1.766718	1.329180	0.757645
25	202	1.765978	1.328901	0.729760
15	215	1.765590	1.328755	0.795598
71	15	1.765167	1.328596	0.873747
32	196	1.764802	1.328459	1.130174
37	56	1.763904	1.328120	0.726437
69	160	1.763796	1.328080	1.957819
7	81	1.762549	1.327610	0.677007
43	185	1.761144	1.327081	1.081143
62	179	1.761039	1.327042	0.748510
73	70	1.760888	1.326984	0.595963
72	140	1.760134	1.326700	0.721873
54	172	1.759951	1.326631	0.617486
53	85	1.759703	1.326538	0.759701
32	160	1.759022	1.326281	0.593131
34	107	1.758588	1.326118	0.742159
47	160	1.758287	1.326004	0.679539
20	137	1.757517	1.325714	0.791155
1	160	1.756944	1.325498	0.745752
10	251	1.756677	1.325397	0.963380
67	55	1.756591	1.325365	0.644800
59	138	1.756397	1.325291	1.016595
25	39	1.756252	1.325237	0.954859
72	56	1.755278	1.324869	0.924846
2	49	1.754865	1.324713	1.249695
55	144	1.754414	1.324543	1.232808
52	154	1.754228	1.324473	1.015238
67	164	1.753202	1.324085	0.839830
37	162	1.752062	1.323655	0.878710
49	127	1.750417	1.323033	1.579445
26	44	1.750060	1.322898	0.736917
30	44	1.749990	1.322872	1.399443
16	156	1.749370	1.322637	0.627877
52	222	1.749193	1.322571	0.792852
7	188	1.749157	1.322557	0.903166
73	61	1.749072	1.322525	1.138573
38	35	1.748716	1.322390	1.137044
5	67	1.748090	1.322154	1.139022
11	17	1.747937	1.322096	2.220361
28	130	1.747609	1.321972	1.146991
7	163	1.747216	1.321823	0.787973
16	159	1.746672	1.321617	0.662176
36	109	1.746584	1.321584	1.138417
63	125	1.746171	1.321428	0.877716
37	105	1.746148	1.321419	0.984275
56	69	1.745593	1.321209	1.068764
51	101	1.744399	1.320757	0.599328
52	42	1.743978	1.320598	0.788485
18	18	1.741901	1.319811	1.240899
37	3	1.741896	1.319809	1.049734
10	218	1.741576	1.319688	1.320147
59	222	1.741268	1.319571	0.861837
60	200	1.740348	1.319223	0.678548
1	16	1.739598	1.318938	1.226348
70	41	1.739450	1.318882	0.589822
27	222	1.739098	1.318749	1.006220
28	35	1.738349	1.318465	0.717924
42	212	1.738327	1.318456	0.918617
50	33	1.738169	1.318397	0.601839
45	37	1.738136	1.318384	0.762745
70	10	1.738047	1.318350	1.201986
64	235	1.737937	1.318308	0.597604
42	63	1.737773	1.318246	0.675522
33	26	1.737150	1.318010	0.843419
14	225	1.737116	1.317997	1.273685
70	204	1.736348	1.317706	1.121505
26	197	1.736179	1.317642	1.283538
38	178	1.736081	1.317604	1.331425
51	238	1.735965	1.317560	0.753721
66	187	1.735230	1.317281	0.969381
42	22	1.734039	1.316829	0.725313
7	56	1.733408	1.316589	1.608860
22	91	1.733255	1.316531	1.059041
72	185	1.732365	1.316193	0.616828
28	5	1.730872	1.315626	1.079598
18	98	1.730775	1.315589	1.121696
31	211	1.729206	1.314993	0.789463
32	47	1.728400	1.314686	1.187590
30	158	1.727042	1.314170	0.689632
61	24	1.726312	1.313892	1.154451
48	127	1.724778	1.313308	1.120314
37	160	1.724774	1.313307	1.059588
52	20	1.724773	1.313306	0.665461
1	21	1.724596	1.313239	0.724975
22	147	1.724269	1.313114	0.653877
30	223	1.723807	1.312938	0.800109
22	182	1.723607	1.312862	0.706516
56	43	1.722969	1.312619	1.089447
11	108	1.722439	1.312417	1.107859
69	70	1.722396	1.312401	0.586924
64	39	1.722128	1.312299	0.924177
31	6	1.721162	1.311931	0.621418
29	160	1.719440	1.311274	0.915772
46	41	1.718869	1.311056	1.262784
33	85	1.718110	1.310767	1.821377
66	204	1.717972	1.310714	0.617344
14	228	1.717441	1.310512	0.962601
43	57	1.716832	1.310279	0.923779
12	74	1.716528	1.310163	1.515908
29	98	1.715277	1.309686	0.677107
52	96	1.714697	1.309464	0.957614
19	208	1.714424	1.309360	0.734547
55	141	1.714386	1.309346	0.944011
36	215	1.714279	1.309305	0.585539
49	135	1.713037	1.308830	0.964308
63	206	1.712218	1.308518	1.329652
27	139	1.712162	1.308496	0.781504
27	186	1.711357	1.308189	0.832091
43	221	1.710727	1.307948	0.934970
55	67	1.709642	1.307533	1.050423
51	25	1.709260	1.307387	0.849959
10	142	1.709194	1.307362	1.312803
12	7	1.705906	1.306103	1.168148
52	118	1.705276	1.305862	0.663844
30	97	1.703609	1.305224	0.831543
49	212	1.702737	1.304890	1.387943
27	100	1.702643	1.304853	0.958313
67	127	1.702592	1.304834	0.890478
27	37	1.701510	1.304420	0.928763
57	130	1.701490	1.304412	0.667823
13	124	1.701182	1.304294	0.583298
12	44	1.700904	1.304187	1.268004
10	46	1.700612	1.304075	0.758818
24	55	1.700471	1.304021	0.824674
73	251	1.700202	1.303918	0.957987
10	56	1.699760	1.303749	0.649143
20	198	1.699300	1.303572	0.875082
13	46	1.698260	1.303173	0.951978
50	178	1.698222	1.303158	1.143369
60	192	1.698138	1.303126	0.828034
17	175	1.698040	1.303089	0.804463
32	235	1.697984	1.303067	0.745769
27	140	1.697816	1.303003	0.780058
72	31	1.697372	1.302832	1.164808
55	25	1.695626	1.302162	1.063721
22	125	1.694643	1.301785	0.895111
18	70	1.694393	1.301688	1.156222
25	157	1.693873	1.301489	0.918769
47	217	1.693667	1.301410	0.911861
64	190	1.692642	1.301016	0.631653
63	176	1.692484	1.300955	0.623093
57	108	1.692099	1.300807	0.673267
64	53	1.691154	1.300444	0.581576
21	86	1.690671	1.300258	0.686402
55	7	1.689918	1.299969	1.180721
71	211	1.689858	1.299945	0.748197
25	34	1.689420	1.299777	0.713991
46	85	1.688220	1.299315	0.581071
31	122	1.687798	1.299153	0.967018
3	30	1.687748	1.299134	1.291219
40	187	1.687479	1.299030	0.776339
16	67	1.686814	1.298774	0.748526
11	30	1.686424	1.298624	1.655052
19	69	1.686231	1.298550	0.634664
2	214	1.685997	1.298460	0.913306
35	69	1.685641	1.298322	0.580627
18	120	1.683806	1.297615	0.667475
29	62	1.682053	1.296940	1.251124
13	35	1.681868	1.296868	0.936657
31	76	1.681703	1.296805	1.156026
23	37	1.680663	1.296404	1.564212
58	125	1.680474	1.296331	1.550897
52	56	1.680064	1.296173	0.901392
11	163	1.679100	1.295801	0.710558
43	133	1.678306	1.295495	0.646141
65	33	1.678282	1.295485	0.970737
54	133	1.677945	1.295355	1.032178
43	162	1.677586	1.295217	1.061062
69	85	1.677424	1.295154	1.399306
51	109	1.677408	1.295148	0.848151
10	159	1.677402	1.295145	0.786407
51	234	1.676783	1.294906	0.600730
20	65	1.676040	1.294620	0.807008
29	255	1.676030	1.294616	0.774905
21	139	1.674873	1.294169	0.607730
54	163	1.674444	1.294003	1.052242
60	89	1.673970	1.293820	0.913078
68	203	1.673831	1.293766	0.959751
67	200	1.673596	1.293675	0.762099
42	31	1.673331	1.293573	1.685937
48	102	1.673050	1.293464	1.112970
45	71	1.672104	1.293098	0.838023
70	177	1.672012	1.293063	1.310062
64	81	1.671978	1.293050	0.696454
10	30	1.671964	1.293044	1.041827
68	110	1.671888	1.293015	0.757825
3	237	1.671291	1.292784	0.952134
40	60	1.670659	1.292540	0.956410
15	235	1.670300	1.292401	0.577979
4	149	1.669614	1.292135	1.346876
59	177	1.669046	1.291916	0.577762
36	90	1.667969	1.291499	0.996088
42	238	1.667524	1.291326	0.746393
40	9	1.666085	1.290769	0.776897
46	215	1.666047	1.290754	1.017781
63	122	1.664702	1.290233	0.768648
31	235	1.664599	1.290193	0.641747
10	23	1.663406	1.289731	1.238645
9	198	1.663151	1.289632	0.772425
73	233	1.662754	1.289478	0.673238
58	39	1.662231	1.289275	0.941464
55	33	1.662053	1.289206	1.276174
33	237	1.660768	1.288708	1.006155
73	87	1.660224	1.288497	1.290197
62	36	1.659868	1.288359	0.632782
17	201	1.659825	1.288342	1.025111
69	232	1.659643	1.288271	0.923052
55	165	1.659635	1.288268	0.576131
44	65	1.657474	1.287429	0.922707
60	7	1.657250	1.287342	0.612632
58	47	1.657145	1.287301	0.934073
31	134	1.657003	1.287246	0.814162
38	226	1.656842	1.287184	0.575646
24	253	1.656249	1.286953	0.575543
48	195	1.655659	1.286724	0.790232
7	107	1.655635	1.286715	0.820967
51	86	1.653582	1.285917	0.770823
2	48	1.653298	1.285806	1.035213
42	226	1.653225	1.285778	0.894161
56	136	1.652932	1.285664	0.710749
50	53	1.652649	1.285554	1.241360
45	254	1.652301	1.285419	0.609040
56	38	1.650985	1.284907	0.574628
42	64	1.650504	1.284719	1.498423
29	149	1.649847	1.284464	0.747353
61	249	1.648608	1.283981	0.931234
15	229	1.648481	1.283932	1.218953
29	130	1.648295	1.283859	1.145775
66	60	1.647811	1.283671	0.777943
15	111	1.647784	1.283660	0.578791
44	198	1.647738	1.283642	0.574062
9	179	1.647538	1.283565	0.892143
48	110	1.647440	1.283526	0.746326
4	131	1.644907	1.282539	1.002101
67	224	1.643568	1.282017	0.949867
8	138	1.642921	1.281765	0.617594
72	102	1.641754	1.281309	1.282473
57	252	1.641058	1.281038	0.943957
30	174	1.640517	1.280827	0.944930
11	138	1.640287	1.280737	0.764171
73	41	1.638968	1.280222	0.672899
58	180	1.638025	1.279854	0.669542
24	138	1.637729	1.279738	1.526968
8	132	1.637226	1.279541	0.572228
50	68	1.636990	1.279449	1.368858
19	65	1.636938	1.279429	0.606414
48	230	1.636311	1.279184	1.018900
62	133	1.636002	1.279063	0.692468
14	152	1.635730	1.278956	0.596104
41	102	1.635650	1.278925	0.933406
53	50	1.633971	1.278269	1.506606
38	69	1.633694	1.278161	2.040206
7	39	1.633558	1.278107	1.332544
27	169	1.633225	1.277977	1.123896
67	124	1.632482	1.277686	0.801871
69	88	1.632158	1.277560	1.507416
37	96	1.631620	1.277349	0.571248
71	65	1.631547	1.277320	0.810932
9	177	1.631445	1.277280	1.129985
10	18	1.630856	1.277050	0.571114
66	170	1.630271	1.276821	1.223489
45	238	1.630112	1.276758	1.160665
53	209	1.629965	1.276701	1.170786
67	87	1.629488	1.276514	1.345989
45	29	1.629300	1.276440	1.607459
26	118	1.629156	1.276384	0.570816
8	117	1.628469	1.276115	0.844139
28	216	1.628275	1.276039	1.039977
69	194	1.627760	1.275837	0.570572
18	161	1.626431	1.275316	0.939719
28	211	1.626171	1.275214	0.570293
45	122	1.626029	1.275158	1.055948
29	173	1.626021	1.275155	0.745792
9	123	1.625971	1.275136	0.958889
11	161	1.625438	1.274927	0.709168
59	77	1.624666	1.274624	0.743639
40	48	1.624191	1.274438	1.140573
55	234	1.623655	1.274227	0.792387
52	134	1.622384	1.273728	1.503539
68	101	1.622170	1.273644	0.839109
67	195	1.622030	1.273590	0.922368
70	80	1.621585	1.273415	2.118901
54	117	1.621264	1.273289	0.991366
72	11	1.620806	1.273109	0.749140
2	28	1.620396	1.272948	2.059447
42	135	1.619886	1.272747	0.796858
19	52	1.619844	1.272731	1.310728
39	199	1.618118	1.272053	1.209111
24	50	1.617214	1.271697	0.949922
6	82	1.617168	1.271679	0.743943
7	22	1.616996	1.271612	0.713820
29	52	1.616415	1.271383	0.658790
14	118	1.616200	1.271299	1.204818
43	85	1.615964	1.271206	0.814206
11	194	1.615350	1.270964	0.691287
54	180	1.614706	1.270711	0.645271
14	17	1.614441	1.270607	0.568233
8	30	1.613712	1.270320	0.773215
60	130	1.613476	1.270227	0.713280
32	67	1.612409	1.269807	0.823380
48	76	1.612383	1.269796	1.039632
19	192	1.612369	1.269791	0.826594
31	78	1.610547	1.269073	0.926706
48	63	1.610301	1.268976	0.783771
71	241	1.609906	1.268821	1.018162
46	40	1.609862	1.268803	0.820729
42	107	1.609274	1.268572	0.583961
51	160	1.608584	1.268300	1.232365
39	119	1.607700	1.267951	0.748935
46	132	1.607193	1.267751	0.726978
42	208	1.606818	1.267603	0.875254
65	71	1.606067	1.267307	0.701142
15	133	1.605806	1.267204	0.912584
9	138	1.605632	1.267135	0.938671
40	221	1.605466	1.267070	0.722462
41	227	1.604652	1.266749	0.760571
5	190	1.604614	1.266734	1.213752
24	192	1.603841	1.266428	2.763637
70	228	1.603650	1.266353	1.401908
44	179	1.603543	1.266311	1.535202
4	62	1.603043	1.266113	1.027045
52	119	1.602758	1.266001	0.771968
17	33	1.602548	1.265918	0.699485
62	250	1.602250	1.265800	0.699406
41	237	1.601801	1.265623	0.965810
54	217	1.601737	1.265598	0.728124
61	97	1.601522	1.265513	0.902188
4	171	1.601282	1.265418	0.864765
48	219	1.601265	1.265411	1.166308
47	99	1.601120	1.265354	0.733609
30	241	1.600027	1.264922	0.925484
45	227	1.599602	1.264754	0.715966
71	109	1.599158	1.264578	0.714942
41	27	1.598458	1.264301	0.731371
37	201	1.597739	1.264017	1.418990
66	91	1.597635	1.263976	0.721595
3	190	1.597339	1.263859	1.350103
14	28	1.597228	1.263815	1.153517
50	234	1.597148	1.263783	0.565181
35	108	1.597125	1.263774	0.803055
72	229	1.596860	1.263669	1.238822
67	38	1.596765	1.263632	0.713837
36	25	1.596129	1.263380	0.713128
1	5	1.596025	1.263339	1.261627
33	45	1.595855	1.263272	0.614221
29	32	1.595747	1.263229	0.907286
19	15	1.594109	1.262580	0.959167
33	73	1.594016	1.262543	0.564627
7	6	1.593882	1.262490	1.035532
53	71	1.592611	1.261987	0.967388
2	29	1.592380	1.261895	1.294571
37	146	1.591971	1.261733	0.916414
57	112	1.590720	1.261238	0.931052
19	72	1.590510	1.261154	1.008645
26	123	1.590498	1.261150	0.804420
46	235	1.590037	1.260967	1.138896
49	223	1.590032	1.260965	0.689447
69	137	1.588684	1.260430	0.572276
63	156	1.588228	1.260249	1.131620
65	236	1.587051	1.259782	1.174456
58	26	1.586672	1.259632	0.919348
16	199	1.586514	1.259569	0.624046
48	99	1.586080	1.259397	1.376300
67	116	1.585522	1.259175	0.595011
27	180	1.584877	1.258919	1.116601
58	91	1.583976	1.258561	0.880908
45	223	1.583915	1.258537	1.284903
18	231	1.583840	1.258507	0.562822
72	196	1.583702	1.258452	0.562797
21	175	1.583680	1.258443	1.378920
61	149	1.583277	1.258283	0.813947
61	115	1.583123	1.258222	0.723019
2	131	1.581309	1.257501	0.911588
72	205	1.580869	1.257326	0.588598
32	86	1.580803	1.257300	0.701773
17	77	1.580443	1.257157	0.595551
3	7	1.578416	1.256350	0.664110
16	70	1.577947	1.256164	1.885998
6	59	1.577676	1.256056	1.094464
15	202	1.576562	1.255612	0.691872
33	68	1.576499	1.255587	0.777552
29	215	1.576390	1.255544	1.035499
49	56	1.575957	1.255371	1.146569
58	6	1.575908	1.255352	1.039970
3	142	1.575895	1.255346	1.299397
47	163	1.575610	1.255233	0.748961
23	157	1.574948	1.254969	0.725595
11	174	1.573668	1.254459	0.882159
19	90	1.573041	1.254209	0.687953
56	49	1.570046	1.253015	0.912210
52	43	1.569643	1.252854	0.856153
16	212	1.569128	1.252648	0.655875
33	9	1.568717	1.252484	1.246044
59	214	1.568215	1.252284	1.280049
28	21	1.568061	1.252222	1.561982
67	106	1.567799	1.252118	0.917152
53	51	1.567675	1.252068	0.647684
50	59	1.567191	1.251875	0.709279
46	198	1.567026	1.251809	0.572818
54	102	1.566694	1.251676	0.901733
16	147	1.566435	1.251573	0.790528
37	182	1.566435	1.251573	0.784828
70	164	1.565071	1.251028	0.898147
22	1	1.564771	1.250908	0.725938
61	68	1.564019	1.250608	0.988841
35	137	1.563990	1.250596	1.058818
3	167	1.563804	1.250521	1.005789
28	254	1.562930	1.250172	0.969840
27	187	1.562756	1.250102	0.559063
30	195	1.560946	1.249378	1.072175
42	114	1.560876	1.249350	0.962252
6	180	1.560860	1.249344	1.099013
22	107	1.560428	1.249171	1.426622
8	206	1.560254	1.249101	1.527308
13	249	1.560002	1.249000	0.558570
22	38	1.559676	1.248870	1.258486
9	85	1.559508	1.248803	0.858231
39	92	1.559287	1.248714	0.665406
41	191	1.557811	1.248123	0.659270
5	105	1.557655	1.248060	0.877154
39	20	1.554236	1.246690	0.910118
3	222	1.554021	1.246604	1.217609
58	250	1.553293	1.246312	0.723664
7	162	1.552839	1.246130	0.784384
61	141	1.552777	1.246105	0.834978
31	135	1.552283	1.245907	0.774415
41	78	1.552173	1.245862	0.750002
23	195	1.551863	1.245738	0.850162
38	213	1.551239	1.245488	1.921365
23	251	1.551029	1.245403	0.847479
28	203	1.550259	1.245094	0.767759
20	200	1.550145	1.245048	1.120360
63	248	1.550086	1.245025	0.570431
19	132	1.550069	1.245018	2.311584
18	147	1.549843	1.244927	0.680766
64	175	1.549411	1.244753	0.654185
49	137	1.548561	1.244412	1.319913
30	155	1.548325	1.244317	0.908720
12	50	1.547207	1.243868	0.817191
35	80	1.546425	1.243553	0.620937
57	66	1.545864	1.243328	0.905993
51	10	1.545802	1.243303	0.923856
14	18	1.545706	1.243264	1.299738
50	222	1.545488	1.243176	0.879449
4	58	1.544263	1.242684	0.867156
9	48	1.544001	1.242579	0.768467
49	155	1.543777	1.242488	0.855206
46	156	1.543741	1.242474	0.811517
2	255	1.543104	1.242217	0.901363
50	92	1.543024	1.242185	1.196625
13	91	1.542334	1.241907	0.730579
36	229	1.541304	1.241493	1.031395
23	233	1.541134	1.241424	1.037792
4	38	1.540292	1.241085	0.944876
70	167	1.540159	1.241031	0.724697
46	251	1.539741	1.240863	0.862289
61	172	1.539621	1.240815	1.050242
72	166	1.539248	1.240664	0.976237
33	242	1.539207	1.240648	0.575730
38	126	1.539049	1.240584	0.554806
30	66	1.538776	1.240474	0.914852
16	150	1.537592	1.239997	0.840825
66	237	1.537410	1.239923	1.442081
34	228	1.537388	1.239915	0.954676
22	15	1.536898	1.239717	0.884254
15	27	1.535962	1.239339	1.143004
44	172	1.535878	1.239305	0.554234
69	39	1.534932	1.238924	1.041701
69	14	1.533650	1.238406	0.580923
22	154	1.533311	1.238269	0.722391
44	254	1.532667	1.238009	0.591814
73	39	1.532621	1.237991	0.765107
54	55	1.532488	1.237937	0.701123
15	45	1.532476	1.237932	0.799552
2	216	1.532299	1.237861	1.099725
53	101	1.531497	1.237537	0.708914
29	16	1.530766	1.237241	0.892205
29	165	1.530705	1.237217	1.289958
15	170	1.529878	1.236882	1.076787
4	158	1.529823	1.236860	0.625175
24	159	1.529661	1.236795	1.505641
33	65	1.529124	1.236578	1.446827
22	217	1.527643	1.235978	0.581904
24	37	1.526263	1.235420	0.765933
50	232	1.525648	1.235171	0.762618
52	29	1.525394	1.235069	0.552339
2	26	1.524858	1.234851	1.284076
20	132	1.524646	1.234766	0.930383
29	202	1.524377	1.234657	0.552155
69	25	1.524274	1.234615	1.138920
47	204	1.523467	1.234288	1.382069
50	152	1.523099	1.234139	0.995381
50	249	1.522347	1.233834	0.825883
61	16	1.522257	1.233798	0.566439
58	136	1.520879	1.233239	0.716931
27	145	1.518724	1.232365	1.723946
32	166	1.518617	1.232322	1.270509
59	79	1.518051	1.232092	0.566327
3	57	1.517941	1.232047	0.748124
72	123	1.516360	1.231406	0.878314
54	105	1.515852	1.231199	1.805880
65	224	1.515515	1.231062	1.238178
65	102	1.515073	1.230883	1.151912
45	161	1.514294	1.230567	0.791841
64	202	1.513430	1.230216	1.060796
5	74	1.512406	1.229799	0.842856
32	254	1.512216	1.229722	0.549948
70	246	1.511934	1.229607	0.549897
60	140	1.511918	1.229601	0.901340
73	11	1.511873	1.229582	0.871753
72	79	1.511781	1.229545	0.738773
40	218	1.511004	1.229229	1.086681
73	248	1.510843	1.229164	0.691643
71	203	1.510241	1.228919	0.843698
15	186	1.509856	1.228762	0.883582
1	140	1.509786	1.228734	0.549506
26	7	1.508781	1.228325	0.826244
27	138	1.508555	1.228232	0.549282
9	203	1.508370	1.228157	0.750930
54	156	1.508174	1.228077	0.691530
51	189	1.507517	1.227810	0.549093
70	72	1.507210	1.227685	0.908686
24	107	1.506679	1.227469	0.892391
23	144	1.506295	1.227312	0.853190
67	185	1.505987	1.227187	0.835104
53	104	1.505927	1.227162	1.337184
56	182	1.505485	1.226982	0.548723
27	173	1.505020	1.226793	0.623241
71	138	1.504667	1.226649	1.014772
72	248	1.504164	1.226444	0.863203
50	218	1.503718	1.226262	0.922696
61	205	1.503097	1.226009	1.005111
61	20	1.502142	1.225619	0.669406
39	189	1.501921	1.225529	1.198423
73	34	1.501321	1.225284	0.547964
67	45	1.500530	1.224961	0.547819
32	36	1.500195	1.224825	0.689813
38	117	1.500101	1.224786	1.072900
4	244	1.499536	1.224555	0.602959
27	201	1.499503	1.224542	0.707980
47	69	1.499409	1.224503	0.887416
48	187	1.499202	1.224419	1.318018
59	247	1.498429	1.224103	0.705199
36	67	1.497711	1.223810	0.569764
57	86	1.497464	1.223709	0.694310
71	250	1.497126	1.223571	0.892621
7	166	1.496349	1.223253	1.472276
52	51	1.495931	1.223083	1.105352
29	200	1.495583	1.222940	1.995495
16	37	1.494349	1.222436	1.341866
30	188	1.494162	1.222359	0.880904
62	188	1.494014	1.222298	0.887224
49	252	1.493779	1.222202	1.216428
62	193	1.493309	1.222010	1.134283
70	222	1.493043	1.221901	0.938479
5	87	1.492156	1.221538	0.591475
71	10	1.491706	1.221354	0.921930
42	160	1.491298	1.221187	1.164463
26	46	1.491261	1.221172	0.742931
42	66	1.491084	1.221100	0.957810
19	58	1.490495	1.220858	0.712614
11	82	1.490491	1.220856	0.697500
70	245	1.490044	1.220674	0.661987
40	139	1.489143	1.220304	0.806440
70	123	1.488140	1.219893	0.620093
58	102	1.487790	1.219750	1.035352
59	208	1.486925	1.219395	0.757542
51	102	1.486620	1.219270	0.835047
51	5	1.486380	1.219172	1.422210
61	73	1.485906	1.218978	0.757225
19	86	1.485892	1.218972	0.845998
18	109	1.485881	1.218967	0.589791
61	246	1.484221	1.218286	0.587893
42	237	1.484166	1.218263	0.544824
42	123	1.483793	1.218111	0.643288
55	197	1.483177	1.217858	0.595530
65	194	1.482758	1.217685	0.561146
26	161	1.482117	1.217422	1.076149
71	233	1.481176	1.217036	0.708661
66	111	1.480892	1.216919	0.815924
22	196	1.480197	1.216633	0.751558
3	202	1.480095	1.216591	0.544076
57	68	1.479993	1.216550	0.995860
63	239	1.479223	1.216233	0.668499
62	53	1.478937	1.216115	1.016452
28	159	1.478913	1.216106	0.868184
10	171	1.478414	1.215901	1.018877
27	116	1.477205	1.215403	0.949551
12	210	1.476538	1.215129	1.297662
6	245	1.476105	1.214950	0.559680
35	233	1.475778	1.214816	0.545124
66	120	1.475644	1.214761	0.688290
69	172	1.475525	1.214712	0.725615
63	213	1.475492	1.214698	0.881151
68	248	1.475287	1.214614	1.122871
31	82	1.474751	1.214393	1.015010
4	69	1.474637	1.214347	0.570412
31	226	1.474108	1.214129	0.727508
67	147	1.472986	1.213667	1.241949
41	88	1.472237	1.213358	0.872009
16	118	1.472081	1.213294	1.090170
17	194	1.471699	1.213136	0.785323
5	101	1.471552	1.213076	1.098737
61	199	1.470282	1.212552	0.884614
22	184	1.470125	1.212487	0.677834
48	182	1.469088	1.212059	1.398822
61	202	1.468207	1.211696	0.680400
31	68	1.466354	1.210931	0.662932
56	181	1.466294	1.210906	0.757851
54	189	1.465857	1.210726	0.696921
46	38	1.465155	1.210436	0.568301
24	7	1.464911	1.210335	1.329533
2	7	1.464550	1.210186	0.736570
38	249	1.464183	1.210034	0.727411
14	37	1.463461	1.209736	1.522752
47	78	1.462889	1.209500	1.356473
17	23	1.461925	1.209101	1.144788
52	234	1.461761	1.209033	0.793038
72	59	1.461169	1.208788	0.832250
18	205	1.460917	1.208684	0.610086
56	143	1.460889	1.208672	0.939493
14	4	1.460582	1.208545	1.189454
3	224	1.460326	1.208439	0.718887
67	202	1.459861	1.208247	0.784307
10	184	1.459811	1.208227	0.744352
46	165	1.458847	1.207827	0.784501
30	57	1.458647	1.207745	1.172808
64	167	1.458546	1.207703	0.672889
11	9	1.458299	1.207601	1.212936
54	60	1.457388	1.207223	0.742478
21	140	1.457325	1.207197	0.939536
9	195	1.457296	1.207185	1.380091
72	118	1.457275	1.207176	0.867894
70	216	1.456927	1.207032	1.439294
35	187	1.456329	1.206785	1.007934
54	229	1.456271	1.206761	0.539680
35	247	1.456100	1.206690	0.742459
58	236	1.455871	1.206595	1.012536
55	185	1.455583	1.206476	0.859140
15	246	1.454679	1.206101	0.774137
14	99	1.454124	1.205871	0.858711
12	190	1.454094	1.205858	0.583111
2	223	1.453647	1.205673	0.728367
63	37	1.453637	1.205669	0.763292
43	39	1.453383	1.205563	0.539144
1	194	1.453248	1.205507	1.156166
70	170	1.453082	1.205438	0.635007
35	256	1.452172	1.205061	1.301503
14	235	1.451053	1.204596	0.941432
72	211	1.450778	1.204483	0.702673
47	116	1.450344	1.204302	0.565392
24	156	1.449769	1.204064	1.173641
69	104	1.449340	1.203885	0.538394
7	35	1.448068	1.203357	0.614668
28	94	1.447863	1.203272	0.944669
26	143	1.447389	1.203075	0.538031
56	233	1.446714	1.202794	0.769328
61	209	1.446566	1.202733	0.907494
68	112	1.444747	1.201976	1.207225
21	20	1.444471	1.201861	0.646354
24	142	1.444220	1.201757	0.748615
28	208	1.444213	1.201754	0.537441
36	57	1.443940	1.201640	0.624419
63	110	1.442040	1.200850	0.847074
37	221	1.441908	1.200795	1.004203
21	142	1.441775	1.200739	0.605924
25	189	1.441619	1.200675	0.727979
34	128	1.441417	1.200590	1.473478
63	100	1.440998	1.200416	0.733756
70	192	1.440718	1.200299	0.723997
25	48	1.440502	1.200209	0.710665
28	153	1.440461	1.200192	0.930155
22	235	1.440350	1.200146	0.653772
18	210	1.439058	1.199607	0.858260
28	7	1.438445	1.199352	0.836141
70	176	1.437831	1.199096	0.764336
15	141	1.437716	1.199048	0.921341
41	162	1.437219	1.198841	1.191936
3	164	1.437074	1.198780	0.777560
9	32	1.436648	1.198603	0.536031
60	254	1.435814	1.198254	0.570780
9	145	1.435613	1.198171	1.271393
6	239	1.435378	1.198073	1.535963
22	49	1.434639	1.197764	0.778772
61	32	1.434610	1.197752	0.617335
19	184	1.434526	1.197717	0.535635
71	147	1.434484	1.197699	0.932046
48	40	1.434277	1.197613	0.999352
20	125	1.434054	1.197520	0.841765
14	223	1.433656	1.197354	0.728750
54	119	1.433313	1.197210	0.678636
19	140	1.432529	1.196883	0.722412
4	199	1.432247	1.196765	0.671688
17	103	1.431556	1.196477	0.819451
20	68	1.431520	1.196461	0.817589
35	114	1.430865	1.196188	1.348692
9	213	1.430566	1.196063	0.919194
28	201	1.430140	1.195885	0.534816
36	137	1.430107	1.195871	0.652975
2	43	1.429674	1.195690	1.779956
14	43	1.429321	1.195542	0.985319
13	239	1.428664	1.195267	1.110660
42	152	1.428173	1.195062	0.534448
49	73	1.427709	1.194868	0.737220
73	98	1.427498	1.194780	0.585596
53	140	1.426757	1.194469	0.580416
19	45	1.426746	1.194465	1.075991
14	124	1.426680	1.194437	1.053325
48	153	1.426536	1.194377	0.641925
1	46	1.426239	1.194253	0.891305
69	211	1.426143	1.194212	0.807562
9	139	1.425336	1.193874	1.155759
50	194	1.424768	1.193637	0.562754
65	3	1.424169	1.193385	1.279694
40	213	1.424033	1.193329	0.877213
37	138	1.423842	1.193248	1.033028
52	229	1.423445	1.193082	0.533563
42	100	1.422944	1.192872	0.793375
55	45	1.422742	1.192787	0.836758
35	125	1.422602	1.192729	1.228618
30	107	1.422464	1.192671	0.822361
45	79	1.420874	1.192004	1.109822
44	123	1.420717	1.191938	0.981059
31	39	1.420687	1.191926	0.552739
64	3	1.420441	1.191823	0.730376
14	204	1.420389	1.191801	0.677338
61	183	1.419733	1.191525	0.852727
48	128	1.419581	1.191462	0.851376
58	210	1.419514	1.191434	0.580214
61	204	1.418575	1.191040	0.841350
7	173	1.418060	1.190823	0.835397
41	62	1.417855	1.190737	0.744315
60	15	1.417483	1.190581	1.118221
29	7	1.417216	1.190469	0.873931
26	103	1.417112	1.190425	0.532374
24	223	1.417078	1.190411	0.532368
73	16	1.415296	1.189662	0.578646
19	82	1.414547	1.189347	0.866889
25	254	1.414303	1.189245	0.610173
64	223	1.414261	1.189227	0.531839
20	34	1.414246	1.189221	0.791453
8	170	1.413815	1.189039	0.802101
4	73	1.413727	1.189002	1.037562
21	118	1.413526	1.188918	1.146390
6	226	1.412777	1.188603	1.631342
59	118	1.412271	1.188390	0.583093
39	176	1.412225	1.188371	1.281981
13	177	1.411547	1.188085	0.848280
24	220	1.411441	1.188041	0.970660
30	251	1.411296	1.187980	0.867039
55	221	1.411292	1.187978	1.772368
44	25	1.411170	1.187927	0.865438
43	18	1.410730	1.187742	1.180096
59	66	1.410207	1.187522	0.754495
23	151	1.408649	1.186865	0.530782
12	191	1.408527	1.186814	0.553952
17	226	1.408320	1.186726	0.726411
62	253	1.408144	1.186652	0.581202
61	156	1.408016	1.186598	0.795633
8	252	1.407449	1.186360	1.366095
72	210	1.406959	1.186153	1.288296
15	78	1.406215	1.185839	1.128897
28	33	1.405565	1.185565	0.851063
44	80	1.405375	1.185485	0.905080
60	201	1.405059	1.185352	0.632731
24	193	1.404887	1.185279	0.751086
1	209	1.404452	1.185096	0.858100
18	249	1.404375	1.185063	0.687571
29	105	1.403676	1.184768	1.101177
4	46	1.403606	1.184739	1.361633
5	83	1.403371	1.184639	0.747485
16	47	1.402923	1.184450	0.837724
8	114	1.402655	1.184337	0.691540
41	39	1.402048	1.184081	0.670960
7	29	1.401861	1.184002	1.022825
3	104	1.401584	1.183885	0.878409
10	143	1.401361	1.183791	0.754993
23	153	1.401246	1.183742	1.286928
19	136	1.401095	1.183678	0.823356
47	192	1.400320	1.183351	1.056420
45	98	1.399281	1.182912	0.618976
70	68	1.399165	1.182863	0.571513
19	201	1.398887	1.182746	0.854089
11	243	1.398745	1.182686	0.971655
15	119	1.398226	1.182466	0.755031
11	220	1.397911	1.182333	1.415039
57	115	1.397742	1.182261	0.660846
73	62	1.397093	1.181987	0.939613
30	202	1.396955	1.181928	1.160838
7	184	1.396863	1.181890	1.028723
59	225	1.396700	1.181821	0.839129
12	224	1.396344	1.181670	0.878124
46	189	1.395524	1.181323	0.701678
66	181	1.395439	1.181287	1.038747
4	183	1.395009	1.181105	1.128548
45	132	1.394277	1.180795	0.978175
21	225	1.393865	1.180620	0.716909
62	106	1.393011	1.180259	0.527828
18	42	1.392954	1.180235	1.505247
70	196	1.391975	1.179820	0.539006
63	150	1.391579	1.179652	0.527557
42	178	1.391033	1.179421	0.789323
57	247	1.390651	1.179259	1.175644
15	243	1.390425	1.179163	0.885273
8	198	1.390113	1.179030	0.712076
70	149	1.390081	1.179017	1.374050
25	158	1.389749	1.178876	1.125597
13	165	1.389065	1.178586	0.685492
62	247	1.388653	1.178411	0.650497
49	114	1.388119	1.178185	0.699563
49	133	1.387993	1.178131	0.613033
5	191	1.387525	1.177933	0.763417
20	62	1.387127	1.177763	0.930400
29	43	1.386767	1.177611	0.778782
45	248	1.385976	1.177275	0.937703
35	100	1.385778	1.177191	0.723500
73	57	1.385046	1.176880	0.632220
23	115	1.385036	1.176876	1.139344
8	75	1.385036	1.176875	0.563784
26	191	1.385002	1.176861	1.073911
48	205	1.384833	1.176789	1.055907
42	137	1.384733	1.176747	0.806567
35	39	1.384705	1.176735	0.681038
11	86	1.384625	1.176701	0.765576
16	95	1.384195	1.176518	1.298536
69	36	1.383899	1.176392	0.526099
28	192	1.383875	1.176382	0.838878
23	39	1.382844	1.175944	0.556872
15	77	1.382053	1.175608	1.097294
67	99	1.381895	1.175540	0.773605
29	167	1.381420	1.175338	0.826149
41	178	1.381272	1.175275	0.529186
14	159	1.381198	1.175244	0.809377
68	141	1.381132	1.175216	0.894260
62	9	1.380995	1.175157	0.563519
37	84	1.379963	1.174718	0.678295
63	182	1.379584	1.174557	0.936581
2	114	1.379177	1.174384	0.646211
51	69	1.378890	1.174261	0.589783
8	228	1.378427	1.174064	0.949183
46	133	1.378227	1.173979	0.603368
14	220	1.377106	1.173502	0.560728
10	194	1.376713	1.173334	0.949305
38	110	1.376423	1.173211	1.380326
42	144	1.376310	1.173163	0.864817
29	27	1.375479	1.172808	1.167093
53	173	1.374570	1.172420	0.601829
71	172	1.374332	1.172319	1.440395
24	111	1.372991	1.171747	0.729130
16	240	1.372666	1.171608	0.616847
63	242	1.372507	1.171541	0.852842
54	150	1.372323	1.171462	1.045699
31	20	1.371239	1.170999	0.704655
68	124	1.370663	1.170753	1.110105
50	127	1.370629	1.170739	0.523570
66	102	1.370536	1.170699	1.142255
9	112	1.369255	1.170152	1.134500
71	4	1.369141	1.170103	0.916958
71	254	1.369140	1.170103	0.794104
11	190	1.368044	1.169634	0.523076
48	118	1.367961	1.169599	0.765853
9	163	1.367309	1.169320	0.522936
46	181	1.366731	1.169073	0.769141
44	75	1.366693	1.169057	0.798361
57	198	1.366243	1.168864	0.847796
25	108	1.365841	1.168692	0.591538
19	63	1.365596	1.168587	0.629003
27	87	1.365358	1.168485	1.174987
8	1	1.365043	1.168350	1.800743
68	210	1.364932	1.168303	0.907138
47	219	1.364186	1.167984	0.793514
3	136	1.363913	1.167867	0.848439
16	114	1.363881	1.167853	0.974600
12	129	1.363694	1.167773	1.543348
6	91	1.363488	1.167685	0.672086
19	120	1.363455	1.167671	0.579492
36	104	1.362962	1.167459	0.725868
44	86	1.362111	1.167095	0.869996
55	214	1.362024	1.167058	0.567684
37	90	1.361638	1.166893	0.819452
24	106	1.361372	1.166779	1.093242
21	181	1.361349	1.166769	0.607043
50	141	1.360704	1.166492	1.120938
6	81	1.360543	1.166423	1.052595
9	200	1.360471	1.166392	0.531458
20	109	1.360445	1.166381	0.842932
5	108	1.360056	1.166214	0.706942
18	27	1.359400	1.165933	0.930875
33	184	1.359005	1.165764	0.650085
59	62	1.358791	1.165672	0.964222
2	136	1.358602	1.165591	0.531166
28	58	1.358596	1.165588	0.883497
53	196	1.358574	1.165579	0.521263
22	236	1.357871	1.165277	0.846762
29	14	1.357823	1.165257	0.524804
28	120	1.357819	1.165255	0.990678
20	69	1.357790	1.165243	1.202303
22	29	1.356961	1.164887	0.820651
65	34	1.356505	1.164691	1.196288
30	124	1.356233	1.164574	0.843117
12	239	1.356212	1.164565	0.980058
46	253	1.355911	1.164436	0.636464
40	11	1.355909	1.164435	0.520751
22	136	1.355161	1.164114	1.121803
25	139	1.355064	1.164072	1.018107
67	247	1.354865	1.163987	0.833358
8	223	1.354202	1.163702	1.371376
22	150	1.353755	1.163510	0.771093
38	154	1.353478	1.163391	1.098123
5	84	1.353267	1.163300	1.198592
56	166	1.353151	1.163250	1.171848
69	96	1.352937	1.163158	1.047739
63	162	1.352855	1.163123	0.552909
43	38	1.352434	1.162942	0.582650
56	105	1.352362	1.162911	0.772181
6	231	1.352358	1.162909	0.785452
58	76	1.351703	1.162627	0.638925
61	229	1.351631	1.162596	0.594247
15	14	1.351507	1.162543	0.849001
55	37	1.351425	1.162508	0.783784
50	107	1.351277	1.162444	0.615153
52	114	1.351203	1.162412	1.066403
69	128	1.350548	1.162131	0.521753
55	77	1.350162	1.161965	0.924888
5	103	1.349770	1.161796	0.792983
8	246	1.349431	1.161650	0.848342
20	249	1.349342	1.161612	0.544973
17	125	1.349075	1.161497	0.962132
1	166	1.348802	1.161379	1.092058
66	66	1.348609	1.161296	1.149362
54	87	1.348441	1.161224	0.622534
68	179	1.347348	1.160753	0.644930
33	138	1.347221	1.160698	0.914685
51	250	1.346203	1.160260	0.549601
25	209	1.345874	1.160118	1.026537
32	5	1.345829	1.160099	0.550337
37	147	1.345639	1.160017	1.343918
24	125	1.345622	1.160009	0.518772
61	61	1.345612	1.160005	0.871053
70	253	1.344939	1.159715	0.820616
39	5	1.344787	1.159650	1.095176
67	46	1.344738	1.159628	0.518602
45	53	1.344732	1.159626	0.551480
59	193	1.344611	1.159574	0.984022
10	141	1.344502	1.159527	0.795445
34	194	1.344479	1.159517	0.903688
14	109	1.344472	1.159514	1.360126
38	239	1.344434	1.159497	1.626063
57	217	1.344413	1.159488	1.525217
65	217	1.343938	1.159284	0.712708
44	256	1.342267	1.158562	0.908063
40	126	1.342138	1.158507	0.579899
72	238	1.341565	1.158259	0.733411
41	36	1.340901	1.157973	0.936119
21	163	1.340598	1.157842	0.892018
58	89	1.340122	1.157636	0.660009
60	173	1.338493	1.156933	2.149116
58	112	1.337909	1.156680	0.823894
42	254	1.337861	1.156659	0.801962
42	57	1.337846	1.156653	0.792385
4	227	1.337553	1.156526	0.517214
4	59	1.337408	1.156464	0.650221
53	82	1.337236	1.156389	0.766873
23	244	1.336074	1.155887	1.581111
50	112	1.335049	1.155443	0.878623
8	82	1.334239	1.155093	0.603940
47	200	1.334164	1.155060	0.860032
24	167	1.334112	1.155038	1.250049
25	77	1.333190	1.154639	0.918764
51	120	1.332843	1.154488	0.516303
29	113	1.332232	1.154224	1.287993
27	198	1.332213	1.154215	1.151785
20	158	1.332146	1.154186	1.163834
39	57	1.331765	1.154021	1.091906
63	78	1.331605	1.153952	0.971037
30	18	1.330082	1.153292	1.027633
46	20	1.329009	1.152826	0.604500
45	5	1.328907	1.152782	1.312725
7	170	1.328861	1.152762	0.600028
40	256	1.328753	1.152716	0.751567
73	120	1.328553	1.152629	0.728527
55	96	1.328539	1.152622	0.515468
13	139	1.328379	1.152553	1.096972
32	207	1.328363	1.152546	0.532767
71	129	1.328328	1.152531	0.813873
4	163	1.327754	1.152282	1.133776
73	210	1.327398	1.152127	0.894723
63	93	1.327164	1.152026	0.548077
59	85	1.326815	1.151874	0.875617
30	139	1.326304	1.151653	0.902585
9	134	1.326052	1.151543	0.952583
48	146	1.325827	1.151446	0.678088
8	131	1.325563	1.151331	1.175238
6	84	1.325132	1.151144	0.611031
6	102	1.325043	1.151105	0.947790
10	42	1.324960	1.151069	0.723167
42	94	1.324350	1.150804	1.330655
69	30	1.323757	1.150546	1.650187
45	220	1.323393	1.150388	0.942099
37	141	1.322828	1.150143	0.514359
43	177	1.322774	1.150119	0.983634
20	58	1.322457	1.149981	1.048831
5	186	1.321963	1.149767	1.585929
26	173	1.320865	1.149289	0.826227
12	27	1.320645	1.149193	1.977397
28	9	1.320532	1.149144	0.682693
2	60	1.320484	1.149123	0.924617
25	75	1.319236	1.148580	0.661849
25	238	1.319214	1.148570	0.961963
27	252	1.319004	1.148479	0.637859
62	130	1.318161	1.148112	0.825406
44	24	1.317680	1.147903	0.821935
21	64	1.317481	1.147816	0.667029
14	191	1.316576	1.147422	0.569481
20	44	1.316212	1.147263	0.557616
1	189	1.315822	1.147093	0.829555
1	229	1.315718	1.147047	0.813736
10	160	1.315444	1.146928	0.588916
21	246	1.315433	1.146923	1.016324
5	217	1.314726	1.146615	0.977164
70	225	1.314615	1.146566	0.543428
4	76	1.314377	1.146463	0.866817
16	132	1.314227	1.146397	0.512684
21	83	1.313934	1.146270	1.324821
24	113	1.313015	1.145869	0.844804
19	243	1.312966	1.145847	0.613317
63	231	1.312034	1.145441	0.865899
20	71	1.311620	1.145260	0.861409
21	149	1.310977	1.144979	0.783012
52	217	1.310861	1.144928	1.041588
10	83	1.310810	1.144906	0.512018
59	134	1.310096	1.144594	0.810284
38	107	1.309975	1.144541	0.576073
57	141	1.309832	1.144479	0.584488
21	230	1.309663	1.144405	1.044980
50	236	1.309651	1.144400	0.574025
7	169	1.309326	1.144258	0.747127
60	34	1.308951	1.144094	0.885224
40	118	1.308847	1.144048	1.452810
64	35	1.308395	1.143851	0.593609
47	21	1.307745	1.143567	0.689057
27	105	1.307618	1.143511	0.752108
3	132	1.307568	1.143489	0.514959
52	164	1.307127	1.143297	0.909755
38	88	1.306810	1.143158	0.872625
15	181	1.306541	1.143040	0.768782
7	137	1.306150	1.142869	0.970573
18	48	1.305379	1.142532	0.676706
54	43	1.304396	1.142102	1.021974
25	61	1.304101	1.141972	0.510706
15	255	1.303669	1.141783	0.557985
27	202	1.303519	1.141718	0.825950
4	15	1.302831	1.141416	0.686406
66	4	1.302721	1.141368	1.329518
8	241	1.302106	1.141099	0.694205
21	187	1.302020	1.141061	0.664411
22	79	1.301949	1.141030	0.835154
31	207	1.301779	1.140955	0.900058
36	101	1.301213	1.140707	1.011909
39	254	1.300209	1.140267	0.948579
28	139	1.299166	1.139810	0.913848
43	66	1.298207	1.139389	1.237294
68	105	1.297817	1.139218	0.899614
48	181	1.296535	1.138655	1.224635
65	129	1.296053	1.138443	1.162210
54	246	1.295894	1.138373	0.895153
55	57	1.295890	1.138372	0.509095
65	97	1.295553	1.138224	0.736596
1	129	1.295513	1.138206	1.019667
71	240	1.295333	1.138127	0.873596
30	230	1.294751	1.137871	0.968852
27	203	1.294727	1.137861	0.994230
69	3	1.294659	1.137831	0.938522
30	128	1.294648	1.137826	0.755104
6	98	1.294379	1.137708	0.676610
71	251	1.294001	1.137542	0.995924
64	94	1.293584	1.137358	0.814719
11	95	1.292819	1.137022	0.538656
54	37	1.291645	1.136506	0.789802
58	140	1.291633	1.136500	0.801030
11	28	1.291564	1.136470	0.841671
48	231	1.291499	1.136441	1.231457
59	211	1.291213	1.136315	1.410143
15	247	1.291080	1.136257	0.529537
24	18	1.290531	1.136015	0.884233
69	112	1.290433	1.135972	0.795749
37	4	1.290373	1.135946	0.580148
55	151	1.290272	1.135901	0.526163
55	177	1.290238	1.135887	0.859607
1	137	1.289853	1.135717	0.559624
69	169	1.289736	1.135666	0.730741
22	130	1.289127	1.135397	0.510162
1	247	1.288959	1.135323	0.853254
54	220	1.288293	1.135030	0.750706
47	154	1.287876	1.134846	0.840635
66	150	1.287852	1.134836	1.026756
21	46	1.287783	1.134805	0.787526
60	106	1.287200	1.134548	0.824062
66	29	1.287144	1.134524	0.806560
21	68	1.286217	1.134115	0.731591
32	23	1.286041	1.134037	0.593857
61	15	1.286006	1.134022	0.527524
24	76	1.285667	1.133873	1.677036
49	181	1.285453	1.133778	0.507041
66	123	1.285190	1.133662	0.703792
66	77	1.285075	1.133611	0.714043
14	47	1.284551	1.133381	0.780756
4	115	1.284368	1.133299	1.163655
17	167	1.284088	1.133176	0.506772
39	87	1.284046	1.133158	0.598909
35	123	1.283746	1.133025	0.636558
62	115	1.283327	1.132840	0.874294
24	209	1.283222	1.132794	1.097235
62	94	1.282982	1.132688	0.721046
53	249	1.282714	1.132570	0.776221
40	37	1.281865	1.132195	0.757040
43	22	1.281014	1.131819	0.972547
8	112	1.281006	1.131815	1.070891
1	211	1.280818	1.131732	0.570831
24	248	1.280718	1.131688	0.506106
46	33	1.280563	1.131620	0.935371
57	45	1.280463	1.131575	0.518374
39	41	1.280158	1.131441	0.918611
27	51	1.279098	1.130972	0.969351
33	117	1.279084	1.130966	0.557194
42	165	1.278691	1.130792	0.825137
4	77	1.277788	1.130393	0.978228
29	77	1.277571	1.130297	0.747036
35	192	1.277449	1.130243	1.701484
69	16	1.276821	1.129965	0.573085
66	185	1.275951	1.129580	1.094089
27	184	1.275359	1.129318	0.704267
62	68	1.274744	1.129046	0.874097
58	164	1.274661	1.129009	0.850034
59	254	1.274374	1.128882	0.632882
65	169	1.273982	1.128708	0.730034
73	199	1.273520	1.128504	1.015132
44	152	1.272924	1.128239	0.694662
23	58	1.272883	1.128221	0.838724
28	161	1.272860	1.128211	0.560916
56	252	1.272170	1.127905	0.644507
31	51	1.272028	1.127842	0.813309
60	227	1.271957	1.127811	1.005596
4	197	1.271559	1.127634	1.060237
33	4	1.271458	1.127589	0.666337
43	96	1.271173	1.127463	0.660663
68	176	1.270803	1.127299	0.519664
64	92	1.270764	1.127282	0.532561
59	178	1.270415	1.127127	0.578038
28	155	1.270167	1.127017	0.871994
53	202	1.269983	1.126935	0.923489
60	178	1.269381	1.126668	0.746609
36	5	1.269213	1.126594	0.503828
39	10	1.268978	1.126489	0.559032
51	191	1.268952	1.126478	1.363121
53	177	1.268888	1.126449	0.740235
63	159	1.268107	1.126103	1.138701
70	137	1.267518	1.125841	0.819668
10	133	1.266973	1.125599	0.849385
46	249	1.266718	1.125485	0.721057
38	140	1.266571	1.125420	0.587576
72	184	1.266228	1.125268	0.569572
18	187	1.266044	1.125186	0.646655
5	235	1.266037	1.125183	0.541748
6	235	1.265265	1.124840	1.188734
71	225	1.264882	1.124670	0.610113
16	226	1.264682	1.124581	0.891230
47	223	1.264329	1.124424	1.066862
35	23	1.263959	1.124259	1.047368
72	215	1.263906	1.124236	0.957163
57	195	1.263708	1.124148	0.773054
26	102	1.263653	1.124123	1.148781
13	94	1.262849	1.123765	1.090902
3	78	1.262547	1.123631	0.566128
10	157	1.261765	1.123283	1.160684
59	168	1.261500	1.123165	0.775971
47	238	1.261013	1.122948	0.623704
69	141	1.260465	1.122704	0.776078
55	20	1.260107	1.122545	0.570827
17	252	1.259886	1.122446	0.734323
38	4	1.259823	1.122418	0.697334
44	66	1.259789	1.122403	0.816345
72	201	1.259771	1.122395	0.501950
54	69	1.259569	1.122305	0.905976
33	185	1.259186	1.122135	1.176494
51	18	1.258916	1.122014	0.716500
27	86	1.258439	1.121802	0.729894
63	31	1.257719	1.121481	0.576682
43	253	1.257420	1.121347	0.655180
66	108	1.257064	1.121189	0.810226
22	187	1.257053	1.121184	0.858659
48	91	1.256737	1.121043	0.637260
32	88	1.256638	1.120999	0.617285
59	139	1.256513	1.120943	0.885838
38	182	1.256065	1.120743	0.978561
1	69	1.255687	1.120574	0.652305
30	82	1.255559	1.120517	1.373311
48	59	1.254820	1.120187	1.088174
19	149	1.254215	1.119918	1.076259
37	227	1.253430	1.119567	0.663687
64	144	1.252844	1.119305	1.494506
29	126	1.252698	1.119240	0.906460
4	223	1.252483	1.119144	0.753253
63	200	1.252392	1.119103	0.702943
19	185	1.252118	1.118981	1.360603
34	18	1.251716	1.118801	0.728500
29	72	1.251581	1.118741	0.765135
7	254	1.251459	1.118686	1.171794
12	36	1.251186	1.118564	1.129555
60	217	1.251118	1.118534	0.866921
33	155	1.251066	1.118511	0.693990
71	150	1.250288	1.118163	0.514518
37	224	1.250175	1.118112	0.912292
48	52	1.249743	1.117919	0.813764
51	230	1.249507	1.117814	0.988847
45	73	1.249051	1.117610	0.863390
39	42	1.248477	1.117353	0.560000
30	102	1.248096	1.117182	0.773888
63	211	1.248001	1.117140	0.614786
39	38	1.247786	1.117043	0.666530
58	24	1.246951	1.116670	0.518932
33	14	1.246918	1.116655	0.816743
14	146	1.246596	1.116511	0.779675
30	156	1.246147	1.116310	0.905181
15	167	1.246083	1.116281	1.541805
7	124	1.245960	1.116226	1.811649
46	31	1.245278	1.115920	0.830347
16	241	1.245062	1.115824	0.499011
25	216	1.244918	1.115759	0.593369
65	108	1.244835	1.115722	0.573863
10	36	1.244754	1.115685	0.770295
4	123	1.244300	1.115482	0.578173
55	95	1.244192	1.115434	0.634911
14	127	1.244104	1.115394	0.803594
56	197	1.243941	1.115321	0.667802
17	107	1.243895	1.115300	0.672323
6	7	1.243810	1.115262	0.711752
37	43	1.242927	1.114866	0.710165
11	7	1.242241	1.114559	1.086553
13	142	1.242097	1.114494	0.674292
61	253	1.241420	1.114190	0.498281
67	153	1.241002	1.114003	1.144766
44	250	1.240557	1.113803	1.043474
55	168	1.240440	1.113750	0.729394
52	180	1.240257	1.113668	0.806650
1	252	1.240149	1.113620	0.751052
1	1	1.239885	1.113501	1.639131
22	138	1.239780	1.113454	0.642058
54	211	1.238941	1.113077	0.679469
41	130	1.238934	1.113074	0.739464
38	223	1.238832	1.113028	0.912033
17	93	1.237874	1.112598	1.027608
9	75	1.237758	1.112546	0.537199
71	48	1.237199	1.112295	0.497433
73	74	1.237151	1.112273	1.226680
36	161	1.236965	1.112189	2.159923
14	111	1.236857	1.112141	0.776867
68	99	1.236568	1.112011	0.573573
32	180	1.236508	1.111984	1.198674
63	7	1.236277	1.111880	0.497248
44	106	1.236126	1.111812	0.939376
23	32	1.235662	1.111603	0.892014
20	169	1.235166	1.111380	0.586437
22	153	1.234507	1.111084	0.615688
50	81	1.234320	1.111000	0.578295
68	161	1.234173	1.110933	1.056555
55	157	1.233868	1.110796	1.246736
59	36	1.233256	1.110521	0.656580
59	137	1.233052	1.110429	1.087198
50	247	1.232453	1.110159	0.729028
1	228	1.232377	1.110125	0.578496
37	66	1.232204	1.110047	0.535829
48	250	1.232022	1.109965	0.587250
16	149	1.231673	1.109807	0.882991
51	125	1.231074	1.109538	0.747939
14	42	1.230411	1.109239	0.498232
25	100	1.229843	1.108983	0.495952
18	35	1.229724	1.108929	1.016906
5	216	1.229609	1.108877	0.767879
52	116	1.229472	1.108815	0.886180
50	87	1.229161	1.108675	0.809316
65	208	1.228684	1.108460	0.645917
26	255	1.228556	1.108402	1.202979
29	221	1.228505	1.108379	1.213405
4	207	1.227945	1.108127	0.495569
41	89	1.227383	1.107873	0.805130
53	201	1.226763	1.107593	0.633007
2	89	1.226299	1.107384	0.751929
20	179	1.226136	1.107310	0.767460
32	177	1.225779	1.107149	1.050374
49	232	1.225097	1.106841	0.600413
30	10	1.224827	1.106719	0.665867
65	180	1.224816	1.106714	1.175396
59	75	1.224709	1.106666	0.598475
30	53	1.224508	1.106575	0.774035
25	96	1.224221	1.106445	1.115682
63	121	1.224075	1.106379	0.644050
24	134	1.223415	1.106081	1.658075
70	92	1.223140	1.105957	0.792271
39	182	1.222623	1.105723	0.970229
1	39	1.222510	1.105672	0.522038
39	102	1.222266	1.105561	0.947088
65	153	1.221959	1.105423	1.232444
55	26	1.221560	1.105242	1.153582
41	253	1.221292	1.105121	0.624542
56	243	1.220865	1.104927	1.066125
31	72	1.220382	1.104709	0.965342
15	29	1.220244	1.104646	1.387697
39	167	1.220216	1.104634	0.494007
31	105	1.220037	1.104553	0.546454
69	71	1.219827	1.104458	0.493929
36	9	1.219573	1.104343	0.703138
68	146	1.218980	1.104074	0.535104
54	210	1.218544	1.103877	0.505956
52	192	1.218458	1.103838	1.658547
22	123	1.218347	1.103787	0.525169
63	212	1.218333	1.103781	0.598821
20	183	1.218285	1.103759	0.810624
63	17	1.218222	1.103731	0.872999
39	194	1.217407	1.103362	0.493438
62	215	1.217084	1.103215	0.661105
59	46	1.215792	1.102629	0.493111
24	162	1.215696	1.102586	1.800785
12	215	1.215693	1.102585	1.051043
29	92	1.215411	1.102457	0.864761
19	222	1.215017	1.102278	0.942151
40	125	1.214854	1.102204	1.471587
2	233	1.214802	1.102180	1.348999
71	193	1.214800	1.102179	1.182581
59	194	1.214374	1.101986	0.492823
35	50	1.214280	1.101944	0.492804
66	5	1.214224	1.101919	0.801287
12	199	1.214185	1.101901	0.618063
33	49	1.214049	1.101839	1.068651
71	57	1.213882	1.101763	1.203617
14	49	1.213575	1.101624	1.315425
65	228	1.212322	1.101055	0.734766
35	205	1.212229	1.101013	0.492388
25	51	1.211516	1.100689	1.214553
4	143	1.211323	1.100601	0.749299
72	87	1.210418	1.100190	0.603887
3	221	1.210140	1.100063	0.602236
46	45	1.209913	1.099961	0.541781
12	141	1.209798	1.099908	0.754656
40	147	1.209787	1.099903	0.894233
43	134	1.209719	1.099872	0.844023
65	152	1.209376	1.099716	0.491808
11	4	1.209340	1.099700	1.492949
55	62	1.209117	1.099598	0.868429
41	179	1.208838	1.099472	0.527237
51	251	1.208718	1.099417	1.031535
7	114	1.208570	1.099350	0.576122
43	65	1.208460	1.099300	0.635587
40	91	1.208163	1.099165	0.670972
52	62	1.207927	1.099057	0.831932
18	195	1.207827	1.099012	0.820174
35	206	1.207772	1.098987	0.735101
5	179	1.207439	1.098835	0.583522
18	238	1.206749	1.098521	0.741393
14	199	1.206157	1.098252	1.113656
2	193	1.206066	1.098210	0.885515
17	176	1.205410	1.097912	0.870071
41	120	1.204727	1.097601	0.577771
14	101	1.204713	1.097594	0.775228
62	52	1.204624	1.097553	0.684297
59	6	1.204416	1.097459	0.627554
66	177	1.204320	1.097415	0.490779
44	43	1.204100	1.097315	0.711111
18	189	1.203541	1.097060	0.490620
53	191	1.203178	1.096895	0.517046
30	7	1.202868	1.096753	0.989444
67	11	1.202845	1.096743	0.629469
33	53	1.202408	1.096544	0.501619
55	108	1.202247	1.096470	0.761461
13	112	1.201882	1.096304	0.490282
54	85	1.201669	1.096207	0.651426
35	228	1.201588	1.096170	0.581393
9	83	1.201300	1.096038	0.497058
35	56	1.200949	1.095878	1.025201
21	92	1.200943	1.095876	0.490090
63	74	1.200875	1.095844	1.082294
47	62	1.200675	1.095753	0.964043
64	56	1.200558	1.095700	1.225584
44	251	1.200329	1.095595	0.518796
15	9	1.200094	1.095488	0.722645
39	58	1.199571	1.095249	0.782585
40	89	1.199248	1.095102	1.466719
26	131	1.198798	1.094896	0.489652
57	77	1.198427	1.094727	0.866639
36	62	1.197829	1.094454	1.171159
33	195	1.197648	1.094371	0.859627
5	149	1.196709	1.093942	0.836170
58	189	1.196679	1.093928	0.924662
48	101	1.196413	1.093807	0.558154
28	47	1.196355	1.093780	0.668923
60	155	1.195364	1.093327	0.872910
68	152	1.194546	1.092953	0.761933
2	167	1.194293	1.092837	0.867184
28	95	1.194130	1.092763	0.702830
34	200	1.193615	1.092527	0.818327
10	69	1.193555	1.092500	0.553587
38	68	1.192143	1.091853	1.169319
56	165	1.191893	1.091739	0.715719
48	188	1.191234	1.091437	0.535525
2	71	1.191114	1.091382	0.533492
20	220	1.190855	1.091263	0.606251
24	112	1.190729	1.091205	0.877328
28	71	1.190689	1.091187	0.487994
60	116	1.190573	1.091134	0.524399
64	90	1.190242	1.090982	0.984187
24	84	1.189967	1.090856	0.998391
73	130	1.189513	1.090648	0.694745
19	146	1.189396	1.090594	0.908410
22	18	1.188672	1.090262	0.741840
4	53	1.188612	1.090235	0.799795
44	160	1.188451	1.090161	0.735714
19	114	1.188426	1.090149	1.111216
68	45	1.188422	1.090148	0.487529
28	23	1.188046	1.089975	0.826598
15	248	1.187930	1.089922	1.241424
56	200	1.187625	1.089782	0.791478
36	170	1.187533	1.089740	0.920713
15	127	1.187426	1.089691	0.922977
21	85	1.187369	1.089665	0.899274
21	221	1.186952	1.089473	0.660811
63	194	1.186730	1.089371	0.995803
6	150	1.185894	1.088987	0.812040
62	222	1.185605	1.088855	0.683462
38	172	1.185586	1.088846	1.692903
72	54	1.185167	1.088654	0.732955
5	5	1.185015	1.088584	1.155938
23	179	1.184967	1.088562	0.537415
14	170	1.184799	1.088485	1.535391
43	92	1.184573	1.088381	0.868410
29	245	1.183737	1.087997	0.850427
60	163	1.182977	1.087647	1.004710
14	90	1.182942	1.087631	0.950824
30	147	1.182823	1.087577	1.360251
35	116	1.182481	1.087420	0.797204
41	54	1.182308	1.087340	0.731073
39	49	1.182232	1.087305	0.859208
58	240	1.181977	1.087188	0.714020
52	239	1.181697	1.087059	0.486147
64	76	1.181615	1.087021	0.907086
58	243	1.181602	1.087015	1.060009
10	72	1.181565	1.086998	0.694137
52	95	1.181527	1.086981	0.891573
3	34	1.181031	1.086752	0.897573
26	201	1.180871	1.086679	1.171563
37	58	1.180843	1.086666	0.714894
46	214	1.180779	1.086636	0.485959
2	6	1.180639	1.086572	1.100626
68	85	1.180555	1.086534	0.835576
57	171	1.180416	1.086470	0.641379
32	167	1.179880	1.086223	0.530915
8	166	1.179622	1.086104	0.846373
50	100	1.179419	1.086011	0.919380
40	7	1.178690	1.085675	1.055621
66	242	1.178573	1.085621	0.518955
39	130	1.178171	1.085436	0.547579
12	241	1.177918	1.085319	0.485369
38	225	1.177696	1.085217	0.684157
20	191	1.177599	1.085172	0.604295
58	41	1.177566	1.085157	0.913258
22	83	1.177463	1.085110	1.306137
31	115	1.176590	1.084707	0.586819
6	215	1.176548	1.084688	0.769343
20	67	1.176370	1.084606	0.485050
46	43	1.176333	1.084589	1.068539
29	24	1.176098	1.084481	0.977039
61	217	1.174918	1.083936	0.638831
13	27	1.174904	1.083930	1.088236
19	85	1.174783	1.083874	0.774808
13	225	1.174764	1.083865	0.577323
3	69	1.174651	1.083813	0.770647
16	16	1.174527	1.083756	1.798372
66	164	1.173989	1.083508	0.601779
71	96	1.173443	1.083256	1.153633
20	225	1.172851	1.082982	0.638808
32	243	1.172693	1.082910	0.816136
1	83	1.172360	1.082756	0.786988
63	120	1.171510	1.082363	0.498634
53	113	1.171504	1.082360	0.484046
70	215	1.171477	1.082348	0.696238
62	95	1.171112	1.082179	0.662598
60	121	1.170956	1.082107	0.855258
46	27	1.170893	1.082078	0.971285
44	182	1.170670	1.081975	0.917429
11	212	1.170335	1.081820	1.002849
32	98	1.170225	1.081770	1.387208
31	228	1.170177	1.081747	0.956960
19	197	1.169571	1.081467	0.857397
55	199	1.169469	1.081420	0.907154
6	29	1.168752	1.081088	0.592586
19	102	1.168590	1.081013	1.367461
34	4	1.167793	1.080645	0.868712
22	171	1.167729	1.080615	0.878247
65	128	1.167675	1.080590	0.559151
53	182	1.167203	1.080372	0.912777
29	208	1.167181	1.080362	0.724897
3	196	1.166984	1.080270	0.540308
41	175	1.166972	1.080265	1.091572
9	193	1.166895	1.080229	0.778380
45	182	1.166586	1.080086	0.629976
23	196	1.166355	1.079979	0.602638
60	251	1.166097	1.079860	0.525521
14	107	1.165965	1.079799	0.609169
49	165	1.165908	1.079772	0.808346
32	101	1.165684	1.079668	0.762264
43	31	1.165514	1.079590	0.999864
42	227	1.164939	1.079323	0.734202
21	231	1.164837	1.079276	0.773238
47	44	1.164684	1.079205	0.906113
36	146	1.163561	1.078685	0.800352
37	125	1.163094	1.078469	0.787602
71	98	1.162921	1.078388	0.624745
65	126	1.162843	1.078352	0.499780
25	116	1.162461	1.078175	0.612501
9	223	1.162399	1.078146	0.552749
47	34	1.162136	1.078024	0.838885
69	203	1.162135	1.078024	0.819064
9	11	1.162000	1.077961	0.816191
20	149	1.161701	1.077822	0.524343
25	14	1.161697	1.077821	0.482016
16	126	1.161099	1.077543	0.977219
15	107	1.160921	1.077461	1.335117
27	221	1.160796	1.077403	0.731744
14	147	1.160412	1.077224	0.634564
57	138	1.160033	1.077048	0.570508
46	238	1.159917	1.076994	0.684754
66	184	1.159722	1.076904	1.139325
20	154	1.159704	1.076895	0.514765
7	119	1.159249	1.076684	0.481508
4	63	1.158996	1.076567	0.535451
66	100	1.158745	1.076450	0.770305
60	202	1.158364	1.076273	1.112117
45	105	1.158220	1.076206	0.971332
46	220	1.158002	1.076105	0.734650
73	118	1.157967	1.076089	0.634343
54	10	1.157820	1.076020	0.687769
73	161	1.157284	1.075771	0.481100
62	109	1.157218	1.075741	0.515021
70	105	1.157049	1.075662	0.630492
72	58	1.156803	1.075548	0.933448
43	201	1.156672	1.075487	0.785288
55	255	1.156632	1.075468	0.691338
9	125	1.156522	1.075417	0.893331
39	94	1.156288	1.075309	0.641377
4	47	1.156083	1.075213	1.046847
15	216	1.155934	1.075144	0.857765
31	202	1.155875	1.075116	0.633390
33	191	1.155869	1.075113	0.791606
20	255	1.155639	1.075006	0.567252
25	56	1.154771	1.074603	0.810716
69	80	1.154201	1.074338	0.480458
62	122	1.153919	1.074206	0.592427
23	121	1.153471	1.073998	0.687771
60	211	1.153401	1.073965	0.668796
71	215	1.153271	1.073905	0.622900
7	9	1.153268	1.073903	0.510976
41	79	1.152725	1.073650	0.604516
29	89	1.152706	1.073641	1.367575
32	35	1.152605	1.073594	0.661515
19	218	1.152322	1.073463	0.578591
61	211	1.152071	1.073346	0.769436
10	153	1.152032	1.073328	0.747980
29	4	1.151453	1.073058	0.972844
23	248	1.151369	1.073019	0.838386
8	95	1.150669	1.072692	0.662287
47	175	1.150536	1.072631	0.709956
8	72	1.150410	1.072572	1.053831
8	84	1.149844	1.072308	0.653325
69	22	1.149383	1.072093	1.078030
3	109	1.149288	1.072049	0.568381
23	237	1.149275	1.072043	0.968042
22	158	1.149250	1.072031	0.565927
66	28	1.149218	1.072016	0.994013
66	199	1.149181	1.071998	0.599281
5	90	1.148631	1.071742	0.704650
27	157	1.148264	1.071571	0.805141
19	237	1.147761	1.071336	0.874812
44	229	1.147577	1.071250	1.023856
33	63	1.147478	1.071204	0.479759
30	83	1.146923	1.070945	0.843120
9	132	1.146920	1.070944	0.623619
19	157	1.146177	1.070597	0.799634
25	178	1.146113	1.070567	0.927708
23	214	1.145875	1.070456	0.794105
45	88	1.145805	1.070423	0.478708
66	124	1.145720	1.070383	0.478690
8	93	1.144889	1.069995	0.840649
37	25	1.144814	1.069960	0.637619
46	170	1.144781	1.069944	0.478494
70	155	1.144594	1.069857	0.478455
34	154	1.144283	1.069712	0.529668
14	244	1.144264	1.069703	0.670252
72	173	1.144248	1.069695	0.806910
39	242	1.144248	1.069695	1.080081
5	238	1.144204	1.069675	0.913042
10	29	1.144181	1.069664	1.849510
49	207	1.144076	1.069615	0.683647
15	69	1.143667	1.069423	1.106587
42	239	1.143645	1.069413	0.808441
9	162	1.143587	1.069386	0.704499
23	133	1.143353	1.069277	0.478195
47	42	1.143266	1.069236	0.915184
19	233	1.142749	1.068994	1.342196
16	165	1.141686	1.068497	0.799896
37	133	1.141593	1.068453	0.620196
4	190	1.141439	1.068381	1.756869
3	154	1.141083	1.068215	0.766164
45	76	1.141013	1.068182	0.732976
15	160	1.140643	1.068009	0.563932
72	200	1.140162	1.067784	0.503387
62	180	1.139589	1.067515	0.688561
33	60	1.139368	1.067412	0.523894
61	120	1.139321	1.067390	0.684845
42	134	1.139316	1.067388	1.377201
56	201	1.139005	1.067242	0.674919
69	166	1.138637	1.067069	0.823328
19	92	1.138244	1.066885	0.678564
22	119	1.138159	1.066845	0.477108
53	127	1.137626	1.066596	0.920746
68	181	1.137517	1.066544	0.607209
73	7	1.137076	1.066337	0.737343
8	139	1.137061	1.066331	0.717231
12	72	1.137054	1.066327	0.476876
12	94	1.137000	1.066302	0.513536
4	180	1.136689	1.066156	0.503536
23	180	1.136575	1.066103	0.824475
11	43	1.136345	1.065995	0.877336
46	24	1.136203	1.065928	0.638707
42	143	1.136066	1.065864	0.552758
56	249	1.135898	1.065785	0.476634
51	11	1.135678	1.065682	0.776250
23	141	1.135054	1.065389	0.561385
14	255	1.134832	1.065285	0.492952
23	14	1.134823	1.065281	0.816824
11	136	1.134814	1.065277	1.160652
43	149	1.134614	1.065183	0.970994
57	183	1.134591	1.065172	0.490479
26	42	1.134183	1.064980	1.073630
50	67	1.133973	1.064882	0.600600
38	71	1.133102	1.064473	0.923233
73	112	1.132894	1.064375	0.604319
45	22	1.132792	1.064327	0.875681
38	162	1.132481	1.064181	0.787494
12	171	1.132362	1.064125	0.584047
70	169	1.131924	1.063919	0.776634
32	168	1.131179	1.063569	0.524096
32	59	1.131163	1.063562	0.602622
36	177	1.130242	1.063128	0.644804
65	142	1.130110	1.063066	1.061593
8	150	1.129855	1.062946	1.441943
9	17	1.129472	1.062766	0.734605
54	251	1.129243	1.062658	0.575285
11	207	1.129154	1.062617	0.475217
53	37	1.128993	1.062541	0.877410
60	111	1.128910	1.062502	0.821664
16	172	1.128545	1.062330	0.765583
13	178	1.128542	1.062329	0.960878
60	60	1.128237	1.062185	0.593886
24	150	1.127705	1.061935	1.205786
17	9	1.127573	1.061872	0.658069
62	135	1.127573	1.061872	0.584838
19	91	1.127273	1.061731	0.728098
64	86	1.127245	1.061718	0.622219
18	150	1.126843	1.061529	0.790415
60	18	1.126463	1.061350	0.924960
8	27	1.126368	1.061305	0.648770
28	69	1.126261	1.061255	0.705554
70	95	1.124828	1.060579	0.513781
43	26	1.124736	1.060536	1.228694
58	204	1.124537	1.060442	0.761970
73	103	1.124257	1.060310	1.027031
52	211	1.124193	1.060280	0.933300
19	245	1.124006	1.060191	0.761232
27	25	1.123863	1.060124	0.724697
72	202	1.123809	1.060098	1.010828
53	73	1.123678	1.060037	0.858113
31	159	1.123562	1.059982	0.656917
51	224	1.123537	1.059970	0.803155
23	22	1.122843	1.059643	0.852547
28	104	1.122513	1.059487	0.757200
70	76	1.122186	1.059333	0.587220
14	16	1.121681	1.059094	0.771877
42	125	1.121563	1.059039	0.654242
63	193	1.121537	1.059026	0.764817
72	204	1.121161	1.058849	1.200534
56	70	1.120812	1.058684	1.200131
1	175	1.120606	1.058587	1.056858
59	230	1.120595	1.058581	0.645692
2	162	1.120530	1.058551	0.481552
8	57	1.120462	1.058519	1.292920
59	135	1.119866	1.058237	0.618226
66	109	1.119458	1.058045	0.997648
30	165	1.119238	1.057941	0.494349
63	102	1.118900	1.057781	0.569154
50	75	1.118807	1.057737	0.767075
23	210	1.118631	1.057653	0.582296
3	169	1.118033	1.057371	0.763328
42	252	1.117979	1.057345	1.012558
17	256	1.117817	1.057269	0.532914
54	153	1.117609	1.057170	0.537019
33	112	1.117331	1.057039	0.751107
30	235	1.117158	1.056957	0.472685
72	84	1.117135	1.056946	1.308432
47	176	1.116923	1.056846	0.851651
50	233	1.116909	1.056839	0.869605
50	99	1.116064	1.056439	0.826214
70	157	1.116042	1.056429	1.114413
10	224	1.116022	1.056420	1.078387
45	139	1.115696	1.056265	1.533721
59	91	1.115241	1.056050	0.697519
51	159	1.115205	1.056032	0.514061
9	72	1.114540	1.055718	0.814557
10	129	1.114302	1.055605	0.744890
41	255	1.114301	1.055604	0.778318
28	108	1.114274	1.055592	0.551212
19	210	1.114014	1.055469	0.857796
34	30	1.113943	1.055435	1.044974
64	143	1.113783	1.055359	0.812228
39	29	1.113670	1.055306	0.643509
64	114	1.113630	1.055287	0.949482
2	226	1.113586	1.055266	1.129956
65	226	1.113251	1.055107	0.868082
33	32	1.113043	1.055008	0.732866
32	200	1.112726	1.054858	0.669230
11	77	1.112481	1.054742	0.754754
66	238	1.112300	1.054657	0.854336
5	39	1.111904	1.054469	0.759632
67	131	1.111462	1.054259	0.730859
48	234	1.109261	1.053215	0.811734
46	139	1.109142	1.053158	0.918769
13	115	1.109074	1.053126	0.827139
43	99	1.108968	1.053075	0.826096
69	175	1.108588	1.052895	1.099918
36	22	1.108545	1.052875	0.714110
24	244	1.108277	1.052747	1.406381
18	142	1.108038	1.052634	0.770954
24	239	1.107722	1.052484	0.532107
55	106	1.107674	1.052461	0.515396
54	149	1.107446	1.052353	0.585011
30	11	1.107179	1.052226	0.780181
48	244	1.107118	1.052197	0.666434
11	20	1.107070	1.052174	1.120593
7	125	1.106621	1.051961	1.483075
66	14	1.106488	1.051897	1.089569
43	46	1.106186	1.051754	0.640166
56	100	1.106139	1.051732	0.659309
31	22	1.105746	1.051545	1.176037
37	239	1.105696	1.051521	0.556825
41	193	1.105487	1.051422	0.733752
7	206	1.105393	1.051377	0.833939
27	147	1.105087	1.051231	0.654913
20	25	1.105066	1.051221	1.001254
57	72	1.104925	1.051154	0.960297
28	75	1.104885	1.051135	0.762004
13	20	1.104768	1.051079	0.767520
23	198	1.104507	1.050955	1.336624
19	169	1.104107	1.050765	0.719669
3	33	1.103554	1.050502	0.806145
49	21	1.103087	1.050279	1.004403
9	170	1.102626	1.050060	0.770157
69	184	1.102378	1.049942	1.038951
38	24	1.102175	1.049845	0.757234
7	191	1.101501	1.049524	1.007528
53	246	1.101107	1.049337	1.023691
8	217	1.100698	1.049141	0.764700
41	97	1.100375	1.048987	0.615070
40	202	1.100057	1.048836	0.798422
70	227	1.099954	1.048787	0.908946
48	242	1.099904	1.048763	0.976196
64	182	1.099592	1.048614	0.735199
58	7	1.099007	1.048335	0.701113
6	94	1.098773	1.048224	1.050999
45	20	1.098042	1.047875	0.700347
24	36	1.097780	1.047750	0.876683
43	32	1.097564	1.047647	0.589014
61	157	1.097286	1.047514	0.695029
7	94	1.097258	1.047501	0.605735
37	72	1.096888	1.047324	0.576243
69	208	1.096699	1.047234	0.774999
63	155	1.096593	1.047183	0.684406
57	20	1.096396	1.047089	0.811717
1	87	1.096369	1.047076	0.916641
21	122	1.095995	1.046898	0.666174
24	199	1.095722	1.046767	1.896551
63	71	1.095617	1.046717	0.690679
20	63	1.095615	1.046716	1.068471
6	17	1.095534	1.046678	0.917300
2	142	1.095358	1.046594	0.775850
41	121	1.095042	1.046443	0.697906
11	26	1.094707	1.046283	1.268449
9	181	1.094617	1.046239	0.598767
50	122	1.094099	1.045992	1.459985
35	63	1.093787	1.045843	0.532285
57	10	1.093334	1.045626	0.885535
41	216	1.093043	1.045487	0.917766
55	207	1.092673	1.045310	0.962676
41	142	1.092363	1.045162	0.728367
19	180	1.092277	1.045120	1.057036
2	244	1.092116	1.045044	0.706723
29	112	1.092079	1.045026	0.616933
72	186	1.091843	1.044913	1.362403
24	120	1.091361	1.044682	1.689480
53	63	1.090986	1.044503	0.734269
18	170	1.090958	1.044489	0.953661
5	156	1.090598	1.044317	0.490856
3	85	1.090233	1.044142	0.945659
10	166	1.090220	1.044136	0.740978
37	186	1.090175	1.044114	0.944274
21	136	1.089633	1.043855	0.734496
5	38	1.089466	1.043775	0.601191
30	149	1.089055	1.043578	0.466702
35	5	1.088867	1.043488	0.566992
63	237	1.088562	1.043342	0.571451
30	64	1.088527	1.043325	1.187147
13	4	1.088426	1.043277	0.808193
27	223	1.087372	1.042771	0.466341
59	124	1.086951	1.042569	0.734196
42	121	1.086752	1.042474	0.511264
44	136	1.086471	1.042339	0.656343
36	160	1.086312	1.042263	1.283240
7	221	1.086200	1.042209	0.513057
71	63	1.086072	1.042148	1.262717
32	104	1.086059	1.042141	0.659098
61	212	1.085783	1.042009	1.618633
12	227	1.085778	1.042007	1.286266
15	225	1.084808	1.041541	0.773106
47	96	1.084550	1.041417	0.756478
33	93	1.084530	1.041408	0.970715
16	253	1.084062	1.041183	0.706785
20	203	1.083895	1.041103	0.748500
48	124	1.083654	1.040987	0.676161
26	16	1.083625	1.040973	0.695572
8	67	1.083442	1.040885	0.741719
35	91	1.083386	1.040858	1.020294
21	23	1.083093	1.040718	0.527177
52	243	1.082691	1.040524	0.582650
27	69	1.082451	1.040409	0.709524
60	70	1.082067	1.040224	0.797361
48	223	1.082064	1.040223	1.108054
24	78	1.082051	1.040217	1.755902
39	122	1.081948	1.040167	0.567527
2	51	1.081505	1.039954	1.507607
11	141	1.081493	1.039949	0.802228
71	74	1.080705	1.039570	0.694045
39	240	1.080513	1.039477	1.258952
21	153	1.080324	1.039386	0.785381
22	108	1.080259	1.039355	1.264883
21	57	1.080011	1.039236	0.545776
12	221	1.079508	1.038994	0.707855
65	1	1.078180	1.038354	0.669615
57	60	1.077920	1.038229	0.495301
7	106	1.077802	1.038173	0.786826
55	176	1.076719	1.037651	0.684223
68	65	1.076710	1.037646	1.103427
67	81	1.076412	1.037503	0.591154
2	55	1.076054	1.037330	0.673845
60	103	1.075991	1.037300	0.651442
24	65	1.075709	1.037164	1.093455
73	110	1.075448	1.037038	0.637903
50	136	1.075386	1.037008	0.463764
72	10	1.075242	1.036939	0.528770
39	23	1.075101	1.036871	0.947277
28	37	1.073973	1.036327	1.113598
21	205	1.073782	1.036235	1.426995
2	133	1.073757	1.036222	0.532425
73	220	1.073510	1.036103	0.723345
41	221	1.073451	1.036075	0.773299
30	61	1.073219	1.035963	0.959110
49	15	1.072977	1.035846	0.643988
22	55	1.072355	1.035546	0.894786
7	88	1.071973	1.035361	0.562638
59	239	1.071779	1.035268	0.485866
34	211	1.071691	1.035225	0.462967
26	256	1.071629	1.035195	0.740266
5	124	1.071399	1.035084	0.476197
57	242	1.070848	1.034818	0.858850
23	181	1.070759	1.034775	1.978118
39	78	1.070259	1.034533	0.747327
31	144	1.069796	1.034309	1.096264
50	146	1.069609	1.034219	0.656575
23	162	1.069511	1.034171	0.484540
22	160	1.069196	1.034019	0.958589
21	80	1.068584	1.033723	0.462295
18	130	1.067645	1.033269	0.516601
70	35	1.066856	1.032887	0.892336
31	164	1.066695	1.032809	1.304993
40	207	1.066654	1.032790	1.435732
70	117	1.066087	1.032515	0.461755
25	153	1.065812	1.032382	0.555698
11	81	1.065752	1.032353	1.011377
42	174	1.065005	1.031991	0.964612
29	144	1.064819	1.031901	1.107232
69	242	1.064693	1.031840	0.796649
19	130	1.064565	1.031778	0.657689
53	241	1.064144	1.031574	0.667634
71	94	1.064129	1.031566	0.810281
47	170	1.063904	1.031457	0.584818
20	7	1.063858	1.031435	1.766818
17	177	1.063759	1.031387	0.575912
18	113	1.063737	1.031376	0.984538
51	118	1.063706	1.031361	0.712567
62	73	1.063639	1.031329	0.752088
71	183	1.063434	1.031229	0.559661
45	102	1.063405	1.031215	0.816638
40	4	1.063343	1.031185	1.069858
31	86	1.063174	1.031103	0.731991
65	66	1.062982	1.031010	0.772273
19	78	1.062962	1.031001	0.662675
21	240	1.062565	1.030808	0.793007
55	174	1.062556	1.030804	0.952308
39	101	1.062381	1.030719	0.512594
67	221	1.062368	1.030713	0.758700
16	40	1.061618	1.030348	0.706517
38	173	1.061554	1.030318	1.605273
31	24	1.061344	1.030215	0.854055
57	22	1.060186	1.029653	0.914556
26	132	1.060010	1.029568	1.010262
58	145	1.059759	1.029446	1.010840
57	164	1.058482	1.028826	0.460105
40	72	1.058231	1.028703	0.677281
47	144	1.057979	1.028581	0.703486
24	185	1.057624	1.028408	1.547276
54	28	1.057189	1.028197	0.493108
62	42	1.056982	1.028096	0.699670
69	193	1.056904	1.028058	1.084175
61	38	1.056464	1.027845	0.695050
59	89	1.056376	1.027802	0.835445
67	98	1.056354	1.027791	0.459642
24	86	1.055721	1.027483	0.968172
54	56	1.055622	1.027434	0.770380
11	131	1.055524	1.027387	0.606935
22	215	1.055061	1.027162	0.572331
62	213	1.055051	1.027157	0.724544
44	92	1.054920	1.027093	0.837755
51	119	1.054378	1.026829	0.574114
42	76	1.054353	1.026817	0.965213
45	125	1.054219	1.026752	0.600154
16	63	1.054179	1.026732	1.535972
72	26	1.053586	1.026443	0.699422
7	133	1.053155	1.026233	0.562659
69	150	1.052717	1.026020	0.640792
63	230	1.052620	1.025973	1.086256
30	208	1.052539	1.025933	0.458811
8	196	1.052397	1.025864	1.049001
69	62	1.052333	1.025833	0.458766
10	217	1.051413	1.025384	0.458566
12	142	1.051280	1.025319	0.528419
58	93	1.050923	1.025145	0.814882
31	234	1.050553	1.024965	1.072291
5	42	1.050526	1.024952	0.748478
40	227	1.050503	1.024940	0.706728
73	198	1.050393	1.024887	0.885060
41	87	1.050052	1.024720	0.615383
34	240	1.049840	1.024617	0.602122
18	100	1.049433	1.024418	0.609517
32	222	1.049353	1.024379	0.462749
12	168	1.049292	1.024350	0.700658
68	25	1.049214	1.024312	0.988161
37	137	1.049037	1.024225	1.189002
58	213	1.048749	1.024084	0.720621
62	18	1.048354	1.023891	0.571850
46	114	1.047607	1.023527	0.583815
6	24	1.047454	1.023452	0.715171
39	203	1.047401	1.023426	0.457690
68	79	1.047368	1.023410	0.674752
14	162	1.047058	1.023259	1.126036
12	222	1.046442	1.022958	0.569538
32	18	1.046374	1.022924	0.960999
32	134	1.046133	1.022806	1.064065
34	177	1.046032	1.022757	0.752364
58	98	1.045667	1.022579	0.457311
43	60	1.045227	1.022364	0.973871
39	68	1.045199	1.022350	0.642653
60	29	1.044625	1.022069	0.811968
64	32	1.044438	1.021977	0.458697
48	140	1.044324	1.021922	1.028782
7	45	1.043463	1.021500	0.948627
47	85	1.043288	1.021415	0.734986
17	90	1.043217	1.021380	0.743285
24	254	1.043137	1.021341	0.811571
6	51	1.042946	1.021247	0.794101
17	214	1.042922	1.021236	0.798279
10	192	1.042680	1.021117	1.478661
71	188	1.042531	1.021044	0.833594
4	40	1.042467	1.021013	1.114251
7	250	1.042280	1.020921	1.188305
40	159	1.042273	1.020918	1.135838
58	170	1.042150	1.020857	0.771908
5	240	1.041931	1.020750	0.619037
53	87	1.041757	1.020665	0.968241
47	240	1.041683	1.020629	0.999023
71	103	1.041410	1.020495	0.998976
18	28	1.041283	1.020433	0.744465
26	136	1.040907	1.020248	0.860807
53	181	1.040756	1.020175	0.468868
67	5	1.040721	1.020157	0.928380
73	106	1.040652	1.020123	0.817707
66	115	1.040192	1.019898	0.901603
4	17	1.039940	1.019774	0.488705
36	187	1.039928	1.019768	1.362943
55	126	1.039691	1.019652	0.512966
52	18	1.039548	1.019582	1.038354
33	215	1.039261	1.019442	0.455908
36	49	1.038658	1.019146	1.027980
47	89	1.038525	1.019080	0.659564
30	178	1.038386	1.019012	0.721210
10	176	1.038127	1.018885	0.655753
4	89	1.037515	1.018585	0.804493
22	73	1.037332	1.018495	0.455485
63	215	1.037308	1.018483	0.743149
5	226	1.036833	1.018250	0.455375
44	213	1.036685	1.018177	1.055991
72	230	1.036429	1.018052	0.670745
34	58	1.036301	1.017989	0.475005
21	137	1.036084	1.017882	0.874107
47	80	1.035882	1.017783	0.773530
36	56	1.035575	1.017632	0.859589
65	4	1.035555	1.017622	0.455095
27	144	1.035520	1.017605	1.148834
16	222	1.035433	1.017562	0.846038
54	162	1.034830	1.017266	0.758363
26	137	1.034506	1.017107	0.735592
48	239	1.034301	1.017006	1.121858
42	148	1.034127	1.016921	0.760748
72	67	1.033976	1.016846	0.540086
36	82	1.033906	1.016812	0.539475
66	157	1.033703	1.016712	0.547645
33	10	1.033686	1.016703	0.657609
60	38	1.033526	1.016625	1.138797
11	53	1.033117	1.016424	0.480591
51	143	1.032819	1.016277	0.576102
2	80	1.032385	1.016064	0.908703
26	110	1.032378	1.016060	0.677009
20	172	1.031991	1.015869	0.823122
5	154	1.031870	1.015810	0.582515
57	194	1.031802	1.015776	0.682107
18	174	1.031189	1.015475	0.508419
38	211	1.030901	1.015333	0.970343
33	187	1.030539	1.015154	0.764486
33	132	1.030071	1.014924	0.526707
14	151	1.029746	1.014764	0.610913
69	250	1.029635	1.014709	0.533888
48	144	1.029237	1.014513	0.453704
73	56	1.028632	1.014215	0.500307
18	255	1.028407	1.014104	0.965118
9	135	1.028387	1.014094	0.676976
18	30	1.028172	1.013988	0.874683
65	59	1.027760	1.013785	0.676273
41	224	1.027437	1.013626	0.964260
29	110	1.027433	1.013624	1.022943
41	181	1.027431	1.013623	0.731720
28	246	1.027144	1.013481	0.849964
24	101	1.027018	1.013419	0.987704
38	246	1.026584	1.013205	1.872880
17	97	1.026491	1.013159	0.502537
13	97	1.026245	1.013037	0.929385
17	61	1.026137	1.012984	0.964251
6	152	1.026001	1.012917	0.754370
2	76	1.025936	1.012885	0.496686
61	47	1.025728	1.012782	0.716615
32	157	1.025276	1.012559	0.628011
57	184	1.025152	1.012498	0.745411
51	14	1.025027	1.012436	0.614114
64	142	1.025015	1.012430	1.150470
64	185	1.024884	1.012365	1.090063
7	153	1.024679	1.012265	0.777964
1	60	1.023223	1.011545	1.108649
58	174	1.023212	1.011539	0.775678
25	82	1.023115	1.011492	0.720553
54	168	1.022884	1.011377	0.734165
64	5	1.022705	1.011289	1.128282
60	255	1.022294	1.011086	0.690407
2	218	1.021316	1.010602	0.797678
47	208	1.021255	1.010572	0.867642
31	11	1.021158	1.010524	0.883053
12	145	1.020415	1.010156	1.149871
12	5	1.020211	1.010055	1.997467
35	109	1.020145	1.010022	0.737442
67	184	1.019986	1.009943	0.451660
33	186	1.019641	1.009773	0.451584
67	215	1.019263	1.009586	0.565098
71	125	1.019219	1.009564	0.597862
19	14	1.019182	1.009545	0.537452
1	214	1.019134	1.009522	0.709055
11	178	1.019060	1.009485	0.750280
64	201	1.018820	1.009366	0.704575
40	204	1.018342	1.009129	0.707317
2	199	1.018064	1.008992	0.752984
8	21	1.017998	1.008959	0.728874
1	55	1.017930	1.008925	0.693916
34	120	1.017886	1.008903	0.975181
66	225	1.017773	1.008847	0.593351
6	131	1.017762	1.008842	0.720003
16	191	1.017652	1.008787	0.724356
28	218	1.017259	1.008593	0.864518
1	99	1.016776	1.008353	0.953421
1	27	1.016366	1.008150	0.522417
1	109	1.016313	1.008123	0.609293
8	98	1.016199	1.008067	0.611482
31	189	1.016067	1.008001	0.930067
64	96	1.015917	1.007927	0.675128
49	35	1.015829	1.007884	0.783998
68	86	1.015213	1.007578	0.524549
70	233	1.014601	1.007274	0.747918
1	111	1.014328	1.007139	1.511708
17	233	1.014108	1.007029	0.832874
54	142	1.013710	1.006832	0.978032
4	201	1.013676	1.006815	0.644818
21	197	1.013672	1.006813	0.559127
7	55	1.013647	1.006801	0.633314
11	88	1.013402	1.006679	0.670801
70	90	1.013226	1.006591	0.610667
63	86	1.013158	1.006557	0.784797
6	120	1.013049	1.006503	0.883801
63	139	1.012904	1.006431	0.679200
16	123	1.012773	1.006366	0.640327
41	133	1.012699	1.006330	0.748568
36	228	1.012260	1.006112	0.634946
60	54	1.011979	1.005972	0.558263
23	3	1.011664	1.005815	1.365676
22	163	1.011583	1.005775	0.785282
30	56	1.011516	1.005741	0.962003
44	185	1.011470	1.005718	0.736999
42	235	1.011269	1.005619	0.705566
3	51	1.011068	1.005519	0.801526
5	250	1.010565	1.005269	1.414224
4	84	1.010209	1.005091	0.816371
24	153	1.009482	1.004730	1.511974
39	56	1.009401	1.004690	0.712285
61	85	1.009190	1.004584	0.634659
43	24	1.008552	1.004267	0.532163
65	103	1.008253	1.004118	0.612790
51	24	1.008099	1.004041	0.449021
32	44	1.007748	1.003866	0.814426
57	187	1.007721	1.003853	0.914213
33	152	1.007680	1.003832	1.076185
72	62	1.007289	1.003638	0.644471
34	214	1.007284	1.003635	0.539041
13	184	1.007099	1.003543	0.448798
36	180	1.007019	1.003503	0.859173
25	163	1.006887	1.003438	1.160822
6	124	1.006418	1.003204	0.719411
64	211	1.005417	1.002705	0.513798
47	40	1.005200	1.002597	0.494261
7	28	1.005133	1.002563	1.008972
65	248	1.004527	1.002261	0.931201
1	82	1.004375	1.002185	1.144462
64	212	1.004057	1.002027	1.184204
26	154	1.004007	1.002002	0.662002
34	208	1.003865	1.001931	1.106476
1	50	1.003823	1.001910	0.999437
42	234	1.003764	1.001880	0.696787
31	212	1.003686	1.001841	1.105421
45	130	1.003634	1.001815	0.686383
30	22	1.002805	1.001402	0.882361
53	97	1.002246	1.001122	0.681014
14	80	1.002132	1.001066	0.679610
38	219	1.002004	1.001001	1.122539
3	140	1.001701	1.000850	0.916889
55	153	1.001662	1.000831	0.458948
52	183	1.001481	1.000740	1.259782
12	77	1.001377	1.000688	0.474002
50	201	1.001227	1.000613	1.162499
42	200	1.000910	1.000455	0.865994
4	221	1.000853	1.000426	0.706241
68	145	1.000831	1.000416	0.571282
70	79	1.000401	1.000200	1.173090
58	195	1.000165	1.000083	0.713922
6	42	0.999824	0.999912	1.035437
32	45	0.999705	0.999853	0.447148
37	16	0.999483	0.999742	0.947679
26	111	0.999357	0.999678	0.910300
47	246	0.999342	0.999671	0.447066
45	194	0.999189	0.999594	0.662569
13	172	0.998777	0.999389	0.659114
3	45	0.998757	0.999378	0.807157
15	206	0.998723	0.999361	0.533964
11	16	0.998616	0.999308	0.565381
42	232	0.998598	0.999299	0.782557
46	73	0.997923	0.998961	1.005086
59	73	0.997706	0.998852	0.760287
7	110	0.997640	0.998819	0.594505
62	87	0.997471	0.998735	1.029196
30	206	0.997124	0.998561	0.721208
35	207	0.996945	0.998471	0.780052
41	85	0.996782	0.998390	0.594420
72	252	0.996716	0.998357	0.831107
5	73	0.996612	0.998304	0.446455
50	37	0.995857	0.997927	0.697799
18	235	0.995786	0.997891	0.707123
10	233	0.995722	0.997859	0.593674
12	117	0.995608	0.997802	0.991399
53	222	0.995151	0.997573	0.824656
52	153	0.995048	0.997521	0.475755
50	116	0.994811	0.997402	0.911958
15	35	0.994721	0.997357	0.464021
12	208	0.994459	0.997226	1.204995
8	123	0.994436	0.997214	0.498164
71	144	0.994089	0.997040	0.850544
31	3	0.993607	0.996798	0.600031
58	37	0.993474	0.996732	0.495242
10	38	0.993473	0.996731	0.545521
24	232	0.993207	0.996598	0.781600
16	66	0.993014	0.996501	1.400954
43	84	0.992862	0.996425	0.865160
4	106	0.992529	0.996258	0.963649
37	228	0.992144	0.996064	0.919745
26	113	0.991950	0.995967	0.763689
55	104	0.991907	0.995945	0.503892
14	64	0.991852	0.995917	1.147062
62	54	0.991548	0.995765	0.573901
14	171	0.990905	0.995442	0.600273
64	237	0.990776	0.995377	0.780526
70	203	0.990770	0.995374	0.939381
25	206	0.990767	0.995373	0.827374
38	166	0.990565	0.995271	0.445099
23	230	0.990322	0.995149	0.686143
21	143	0.989080	0.994525	0.926156
17	96	0.988769	0.994369	1.105618
11	25	0.988745	0.994356	1.316344
12	22	0.988498	0.994232	0.810455
36	10	0.988369	0.994168	0.972750
18	99	0.988107	0.994036	0.556186
36	28	0.988056	0.994010	0.444535
47	27	0.987887	0.993925	1.204499
7	27	0.987474	0.993717	0.947486
72	14	0.987351	0.993655	0.570249
37	190	0.987201	0.993580	0.848315
19	148	0.986734	0.993345	1.027119
12	207	0.986677	0.993316	0.460778
22	229	0.986080	0.993015	0.628747
26	23	0.986019	0.992985	0.889014
55	61	0.985921	0.992935	0.458758
68	127	0.985867	0.992908	0.655234
24	235	0.985854	0.992902	1.006995
6	67	0.985374	0.992660	0.698550
2	144	0.985346	0.992646	0.718195
38	155	0.985030	0.992487	1.143434
22	23	0.984988	0.992466	0.721077
51	100	0.984323	0.992131	0.443694
35	135	0.984273	0.992105	0.613150
7	68	0.984199	0.992068	0.828666
19	49	0.984122	0.992029	0.606103
31	215	0.984033	0.991984	0.443629
68	116	0.984007	0.991971	0.542832
59	4	0.982769	0.991347	0.666783
58	96	0.982374	0.991148	1.464533
58	144	0.982201	0.991061	0.524398
13	129	0.981779	0.990848	1.116245
9	164	0.981642	0.990779	0.722938
32	220	0.981628	0.990772	0.443087
47	26	0.981309	0.990610	1.063749
43	56	0.981208	0.990559	0.644260
4	54	0.981037	0.990473	0.892027
42	81	0.980980	0.990444	0.805367
67	53	0.980946	0.990427	0.953701
16	94	0.980866	0.990387	0.889644
21	236	0.980787	0.990347	0.815307
51	110	0.980567	0.990236	0.712230
32	84	0.980446	0.990175	0.620670
35	88	0.980414	0.990159	0.930878
33	146	0.980247	0.990074	0.707718
58	49	0.980089	0.989994	0.671457
20	64	0.979896	0.989897	0.986864
72	15	0.979892	0.989895	1.139996
64	47	0.979803	0.989850	0.721633
37	111	0.979786	0.989841	0.623125
33	44	0.979770	0.989834	1.302688
31	204	0.979583	0.989739	0.700376
3	17	0.979035	0.989462	0.720395
35	181	0.979031	0.989460	0.705104
64	210	0.978926	0.989407	0.460429
33	248	0.978557	0.989221	0.660400
40	50	0.978548	0.989216	0.727230
30	192	0.978491	0.989187	0.937355
25	235	0.978094	0.988986	0.680041
45	32	0.977919	0.988898	1.096925
72	153	0.977620	0.988747	0.730939
57	18	0.977549	0.988711	1.318766
32	155	0.977120	0.988494	0.548170
6	213	0.977054	0.988460	1.022725
73	29	0.976950	0.988408	0.976890
15	162	0.976740	0.988301	0.486968
21	146	0.976660	0.988261	0.712992
39	46	0.976371	0.988115	0.800603
69	40	0.976279	0.988068	0.895130
25	149	0.975883	0.987868	0.711501
42	54	0.975785	0.987819	0.826281
25	151	0.975553	0.987701	0.821580
11	102	0.975306	0.987576	0.487421
21	169	0.975290	0.987568	0.441654
60	69	0.975268	0.987557	0.912466
18	60	0.974895	0.987368	0.699418
40	68	0.974868	0.987354	0.934438
34	134	0.974738	0.987288	0.569477
8	157	0.974615	0.987226	1.548749
69	98	0.974503	0.987169	0.653469
22	144	0.973931	0.986879	0.492338
41	232	0.973606	0.986715	0.617736
63	151	0.973364	0.986592	0.775997
6	44	0.973246	0.986532	0.777365
66	244	0.973138	0.986478	1.468664
31	121	0.972967	0.986391	0.755456
28	89	0.972715	0.986263	0.698509
59	244	0.972492	0.986150	0.836845
23	104	0.971868	0.985834	0.483074
10	21	0.971518	0.985656	0.440799
34	206	0.971306	0.985549	0.860271
26	27	0.970888	0.985337	0.589081
26	243	0.970687	0.985234	0.667760
45	127	0.970624	0.985203	1.046837
25	86	0.970512	0.985145	1.032635
6	200	0.970114	0.984944	0.698577
36	96	0.970077	0.984925	0.711284
4	113	0.969843	0.984806	0.440419
65	112	0.969750	0.984759	0.611166
48	72	0.969701	0.984734	0.581498
27	82	0.969619	0.984692	0.458017
28	43	0.969513	0.984638	0.554351
26	133	0.969424	0.984594	0.732539
55	190	0.968678	0.984214	0.906209
1	223	0.968310	0.984028	0.654416
50	114	0.968146	0.983944	0.532820
8	40	0.968007	0.983874	1.777857
52	231	0.967480	0.983606	0.937851
5	27	0.967323	0.983526	0.717719
20	105	0.967246	0.983486	0.439829
16	207	0.966289	0.983000	1.192114
47	150	0.965850	0.982777	0.642417
14	77	0.965358	0.982526	1.067939
7	223	0.965303	0.982498	0.843939
39	120	0.965104	0.982397	0.725477
37	127	0.965069	0.982379	0.931898
33	183	0.964941	0.982314	1.041678
7	129	0.964927	0.982307	0.829580
31	156	0.964862	0.982274	0.504119
66	202	0.964289	0.981982	0.458288
40	124	0.964229	0.981952	0.628323
33	98	0.964110	0.981891	0.716666
14	126	0.963937	0.981803	0.542387
28	103	0.963707	0.981686	0.832789
60	184	0.963084	0.981368	0.659177
42	247	0.962277	0.980957	0.660064
28	27	0.961899	0.980764	0.694144
31	44	0.961787	0.980707	0.438586
50	180	0.961211	0.980414	0.990851
67	118	0.960916	0.980263	0.961793
16	175	0.960796	0.980202	0.547887
22	6	0.960555	0.980079	0.689397
46	32	0.960550	0.980076	0.473328
71	59	0.960506	0.980054	0.849587
13	247	0.960349	0.979974	0.480523
45	142	0.960185	0.979890	1.247377
28	16	0.960174	0.979885	1.035841
22	194	0.960002	0.979797	0.651518
43	95	0.959734	0.979660	0.806417
11	84	0.959584	0.979584	1.083012
45	205	0.959215	0.979395	0.672531
22	35	0.958970	0.979270	0.866104
25	93	0.958648	0.979106	1.136308
6	229	0.958428	0.978993	0.864766
30	127	0.958398	0.978978	0.605949
57	34	0.958237	0.978896	0.670093
17	149	0.958212	0.978883	0.867319
40	70	0.958119	0.978835	0.911433
30	15	0.957827	0.978686	0.886578
28	251	0.957639	0.978590	0.534372
10	220	0.957475	0.978507	0.437602
44	113	0.956591	0.978055	0.437399
13	194	0.956523	0.978020	0.684714
9	130	0.956187	0.977848	0.714607
46	102	0.955348	0.977419	0.621918
7	90	0.955143	0.977314	1.094043
58	244	0.955113	0.977299	1.528516
26	3	0.954557	0.977015	0.641179
48	114	0.954448	0.976958	0.576398
65	241	0.954381	0.976924	0.436894
48	43	0.954210	0.976837	0.678735
5	173	0.954006	0.976732	0.934193
71	97	0.953980	0.976719	1.397184
64	126	0.953914	0.976685	0.628581
63	49	0.953674	0.976562	0.930861
36	40	0.953479	0.976462	0.876962
62	249	0.953215	0.976328	0.444811
36	127	0.952711	0.976069	0.957423
53	171	0.952339	0.975879	0.588685
5	164	0.951882	0.975644	0.770603
60	197	0.951877	0.975642	0.619832
20	246	0.951470	0.975433	1.022713
1	124	0.951358	0.975376	1.850227
58	116	0.951235	0.975313	0.734388
16	239	0.951142	0.975265	0.781234
57	222	0.951139	0.975264	0.622042
41	94	0.950924	0.975153	0.436102
69	190	0.950866	0.975123	0.869283
35	7	0.950748	0.975063	0.731998
48	100	0.950738	0.975058	0.599157
66	235	0.950656	0.975016	0.662015
34	145	0.950412	0.974891	0.565834
24	35	0.950330	0.974849	0.983288
9	76	0.950114	0.974738	0.538694
17	112	0.949875	0.974615	0.610622
37	27	0.949778	0.974566	0.834500
22	34	0.949709	0.974530	0.534696
47	224	0.949645	0.974497	0.642697
59	5	0.949469	0.974407	0.789056
15	84	0.949435	0.974390	0.464121
13	85	0.949329	0.974335	0.559946
68	200	0.949113	0.974224	0.583093
57	202	0.949067	0.974200	0.435676
16	153	0.948657	0.973990	0.435582
26	33	0.948542	0.973931	0.504780
55	223	0.948100	0.973704	0.576236
52	102	0.948046	0.973677	0.570653
18	47	0.947797	0.973549	0.608588
70	98	0.947588	0.973441	0.463643
35	22	0.947342	0.973315	1.011646
24	251	0.947279	0.973282	0.698909
23	228	0.947256	0.973271	1.147917
47	123	0.947229	0.973257	0.764309
57	76	0.947130	0.973206	0.727940
70	160	0.947046	0.973163	1.033591
27	58	0.946945	0.973111	1.749791
64	226	0.946621	0.972944	0.850472
36	142	0.946454	0.972859	1.333454
21	194	0.946366	0.972813	0.435055
18	9	0.946033	0.972642	0.464850
73	21	0.945939	0.972594	0.434957
6	197	0.945511	0.972374	0.456975
17	163	0.945460	0.972348	0.686859
42	85	0.945257	0.972243	0.460219
28	34	0.945045	0.972134	1.233411
23	236	0.945031	0.972127	1.021130
10	105	0.945011	0.972117	0.540305
15	114	0.944777	0.971997	0.954091
19	246	0.944570	0.971890	0.592496
4	196	0.944546	0.971877	0.470957
23	53	0.944540	0.971874	1.053730
22	190	0.944488	0.971848	0.656724
4	150	0.943828	0.971508	0.707090
11	234	0.943782	0.971485	0.905874
47	156	0.943021	0.971093	0.442971
57	226	0.942706	0.970931	0.471042
37	117	0.942530	0.970840	0.781024
31	45	0.942072	0.970604	0.845079
25	53	0.941944	0.970538	1.294306
52	184	0.941934	0.970533	1.773480
67	85	0.941880	0.970505	0.576691
14	40	0.941677	0.970401	0.586250
39	154	0.941376	0.970245	0.657723
51	72	0.941251	0.970181	0.453388
62	175	0.941140	0.970124	1.083467
44	84	0.941101	0.970104	0.933774
32	217	0.941037	0.970071	0.948839
26	124	0.940458	0.969772	0.753118
16	128	0.940348	0.969715	0.462653
43	239	0.940338	0.969710	0.543949
2	249	0.940058	0.969566	0.731278
40	101	0.939609	0.969334	0.526069
21	196	0.939357	0.969204	1.147534
65	86	0.939013	0.969027	0.870800
7	67	0.938724	0.968878	0.433295
30	14	0.938550	0.968788	0.696348
15	171	0.938471	0.968747	0.799783
70	221	0.938169	0.968591	0.702262
19	131	0.937450	0.968220	0.461776
57	199	0.937018	0.967997	0.658778
12	80	0.936627	0.967795	0.731624
37	161	0.935973	0.967457	0.677539
51	141	0.935878	0.967408	1.208664
55	54	0.935859	0.967398	0.432633
33	232	0.935676	0.967303	0.535872
31	81	0.935237	0.967077	0.995448
20	104	0.935073	0.966992	0.600556
55	85	0.934824	0.966863	0.892494
17	63	0.934705	0.966802	0.451794
46	79	0.934652	0.966774	1.083913
59	61	0.934423	0.966656	0.814428
68	175	0.934331	0.966608	0.432280
59	81	0.934227	0.966554	0.683011
18	132	0.933992	0.966433	0.594667
26	144	0.933720	0.966292	0.872627
61	83	0.933272	0.966060	0.762614
27	243	0.932621	0.965723	1.019521
31	90	0.932319	0.965567	0.439050
61	66	0.932166	0.965488	0.694666
13	53	0.931685	0.965238	0.515437
60	181	0.931589	0.965188	0.823838
38	183	0.931578	0.965183	1.491438
62	72	0.931534	0.965160	0.561505
18	6	0.931507	0.965146	1.165655
2	22	0.931497	0.965141	0.791903
18	222	0.931426	0.965104	0.603036
64	89	0.931376	0.965078	0.446315
20	151	0.931330	0.965054	1.035706
37	136	0.931087	0.964928	0.711181
59	59	0.931064	0.964917	0.862431
2	38	0.930988	0.964877	0.474153
56	248	0.930941	0.964853	0.703262
48	28	0.930874	0.964818	0.596068
61	252	0.930477	0.964612	0.785394
70	138	0.930135	0.964435	0.431309
21	203	0.929920	0.964324	0.679545
53	155	0.929204	0.963953	0.483577
52	233	0.929094	0.963895	0.595652
25	166	0.929006	0.963850	0.467770
64	130	0.928850	0.963769	0.684077
29	84	0.927743	0.963194	1.256799
51	249	0.927458	0.963046	0.813332
51	216	0.926944	0.962779	0.703724
20	91	0.926943	0.962779	0.525753
19	75	0.926933	0.962774	1.036295
47	67	0.926263	0.962426	0.739290
45	212	0.926237	0.962412	0.852573
45	162	0.926157	0.962370	1.161562
7	63	0.926140	0.962362	0.568080
36	114	0.926000	0.962289	0.573564
29	46	0.925969	0.962273	0.637568
57	177	0.925937	0.962256	0.782647
40	10	0.925826	0.962199	0.599214
32	227	0.925792	0.962181	0.801508
5	107	0.925705	0.962136	0.893321
18	107	0.925653	0.962109	0.673989
49	89	0.925579	0.962070	0.577805
72	143	0.925372	0.961962	0.564284
48	121	0.925054	0.961797	0.833092
4	222	0.924738	0.961633	0.844672
34	143	0.924519	0.961519	1.098660
59	151	0.924448	0.961482	0.581760
28	62	0.924149	0.961327	0.981272
72	117	0.924113	0.961308	0.660337
4	118	0.923797	0.961143	0.429836
51	215	0.923472	0.960974	0.676465
59	131	0.923222	0.960844	0.772313
5	161	0.922981	0.960719	1.001590
17	130	0.922568	0.960504	0.850225
40	231	0.922251	0.960339	0.674718
31	128	0.921866	0.960139	0.992862
57	83	0.921853	0.960132	0.745665
32	182	0.921843	0.960127	0.486964
65	162	0.921790	0.960099	0.734590
49	106	0.921574	0.959986	0.429319
42	196	0.921495	0.959945	0.429301
66	171	0.921324	0.959856	0.515747
28	176	0.921173	0.959777	0.835979
33	240	0.920193	0.959267	0.865800
61	71	0.920137	0.959238	0.428984
3	233	0.919852	0.959089	0.772249
64	199	0.919683	0.959001	1.076965
19	223	0.919651	0.958985	0.571962
7	154	0.919519	0.958916	0.989844
15	44	0.919488	0.958899	0.649870
8	55	0.919427	0.958868	1.112431
5	59	0.919337	0.958821	0.660730
64	133	0.919205	0.958752	0.699490
30	254	0.919039	0.958665	0.700481
15	233	0.918790	0.958535	0.718760
47	59	0.918786	0.958533	0.761738
43	206	0.918706	0.958492	1.156358
67	160	0.918517	0.958393	0.625577
54	242	0.918374	0.958318	0.719218
13	201	0.918280	0.958269	0.716106
53	147	0.917966	0.958105	1.144906
46	135	0.917834	0.958036	0.663010
32	65	0.917767	0.958002	0.611825
8	65	0.917557	0.957892	0.597407
5	37	0.917423	0.957822	0.979025
55	100	0.917417	0.957819	0.428350
29	64	0.916262	0.957216	0.428080
40	28	0.916224	0.957196	0.561908
23	143	0.915835	0.956993	0.811539
24	144	0.915825	0.956988	0.427978
26	238	0.915732	0.956939	0.694068
30	137	0.915550	0.956844	0.740279
14	97	0.915253	0.956689	0.623065
15	26	0.915250	0.956687	1.617826
2	118	0.915068	0.956592	0.476787
57	213	0.914456	0.956272	0.682269
20	164	0.914169	0.956122	0.528983
30	242	0.913933	0.955998	0.885546
26	157	0.913774	0.955915	0.693607
72	224	0.913662	0.955857	0.611455
60	85	0.913453	0.955747	0.631980
30	86	0.913438	0.955740	1.411416
18	66	0.913017	0.955519	1.479574
32	131	0.912748	0.955378	0.783025
39	214	0.912708	0.955357	1.282690
28	76	0.912669	0.955337	0.427240
9	172	0.912479	0.955238	0.542716
47	157	0.912472	0.955234	1.043465
5	17	0.912157	0.955069	0.669356
59	217	0.911535	0.954744	0.661520
5	253	0.911486	0.954718	0.441364
38	58	0.911284	0.954612	0.564081
8	137	0.911257	0.954598	0.426909
64	179	0.911213	0.954575	0.658115
1	127	0.911108	0.954520	0.777391
63	227	0.911105	0.954518	0.426873
37	144	0.911068	0.954499	0.693930
50	161	0.911044	0.954486	0.968172
21	198	0.910940	0.954432	0.628764
28	111	0.910903	0.954412	0.594826
12	177	0.910901	0.954412	0.570032
72	18	0.910811	0.954364	0.681238
22	103	0.910610	0.954259	0.692880
43	238	0.910547	0.954226	0.554498
43	73	0.910541	0.954223	0.732422
45	91	0.910349	0.954122	0.579713
68	29	0.910344	0.954119	0.553930
44	170	0.909780	0.953824	0.858085
52	109	0.909258	0.953550	0.881862
45	11	0.909188	0.953513	0.426424
3	180	0.909183	0.953511	0.516082
56	218	0.908803	0.953311	0.426334
13	113	0.908599	0.953205	0.616239
37	218	0.908588	0.953199	0.983132
27	156	0.908533	0.953170	0.940913
65	48	0.908525	0.953166	0.963900
72	251	0.908472	0.953138	0.426256
19	127	0.908199	0.952995	0.642100
25	228	0.907788	0.952779	0.782018
34	218	0.907689	0.952727	0.748213
30	71	0.907521	0.952639	1.274871
25	54	0.907496	0.952626	0.800579
32	92	0.907389	0.952570	0.821413
31	93	0.906837	0.952280	0.455687
16	247	0.906781	0.952251	0.763190
34	155	0.906684	0.952199	0.425836
43	128	0.906210	0.951951	0.475631
49	189	0.906200	0.951945	0.782072
62	124	0.905915	0.951795	0.440065
21	98	0.905642	0.951652	0.758485
60	63	0.905580	0.951619	1.187234
43	115	0.905358	0.951503	0.885394
45	243	0.905163	0.951401	0.971926
65	210	0.905156	0.951397	0.870515
26	126	0.905154	0.951396	0.425477
58	44	0.905079	0.951356	0.627939
43	204	0.904990	0.951310	0.425439
67	112	0.904728	0.951172	1.053620
6	149	0.904210	0.950900	0.652838
56	241	0.903714	0.950639	0.751320
17	113	0.903560	0.950558	0.749391
8	35	0.903299	0.950420	0.686738
23	185	0.903255	0.950397	1.070086
24	20	0.903220	0.950379	0.651599
44	97	0.903216	0.950377	0.517935
62	174	0.903115	0.950324	0.476442
73	153	0.902808	0.950162	0.701826
36	115	0.901964	0.949718	0.861319
24	216	0.901539	0.949494	0.632757
11	107	0.901215	0.949323	0.425786
62	121	0.901128	0.949277	0.842483
27	154	0.900464	0.948928	0.738784
2	239	0.900263	0.948822	0.517125
38	50	0.899819	0.948588	0.661744
24	87	0.899808	0.948582	1.085099
9	244	0.899487	0.948413	0.605699
38	232	0.899120	0.948219	0.429443
43	170	0.898771	0.948035	0.498312
56	63	0.898676	0.947985	0.763303
62	127	0.898588	0.947939	0.718368
18	240	0.898537	0.947912	1.258113
52	11	0.898397	0.947838	0.670560
2	145	0.898076	0.947669	0.722093
9	157	0.897948	0.947601	1.210306
39	116	0.897825	0.947536	0.425457
17	109	0.897126	0.947167	1.246751
73	176	0.896840	0.947016	1.009607
31	240	0.896761	0.946975	0.530280
54	99	0.896556	0.946866	0.423451
31	187	0.896520	0.946847	0.623180
29	97	0.896252	0.946706	0.494949
66	21	0.895940	0.946541	0.771898
70	186	0.895485	0.946301	0.563562
4	144	0.895478	0.946297	0.875634
6	52	0.895299	0.946202	0.838141
35	31	0.895212	0.946156	0.423134
69	27	0.895185	0.946142	0.566272
58	97	0.895136	0.946116	1.321372
35	46	0.894423	0.945740	0.578334
72	115	0.894320	0.945685	0.616839
21	234	0.894197	0.945620	0.736122
8	11	0.894003	0.945517	1.107221
13	214	0.893924	0.945476	0.422830
4	167	0.893908	0.945467	0.422826
12	121	0.893740	0.945378	0.631154
20	97	0.893647	0.945329	1.031935
44	247	0.893523	0.945264	1.548152
17	108	0.893324	0.945158	0.422688
7	31	0.892966	0.944969	0.579273
13	158	0.892742	0.944850	0.422550
68	132	0.892648	0.944801	0.827081
15	128	0.892082	0.944501	0.645528
27	215	0.891975	0.944444	0.493981
22	134	0.891968	0.944440	0.546971
55	6	0.891946	0.944429	0.651993
38	10	0.891511	0.944199	0.623449
38	120	0.891355	0.944116	0.785138
18	112	0.891281	0.944077	0.422204
20	43	0.891280	0.944076	1.017193
18	157	0.890854	0.943850	0.761086
13	134	0.890572	0.943701	0.544784
65	109	0.890381	0.943600	0.547761
44	202	0.889980	0.943388	0.467084
34	167	0.889450	0.943107	0.659846
55	88	0.888748	0.942735	0.561734
54	70	0.888550	0.942629	0.556454
27	245	0.888391	0.942545	0.436285
3	71	0.887729	0.942193	0.500590
26	248	0.887286	0.941958	0.858107
41	194	0.887139	0.941881	0.687788
8	233	0.887126	0.941874	0.885287
48	256	0.886898	0.941753	0.685028
70	108	0.886842	0.941723	0.613739
3	179	0.886523	0.941554	0.746542
8	80	0.885873	0.941208	0.542860
19	250	0.885839	0.941190	0.614851
18	104	0.885767	0.941152	0.535444
3	175	0.885724	0.941129	1.298652
54	84	0.885658	0.941094	0.420870
70	234	0.885399	0.940957	0.644697
7	65	0.885273	0.940890	0.938045
23	232	0.885229	0.940866	1.680581
1	155	0.885176	0.940838	0.668937
11	175	0.885077	0.940785	0.599994
3	39	0.884823	0.940650	0.982344
36	209	0.884636	0.940551	1.003487
39	59	0.884530	0.940495	0.822949
11	89	0.884435	0.940444	0.715509
44	111	0.884435	0.940444	0.453273
12	223	0.884428	0.940440	0.686284
3	246	0.884298	0.940371	0.497566
56	244	0.884263	0.940353	1.359402
10	205	0.883820	0.940117	0.780131
63	126	0.883627	0.940014	0.817307
34	66	0.883606	0.940003	1.193164
53	221	0.883213	0.939794	0.420289
7	182	0.882953	0.939656	0.904857
55	17	0.882788	0.939568	0.437887
44	44	0.882735	0.939540	1.220941
29	197	0.882726	0.939535	0.936883
42	1	0.882722	0.939533	1.083716
32	219	0.882635	0.939486	0.420151
1	167	0.882014	0.939156	0.775674
17	74	0.881948	0.939121	1.120602
50	47	0.881849	0.939068	0.823684
34	41	0.881657	0.938966	0.477972
10	229	0.881340	0.938797	0.419843
23	225	0.880994	0.938613	1.428874
29	44	0.880939	0.938583	0.497566
28	244	0.880246	0.938214	0.419582
13	202	0.880034	0.938101	0.840710
32	15	0.879967	0.938066	0.968833
33	35	0.879960	0.938062	0.696532
29	59	0.879907	0.938034	0.932550
17	142	0.879637	0.937890	0.729817
72	207	0.879586	0.937863	0.553239
65	175	0.879383	0.937754	0.845883
49	139	0.879349	0.937736	0.680583
71	214	0.879216	0.937665	0.686712
72	199	0.879061	0.937583	0.477750
46	183	0.878908	0.937501	0.548542
22	56	0.878895	0.937494	0.516393
72	181	0.878729	0.937406	0.543793
24	63	0.878601	0.937337	0.433475
30	65	0.878591	0.937332	0.419188
21	183	0.878303	0.937178	0.419119
15	222	0.878239	0.937144	1.083093
61	55	0.878137	0.937090	0.562391
48	138	0.877748	0.936882	0.743843
65	193	0.877728	0.936872	0.679726
68	190	0.877595	0.936800	0.691049
67	93	0.877520	0.936761	0.663345
18	121	0.877422	0.936708	0.655865
64	171	0.877397	0.936695	0.599580
43	82	0.877264	0.936624	0.733851
25	80	0.876832	0.936393	0.655097
7	46	0.876670	0.936306	0.674751
46	171	0.876437	0.936182	1.069266
63	178	0.875816	0.935850	0.781380
56	185	0.875715	0.935796	0.418501
11	181	0.875460	0.935660	1.062282
59	48	0.875425	0.935642	0.732513
47	6	0.875272	0.935560	0.728131
4	162	0.874927	0.935375	0.492580
24	137	0.874728	0.935269	0.932039
2	73	0.874590	0.935195	0.813720
13	175	0.874559	0.935179	1.098333
5	237	0.874101	0.934934	0.896182
54	240	0.873944	0.934850	0.842383
12	234	0.873921	0.934837	0.566817
64	132	0.873724	0.934732	0.748847
39	201	0.873619	0.934676	0.695589
17	55	0.873616	0.934674	0.669309
37	240	0.873498	0.934611	0.748935
14	201	0.873403	0.934560	0.513634
25	104	0.873390	0.934553	1.049517
45	112	0.873305	0.934508	0.790687
35	97	0.873106	0.934402	0.933788
18	37	0.872805	0.934240	0.417805
63	210	0.872787	0.934231	0.417801
17	73	0.872720	0.934195	0.494871
48	241	0.872114	0.933870	0.417640
59	70	0.871990	0.933804	0.417610
51	212	0.871929	0.933771	0.671484
37	50	0.871590	0.933590	0.445958
60	205	0.871575	0.933582	0.417511
22	62	0.871308	0.933439	0.510858
12	84	0.871257	0.933411	0.648666
43	147	0.871226	0.933395	0.430034
48	75	0.870856	0.933197	0.740047
55	148	0.870342	0.932921	0.680634
22	112	0.870288	0.932892	0.687327
21	87	0.870224	0.932858	0.417187
50	27	0.870074	0.932777	0.507312
30	204	0.869965	0.932719	0.581445
34	236	0.869766	0.932612	0.678402
48	185	0.869648	0.932549	0.558976
40	81	0.869505	0.932473	1.054574
44	121	0.869453	0.932445	0.702342
39	74	0.869066	0.932237	0.826483
67	189	0.868987	0.932195	0.416890
48	147	0.868948	0.932174	0.663667
47	64	0.868834	0.932113	0.416854
66	206	0.868721	0.932052	0.691649
20	214	0.868701	0.932041	0.796371
13	9	0.868637	0.932007	0.662946
54	57	0.868279	0.931815	0.416720
14	163	0.868258	0.931804	0.551779
72	195	0.868228	0.931788	1.185432
65	72	0.868168	0.931755	0.450642
60	145	0.867993	0.931661	0.898976
64	127	0.867355	0.931319	0.811061
34	197	0.867142	0.931205	0.612693
33	29	0.867139	0.931203	0.454568
49	57	0.867063	0.931162	0.467253
13	149	0.867012	0.931135	0.728593
6	79	0.866991	0.931124	0.432334
6	108	0.866726	0.930981	0.773501
3	244	0.866675	0.930954	1.102460
23	130	0.866555	0.930889	0.590967
59	30	0.866461	0.930839	0.618166
23	84	0.866362	0.930786	0.483924
49	43	0.865921	0.930549	0.879982
67	212	0.865836	0.930503	0.830960
17	244	0.865111	0.930113	0.644481
2	116	0.863602	0.929302	0.415596
14	125	0.863501	0.929247	0.546500
63	33	0.863151	0.929059	0.415488
34	113	0.863126	0.929046	0.415482
24	131	0.863069	0.929015	1.529890
6	154	0.862843	0.928893	0.553113
45	136	0.862774	0.928856	0.577354
13	26	0.862747	0.928842	1.069792
39	75	0.862487	0.928702	0.739234
60	151	0.862410	0.928661	0.568545
70	128	0.862103	0.928495	1.022346
53	98	0.861186	0.928001	0.660745
2	242	0.861061	0.927934	0.481690
21	167	0.860902	0.927848	0.903851
67	66	0.860880	0.927836	0.692997
17	5	0.860753	0.927768	0.747800
28	177	0.860317	0.927533	0.567390
33	222	0.859562	0.927126	0.541069
9	255	0.859194	0.926927	0.825279
34	70	0.859070	0.926860	0.444232
41	74	0.858993	0.926819	0.775640
25	17	0.858916	0.926777	0.559808
50	199	0.858889	0.926763	0.866661
6	121	0.858880	0.926758	1.132604
67	136	0.858849	0.926741	0.794234
28	198	0.858849	0.926741	0.666992
52	15	0.858842	0.926737	0.696103
56	131	0.858680	0.926650	0.671173
1	57	0.858558	0.926584	0.414381
28	90	0.858279	0.926434	0.414314
70	100	0.858169	0.926374	0.414287
12	55	0.858114	0.926344	0.414274
43	223	0.858092	0.926332	0.970432
42	45	0.857800	0.926175	0.588465
10	231	0.857363	0.925939	0.553967
40	189	0.857319	0.925915	0.998500
56	180	0.857267	0.925887	0.751868
13	82	0.857164	0.925831	1.485097
20	98	0.857147	0.925822	0.556834
69	44	0.857039	0.925764	0.816012
70	97	0.856749	0.925608	0.499682
29	210	0.856323	0.925377	0.821337
50	190	0.856257	0.925342	0.936550
51	167	0.856093	0.925253	0.668876
64	23	0.856040	0.925224	1.008020
58	251	0.855682	0.925031	0.413686
23	26	0.855521	0.924944	0.780758
52	9	0.855404	0.924881	1.174106
58	192	0.854778	0.924542	0.820005
33	180	0.854771	0.924538	0.902328
73	253	0.854300	0.924283	1.029233
47	190	0.854182	0.924220	0.516671
67	216	0.854120	0.924186	0.477551
26	216	0.854096	0.924173	0.413303
4	139	0.853324	0.923755	0.519432
21	45	0.853286	0.923735	0.693193
53	96	0.853093	0.923630	0.631442
24	196	0.853053	0.923609	0.662356
25	32	0.853052	0.923608	0.433591
51	49	0.852950	0.923553	1.090013
28	220	0.852857	0.923502	0.658308
6	61	0.852777	0.923459	0.854943
70	171	0.852675	0.923404	0.994551
57	224	0.852561	0.923342	0.555741
24	108	0.851814	0.922937	1.112594
71	30	0.851737	0.922896	0.829398
4	209	0.851390	0.922708	0.943790
43	90	0.850811	0.922394	0.680206
73	14	0.850404	0.922174	0.582746
65	176	0.850370	0.922155	0.672295
38	135	0.850327	0.922132	0.888317
17	52	0.850256	0.922093	0.488383
56	20	0.849608	0.921742	0.412215
50	156	0.849595	0.921735	0.519360
59	196	0.849542	0.921706	0.634944
54	167	0.849462	0.921663	0.602459
17	120	0.849088	0.921460	0.494547
58	74	0.849062	0.921445	0.874572
44	155	0.848866	0.921339	0.768811
67	31	0.848493	0.921137	1.017998
7	69	0.848415	0.921094	0.563158
61	130	0.848329	0.921048	0.906825
61	11	0.848134	0.920942	0.449826
44	118	0.848023	0.920882	0.979116
61	77	0.847986	0.920862	1.007008
53	193	0.847916	0.920824	0.484705
1	172	0.847764	0.920741	0.581165
34	237	0.847741	0.920729	0.944264
7	93	0.847682	0.920697	0.411748
46	54	0.847225	0.920448	0.661360
9	242	0.846472	0.920039	1.048231
55	110	0.846099	0.919836	0.671551
7	102	0.846062	0.919816	1.262522
20	77	0.846017	0.919792	0.649973
8	108	0.845640	0.919587	0.411252
58	68	0.845252	0.919376	0.411157
73	216	0.845202	0.919349	0.550926
31	84	0.844998	0.919237	0.500851
33	256	0.844520	0.918978	0.697827
4	44	0.844322	0.918870	1.057788
40	171	0.844317	0.918868	0.597458
64	17	0.843972	0.918679	0.523701
58	223	0.843967	0.918677	0.453142
17	82	0.843678	0.918520	0.808981
15	60	0.843663	0.918511	0.666241
15	122	0.843493	0.918419	0.679593
45	166	0.843413	0.918375	1.015832
72	244	0.843307	0.918317	0.410684
7	205	0.843161	0.918238	0.830657
63	135	0.843128	0.918220	0.523422
64	176	0.842842	0.918064	0.410571
13	241	0.842793	0.918038	0.410559
64	220	0.842472	0.917863	0.858191
41	144	0.842462	0.917857	0.767458
10	124	0.842297	0.917767	0.484881
23	126	0.841983	0.917597	0.436568
38	150	0.841880	0.917540	0.489356
73	188	0.841457	0.917310	0.582145
64	194	0.840891	0.917001	1.084836
14	247	0.840767	0.916933	0.601455
23	239	0.840721	0.916908	1.058817
67	94	0.840412	0.916740	0.605418
59	163	0.840323	0.916691	0.476750
22	245	0.839045	0.915994	0.729895
70	158	0.838980	0.915959	0.826270
60	229	0.838800	0.915860	0.409585
51	137	0.838724	0.915819	0.939596
1	77	0.838659	0.915783	0.658341
34	209	0.838608	0.915756	0.750360
11	247	0.838469	0.915680	0.890090
49	71	0.838167	0.915515	0.610765
62	192	0.837908	0.915373	0.920852
17	136	0.837792	0.915310	0.409339
50	162	0.837444	0.915120	0.784375
9	34	0.837269	0.915024	0.430639
43	208	0.837260	0.915019	0.929183
35	238	0.837240	0.915008	0.602095
65	60	0.837213	0.914994	0.519054
7	116	0.837210	0.914992	0.409197
9	102	0.837067	0.914914	1.455042
34	166	0.836926	0.914837	0.568957
11	27	0.836810	0.914773	0.822782
27	159	0.836661	0.914692	0.626244
20	1	0.836502	0.914605	0.681019
69	120	0.836462	0.914583	0.665139
45	24	0.836068	0.914367	0.896771
3	28	0.835961	0.914309	0.733428
19	248	0.835871	0.914260	0.540455
62	207	0.835869	0.914259	0.652604
23	42	0.835629	0.914127	1.130214
51	153	0.835588	0.914105	0.581587
40	226	0.835545	0.914082	0.936195
9	185	0.835315	0.913955	0.487546
19	17	0.834788	0.913667	1.043781
68	73	0.834715	0.913628	0.941067
7	145	0.834081	0.913281	0.612909
35	93	0.833946	0.913207	0.539660
2	23	0.833339	0.912874	0.533933
13	150	0.832852	0.912608	0.758898
42	20	0.832636	0.912489	0.838414
49	186	0.832433	0.912377	0.895206
16	56	0.832275	0.912291	0.711344
18	212	0.832274	0.912291	0.614554
31	92	0.831987	0.912133	0.788052
9	80	0.831921	0.912097	0.513961
9	249	0.831846	0.912056	0.624753
24	221	0.831823	0.912043	1.631436
73	187	0.831423	0.911824	0.950226
26	198	0.830993	0.911588	0.407675
52	155	0.830826	0.911496	0.716736
38	228	0.830773	0.911467	0.516129
34	164	0.830641	0.911395	0.907067
73	213	0.830545	0.911342	0.669868
8	97	0.830530	0.911334	0.520491
51	252	0.830355	0.911238	0.582556
71	220	0.830344	0.911232	0.588542
29	57	0.830309	0.911213	0.498848
59	206	0.829748	0.910905	0.579393
47	57	0.829548	0.910796	0.744268
25	146	0.829425	0.910728	0.880305
21	112	0.829225	0.910618	0.460767
56	53	0.829183	0.910595	1.456853
13	162	0.829149	0.910576	0.662857
59	233	0.829006	0.910498	0.931892
35	143	0.828947	0.910466	0.537952
64	146	0.828887	0.910432	0.556895
20	122	0.828662	0.910309	0.907134
54	253	0.827881	0.909880	0.875679
10	196	0.827788	0.909829	0.519080
30	105	0.827708	0.909784	0.481737
51	195	0.827683	0.909771	0.435649
29	138	0.827596	0.909723	0.595730
44	139	0.827432	0.909633	0.822099
59	113	0.827365	0.909596	0.406972
35	59	0.827363	0.909595	0.433903
26	142	0.827079	0.909439	0.769344
41	192	0.826988	0.909389	0.555722
26	73	0.826296	0.909008	0.648314
71	53	0.826212	0.908962	0.704775
27	172	0.826043	0.908869	0.465599
59	198	0.825479	0.908558	0.702467
70	30	0.825444	0.908540	0.756486
66	140	0.825439	0.908537	0.415916
64	196	0.825408	0.908520	0.527604
3	1	0.825292	0.908456	1.148580
60	221	0.825219	0.908416	0.820824
46	130	0.824995	0.908292	0.928715
7	185	0.824992	0.908290	0.531158
17	36	0.824882	0.908230	0.979497
7	89	0.824683	0.908121	1.152296
4	5	0.824569	0.908058	0.483794
18	213	0.824373	0.907950	0.658146
26	76	0.824325	0.907923	0.566501
36	26	0.824271	0.907894	0.626491
70	206	0.823662	0.907558	0.588986
66	87	0.823433	0.907432	0.733597
72	155	0.823244	0.907328	0.684863
30	186	0.822823	0.907096	0.783698
30	20	0.822674	0.907014	1.134656
24	204	0.822415	0.906871	0.761437
73	50	0.822247	0.906778	0.464821
7	246	0.822211	0.906759	0.947608
16	139	0.822163	0.906732	0.411641
65	168	0.821919	0.906598	0.719403
33	192	0.821901	0.906587	1.007797
60	174	0.821890	0.906582	0.534134
3	254	0.821821	0.906543	0.795952
39	26	0.821352	0.906285	0.405303
4	170	0.821234	0.906220	1.008762
47	118	0.821226	0.906215	0.690315
53	115	0.821019	0.906101	1.111181
21	249	0.820672	0.905910	0.459339
53	64	0.820571	0.905854	0.789759
23	52	0.820463	0.905794	1.091767
48	9	0.820316	0.905713	0.661410
24	203	0.820313	0.905711	0.968702
42	99	0.820167	0.905631	0.693215
54	110	0.820097	0.905592	0.672179
33	160	0.820031	0.905555	0.736910
44	161	0.819719	0.905383	0.668084
17	58	0.819556	0.905293	0.404859
48	17	0.819370	0.905190	0.812036
63	160	0.819144	0.905066	0.660962
4	18	0.818970	0.904970	0.777072
50	205	0.818629	0.904781	0.460045
72	219	0.818457	0.904686	1.178975
60	242	0.818175	0.904530	0.404518
56	123	0.817842	0.904346	0.595296
42	77	0.817726	0.904282	0.594770
6	123	0.816993	0.903877	0.870987
8	194	0.816636	0.903679	1.084719
24	182	0.816575	0.903645	0.905718
49	230	0.816508	0.903608	0.404106
73	196	0.816337	0.903514	0.566195
12	49	0.816096	0.903380	0.640488
50	181	0.815956	0.903303	0.652762
63	173	0.815686	0.903153	0.803601
30	180	0.815659	0.903138	0.454734
1	114	0.815551	0.903079	0.960182
6	157	0.815017	0.902783	1.072479
5	6	0.814701	0.902608	0.708246
19	211	0.813936	0.902184	0.646330
49	97	0.813932	0.902182	0.653634
50	209	0.813805	0.902111	0.668990
15	68	0.813799	0.902108	0.440229
11	100	0.813678	0.902041	0.505078
52	236	0.813597	0.901996	0.572306
48	119	0.813502	0.901943	0.662461
50	153	0.813307	0.901836	0.498378
10	131	0.812924	0.901623	0.707560
10	175	0.812681	0.901488	0.620058
11	103	0.812671	0.901483	0.747601
70	213	0.812580	0.901432	0.810275
24	51	0.812413	0.901340	0.848061
52	256	0.812404	0.901335	0.457563
36	3	0.812384	0.901323	0.791884
17	229	0.812177	0.901209	0.732594
46	203	0.812052	0.901139	0.632148
6	247	0.811979	0.901099	0.526769
54	138	0.811674	0.900929	0.588060
9	107	0.811543	0.900857	0.667387
39	21	0.811300	0.900722	0.413799
66	50	0.810915	0.900508	0.926772
59	55	0.810819	0.900455	1.033723
54	187	0.810801	0.900445	0.646056
12	24	0.810731	0.900406	0.607803
59	224	0.810723	0.900402	0.423107
48	137	0.810646	0.900359	0.629148
38	192	0.810564	0.900313	0.402632
48	126	0.810524	0.900291	0.602035
5	139	0.810523	0.900291	0.733866
2	16	0.810514	0.900285	0.734208
31	210	0.810456	0.900253	0.402605
3	42	0.810297	0.900165	1.319072
13	169	0.810208	0.900115	1.138211
65	134	0.810007	0.900004	1.091257
50	85	0.809816	0.899898	0.403208
11	213	0.809761	0.899867	0.818983
12	69	0.809312	0.899618	0.840082
37	189	0.809078	0.899487	0.743349
20	155	0.808733	0.899296	0.409713
60	169	0.808480	0.899155	0.674264
57	117	0.808361	0.899089	0.614795
26	167	0.808355	0.899086	0.836290
61	184	0.808116	0.898953	0.418425
57	96	0.808077	0.898931	0.402014
20	18	0.807665	0.898702	0.658348
57	14	0.807511	0.898616	1.433422
62	26	0.807499	0.898610	0.788665
16	135	0.807379	0.898543	1.072307
24	256	0.807065	0.898368	1.073623
3	130	0.806443	0.898022	0.540555
7	143	0.806365	0.897978	0.401588
63	70	0.806298	0.897941	0.872065
52	136	0.806179	0.897875	0.879955
45	159	0.805768	0.897646	0.579109
47	92	0.805447	0.897467	0.486507
54	186	0.805185	0.897321	0.427243
33	78	0.805169	0.897312	0.771834
39	112	0.804864	0.897142	0.545674
71	106	0.804769	0.897089	0.401191
48	240	0.804552	0.896968	0.401137
4	75	0.804209	0.896777	0.591349
63	220	0.804102	0.896717	0.405144
45	128	0.804050	0.896688	0.693274
32	241	0.803950	0.896633	0.745289
48	186	0.803892	0.896600	0.754750
7	134	0.803432	0.896344	0.464710
3	59	0.802958	0.896079	0.818776
16	108	0.802921	0.896058	0.552112
66	141	0.802811	0.895997	0.519425
4	41	0.802701	0.895936	0.959953
45	177	0.802479	0.895812	0.713529
12	4	0.802315	0.895720	3.460987
16	231	0.802016	0.895554	0.402193
54	62	0.801822	0.895445	0.512146
53	75	0.801592	0.895317	0.430065
38	108	0.801574	0.895307	0.400393
65	70	0.801454	0.895240	0.523399
26	223	0.801222	0.895110	0.630189
51	45	0.800983	0.894977	0.538319
42	187	0.800862	0.894909	0.809348
8	111	0.800800	0.894874	0.527513
19	5	0.800709	0.894824	1.328163
40	56	0.800492	0.894702	0.677949
27	52	0.799874	0.894356	0.420161
34	45	0.799404	0.894094	0.617993
35	58	0.799171	0.893964	1.035588
9	127	0.798829	0.893772	0.590965
47	244	0.798579	0.893633	0.845425
64	62	0.798461	0.893566	0.864592
61	196	0.798347	0.893503	0.820208
30	52	0.798093	0.893360	0.660560
42	147	0.798005	0.893311	1.267037
65	246	0.797771	0.893180	0.562228
47	205	0.797740	0.893163	0.641983
49	86	0.797508	0.893033	0.417734
31	47	0.797083	0.892795	0.651492
41	213	0.797003	0.892750	0.536765
50	159	0.796324	0.892370	0.583382
62	27	0.796222	0.892313	0.511959
58	201	0.796220	0.892312	0.415159
64	233	0.795783	0.892066	0.684638
15	238	0.795656	0.891996	0.663688
38	256	0.795564	0.891944	0.629112
25	69	0.795381	0.891841	1.207316
22	17	0.795337	0.891816	0.909826
73	139	0.795304	0.891798	0.658390
20	141	0.795251	0.891768	0.398811
39	239	0.795047	0.891654	0.398760
1	90	0.794996	0.891626	0.649121
34	77	0.794512	0.891354	0.537663
13	256	0.794475	0.891333	0.460252
27	220	0.794360	0.891269	0.488012
15	123	0.794295	0.891232	0.942327
13	83	0.794246	0.891205	0.814636
25	154	0.793983	0.891057	0.851717
69	28	0.793764	0.890934	0.448639
40	26	0.793665	0.890879	0.521436
33	36	0.793444	0.890755	0.468823
2	184	0.793150	0.890590	0.581990
19	144	0.792921	0.890461	0.501848
53	157	0.792671	0.890321	0.736862
23	60	0.792494	0.890221	0.868941
6	41	0.791904	0.889890	0.406420
54	121	0.791870	0.889871	0.887754
17	191	0.791602	0.889720	0.597782
46	150	0.791563	0.889698	0.549865
57	25	0.791532	0.889681	0.895093
26	32	0.791374	0.889592	0.605477
30	101	0.791362	0.889585	0.397835
38	47	0.791322	0.889563	0.629601
40	34	0.791279	0.889539	0.816487
49	236	0.791259	0.889527	0.641362
13	3	0.791163	0.889473	0.410360
11	139	0.791121	0.889450	1.512113
47	193	0.790836	0.889290	0.900805
10	114	0.790767	0.889251	0.433769
64	16	0.790721	0.889225	0.397674
35	74	0.790672	0.889197	0.400592
72	47	0.790651	0.889186	0.707646
40	96	0.790151	0.888904	0.569663
56	121	0.790025	0.888833	0.539533
70	1	0.789412	0.888489	0.521325
37	198	0.789387	0.888475	0.635766
21	242	0.789122	0.888326	0.653970
20	78	0.788903	0.888202	0.397216
51	128	0.788866	0.888181	0.537624
68	187	0.788690	0.888082	0.557449
1	171	0.788481	0.887964	0.519930
21	248	0.788273	0.887848	0.526266
17	215	0.788215	0.887815	0.397043
21	251	0.788007	0.887698	0.550715
66	245	0.787898	0.887636	0.608639
5	136	0.787563	0.887448	0.471335
14	104	0.787455	0.887387	0.598367
21	151	0.787191	0.887238	0.533597
15	193	0.787172	0.887227	0.778135
41	249	0.787108	0.887191	0.720380
45	240	0.787067	0.887168	0.925922
18	108	0.787033	0.887149	0.684512
13	152	0.787032	0.887148	0.555258
8	130	0.786334	0.886755	0.977645
1	44	0.785696	0.886395	0.767294
5	104	0.785499	0.886284	0.536603
15	221	0.785364	0.886208	0.642592
63	104	0.785067	0.886040	0.474498
5	1	0.784803	0.885891	1.078082
48	206	0.784408	0.885668	0.589411
67	110	0.784226	0.885565	0.489496
7	99	0.784152	0.885523	0.584029
57	165	0.784079	0.885483	0.675316
51	21	0.784072	0.885479	0.637427
38	74	0.783857	0.885357	0.805539
68	98	0.783747	0.885295	0.501242
43	51	0.783339	0.885064	0.560116
16	115	0.783196	0.884983	0.687467
65	54	0.783059	0.884906	0.473156
66	10	0.782864	0.884796	0.476422
21	254	0.782810	0.884766	0.395679
29	142	0.782670	0.884687	0.544527
59	103	0.782631	0.884665	0.803934
66	98	0.782574	0.884632	0.503259
31	148	0.782408	0.884538	0.584346
56	122	0.782011	0.884314	0.395477
30	70	0.781927	0.884266	0.776740
61	144	0.781693	0.884134	0.826115
17	187	0.781673	0.884123	0.983408
11	67	0.781377	0.883955	0.707655
7	226	0.781230	0.883872	0.477057
65	206	0.781224	0.883868	0.451267
58	131	0.781154	0.883829	0.850047
12	95	0.781060	0.883776	0.518883
9	110	0.781021	0.883754	0.530612
48	249	0.780865	0.883666	0.538719
37	116	0.780567	0.883497	0.680675
9	246	0.780480	0.883448	0.847591
60	40	0.780239	0.883311	0.431602
7	34	0.780227	0.883305	0.395026
16	136	0.780097	0.883231	0.563508
41	183	0.779653	0.882979	0.759128
62	15	0.779253	0.882753	0.574098
48	180	0.779218	0.882733	0.722730
35	244	0.779192	0.882719	0.920333
35	216	0.779033	0.882629	0.882686
45	174	0.779028	0.882626	0.604564
45	168	0.778708	0.882444	0.723320
10	242	0.778653	0.882413	0.596062
66	182	0.778525	0.882341	0.668968
61	224	0.778309	0.882218	0.394540
69	130	0.778233	0.882175	0.712479
47	77	0.777977	0.882030	0.654537
58	109	0.777936	0.882007	0.394446
4	208	0.777669	0.881855	0.394378
48	113	0.777292	0.881641	0.394282
25	129	0.777257	0.881622	0.685044
69	201	0.777209	0.881595	0.642659
62	112	0.777106	0.881536	0.553128
24	45	0.777019	0.881487	0.602898
34	22	0.776909	0.881424	0.910582
71	165	0.776572	0.881233	1.088340
51	27	0.776443	0.881160	0.394067
38	124	0.776106	0.880969	0.401432
19	89	0.776078	0.880953	1.011522
71	41	0.776076	0.880952	0.594888
25	70	0.775820	0.880807	0.609053
64	205	0.775767	0.880776	0.514895
72	46	0.775764	0.880775	0.633897
24	242	0.775510	0.880630	0.539234
14	130	0.775503	0.880626	0.398763
6	88	0.775457	0.880601	1.567610
16	252	0.775395	0.880565	0.543269
10	234	0.775368	0.880550	0.393794
37	223	0.775274	0.880496	0.852008
7	71	0.775205	0.880457	0.899599
48	36	0.775075	0.880384	0.540141
38	149	0.774840	0.880250	0.471484
41	99	0.774620	0.880125	0.412331
1	191	0.774423	0.880013	0.586087
36	100	0.774393	0.879996	0.740328
12	213	0.774355	0.879974	0.393537
12	196	0.774257	0.879919	0.425581
6	53	0.774110	0.879835	0.812289
11	248	0.773583	0.879536	0.712103
71	149	0.773457	0.879464	0.470714
34	81	0.773343	0.879399	0.893741
39	144	0.773277	0.879362	0.670995
55	4	0.772939	0.879169	0.404599
33	133	0.772594	0.878974	0.800136
41	59	0.772529	0.878936	0.517100
46	146	0.772020	0.878647	0.641412
20	237	0.771737	0.878485	0.681998
24	206	0.771724	0.878478	0.828675
2	139	0.771560	0.878385	0.635977
47	52	0.771406	0.878297	0.597250
35	40	0.771394	0.878290	1.064753
42	17	0.771132	0.878141	0.489109
38	176	0.771078	0.878111	1.070711
70	113	0.770784	0.877943	0.477385
50	251	0.770696	0.877893	0.633067
10	34	0.770570	0.877821	0.832587
32	64	0.770391	0.877719	0.518447
32	16	0.770155	0.877585	0.481470
49	4	0.770050	0.877525	0.494288
5	60	0.769854	0.877413	0.854822
2	120	0.769825	0.877397	0.392384
33	236	0.769601	0.877269	1.617755
68	39	0.769343	0.877122	0.440662
69	111	0.769153	0.877014	1.185795
62	46	0.769119	0.876994	0.899850
10	50	0.768870	0.876853	0.613527
13	212	0.768840	0.876835	1.114236
15	175	0.768683	0.876746	0.695988
47	54	0.768681	0.876744	1.124452
58	111	0.768644	0.876723	0.824173
16	220	0.768345	0.876553	1.232056
50	214	0.768314	0.876535	0.871073
54	23	0.768280	0.876516	0.630300
10	219	0.768143	0.876438	0.639028
15	41	0.768076	0.876399	0.539270
10	110	0.767949	0.876327	0.554934
17	243	0.767896	0.876297	0.408125
12	233	0.767883	0.876289	0.486771
16	71	0.767665	0.876165	0.534685
25	201	0.767536	0.876091	0.901138
34	93	0.767259	0.875933	0.707995
12	93	0.767257	0.875932	0.740572
21	100	0.767239	0.875922	0.597783
15	25	0.767095	0.875839	0.591642
31	56	0.767031	0.875803	0.890799
46	223	0.766924	0.875742	0.391644
27	9	0.766882	0.875718	0.621055
36	141	0.766554	0.875531	0.696819
16	15	0.765992	0.875210	0.709489
27	176	0.765987	0.875207	0.520612
18	216	0.765983	0.875205	0.548640
1	123	0.765412	0.874878	0.391257
60	141	0.765385	0.874863	0.765500
69	223	0.765203	0.874759	0.701901
70	236	0.765084	0.874691	0.711214
15	96	0.764755	0.874503	0.414343
22	66	0.764753	0.874502	0.515128
28	160	0.764748	0.874499	0.662693
26	164	0.764676	0.874457	0.391069
23	120	0.764639	0.874436	0.536843
26	20	0.764539	0.874379	0.542799
18	248	0.763855	0.873988	0.523009
64	52	0.763500	0.873785	0.574513
60	98	0.763176	0.873599	0.848637
55	129	0.762734	0.873347	0.665912
13	61	0.762526	0.873227	0.627798
5	256	0.762274	0.873083	0.419164
28	186	0.762226	0.873055	0.782089
65	133	0.761859	0.872845	0.819449
65	118	0.761854	0.872842	0.713208
48	26	0.761769	0.872794	0.603243
23	184	0.761612	0.872704	0.637479
23	205	0.761567	0.872678	1.541541
15	112	0.761563	0.872676	0.570196
22	151	0.761525	0.872654	0.586119
1	53	0.761469	0.872622	0.882388
15	137	0.761454	0.872613	0.631442
69	54	0.761391	0.872577	0.531466
51	36	0.760807	0.872242	0.498094
12	247	0.760594	0.872120	0.807318
47	95	0.760452	0.872039	0.389988
24	119	0.759878	0.871710	0.932806
4	105	0.759810	0.871671	0.800417
49	100	0.759709	0.871613	1.258578
21	177	0.759485	0.871484	0.389740
40	240	0.759430	0.871453	0.898232
26	249	0.759394	0.871432	0.595071
5	65	0.759374	0.871421	0.398234
1	174	0.759061	0.871241	0.811675
37	150	0.758920	0.871160	0.681045
6	103	0.758847	0.871118	0.570791
24	92	0.758821	0.871103	0.936101
33	92	0.758589	0.870970	0.635945
4	26	0.758530	0.870937	0.516686
26	227	0.758515	0.870928	0.707728
15	188	0.758162	0.870725	0.660907
71	17	0.758154	0.870721	0.552876
48	103	0.757996	0.870629	0.389357
5	45	0.757980	0.870620	0.737469
5	119	0.757862	0.870553	0.431661
22	139	0.757674	0.870445	0.452072
30	26	0.757500	0.870345	0.882714
25	62	0.757455	0.870319	0.503812
58	106	0.757347	0.870257	1.135293
8	126	0.757344	0.870255	0.514277
65	84	0.756837	0.869964	0.485419
2	220	0.756674	0.869870	0.546412
67	237	0.756453	0.869743	0.529395
46	101	0.756441	0.869736	0.606348
8	47	0.756387	0.869705	1.002267
27	136	0.756100	0.869540	0.622712
72	191	0.755796	0.869365	0.634519
9	136	0.755423	0.869151	0.914066
48	202	0.755277	0.869067	0.623112
46	96	0.755203	0.869024	0.817576
3	223	0.755133	0.868984	0.514135
18	17	0.754979	0.868895	0.875150
20	116	0.754941	0.868873	0.388572
68	53	0.754882	0.868839	0.765422
19	152	0.754811	0.868798	0.486389
23	100	0.754322	0.868517	1.188956
69	212	0.754148	0.868417	0.515967
27	43	0.753881	0.868263	0.854667
39	181	0.753806	0.868220	0.532118
4	152	0.753499	0.868043	1.039400
50	119	0.753439	0.868009	0.577246
16	31	0.753039	0.867778	0.401959
34	90	0.752974	0.867741	0.841022
46	211	0.752782	0.867630	0.927896
1	7	0.752767	0.867621	0.866568
33	142	0.752629	0.867542	0.781637
72	168	0.752567	0.867506	0.757778
6	164	0.752434	0.867430	0.591290
30	153	0.752329	0.867369	0.587695
46	164	0.752296	0.867350	0.575071
13	24	0.752172	0.867278	0.854199
8	188	0.752154	0.867268	0.403481
46	42	0.751842	0.867088	0.402809
46	193	0.751738	0.867028	0.628013
16	244	0.751703	0.867008	0.701534
30	211	0.751431	0.866851	0.512428
47	66	0.751140	0.866684	0.605470
38	27	0.750934	0.866564	0.568103
6	74	0.750828	0.866503	0.884690
29	90	0.750796	0.866485	0.742909
31	127	0.750659	0.866406	0.580802
24	147	0.750622	0.866384	0.498109
26	85	0.750566	0.866352	0.424352
38	218	0.750463	0.866293	0.501351
35	160	0.750407	0.866261	0.915837
35	255	0.750226	0.866156	0.664055
32	83	0.750210	0.866146	0.590239
19	213	0.750187	0.866134	0.533915
64	70	0.750069	0.866065	0.387316
42	109	0.750032	0.866044	0.815629
40	212	0.749872	0.865951	0.387265
60	120	0.749676	0.865838	0.387215
9	189	0.749606	0.865798	0.478865
45	113	0.749579	0.865782	0.770226
6	34	0.749548	0.865765	0.443680
30	28	0.749546	0.865763	0.716685
33	31	0.749270	0.865604	1.193268
64	101	0.748784	0.865323	0.960320
20	16	0.748502	0.865160	0.655392
65	135	0.748274	0.865028	0.752473
30	85	0.748242	0.865010	0.956780
71	218	0.748209	0.864991	0.650692
5	195	0.747937	0.864834	0.908296
66	11	0.747896	0.864810	0.386755
12	42	0.747392	0.864518	0.973704
19	109	0.747322	0.864478	0.519723
31	252	0.747125	0.864364	0.440317
63	207	0.747043	0.864317	0.442203
30	98	0.747009	0.864297	0.840133
31	104	0.746889	0.864228	0.479920
55	198	0.746864	0.864213	0.386488
38	186	0.746702	0.864119	0.702291
61	90	0.746701	0.864119	0.650777
51	75	0.746499	0.864002	0.835311
10	117	0.746441	0.863968	0.505764
67	144	0.746167	0.863810	0.405931
44	244	0.746117	0.863781	0.790303
65	159	0.746057	0.863746	0.532422
60	131	0.745661	0.863517	0.891321
30	164	0.745614	0.863489	0.386164
49	239	0.745504	0.863426	0.794210
68	123	0.745291	0.863302	0.567833
53	238	0.745236	0.863270	0.667339
39	79	0.745181	0.863238	0.537426
59	159	0.745074	0.863177	0.567586
42	39	0.744934	0.863095	0.572442
53	240	0.744800	0.863018	0.743815
68	94	0.744178	0.862658	0.445996
72	162	0.744171	0.862653	0.460296
70	66	0.744124	0.862627	0.972492
38	133	0.743935	0.862517	0.699777
37	205	0.743897	0.862494	0.566268
60	207	0.743857	0.862472	0.385851
62	120	0.743747	0.862408	0.696938
17	105	0.743587	0.862315	1.165641
5	176	0.743334	0.862168	0.616864
11	211	0.743088	0.862026	0.427882
10	125	0.743074	0.862018	0.520663
49	16	0.742753	0.861831	0.630179
27	230	0.742602	0.861744	0.495481
27	65	0.742578	0.861730	0.696843
66	207	0.742552	0.861714	0.722889
39	28	0.742546	0.861711	0.520274
50	176	0.742183	0.861500	0.810124
50	226	0.742029	0.861411	0.521572
8	103	0.741711	0.861226	0.618292
66	121	0.741392	0.861041	0.501480
62	91	0.740858	0.860731	0.595852
5	209	0.740725	0.860654	0.539322
12	175	0.740619	0.860592	0.572182
29	94	0.740604	0.860584	0.565247
16	92	0.740291	0.860402	0.607743
47	172	0.740180	0.860337	0.428723
25	240	0.740020	0.860244	0.567039
72	154	0.739946	0.860201	0.659621
12	204	0.739834	0.860136	0.972417
32	137	0.739723	0.860071	1.025505
57	185	0.739478	0.859929	0.723375
2	201	0.739295	0.859823	0.384524
69	87	0.739167	0.859748	0.384491
15	241	0.739115	0.859718	1.222150
6	184	0.739049	0.859680	0.471625
71	22	0.738971	0.859634	0.917001
28	151	0.738822	0.859547	0.659340
35	232	0.738653	0.859449	0.794591
19	147	0.738487	0.859353	1.242888
73	132	0.738432	0.859321	0.707830
67	48	0.738428	0.859318	0.558933
12	153	0.738328	0.859260	0.668622
1	48	0.738197	0.859184	1.430885
56	214	0.738110	0.859133	0.773171
59	122	0.738063	0.859106	0.652049
26	66	0.737772	0.858937	0.860911
21	90	0.737664	0.858873	0.384100
71	28	0.737528	0.858795	0.620772
61	169	0.737199	0.858603	0.383979
29	253	0.737141	0.858569	0.444500
48	24	0.736923	0.858442	0.575539
34	82	0.736769	0.858353	0.529176
31	67	0.736655	0.858286	0.447704
29	122	0.736613	0.858262	0.436826
21	74	0.736501	0.858196	0.606378
29	237	0.736423	0.858151	0.652488
9	68	0.736403	0.858139	0.779685
31	146	0.736386	0.858129	0.383767
67	7	0.735852	0.857818	0.449099
57	28	0.735747	0.857757	0.602421
46	169	0.735640	0.857695	0.680517
40	247	0.735627	0.857687	0.448420
71	213	0.735589	0.857665	0.631852
17	80	0.735500	0.857613	0.768458
64	40	0.735106	0.857383	0.872756
9	51	0.735091	0.857374	1.311311
4	188	0.734970	0.857304	1.039747
34	171	0.734752	0.857177	0.469019
62	92	0.734289	0.856907	0.913912
32	233	0.733521	0.856458	0.383020
3	87	0.733276	0.856315	1.149124
67	44	0.733257	0.856305	0.447127
19	41	0.733244	0.856296	0.540821
57	52	0.733160	0.856247	0.688301
27	174	0.733018	0.856165	0.779551
49	61	0.732839	0.856060	0.849919
47	65	0.732836	0.856058	0.767151
15	178	0.732802	0.856039	0.673730
6	117	0.732756	0.856012	0.842534
48	191	0.732708	0.855984	1.215531
67	197	0.732456	0.855836	0.652666
49	183	0.732370	0.855786	0.382719
49	45	0.732360	0.855780	0.382717
2	198	0.732071	0.855612	0.932765
31	150	0.732028	0.855586	0.520229
40	250	0.731934	0.855532	1.973389
2	164	0.731866	0.855492	0.587055
42	37	0.731699	0.855394	1.001738
20	50	0.731653	0.855367	0.537665
1	37	0.731600	0.855336	0.413139
7	76	0.731393	0.855215	0.862579
13	10	0.731320	0.855173	0.605060
27	254	0.731122	0.855057	0.382393
11	64	0.731114	0.855052	0.653267
42	113	0.731109	0.855049	0.808361
63	163	0.731064	0.855023	0.833988
34	38	0.730949	0.854955	0.599274
34	256	0.730771	0.854851	0.382301
35	148	0.730626	0.854767	1.488339
56	39	0.730571	0.854734	1.031510
44	132	0.730512	0.854700	0.473427
56	187	0.730390	0.854629	0.621237
41	37	0.730181	0.854507	0.382147
38	132	0.730146	0.854486	0.607451
58	230	0.730089	0.854452	0.508008
40	225	0.730015	0.854409	0.541520
13	120	0.729655	0.854198	0.538180
17	110	0.729606	0.854170	0.755658
15	145	0.729308	0.853995	0.460774
21	239	0.729268	0.853972	0.381908
39	253	0.729163	0.853910	0.483255
20	85	0.729022	0.853828	0.381843
5	212	0.729006	0.853819	0.573393
23	247	0.728945	0.853782	0.737082
6	142	0.728759	0.853674	0.572521
35	151	0.728716	0.853649	0.731749
29	151	0.728697	0.853638	0.427018
47	105	0.728455	0.853496	0.842802
12	37	0.728162	0.853324	0.668643
62	144	0.728095	0.853285	0.683046
42	116	0.728058	0.853263	0.803713
62	186	0.728050	0.853258	0.714887
55	220	0.727844	0.853138	0.675085
8	120	0.727780	0.853100	0.530288
45	44	0.727726	0.853068	0.567811
18	22	0.727642	0.853019	0.562949
50	144	0.727606	0.852999	0.909031
66	3	0.727598	0.852993	0.692018
9	186	0.727561	0.852972	0.841103
61	178	0.727554	0.852968	0.849219
57	216	0.727353	0.852850	0.503225
35	9	0.727350	0.852848	0.758732
49	233	0.727115	0.852711	0.567611
44	105	0.726845	0.852552	0.752709
36	223	0.726809	0.852531	0.458804
42	106	0.726779	0.852513	0.657049
61	52	0.726716	0.852477	0.459661
28	102	0.726512	0.852357	0.472419
62	110	0.726438	0.852314	0.589709
34	202	0.726395	0.852288	0.580723
33	231	0.726393	0.852287	0.498876
22	248	0.726382	0.852280	0.433003
49	227	0.726348	0.852260	0.815487
34	233	0.725342	0.851670	0.649892
29	73	0.725197	0.851585	0.575799
18	105	0.724892	0.851406	0.756702
53	194	0.724867	0.851391	0.619684
63	181	0.724551	0.851206	0.431540
43	136	0.724358	0.851092	0.572651
46	94	0.724334	0.851078	1.310317
30	51	0.724056	0.850915	0.824516
64	141	0.723967	0.850863	0.408571
40	24	0.723878	0.850810	0.760478
69	146	0.723720	0.850717	0.606468
8	179	0.723426	0.850544	0.402681
71	38	0.723384	0.850520	0.737074
70	190	0.723349	0.850499	0.482933
43	83	0.723207	0.850416	0.620443
40	230	0.722636	0.850080	0.380167
59	150	0.722466	0.849980	0.842200
49	58	0.722371	0.849924	0.721578
47	43	0.722343	0.849907	0.380090
12	76	0.722318	0.849893	0.597347
33	43	0.722315	0.849891	0.380083
40	5	0.722100	0.849765	0.764267
18	111	0.721762	0.849566	0.619450
61	230	0.721458	0.849387	0.712423
24	197	0.721439	0.849376	0.665416
9	252	0.721415	0.849362	1.047827
73	209	0.721384	0.849344	0.445467
37	229	0.721141	0.849200	0.379774
53	21	0.721017	0.849127	0.379741
71	209	0.720271	0.848688	0.581930
23	246	0.720074	0.848572	0.848353
30	63	0.720006	0.848532	0.689591
68	223	0.719937	0.848491	0.619320
41	247	0.719920	0.848481	0.702096
60	84	0.719746	0.848378	0.585236
36	224	0.719519	0.848244	0.661081
13	188	0.719424	0.848188	0.503373
66	26	0.719299	0.848115	0.478687
3	50	0.719114	0.848006	1.826201
40	127	0.719074	0.847982	0.927236
6	133	0.718910	0.847885	0.597943
38	106	0.718361	0.847562	0.676036
40	36	0.718259	0.847501	0.599467
35	223	0.718195	0.847464	0.738202
36	126	0.718157	0.847441	0.467150
73	138	0.718087	0.847400	0.643238
18	211	0.717906	0.847294	0.510295
26	52	0.717557	0.847088	0.577375
38	230	0.717491	0.847048	0.647626
38	14	0.716986	0.846750	0.542736
46	28	0.716892	0.846695	0.447194
47	161	0.716698	0.846580	0.711789
46	134	0.716488	0.846456	0.630617
57	6	0.716469	0.846445	0.378542
19	239	0.716220	0.846298	0.969120
60	33	0.716011	0.846174	0.378421
1	240	0.715912	0.846116	0.583249
53	217	0.715899	0.846108	0.774169
9	178	0.715881	0.846098	0.975245
4	178	0.715829	0.846067	0.906583
38	188	0.715732	0.846009	0.628777
14	179	0.715731	0.846009	0.392378
29	213	0.715710	0.845996	0.560889
34	84	0.715515	0.845881	0.566552
15	136	0.715373	0.845797	0.629939
21	69	0.715326	0.845769	0.611065
23	127	0.715229	0.845712	0.784273
63	29	0.715132	0.845655	0.858775
53	168	0.715098	0.845635	0.711419
27	225	0.714980	0.845565	0.746867
55	208	0.714831	0.845477	0.464471
34	37	0.714720	0.845411	0.477981
60	23	0.714644	0.845366	0.522808
14	113	0.714421	0.845234	0.379694
58	103	0.714216	0.845113	0.609412
54	52	0.713931	0.844944	0.957643
49	28	0.713826	0.844882	0.640591
71	58	0.713718	0.844819	0.566971
24	211	0.713690	0.844802	1.532369
16	208	0.713659	0.844784	0.899304
15	115	0.713605	0.844752	0.746213
17	39	0.713544	0.844715	0.695440
38	89	0.713506	0.844693	0.515338
37	197	0.713475	0.844675	0.458890
62	167	0.713365	0.844609	0.450911
46	61	0.713358	0.844605	0.377719
14	149	0.713274	0.844556	0.453804
37	179	0.712899	0.844334	0.417988
32	91	0.712696	0.844213	0.462101
58	70	0.712538	0.844120	0.775746
6	230	0.712537	0.844119	1.047641
8	78	0.712522	0.844110	0.401645
53	90	0.712496	0.844095	0.467522
58	167	0.712456	0.844071	1.082319
28	72	0.712347	0.844006	0.377451
27	219	0.712292	0.843974	0.637962
54	205	0.712208	0.843924	0.569118
16	69	0.711847	0.843710	0.946873
44	186	0.711783	0.843673	0.540258
63	142	0.711668	0.843604	0.906451
12	166	0.711635	0.843584	0.705875
29	106	0.711536	0.843526	0.493562
55	5	0.711385	0.843437	0.713261
6	97	0.711361	0.843422	0.634371
57	48	0.711074	0.843252	0.739189
5	181	0.710995	0.843205	0.647825
61	251	0.710867	0.843129	0.577015
56	90	0.710824	0.843104	0.466775
14	25	0.710456	0.842886	0.965371
71	37	0.710361	0.842829	0.463914
44	140	0.710242	0.842759	0.491673
14	134	0.709977	0.842601	0.450432
61	171	0.709827	0.842513	0.561090
56	114	0.709799	0.842496	0.778401
55	193	0.709712	0.842444	0.633039
27	210	0.709535	0.842339	0.802439
22	52	0.709373	0.842243	0.642241
23	245	0.709215	0.842149	0.376621
70	31	0.709104	0.842083	0.414143
6	248	0.708786	0.841894	0.376507
26	72	0.708250	0.841576	0.643279
70	118	0.707760	0.841285	1.146200
34	193	0.707531	0.841149	0.581959
36	41	0.707473	0.841114	0.883095
49	118	0.707312	0.841018	0.572400
49	30	0.706912	0.840780	1.004602
23	24	0.706658	0.840629	0.749957
10	27	0.706529	0.840553	1.341180
15	195	0.706501	0.840536	0.614082
14	24	0.706493	0.840531	0.719017
57	124	0.706137	0.840320	0.742140
20	124	0.706051	0.840269	0.375779
61	54	0.705920	0.840190	0.452970
12	47	0.705775	0.840104	0.485647
18	45	0.704975	0.839628	0.576761
72	178	0.704932	0.839602	0.402161
60	73	0.704908	0.839588	0.537427
23	227	0.704835	0.839545	0.591220
23	216	0.704617	0.839414	0.795967
29	49	0.704025	0.839062	0.612368
47	113	0.703953	0.839019	0.931911
52	147	0.703840	0.838952	0.789628
3	135	0.703634	0.838829	0.918402
66	231	0.703573	0.838792	0.607406
57	104	0.703500	0.838749	0.383176
63	85	0.703470	0.838731	0.755583
56	77	0.703196	0.838568	0.680632
41	109	0.702951	0.838422	0.520519
58	67	0.702865	0.838370	0.569527
67	218	0.702817	0.838342	0.982630
5	52	0.702622	0.838226	0.383448
17	42	0.702429	0.838111	0.753916
4	236	0.701760	0.837711	1.053778
23	107	0.701392	0.837492	0.374538
26	117	0.700853	0.837170	0.523162
25	105	0.700828	0.837155	0.787008
57	78	0.700803	0.837140	0.622415
54	63	0.700775	0.837123	0.736712
4	203	0.700701	0.837079	0.374353
24	48	0.700249	0.836809	0.518320
68	197	0.700239	0.836803	0.374230
25	181	0.700093	0.836716	0.666383
66	106	0.699868	0.836581	0.471535
19	129	0.699822	0.836554	0.490941
68	61	0.699549	0.836391	0.666165
24	77	0.699388	0.836294	1.456485
65	156	0.699217	0.836192	0.373956
53	145	0.699014	0.836071	0.616626
55	63	0.698992	0.836057	0.525682
46	158	0.698991	0.836057	0.578567
13	22	0.698672	0.835866	0.987918
20	127	0.698643	0.835849	0.430611
26	57	0.698316	0.835653	0.606438
17	94	0.698291	0.835638	0.541916
30	79	0.697883	0.835394	0.396500
6	250	0.697735	0.835305	0.594765
42	92	0.697459	0.835140	0.444429
48	252	0.697434	0.835125	0.526020
6	75	0.697168	0.834966	0.373408
51	131	0.697138	0.834948	0.452420
43	184	0.696843	0.834771	0.480684
8	77	0.696729	0.834703	0.542117
46	90	0.696348	0.834475	0.894329
25	162	0.696339	0.834469	0.856862
66	118	0.696172	0.834369	0.545006
3	166	0.696093	0.834322	0.912451
53	18	0.696045	0.834293	0.512154
21	193	0.695483	0.833956	0.883284
7	168	0.695157	0.833761	0.517690
25	208	0.694764	0.833525	0.846048
39	106	0.694650	0.833457	0.489714
24	227	0.694554	0.833399	0.567357
10	112	0.694390	0.833301	0.543567
46	254	0.694315	0.833256	0.556958
42	166	0.694157	0.833161	0.884995
51	196	0.694015	0.833075	0.813524
23	111	0.693904	0.833009	0.372533
29	256	0.693595	0.832824	0.585933
16	82	0.693506	0.832770	0.460782
50	125	0.693299	0.832645	0.562634
40	251	0.693156	0.832560	0.603845
53	212	0.693043	0.832492	0.583151
13	127	0.692971	0.832449	0.775833
71	117	0.692679	0.832273	0.616641
61	182	0.692565	0.832205	0.703116
49	197	0.692559	0.832201	0.489604
1	106	0.692256	0.832019	0.675553
16	243	0.692255	0.832018	0.821830
50	211	0.692037	0.831887	0.863507
11	218	0.691917	0.831816	0.597503
57	9	0.691915	0.831814	0.908859
26	80	0.691559	0.831600	0.476660
55	101	0.691537	0.831587	0.675139
27	33	0.691509	0.831570	0.701519
26	186	0.691383	0.831494	0.390364
59	190	0.691166	0.831364	0.439269
66	137	0.691102	0.831326	0.457266
2	74	0.691009	0.831269	0.748850
43	245	0.690993	0.831260	0.603786
65	165	0.690979	0.831252	0.379551
29	251	0.690942	0.831229	0.776951
55	252	0.690696	0.831081	0.808103
11	223	0.690696	0.831081	0.838901
26	148	0.690511	0.830970	0.381774
39	81	0.690499	0.830963	0.518089
28	45	0.689946	0.830630	0.841183
52	210	0.689638	0.830444	0.489045
17	7	0.689164	0.830159	0.371258
40	116	0.689061	0.830097	0.602061
11	49	0.688741	0.829904	0.655677
9	224	0.688710	0.829886	0.371136
42	169	0.688582	0.829809	0.928405
20	196	0.688388	0.829692	0.723094
45	43	0.688326	0.829654	0.604272
59	99	0.688306	0.829642	0.532934
24	168	0.688297	0.829636	1.273353
70	199	0.688132	0.829537	1.013663
52	135	0.688126	0.829533	0.540970
21	235	0.687980	0.829446	0.500586
27	76	0.687804	0.829340	0.394760
42	32	0.687675	0.829261	0.672232
69	127	0.687513	0.829164	0.592676
72	60	0.687462	0.829133	0.574949
25	26	0.687407	0.829100	0.616400
5	148	0.687379	0.829083	0.375954
36	225	0.687297	0.829034	0.639230
16	198	0.687268	0.829017	0.682690
8	181	0.687028	0.828872	0.592377
27	228	0.686908	0.828799	0.444021
14	240	0.686875	0.828779	0.653228
23	140	0.686790	0.828728	0.742725
48	135	0.686772	0.828717	1.135443
15	92	0.686570	0.828595	0.557299
48	54	0.686468	0.828533	0.854795
33	143	0.686452	0.828524	0.853722
10	16	0.686221	0.828385	0.434747
42	205	0.686170	0.828354	0.414682
11	44	0.686117	0.828322	0.737155
41	256	0.686059	0.828287	0.558047
32	188	0.685959	0.828227	0.709842
55	78	0.685845	0.828158	0.370363
17	99	0.685754	0.828102	0.555156
71	24	0.685642	0.828035	0.629301
13	143	0.685427	0.827905	0.567207
22	127	0.685426	0.827905	0.617764
4	51	0.685279	0.827816	1.339974
54	24	0.685261	0.827805	1.172280
3	161	0.685246	0.827796	0.438045
68	84	0.685146	0.827736	0.668093
54	195	0.684971	0.827630	0.631942
37	236	0.684927	0.827603	0.829602
10	252	0.684728	0.827483	0.623431
17	153	0.684644	0.827432	0.676475
34	162	0.684460	0.827321	0.598375
3	88	0.684204	0.827166	1.395070
59	153	0.684109	0.827109	1.340440
25	214	0.684009	0.827048	0.383175
26	63	0.683870	0.826964	0.601122
68	87	0.683519	0.826752	0.391772
25	95	0.683378	0.826667	0.556319
28	97	0.683279	0.826607	0.589909
35	157	0.683254	0.826592	0.654465
42	15	0.683043	0.826464	0.511711
21	103	0.683011	0.826445	0.675821
61	18	0.682928	0.826394	0.549275
29	86	0.682811	0.826324	0.443534
21	214	0.682803	0.826319	0.732286
73	152	0.682609	0.826201	0.771290
50	165	0.682545	0.826163	0.571389
47	185	0.682528	0.826153	0.455029
71	131	0.682025	0.825848	0.655166
58	203	0.681856	0.825745	0.593434
52	138	0.681845	0.825739	0.540200
1	235	0.681842	0.825737	0.407109
22	159	0.681817	0.825722	0.402023
68	103	0.681708	0.825656	0.587387
12	151	0.681704	0.825654	0.591319
67	214	0.681701	0.825652	0.459711
24	33	0.681158	0.825323	0.595004
43	70	0.681107	0.825292	0.545608
45	245	0.680955	0.825200	0.369041
54	15	0.680928	0.825184	0.742631
49	32	0.680896	0.825164	0.369025
46	86	0.680690	0.825039	0.443221
28	210	0.680560	0.824961	0.592785
49	151	0.679995	0.824618	0.628512
50	213	0.679859	0.824536	0.514612
13	31	0.679711	0.824446	0.738932
35	83	0.679339	0.824220	0.678501
10	170	0.679325	0.824212	0.467332
10	230	0.679219	0.824148	0.935178
59	157	0.679209	0.824141	0.524845
20	102	0.678954	0.823987	0.682580
7	179	0.678927	0.823970	0.765476
21	173	0.678881	0.823943	0.506247
36	156	0.678467	0.823691	0.745039
32	55	0.678340	0.823614	0.601501
61	167	0.678241	0.823554	0.368304
50	186	0.678109	0.823474	1.224735
22	75	0.678040	0.823432	0.512371
68	34	0.678020	0.823420	0.728705
36	74	0.677826	0.823302	0.522553
16	44	0.677746	0.823253	0.740880
54	175	0.677725	0.823240	0.848314
46	3	0.677319	0.822994	0.875000
4	194	0.677159	0.822897	0.599758
64	239	0.677146	0.822889	0.371469
25	182	0.677039	0.822824	0.501029
5	50	0.676709	0.822623	0.367888
51	211	0.676619	0.822569	0.731490
16	236	0.676538	0.822519	0.662507
36	77	0.676461	0.822472	0.591481
47	173	0.676092	0.822248	0.497881
32	161	0.676083	0.822243	0.490850
28	209	0.675781	0.822059	0.367636
59	152	0.675761	0.822047	0.739572
61	235	0.675206	0.821709	0.499503
62	160	0.675162	0.821682	0.892513
73	186	0.675139	0.821669	0.737525
37	208	0.674358	0.821193	0.367249
67	213	0.674201	0.821097	0.772803
54	191	0.674069	0.821017	0.842745
52	129	0.673944	0.820941	0.681035
70	63	0.673775	0.820838	0.367090
2	127	0.673350	0.820579	0.872225
16	49	0.673036	0.820388	0.591012
62	50	0.672937	0.820327	0.592136
1	28	0.672778	0.820230	0.598860
52	90	0.672472	0.820044	0.616660
71	16	0.672153	0.819849	0.840391
18	3	0.671955	0.819729	0.590507
55	249	0.671850	0.819664	0.539032
68	108	0.671660	0.819549	1.211309
70	104	0.671650	0.819543	0.811436
36	208	0.671308	0.819334	0.889847
10	212	0.671257	0.819303	0.413022
41	212	0.671045	0.819173	0.758646
62	5	0.671010	0.819152	0.855742
23	139	0.670956	0.819119	0.366321
54	157	0.670697	0.818961	1.033624
16	93	0.670676	0.818948	0.692508
19	195	0.670656	0.818936	0.872196
56	115	0.670641	0.818927	0.366235
18	169	0.670584	0.818892	0.399483
51	208	0.670455	0.818813	0.946404
44	248	0.670403	0.818781	0.366170
26	29	0.670399	0.818779	0.554994
38	109	0.670385	0.818771	0.657309
38	26	0.670368	0.818760	0.504753
4	9	0.670298	0.818717	0.597752
28	239	0.670225	0.818673	0.604875
53	52	0.670224	0.818672	0.453243
32	213	0.670221	0.818671	0.692992
51	233	0.670033	0.818555	0.753995
10	9	0.669942	0.818500	0.635556
9	28	0.669634	0.818312	0.892291
20	40	0.669068	0.817965	0.439295
15	32	0.668930	0.817882	0.569824
25	112	0.668777	0.817788	0.661250
72	242	0.668764	0.817780	0.439762
51	187	0.668758	0.817777	0.534986
54	5	0.668741	0.817766	0.732327
39	157	0.668729	0.817759	0.596215
37	249	0.668466	0.817598	0.479277
57	135	0.668343	0.817523	0.920621
26	84	0.668277	0.817482	0.365589
64	203	0.668094	0.817370	0.838665
4	215	0.668042	0.817338	0.394859
61	33	0.667812	0.817198	0.543307
29	54	0.667694	0.817125	0.857342
12	105	0.667674	0.817113	0.648504
17	134	0.667631	0.817087	0.365412
35	202	0.667551	0.817038	0.365391
37	94	0.667331	0.816903	0.838909
44	145	0.667204	0.816825	0.381745
24	136	0.667034	0.816722	0.743820
32	106	0.666984	0.816691	0.793554
52	242	0.666645	0.816483	0.922719
34	192	0.666600	0.816456	0.667512
47	137	0.666477	0.816381	0.518206
69	240	0.666139	0.816174	0.365004
71	89	0.666104	0.816152	0.535711
2	39	0.665906	0.816030	0.560389
29	218	0.665770	0.815947	0.583498
26	96	0.665648	0.815872	0.406401
44	124	0.665572	0.815826	0.653077
44	94	0.665474	0.815766	0.840448
60	59	0.665397	0.815719	0.393181
64	230	0.665369	0.815701	0.522302
11	200	0.665334	0.815680	0.883200
38	25	0.665228	0.815615	1.151795
62	1	0.665069	0.815517	0.891941
9	93	0.664872	0.815397	0.691870
1	58	0.664858	0.815388	1.060222
6	243	0.664740	0.815316	0.844920
36	103	0.664710	0.815297	0.364612
8	18	0.664693	0.815287	0.380375
11	124	0.664686	0.815283	0.463728
31	221	0.664686	0.815283	0.582327
71	179	0.664484	0.815159	0.667856
23	72	0.664138	0.814947	0.754649
33	220	0.664065	0.814902	0.364435
8	68	0.664041	0.814887	0.486927
3	217	0.664041	0.814887	0.471630
5	106	0.663821	0.814752	0.904067
10	107	0.663601	0.814617	0.818661
18	190	0.663420	0.814506	1.001247
45	120	0.663353	0.814465	0.568589
64	238	0.663314	0.814441	0.820442
6	3	0.663257	0.814406	1.032148
10	147	0.663030	0.814266	0.891750
24	241	0.662977	0.814234	0.654538
2	150	0.662973	0.814231	0.750574
22	69	0.662716	0.814073	0.510077
60	9	0.662614	0.814011	0.504969
14	245	0.662572	0.813985	0.590234
64	45	0.662466	0.813920	0.860755
35	142	0.662310	0.813824	0.777203
24	90	0.662231	0.813776	0.716420
32	199	0.662146	0.813724	0.822443
37	81	0.662028	0.813651	0.389466
25	41	0.661918	0.813583	0.428638
2	182	0.661786	0.813502	0.570054
5	227	0.661770	0.813493	0.681111
2	3	0.661697	0.813447	0.363785
72	3	0.661557	0.813362	0.556226
27	38	0.661528	0.813344	0.476210
2	204	0.661525	0.813342	0.781984
20	253	0.661479	0.813314	0.575623
53	220	0.661138	0.813104	0.397755
39	89	0.660979	0.813006	0.689034
64	164	0.660923	0.812972	0.741255
53	138	0.660699	0.812834	0.436980
31	98	0.660401	0.812651	1.187416
41	170	0.660264	0.812567	0.581081
3	53	0.660259	0.812563	0.421935
12	135	0.660230	0.812545	0.652385
45	183	0.660162	0.812503	0.363363
52	247	0.659878	0.812329	0.617954
25	52	0.659562	0.812134	0.590111
41	126	0.659541	0.812122	0.386855
45	6	0.659178	0.811898	0.406952
68	159	0.659173	0.811895	0.529752
7	74	0.658962	0.811765	0.864083
7	41	0.658922	0.811740	1.396847
51	46	0.658849	0.811695	0.779759
25	231	0.658781	0.811654	0.804419
54	61	0.658605	0.811545	0.395600
4	237	0.658581	0.811530	0.416827
64	65	0.658539	0.811504	0.933707
50	4	0.658462	0.811457	0.787311
43	141	0.657984	0.811162	0.544238
32	173	0.657925	0.811126	0.574745
49	51	0.657909	0.811116	0.558324
11	22	0.657569	0.810907	0.437062
44	82	0.657381	0.810791	0.585832
9	42	0.657354	0.810774	0.450130
18	114	0.657314	0.810749	1.010887
26	246	0.657277	0.810726	0.362568
2	172	0.657095	0.810614	0.654312
46	52	0.656877	0.810479	0.362457
29	36	0.656693	0.810366	0.617400
6	208	0.656635	0.810330	0.489483
24	104	0.656504	0.810249	1.492901
42	182	0.656406	0.810189	0.689801
4	135	0.656341	0.810149	0.362310
21	50	0.656176	0.810047	0.383659
67	103	0.656052	0.809970	0.694717
41	40	0.655871	0.809859	0.597244
9	196	0.655608	0.809696	0.500664
36	61	0.655465	0.809608	0.698764
16	10	0.655295	0.809503	0.688068
13	125	0.655035	0.809343	0.429397
66	45	0.654914	0.809268	0.570421
35	209	0.654891	0.809254	0.682281
37	171	0.654665	0.809114	0.672907
32	109	0.654595	0.809070	0.808766
60	135	0.654408	0.808955	0.726063
35	77	0.654350	0.808919	0.637137
13	133	0.654329	0.808906	0.361754
4	166	0.654267	0.808868	0.567070
51	15	0.654161	0.808802	0.531626
39	161	0.654152	0.808797	0.509774
38	179	0.654152	0.808797	0.673740
31	151	0.654108	0.808769	0.575005
56	236	0.654031	0.808722	0.416231
71	219	0.653979	0.808690	0.590167
56	231	0.653967	0.808682	0.361654
32	78	0.653867	0.808620	0.522703
9	215	0.653663	0.808494	0.367520
34	109	0.653181	0.808196	0.585540
20	207	0.653174	0.808192	0.481257
19	43	0.653069	0.808127	0.530357
10	172	0.652986	0.808075	0.787481
73	229	0.652584	0.807827	0.361271
73	15	0.652584	0.807826	0.802757
68	75	0.652506	0.807778	0.361249
52	67	0.652251	0.807621	0.522732
57	223	0.651667	0.807259	0.591604
21	148	0.651334	0.807053	0.804932
23	108	0.651297	0.807030	0.485863
22	97	0.651017	0.806856	0.718804
45	190	0.650924	0.806798	0.597152
64	71	0.650841	0.806747	0.768171
8	124	0.650660	0.806635	0.792790
44	96	0.650572	0.806580	0.557934
14	253	0.650503	0.806538	0.813313
36	220	0.650488	0.806528	0.657561
15	163	0.650469	0.806517	0.721623
34	188	0.650463	0.806513	0.360684
64	51	0.650373	0.806457	0.860346
7	33	0.650222	0.806363	0.839503
34	88	0.650196	0.806347	0.552891
37	29	0.649940	0.806188	0.360538
54	66	0.649805	0.806105	0.611902
40	150	0.649787	0.806094	0.513051
9	20	0.649683	0.806029	0.864265
62	229	0.649531	0.805935	0.714170
18	128	0.649375	0.805838	0.808308
35	101	0.649219	0.805741	0.496140
30	31	0.649086	0.805659	0.379113
70	140	0.649046	0.805634	0.652710
17	72	0.649005	0.805608	0.470255
21	158	0.648926	0.805559	0.479070
55	209	0.648575	0.805342	0.480126
35	111	0.648373	0.805216	0.705631
65	30	0.648321	0.805184	0.660271
17	117	0.648276	0.805156	0.446824
41	122	0.648166	0.805088	0.756874
21	215	0.647993	0.804980	0.652770
22	133	0.647651	0.804768	0.721035
71	43	0.647642	0.804762	0.736396
7	213	0.647640	0.804761	0.828992
45	129	0.647559	0.804711	0.751620
73	95	0.647543	0.804701	0.359873
63	11	0.647338	0.804573	0.564388
69	89	0.647112	0.804433	0.560002
15	125	0.647086	0.804417	0.411448
18	172	0.647059	0.804400	1.273504
6	45	0.646995	0.804360	1.013831
63	136	0.646736	0.804199	0.626813
29	133	0.646242	0.803892	0.750080
54	22	0.646224	0.803881	0.856154
59	63	0.646217	0.803876	0.506365
23	231	0.646138	0.803827	1.022318
62	141	0.646076	0.803788	0.768864
11	198	0.646020	0.803754	0.530832
14	54	0.645808	0.803622	0.502385
18	184	0.645624	0.803507	0.761121
3	211	0.645448	0.803398	0.359290
27	111	0.645298	0.803304	0.571751
46	116	0.645182	0.803232	0.359216
49	205	0.645080	0.803169	0.661361
8	58	0.644936	0.803079	0.434063
20	165	0.644872	0.803039	0.515555
8	193	0.644774	0.802978	0.635229
59	228	0.644571	0.802852	0.744923
51	37	0.644439	0.802770	1.034156
72	45	0.643990	0.802490	0.358884
16	48	0.643918	0.802445	0.528834
30	50	0.643874	0.802418	0.491564
3	49	0.643801	0.802372	1.035369
25	45	0.643676	0.802295	0.557417
54	18	0.643654	0.802281	0.527851
21	155	0.643570	0.802228	0.464761
25	72	0.643540	0.802209	0.585734
46	234	0.643280	0.802048	0.396940
65	5	0.643147	0.801964	0.604202
23	218	0.643143	0.801962	0.494120
43	179	0.643023	0.801887	0.494094
36	106	0.642831	0.801767	0.535889
6	242	0.642287	0.801428	0.811592
57	212	0.642247	0.801403	1.084665
14	6	0.642154	0.801345	0.708311
51	236	0.642107	0.801316	0.507159
15	130	0.642065	0.801290	0.818731
54	226	0.641777	0.801110	0.680684
21	200	0.641460	0.800912	0.371053
54	250	0.641419	0.800886	0.638437
10	227	0.641314	0.800821	0.642524
26	120	0.641306	0.800816	0.462125
24	67	0.641057	0.800661	0.382624
16	80	0.640976	0.800610	0.434284
27	62	0.640941	0.800588	0.358034
57	243	0.640606	0.800378	0.815806
36	184	0.640570	0.800356	0.357930
3	47	0.640562	0.800351	0.829396
36	125	0.640249	0.800156	0.845366
42	167	0.640241	0.800150	0.611190
56	23	0.640160	0.800100	0.548712
58	3	0.639900	0.799937	0.533060
16	62	0.639816	0.799885	0.735400
37	153	0.639563	0.799727	0.966184
34	118	0.639387	0.799617	0.569905
19	220	0.639360	0.799600	0.357592
68	154	0.639261	0.799538	0.591551
25	203	0.639140	0.799462	0.828364
9	144	0.639107	0.799442	0.607789
70	226	0.639081	0.799425	0.712503
45	232	0.639019	0.799387	0.784117
71	39	0.639002	0.799376	0.529471
2	183	0.638951	0.799344	0.569459
59	183	0.638815	0.799259	0.788345
32	204	0.638223	0.798889	0.899359
54	144	0.638127	0.798828	0.427901
34	1	0.638052	0.798781	0.357226
38	57	0.637779	0.798610	0.405931
60	49	0.637737	0.798584	0.410039
30	170	0.637550	0.798467	0.874353
60	1	0.637453	0.798407	0.824930
10	103	0.637364	0.798351	0.594722
29	117	0.637363	0.798350	0.357033
59	76	0.637336	0.798333	1.177359
12	169	0.637216	0.798258	0.362545
18	134	0.637212	0.798256	0.620861
48	254	0.636870	0.798041	0.455536
49	34	0.636573	0.797855	0.400803
23	123	0.636541	0.797835	0.728545
28	57	0.636438	0.797771	0.455073
10	60	0.636251	0.797654	0.356722
9	225	0.636032	0.797516	0.740158
73	252	0.635879	0.797420	0.844940
10	7	0.635765	0.797349	0.979505
2	148	0.635635	0.797267	0.505454
38	37	0.635594	0.797241	0.561733
14	94	0.635593	0.797241	0.373653
2	52	0.635496	0.797180	0.505379
47	201	0.635396	0.797117	0.660520
25	94	0.635326	0.797073	0.410705
50	208	0.635298	0.797056	0.997082
41	173	0.635289	0.797050	0.713741
67	235	0.635255	0.797029	1.344164
43	103	0.635246	0.797023	0.683671
24	229	0.634637	0.796641	0.539966
19	16	0.634563	0.796594	0.700194
43	94	0.634547	0.796585	0.768021
1	122	0.634404	0.796495	0.778032
53	49	0.634340	0.796455	0.593153
45	121	0.634294	0.796426	0.808031
2	93	0.634264	0.796407	0.559186
69	224	0.634144	0.796332	0.497480
10	119	0.633964	0.796219	0.541168
1	29	0.633678	0.796039	0.819408
20	53	0.633569	0.795971	0.355969
21	129	0.633527	0.795944	0.621165
19	186	0.633527	0.795944	0.406790
9	97	0.633495	0.795924	0.821994
36	63	0.633259	0.795776	1.226502
56	175	0.633256	0.795774	0.355881
9	141	0.633242	0.795765	0.567189
61	174	0.633075	0.795660	0.563542
26	220	0.633024	0.795628	0.355816
58	182	0.632983	0.795603	0.543977
24	109	0.632637	0.795385	0.806531
16	215	0.632612	0.795369	0.653545
24	82	0.632232	0.795130	0.447953
64	112	0.632210	0.795116	0.580629
38	39	0.632165	0.795088	0.645664
18	92	0.632048	0.795014	0.413376
31	197	0.631864	0.794899	0.689863
41	95	0.631769	0.794839	0.925829
70	189	0.631759	0.794833	0.359425
25	245	0.631574	0.794716	0.494323
25	125	0.631448	0.794637	0.543097
42	10	0.631373	0.794590	0.629441
2	129	0.631327	0.794561	0.377665
23	172	0.631259	0.794518	0.773341
68	5	0.631232	0.794501	0.842223
12	243	0.631056	0.794390	0.416011
27	239	0.630993	0.794351	0.490742
30	243	0.630957	0.794328	0.355234
73	174	0.630872	0.794275	0.551522
56	26	0.630837	0.794253	0.628143
71	70	0.630697	0.794165	0.443665
53	125	0.630555	0.794075	0.656163
52	194	0.630550	0.794072	0.761295
28	213	0.630521	0.794053	0.467153
49	38	0.630513	0.794049	0.437856
57	42	0.630417	0.793988	0.595156
65	68	0.630262	0.793891	0.892324
11	14	0.630097	0.793787	1.308935
33	224	0.630053	0.793759	0.654607
68	40	0.630039	0.793750	0.563028
52	106	0.629986	0.793716	0.563735
30	200	0.629964	0.793703	0.578342
28	44	0.629858	0.793636	0.713912
56	11	0.629561	0.793449	0.354841
53	248	0.629312	0.793292	0.597786
55	182	0.629247	0.793251	0.778086
65	250	0.629119	0.793170	0.602818
43	111	0.629095	0.793155	0.707221
62	16	0.629030	0.793114	0.572838
44	173	0.628952	0.793065	0.566975
52	215	0.628865	0.793010	0.402568
20	5	0.628709	0.792912	1.538649
7	53	0.628639	0.792868	0.523708
71	99	0.628617	0.792854	0.709060
7	82	0.628474	0.792763	0.354535
13	32	0.628363	0.792694	0.575647
38	209	0.628081	0.792516	0.475344
63	63	0.628075	0.792512	0.583475
68	149	0.627777	0.792324	0.764220
31	43	0.627710	0.792282	0.627541
34	151	0.627600	0.792212	0.354288
69	239	0.627472	0.792131	0.414820
41	4	0.627456	0.792121	0.420987
29	185	0.627276	0.792008	0.354197
55	58	0.627025	0.791849	0.705591
32	184	0.627000	0.791834	0.373705
19	103	0.626956	0.791806	0.668794
27	73	0.626929	0.791789	0.528026
29	114	0.626601	0.791582	0.480296
21	145	0.626573	0.791564	0.649875
66	43	0.626080	0.791252	0.726409
14	205	0.625879	0.791125	0.517363
67	111	0.625770	0.791056	0.418026
31	237	0.625459	0.790860	0.544911
11	187	0.625391	0.790817	0.501503
55	44	0.625291	0.790753	0.637189
9	88	0.625167	0.790675	0.815330
67	51	0.625122	0.790647	0.704893
73	143	0.624971	0.790551	0.730819
54	199	0.624879	0.790493	0.408435
41	83	0.624863	0.790483	0.511550
10	120	0.624753	0.790413	0.592644
48	29	0.624536	0.790276	0.559212
3	113	0.624489	0.790246	0.960409
36	169	0.624145	0.790029	1.328525
3	112	0.624070	0.789981	0.529457
21	232	0.623866	0.789852	0.735519
46	230	0.623607	0.789688	0.585182
53	14	0.623442	0.789583	0.514497
49	59	0.623275	0.789478	0.446708
66	119	0.623146	0.789396	0.536840
33	123	0.623133	0.789388	0.353025
72	206	0.623105	0.789370	0.689749
47	100	0.622874	0.789224	0.733849
24	177	0.622835	0.789199	0.776304
13	28	0.622603	0.789052	0.942031
34	132	0.622554	0.789021	1.004787
28	250	0.622468	0.788967	0.848026
50	30	0.622455	0.788958	0.580530
60	248	0.622438	0.788948	0.643161
67	25	0.622373	0.788906	0.352810
59	242	0.622327	0.788877	0.735844
53	68	0.622307	0.788864	0.386774
5	211	0.622228	0.788814	0.481436
67	251	0.622228	0.788814	0.854568
65	167	0.622224	0.788812	0.476471
65	234	0.622139	0.788758	0.731832
63	245	0.622079	0.788720	0.700161
73	158	0.622012	0.788677	0.352707
7	138	0.621946	0.788636	0.803645
27	204	0.621876	0.788591	0.388782
66	97	0.621841	0.788569	0.352659
28	193	0.621720	0.788492	0.570707
71	136	0.621695	0.788476	0.352617
11	112	0.621599	0.788415	0.401855
8	251	0.621552	0.788386	0.477873
69	157	0.621467	0.788332	0.553897
1	20	0.621358	0.788262	0.541341
22	30	0.621090	0.788092	0.471887
56	66	0.621032	0.788056	0.507524
57	137	0.620972	0.788018	0.378253
41	131	0.620836	0.787932	0.561843
70	45	0.620835	0.787931	0.459874
45	103	0.620666	0.787824	0.352326
60	65	0.620626	0.787798	0.716042
32	54	0.620625	0.787797	0.713829
42	68	0.620607	0.787786	0.489844
44	20	0.620570	0.787763	0.572307
31	239	0.620470	0.787699	0.352270
10	84	0.620217	0.787538	0.953132
1	177	0.620044	0.787429	0.364159
22	174	0.619477	0.787068	0.561466
30	92	0.619474	0.787067	0.530097
70	33	0.619365	0.786998	0.561424
52	224	0.619219	0.786905	0.500179
45	93	0.619204	0.786895	0.383889
5	200	0.619151	0.786862	0.493577
73	85	0.618942	0.786729	0.565107
15	166	0.618900	0.786702	0.521965
47	135	0.618867	0.786681	0.389824
46	207	0.618844	0.786666	0.505624
28	165	0.618612	0.786519	0.434370
64	97	0.618448	0.786415	0.399879
47	82	0.618363	0.786361	0.673073
61	65	0.618247	0.786287	0.483768
21	252	0.618095	0.786190	0.351595
72	218	0.617990	0.786123	0.394417
46	199	0.617731	0.785959	0.571400
37	85	0.617607	0.785880	0.770296
47	125	0.617547	0.785841	0.602994
64	29	0.617544	0.785839	0.628027
39	200	0.617543	0.785839	0.502705
65	209	0.617059	0.785531	0.603401
7	51	0.616627	0.785256	0.472087
19	104	0.616618	0.785250	0.609630
49	150	0.616540	0.785200	0.387495
18	185	0.616362	0.785087	0.371871
52	208	0.616323	0.785063	0.740995
12	39	0.616155	0.784955	0.351043
72	236	0.616131	0.784940	0.547970
58	207	0.615934	0.784814	0.490918
64	255	0.615915	0.784802	0.350974
39	32	0.615730	0.784685	0.559306
9	25	0.615673	0.784648	0.672093
12	123	0.615473	0.784521	0.554766
73	189	0.615457	0.784510	0.536666
71	122	0.615072	0.784265	0.387885
13	193	0.615064	0.784260	0.653829
71	176	0.614930	0.784175	0.582776
5	7	0.614615	0.783974	0.694303
6	14	0.614401	0.783837	0.502198
4	173	0.614215	0.783719	0.559988
14	63	0.613565	0.783304	0.480551
24	30	0.613501	0.783263	0.433905
62	198	0.613249	0.783102	0.524436
12	126	0.613188	0.783063	0.564831
49	148	0.613143	0.783034	0.352939
3	226	0.613133	0.783028	0.571255
18	63	0.613030	0.782962	0.630278
40	106	0.612847	0.782845	1.017165
67	252	0.612786	0.782806	0.376826
57	81	0.612550	0.782656	0.494700
70	89	0.612391	0.782554	0.349969
72	194	0.612375	0.782544	0.349964
21	111	0.612251	0.782465	0.581150
25	31	0.612205	0.782435	0.628763
39	4	0.612191	0.782427	0.362990
52	83	0.612057	0.782341	0.625633
7	98	0.611848	0.782207	0.492463
16	235	0.611725	0.782128	0.932610
72	73	0.611602	0.782050	0.349743
72	165	0.611599	0.782048	0.625268
34	59	0.611392	0.781915	0.359932
49	7	0.611356	0.781892	0.673593
53	88	0.611121	0.781742	0.477738
10	246	0.610757	0.781509	0.897771
43	220	0.610553	0.781379	0.669573
56	138	0.610488	0.781337	0.776352
65	125	0.610221	0.781167	0.480696
3	80	0.610087	0.781080	0.665410
59	218	0.609989	0.781018	0.788038
42	91	0.609635	0.780791	0.398210
64	115	0.609396	0.780638	0.497197
73	164	0.609361	0.780616	0.586018
66	241	0.609016	0.780395	0.516561
22	78	0.608581	0.780116	0.468433
4	45	0.608486	0.780055	0.746494
69	63	0.608190	0.779865	0.772178
50	210	0.608115	0.779818	0.754328
70	23	0.608104	0.779810	0.479022
35	15	0.608067	0.779786	0.348731
49	221	0.608022	0.779757	0.580028
52	7	0.607948	0.779710	0.387740
51	217	0.607928	0.779698	1.060073
36	139	0.607924	0.779695	0.599259
8	16	0.607848	0.779646	0.583980
24	99	0.607335	0.779317	0.500845
17	29	0.607287	0.779286	0.942265
47	196	0.606822	0.778988	0.493774
15	24	0.606821	0.778987	0.409062
34	238	0.606566	0.778823	0.656340
73	65	0.606504	0.778784	0.465154
24	154	0.606433	0.778738	0.670525
50	235	0.606413	0.778725	0.635521
43	142	0.606367	0.778696	0.437803
58	66	0.606293	0.778648	0.566161
69	161	0.606215	0.778598	0.424211
50	225	0.606209	0.778595	0.483622
36	214	0.606062	0.778500	0.440408
60	134	0.605823	0.778346	0.518435
57	133	0.605569	0.778183	0.477452
73	145	0.605465	0.778116	0.552189
13	161	0.605347	0.778040	0.789877
62	169	0.605322	0.778024	0.580526
46	16	0.605304	0.778013	0.769996
11	130	0.605083	0.777871	0.425473
23	241	0.604949	0.777785	1.698761
10	225	0.604929	0.777772	0.595382
35	201	0.604859	0.777727	0.523228
31	158	0.604857	0.777725	0.542472
44	71	0.604797	0.777687	0.835264
62	119	0.604748	0.777655	0.547120
32	89	0.604718	0.777636	0.463909
62	205	0.604451	0.777464	0.877035
3	36	0.604121	0.777252	0.347598
59	47	0.604052	0.777208	0.515470
11	31	0.603833	0.777067	0.740865
2	166	0.603744	0.777009	0.596981
42	149	0.602895	0.776463	0.778069
27	77	0.602870	0.776447	0.569524
62	62	0.602723	0.776353	0.390464
4	179	0.602683	0.776327	0.347184
51	43	0.602537	0.776232	0.463448
45	255	0.602446	0.776174	0.347115
18	171	0.602376	0.776129	1.308596
21	79	0.602336	0.776103	0.984288
10	145	0.602234	0.776037	0.550942
19	241	0.602138	0.775976	0.488748
19	40	0.602072	0.775933	0.589343
48	57	0.601735	0.775716	0.499679
58	205	0.601599	0.775628	0.767937
21	191	0.601423	0.775515	0.615248
47	253	0.601320	0.775448	0.562689
48	123	0.601153	0.775341	0.409645
56	132	0.601117	0.775317	0.627613
45	30	0.600782	0.775102	0.903841
15	214	0.600780	0.775100	0.581962
35	239	0.600762	0.775088	0.497774
21	26	0.600739	0.775074	0.395982
61	27	0.600633	0.775005	0.593462
49	37	0.600597	0.774982	0.565454
68	60	0.600590	0.774978	0.726971
36	131	0.600550	0.774951	0.801031
52	191	0.600278	0.774776	0.708253
53	176	0.600246	0.774755	0.346481
50	109	0.600211	0.774733	0.753083
15	184	0.600022	0.774611	0.547681
26	183	0.599963	0.774573	0.629528
50	217	0.599764	0.774445	0.448725
7	159	0.599692	0.774398	0.407204
2	18	0.599653	0.774373	0.447774
41	196	0.599386	0.774201	0.785555
72	121	0.599341	0.774171	0.477596
43	138	0.599283	0.774134	0.547277
7	54	0.599262	0.774120	0.597269
57	126	0.599234	0.774102	0.762335
24	148	0.599221	0.774094	0.552414
8	212	0.599208	0.774085	0.453777
8	52	0.598936	0.773909	0.500355
56	224	0.598829	0.773840	0.614929
62	58	0.598629	0.773711	0.565038
43	216	0.598403	0.773565	0.506640
24	9	0.598285	0.773489	0.478933
13	146	0.598189	0.773427	0.436642
11	205	0.598141	0.773396	0.484971
38	28	0.597898	0.773239	0.561846
54	75	0.597506	0.772985	0.345690
56	85	0.597389	0.772909	0.411432
14	210	0.597292	0.772847	0.366691
37	188	0.597146	0.772752	0.450647
40	108	0.597065	0.772700	0.790737
46	59	0.596979	0.772644	0.345537
63	62	0.596965	0.772635	0.557834
44	201	0.596919	0.772605	0.663159
71	140	0.596598	0.772397	0.506785
25	68	0.596419	0.772282	0.604510
33	128	0.596339	0.772230	0.629683
45	214	0.596254	0.772175	0.544031
31	94	0.596228	0.772158	0.626250
27	98	0.596217	0.772151	0.610948
23	158	0.596112	0.772083	0.345286
28	182	0.595871	0.771927	0.838180
70	99	0.595870	0.771926	0.395316
49	27	0.595850	0.771913	0.541530
63	174	0.595782	0.771869	0.541477
18	83	0.595603	0.771753	0.479649
39	175	0.595544	0.771715	0.508748
18	245	0.595476	0.771671	0.903296
56	22	0.595287	0.771549	0.868413
10	206	0.595284	0.771547	0.359375
2	33	0.595247	0.771523	0.897387
27	191	0.595175	0.771476	0.478448
66	249	0.595038	0.771387	0.817398
71	171	0.594891	0.771292	1.017657
2	215	0.594597	0.771101	0.513955
47	256	0.594574	0.771086	0.616414
67	56	0.594323	0.770923	0.539115
60	143	0.594299	0.770908	0.507899
62	184	0.594228	0.770862	0.624211
44	231	0.593899	0.770648	0.667384
41	197	0.593538	0.770414	0.384800
38	161	0.593433	0.770346	0.512432
18	194	0.593429	0.770343	0.796081
18	55	0.593226	0.770212	0.811478
64	247	0.593138	0.770155	0.344424
6	182	0.593121	0.770143	0.374784
62	131	0.592675	0.769854	0.480999
37	114	0.592628	0.769823	0.344275
52	207	0.592155	0.769516	0.783417
45	234	0.592117	0.769492	0.466213
69	90	0.591778	0.769271	0.530150
32	72	0.591551	0.769123	0.826241
8	171	0.591525	0.769106	0.753435
70	44	0.591280	0.768947	0.727069
15	40	0.591045	0.768795	0.529358
17	230	0.590749	0.768602	0.472339
24	17	0.590631	0.768525	0.655331
69	148	0.590507	0.768445	0.456933
11	228	0.590362	0.768350	0.376303
25	29	0.590298	0.768309	0.685721
69	225	0.590185	0.768235	0.884603
15	218	0.590176	0.768229	0.575232
22	53	0.590155	0.768216	0.343557
33	34	0.590151	0.768213	0.499186
25	91	0.590079	0.768166	0.773422
43	241	0.590060	0.768154	0.514086
10	10	0.589833	0.768006	0.755884
61	31	0.589807	0.767989	0.797630
54	33	0.589646	0.767884	0.479245
32	190	0.589639	0.767880	0.409427
36	151	0.589545	0.767818	0.811141
34	182	0.589514	0.767798	0.821891
14	29	0.589347	0.767690	0.807621
24	43	0.589289	0.767652	0.495571
52	87	0.589256	0.767630	0.551894
68	80	0.589205	0.767597	0.460473
7	235	0.589100	0.767528	0.774365
26	231	0.589066	0.767506	0.434307
7	101	0.588946	0.767428	1.703698
39	45	0.588876	0.767383	0.395642
46	127	0.588583	0.767192	0.368973
55	3	0.588283	0.766996	0.702400
31	9	0.588202	0.766944	0.402478
24	34	0.588067	0.766855	0.448110
24	96	0.587890	0.766740	0.612582
50	15	0.587867	0.766725	0.440929
35	10	0.587864	0.766723	0.578169
31	195	0.587797	0.766679	0.654713
31	133	0.587770	0.766662	0.342861
2	107	0.587512	0.766493	1.048080
49	187	0.587298	0.766354	0.559665
36	38	0.587051	0.766193	0.541152
5	63	0.586899	0.766093	0.559345
72	164	0.586894	0.766090	0.815152
15	152	0.586630	0.765918	0.342529
32	242	0.586524	0.765848	0.856031
21	227	0.586517	0.765844	0.522042
41	103	0.585887	0.765433	0.690988
9	208	0.585879	0.765427	0.545793
50	36	0.585862	0.765416	0.538097
73	197	0.585802	0.765377	0.481099
67	246	0.585782	0.765364	0.959450
65	106	0.585445	0.765144	0.515077
15	155	0.585420	0.765127	0.519604
69	248	0.585309	0.765055	0.529047
11	119	0.585303	0.765051	0.342141
21	126	0.585279	0.765035	0.342134
10	210	0.585238	0.765009	0.378607
37	215	0.585194	0.764980	0.535467
61	181	0.585191	0.764978	0.374174
33	162	0.584944	0.764817	0.421574
27	188	0.584785	0.764713	1.203446
52	117	0.584629	0.764610	0.557909
25	38	0.584318	0.764407	0.588956
33	203	0.584290	0.764389	0.426547
69	46	0.584200	0.764330	0.407270
73	125	0.583933	0.764155	0.429100
73	63	0.583765	0.764045	0.433511
8	140	0.583631	0.763957	0.502647
32	27	0.583611	0.763945	0.461745
65	45	0.583588	0.763929	0.341639
47	36	0.583467	0.763850	0.614444
2	169	0.583298	0.763740	0.549065
13	15	0.583272	0.763722	0.537411
7	239	0.583208	0.763681	0.675405
21	75	0.582744	0.763377	0.492265
64	251	0.582726	0.763365	0.556681
1	157	0.582722	0.763362	0.831890
42	35	0.582661	0.763322	0.853271
19	194	0.582442	0.763179	0.635178
59	83	0.582242	0.763048	0.575582
64	139	0.582074	0.762938	0.680368
9	53	0.582027	0.762907	0.507884
41	202	0.581692	0.762687	0.458545
9	99	0.581384	0.762485	0.340994
65	203	0.581238	0.762389	0.407004
42	194	0.581078	0.762285	0.340904
11	167	0.581024	0.762250	0.532735
70	132	0.580993	0.762229	0.620365
72	75	0.580829	0.762121	0.521037
29	207	0.580735	0.762059	0.504865
24	246	0.580641	0.761998	0.779616
16	211	0.580524	0.761921	0.475153
51	175	0.580499	0.761905	0.555402
63	252	0.580498	0.761904	0.533029
71	62	0.580478	0.761891	0.709947
20	26	0.580149	0.761675	0.631454
27	227	0.580037	0.761601	0.983669
39	232	0.579709	0.761386	0.390312
46	71	0.579596	0.761312	0.739197
26	77	0.579536	0.761273	0.612209
49	195	0.579502	0.761250	0.537524
40	208	0.579289	0.761110	0.524274
37	192	0.579266	0.761095	0.691525
43	159	0.579207	0.761057	0.532865
66	134	0.579083	0.760975	0.404764
57	150	0.579055	0.760957	0.340310
10	151	0.579012	0.760928	0.893118
71	235	0.579009	0.760926	0.512089
42	29	0.578650	0.760690	0.434537
30	81	0.578583	0.760646	1.221480
55	98	0.578464	0.760568	0.807662
54	224	0.578402	0.760527	0.529935
55	73	0.578188	0.760387	0.355669
37	149	0.578167	0.760373	0.560288
5	43	0.577979	0.760249	0.553918
21	40	0.577871	0.760178	0.760136
51	134	0.577867	0.760175	0.547064
73	226	0.577861	0.760172	0.473919
56	46	0.577708	0.760071	0.551259
20	49	0.577565	0.759977	0.505703
29	195	0.577542	0.759962	0.621712
68	30	0.577538	0.759959	0.433602
8	102	0.577495	0.759931	0.937047
40	167	0.577471	0.759915	0.459969
1	148	0.577320	0.759816	0.369028
46	218	0.577265	0.759780	0.489448
46	107	0.577165	0.759714	0.996501
8	116	0.577143	0.759699	0.339748
8	215	0.577074	0.759654	0.647476
46	53	0.577072	0.759652	0.401494
73	97	0.576957	0.759577	0.674615
34	127	0.576684	0.759397	0.807300
15	227	0.576677	0.759393	0.668877
7	40	0.576649	0.759374	0.857985
56	71	0.576614	0.759351	0.790311
65	99	0.576582	0.759330	0.638099
14	182	0.576571	0.759323	0.767807
9	54	0.576415	0.759220	0.750890
23	69	0.576354	0.759180	0.439611
47	237	0.575829	0.758834	0.720982
65	75	0.575580	0.758670	0.427938
45	65	0.575544	0.758646	0.595145
9	118	0.575371	0.758532	0.728858
29	243	0.575195	0.758416	0.623846
9	104	0.574968	0.758267	0.548002
2	250	0.574935	0.758244	0.412592
5	155	0.574919	0.758234	0.423488
55	215	0.574896	0.758219	0.339086
6	9	0.574875	0.758205	0.460488
25	144	0.574682	0.758078	0.790199
25	22	0.574620	0.758037	0.339004
24	255	0.574526	0.757975	0.650750
38	20	0.574496	0.757955	0.338968
44	156	0.574495	0.757954	0.338967
30	113	0.574173	0.757742	0.621707
35	179	0.573993	0.757623	0.365768
50	65	0.573969	0.757607	0.552823
41	138	0.573927	0.757580	0.516663
43	214	0.573894	0.757558	1.126834
29	93	0.573888	0.757554	0.543612
71	174	0.573813	0.757505	0.457329
8	49	0.573490	0.757291	0.421895
57	100	0.573480	0.757285	0.542730
49	87	0.573371	0.757213	0.519936
42	183	0.573366	0.757209	0.505771
62	57	0.573270	0.757146	0.399864
7	72	0.573200	0.757100	0.527177
31	102	0.573018	0.756979	0.491228
20	23	0.572899	0.756901	0.664400
45	198	0.572890	0.756895	0.419213
63	226	0.572879	0.756887	0.559465
29	102	0.572733	0.756791	0.382902
67	207	0.572512	0.756645	0.731705
64	128	0.572434	0.756594	0.362064
38	244	0.572207	0.756443	0.858806
43	232	0.572192	0.756434	0.338287
52	237	0.572187	0.756431	0.359342
68	121	0.572150	0.756406	0.368001
23	178	0.572051	0.756341	0.799849
15	234	0.571780	0.756162	0.344436
38	17	0.571380	0.755897	0.378135
8	44	0.571237	0.755802	0.533188
54	155	0.571078	0.755697	0.596461
58	228	0.570728	0.755465	0.541502
5	222	0.570601	0.755381	0.580204
62	51	0.570377	0.755233	0.597137
69	135	0.570368	0.755227	0.509516
10	187	0.570366	0.755226	0.473893
44	99	0.570209	0.755122	0.404321
34	213	0.570167	0.755094	0.642290
7	59	0.570109	0.755055	0.939837
65	247	0.569972	0.754965	0.747567
2	125	0.569844	0.754880	0.958504
68	199	0.569639	0.754745	0.495686
3	197	0.569588	0.754710	0.395577
43	124	0.569575	0.754702	0.627445
38	164	0.569537	0.754677	0.728012
17	139	0.569483	0.754641	0.517281
28	65	0.569403	0.754588	0.493997
26	226	0.569314	0.754529	0.376153
16	184	0.569255	0.754490	0.550063
13	222	0.569246	0.754484	0.446871
46	155	0.569238	0.754479	0.953851
62	117	0.569192	0.754448	0.343163
24	201	0.569036	0.754345	1.191037
56	119	0.568926	0.754272	0.547105
69	92	0.568925	0.754271	0.548657
40	232	0.568868	0.754233	0.337303
66	219	0.568708	0.754127	0.643906
65	186	0.568442	0.753951	0.572771
62	168	0.568407	0.753928	0.340629
35	191	0.568322	0.753871	0.801012
11	76	0.568278	0.753842	0.590583
28	42	0.568264	0.753833	0.508140
59	108	0.568225	0.753807	0.644697
65	148	0.567971	0.753638	0.380612
27	101	0.567928	0.753610	0.505579
23	201	0.567891	0.753586	0.337014
45	124	0.567838	0.753551	0.511979
70	143	0.567801	0.753525	0.540593
23	234	0.567775	0.753508	1.177292
43	55	0.567761	0.753499	0.631140
67	21	0.567648	0.753424	0.336941
11	62	0.567617	0.753404	0.717425
34	235	0.567609	0.753399	0.813280
18	173	0.567446	0.753290	0.705959
18	186	0.567414	0.753269	0.336872
61	152	0.567233	0.753148	0.531666
34	223	0.567034	0.753017	0.539212
24	181	0.566824	0.752877	0.488356
36	134	0.566811	0.752869	0.415908
20	170	0.566611	0.752735	0.343857
17	146	0.566529	0.752681	0.476724
26	245	0.566500	0.752662	0.336601
23	59	0.566491	0.752656	0.717404
65	207	0.566442	0.752623	1.142627
14	138	0.565874	0.752246	0.512483
24	127	0.565751	0.752164	0.994555
7	232	0.565737	0.752155	0.433558
15	121	0.565687	0.752122	0.993773
46	29	0.565542	0.752025	0.386319
51	235	0.565541	0.752025	0.729236
34	104	0.565518	0.752009	0.533072
73	107	0.565448	0.751963	0.549757
61	122	0.565291	0.751858	0.540861
39	230	0.565176	0.751782	0.818889
58	149	0.564853	0.751567	0.702399
12	180	0.564723	0.751481	0.675368
51	23	0.564634	0.751421	0.566374
65	18	0.564468	0.751311	0.647840
13	136	0.564266	0.751176	0.983506
66	117	0.564090	0.751059	0.484384
3	54	0.563992	0.750994	0.653394
41	128	0.563940	0.750959	0.528591
48	50	0.563904	0.750935	0.430524
41	5	0.563822	0.750881	0.397862
31	30	0.563791	0.750860	0.852780
25	25	0.563743	0.750828	1.215991
25	173	0.563641	0.750761	0.639566
65	37	0.563421	0.750614	0.698794
20	106	0.563315	0.750543	0.399877
8	121	0.563266	0.750510	0.527221
25	186	0.563013	0.750342	0.659757
55	188	0.562695	0.750130	0.531583
25	192	0.562162	0.749775	0.634702
35	241	0.562073	0.749715	0.599641
67	182	0.561994	0.749663	0.516630
72	120	0.561944	0.749629	0.504960
28	29	0.561785	0.749523	0.335197
9	40	0.561550	0.749367	0.521827
70	47	0.561357	0.749238	0.504813
3	157	0.561204	0.749135	0.602677
52	188	0.560967	0.748977	0.334953
45	180	0.560873	0.748914	0.449262
48	164	0.560715	0.748809	0.495004
59	202	0.560679	0.748785	0.359370
20	166	0.560578	0.748718	0.415611
56	67	0.560452	0.748634	0.685851
14	105	0.560408	0.748604	0.426941
59	40	0.560360	0.748572	0.343909
67	128	0.560212	0.748473	0.540433
63	224	0.560091	0.748393	0.840428
26	242	0.560017	0.748343	0.567968
54	21	0.560005	0.748335	0.528782
27	168	0.559980	0.748318	0.591921
3	38	0.559892	0.748260	0.651768
23	73	0.559723	0.748147	0.541383
20	129	0.559390	0.747924	0.655626
21	117	0.559069	0.747709	0.765490
19	47	0.558841	0.747557	0.532708
71	45	0.558775	0.747513	0.639332
18	14	0.558638	0.747421	0.539866
33	199	0.558625	0.747412	0.380382
57	248	0.558624	0.747411	0.334253
71	239	0.558502	0.747330	0.334216
31	21	0.558328	0.747213	0.699262
59	27	0.558264	0.747171	0.625022
60	100	0.558236	0.747152	0.666386
52	158	0.558144	0.747090	0.766581
44	63	0.558109	0.747067	0.649242
34	255	0.558051	0.747028	0.879464
59	126	0.557750	0.746827	0.471720
67	37	0.557461	0.746633	0.333904
9	119	0.557376	0.746576	0.333879
54	255	0.557365	0.746569	0.467931
7	203	0.557364	0.746568	0.518660
20	229	0.557348	0.746558	0.612828
3	152	0.557111	0.746399	0.664732
53	224	0.557100	0.746391	0.707058
33	241	0.556973	0.746307	0.523692
54	254	0.556885	0.746247	0.516746
64	120	0.556861	0.746231	0.460582
46	111	0.556830	0.746211	0.490249
22	167	0.556826	0.746208	0.356997
25	120	0.556720	0.746137	0.918556
72	61	0.556684	0.746113	0.608222
63	79	0.556602	0.746058	0.333647
10	35	0.556552	0.746024	0.334081
17	22	0.556527	0.746008	0.499883
24	47	0.556482	0.745977	0.629683
18	145	0.556460	0.745962	0.333605
73	235	0.556398	0.745921	0.580434
2	128	0.556394	0.745919	0.385904
66	243	0.556370	0.745902	0.481446
23	202	0.556205	0.745791	0.691212
9	1	0.556129	0.745741	0.682249
61	102	0.556085	0.745711	0.577823
47	41	0.555959	0.745626	0.464209
71	121	0.555940	0.745614	0.469098
24	218	0.555835	0.745544	0.579750
20	72	0.555824	0.745536	0.524967
70	119	0.555823	0.745535	0.461696
21	36	0.555819	0.745533	0.480045
43	37	0.555759	0.745492	0.665438
10	39	0.555730	0.745473	0.543513
38	118	0.555282	0.745173	0.540321
29	157	0.555273	0.745166	0.457300
44	252	0.555241	0.745145	0.470017
10	55	0.555174	0.745100	0.415127
26	194	0.555144	0.745080	0.778335
60	50	0.554779	0.744835	0.435588
63	137	0.554709	0.744788	0.359043
61	88	0.554678	0.744767	0.428315
14	155	0.554332	0.744535	0.658424
68	122	0.554316	0.744524	0.569016
12	51	0.554313	0.744522	0.638829
43	7	0.554160	0.744419	0.509381
65	111	0.553956	0.744283	0.931779
61	173	0.553871	0.744225	0.610941
5	170	0.553730	0.744130	0.414215
15	124	0.553578	0.744028	0.473988
36	80	0.553205	0.743777	0.377218
62	103	0.553173	0.743756	0.425168
59	240	0.552917	0.743584	0.847631
10	121	0.552757	0.743476	0.597239
48	64	0.552754	0.743474	0.442422
53	210	0.552746	0.743469	0.542423
33	77	0.552730	0.743458	0.699674
16	21	0.552608	0.743376	0.932444
20	45	0.552532	0.743325	0.641517
46	175	0.552517	0.743315	0.332420
1	119	0.552453	0.743272	0.877039
10	118	0.552387	0.743228	0.332382
64	243	0.552220	0.743115	0.658336
28	41	0.552185	0.743092	0.507412
51	130	0.552098	0.743033	0.717468
8	71	0.552061	0.743008	0.619589
21	150	0.551997	0.742965	0.626343
62	56	0.551840	0.742859	0.332217
40	253	0.551802	0.742834	0.385343
5	162	0.551792	0.742827	0.332202
53	153	0.551530	0.742651	0.684058
73	96	0.551278	0.742481	0.425574
50	147	0.551162	0.742403	0.755591
49	217	0.550970	0.742274	0.437800
56	255	0.550908	0.742232	0.808849
18	54	0.550419	0.741902	0.654280
66	144	0.549465	0.741259	0.542587
66	145	0.549458	0.741254	0.642044
23	135	0.549177	0.741065	0.361905
44	206	0.549128	0.741031	0.439159
39	109	0.548977	0.740930	0.331354
19	36	0.548852	0.740846	0.632058
9	207	0.548696	0.740740	0.408284
17	101	0.548639	0.740702	0.562507
43	131	0.548561	0.740649	0.359991
37	121	0.548305	0.740476	0.632414
45	7	0.548135	0.740361	0.455785
37	237	0.547961	0.740244	1.340820
40	195	0.547851	0.740169	1.095491
13	21	0.547700	0.740067	0.665813
9	31	0.547619	0.740013	0.332150
18	88	0.547603	0.740002	0.454550
59	235	0.547451	0.739900	0.330893
45	46	0.546791	0.739453	0.756845
62	137	0.546703	0.739394	0.472281
29	47	0.546682	0.739379	0.469645
16	99	0.546663	0.739367	0.659362
73	250	0.546347	0.739153	0.566764
45	211	0.546243	0.739083	0.448006
67	82	0.546213	0.739063	0.482513
57	236	0.546090	0.738979	0.380465
62	162	0.546062	0.738960	0.598142
35	99	0.545871	0.738831	0.858294
22	227	0.545663	0.738690	0.841056
4	99	0.545652	0.738682	0.330349
35	226	0.545603	0.738649	0.610210
25	224	0.545293	0.738439	0.605283
38	15	0.545178	0.738362	0.363980
31	161	0.545171	0.738357	0.822590
45	184	0.545039	0.738268	0.495870
64	117	0.545028	0.738260	0.470250
30	232	0.545026	0.738259	0.874258
31	168	0.545004	0.738244	0.376866
63	243	0.544942	0.738202	0.502784
66	139	0.544773	0.738088	0.341046
56	198	0.544504	0.737905	0.638139
29	178	0.544431	0.737856	0.340284
34	176	0.544392	0.737829	0.508542
6	204	0.544058	0.737603	1.275054
17	200	0.543925	0.737513	0.452879
60	195	0.543605	0.737296	0.405791
31	137	0.543525	0.737242	1.319068
61	36	0.543041	0.736913	0.627504
11	23	0.542915	0.736827	0.530518
37	123	0.542898	0.736816	0.329514
54	86	0.542684	0.736671	0.591384
45	34	0.542577	0.736598	0.329417
57	62	0.542501	0.736547	0.542307
34	219	0.542453	0.736514	0.513649
36	192	0.542351	0.736445	0.329348
29	39	0.542276	0.736394	0.427922
36	18	0.542245	0.736373	0.739179
41	159	0.542108	0.736280	0.962286
49	20	0.542000	0.736206	0.543197
50	84	0.541971	0.736187	0.516344
11	15	0.541888	0.736131	0.963169
41	26	0.541886	0.736129	0.646988
58	69	0.541684	0.735992	0.619077
22	68	0.541674	0.735985	0.329143
35	25	0.541669	0.735982	0.634817
17	53	0.541633	0.735957	0.458632
31	224	0.541510	0.735874	0.480610
52	97	0.541504	0.735870	1.072539
52	252	0.541460	0.735839	0.329077
60	24	0.541272	0.735712	0.329020
9	89	0.541062	0.735569	0.591641
34	3	0.541021	0.735541	0.376123
69	95	0.540991	0.735521	0.445674
47	106	0.540852	0.735427	0.522906
17	164	0.540801	0.735392	0.408837
21	218	0.540606	0.735259	0.368840
2	96	0.540541	0.735215	0.999476
32	107	0.540487	0.735178	0.746843
53	244	0.540459	0.735159	0.501216
53	46	0.540450	0.735153	0.493646
71	230	0.540442	0.735148	0.597276
54	46	0.540352	0.735086	0.495704
51	26	0.540346	0.735082	0.678539
55	68	0.540043	0.734876	0.337563
25	40	0.539951	0.734813	0.412518
8	32	0.539480	0.734493	0.498734
60	94	0.539363	0.734414	0.631645
48	94	0.539185	0.734292	0.606594
58	220	0.539064	0.734210	0.578436
29	22	0.538967	0.734144	0.439445
55	191	0.538909	0.734105	0.328302
52	218	0.538612	0.733902	0.719269
14	14	0.538437	0.733783	0.727286
2	200	0.538392	0.733752	0.670181
16	103	0.538122	0.733568	0.520903
51	226	0.537770	0.733328	0.772091
8	222	0.537769	0.733327	0.520868
69	243	0.537590	0.733205	0.527074
38	200	0.537571	0.733192	0.544434
55	93	0.537308	0.733013	0.625805
33	119	0.537271	0.732987	0.327802
36	4	0.537141	0.732899	0.533076
3	131	0.536977	0.732787	0.497920
72	182	0.536959	0.732775	0.416645
63	58	0.536848	0.732699	0.886998
72	55	0.536720	0.732612	1.002605
8	211	0.536651	0.732565	0.670812
32	141	0.536508	0.732467	0.355645
67	248	0.536424	0.732410	0.447926
53	152	0.536388	0.732385	0.327532
73	178	0.536330	0.732345	0.775645
26	64	0.536014	0.732130	0.418331
65	192	0.536007	0.732125	0.434375
15	219	0.535980	0.732107	1.004343
51	146	0.535954	0.732089	0.390533
13	111	0.535905	0.732055	0.521063
66	72	0.535850	0.732018	0.533938
44	122	0.535604	0.731849	0.531311
27	192	0.535601	0.731848	1.141224
62	138	0.535498	0.731778	0.540711
13	1	0.535492	0.731773	0.523385
66	229	0.535440	0.731738	0.332672
30	100	0.535437	0.731736	0.506785
40	114	0.535437	0.731736	0.723786
61	240	0.535170	0.731553	0.491471
2	224	0.535169	0.731552	0.466807
8	63	0.535110	0.731512	0.499418
33	127	0.534802	0.731302	0.410654
12	71	0.534719	0.731245	0.646553
28	99	0.534543	0.731125	0.402877
37	248	0.534504	0.731098	0.942084
1	242	0.534430	0.731047	0.618050
44	144	0.534320	0.730972	0.389072
12	219	0.534161	0.730863	0.326852
57	125	0.534026	0.730771	0.532616
53	110	0.534015	0.730763	0.592061
14	120	0.533865	0.730660	0.326761
22	72	0.533812	0.730624	0.768293
45	237	0.533808	0.730622	0.450788
53	183	0.533383	0.730331	0.439221
38	205	0.533373	0.730324	0.436944
64	122	0.533362	0.730316	0.703826
42	75	0.533318	0.730286	0.396209
37	165	0.533317	0.730286	0.742921
57	215	0.532970	0.730048	0.585603
34	241	0.532970	0.730048	0.399800
23	217	0.532911	0.730008	0.627781
68	43	0.532503	0.729728	0.416736
67	142	0.532410	0.729665	0.458754
29	209	0.532314	0.729599	0.432008
23	25	0.532248	0.729553	0.652914
21	99	0.532240	0.729548	0.450145
32	256	0.532202	0.729522	0.326252
61	104	0.532027	0.729402	0.750401
53	130	0.531986	0.729374	0.492936
43	164	0.531924	0.729331	0.522130
53	137	0.531834	0.729269	0.326139
56	98	0.531555	0.729078	0.803657
55	229	0.531494	0.729036	0.455439
66	92	0.531431	0.728993	0.422912
29	229	0.531358	0.728943	0.481956
30	135	0.531292	0.728898	0.488890
58	16	0.531227	0.728853	0.578585
57	120	0.530936	0.728653	0.325864
45	244	0.530815	0.728571	0.967182
61	43	0.530756	0.728530	0.525120
42	156	0.530668	0.728470	0.325782
2	87	0.530579	0.728409	0.773704
15	194	0.530402	0.728287	0.464783
38	222	0.530172	0.728129	0.654062
1	9	0.529967	0.727988	0.371462
4	181	0.529703	0.727807	0.675631
45	66	0.529648	0.727769	0.828543
28	20	0.529617	0.727748	0.609274
70	84	0.529524	0.727684	0.704318
63	45	0.529479	0.727653	0.744737
33	90	0.529288	0.727522	0.731778
61	129	0.529284	0.727519	0.380649
54	125	0.529037	0.727349	0.696842
43	27	0.528533	0.727003	0.482253
1	49	0.528429	0.726931	1.042154
7	108	0.528208	0.726779	0.530722
73	68	0.527887	0.726558	0.442180
39	166	0.527872	0.726548	0.324922
64	214	0.527856	0.726537	0.561155
17	48	0.527786	0.726489	1.011751
52	198	0.527668	0.726408	0.407832
68	17	0.527667	0.726407	0.324859
46	201	0.527498	0.726291	0.462724
29	9	0.527427	0.726242	0.445447
10	66	0.527292	0.726149	0.628507
72	160	0.527239	0.726112	0.704188
16	65	0.527195	0.726082	0.593311
34	69	0.527182	0.726073	0.442329
55	32	0.527094	0.726012	0.390740
71	195	0.526949	0.725913	0.351351
31	222	0.526941	0.725907	0.537086
24	130	0.526860	0.725851	1.289820
11	230	0.526769	0.725789	0.324583
8	145	0.526766	0.725787	0.874380
37	106	0.526760	0.725782	0.480034
21	106	0.526744	0.725771	0.506980
12	197	0.526744	0.725771	0.484759
45	187	0.526739	0.725768	0.324573
28	205	0.526603	0.725674	0.336003
21	42	0.525931	0.725211	0.617522
40	192	0.525924	0.725206	0.515865
47	215	0.525893	0.725185	0.872100
6	70	0.525711	0.725060	0.752626
6	128	0.525647	0.725015	0.457865
7	131	0.525470	0.724893	0.469316
28	154	0.525405	0.724848	0.324162
20	84	0.525399	0.724844	0.898205
53	179	0.525382	0.724833	0.452980
40	186	0.525354	0.724813	1.790023
6	227	0.525329	0.724796	0.385776
72	239	0.525269	0.724755	0.474931
52	88	0.525263	0.724750	0.324118
55	35	0.525254	0.724744	0.468584
11	74	0.525163	0.724681	0.398163
9	183	0.524904	0.724503	0.355516
61	136	0.524491	0.724217	0.533107
24	114	0.524426	0.724173	0.882302
2	83	0.524358	0.724125	0.454068
36	14	0.524295	0.724082	0.610337
5	205	0.524200	0.724017	0.490265
57	113	0.524184	0.724005	0.547116
19	105	0.523947	0.723842	0.679612
62	14	0.523607	0.723607	0.520413
24	132	0.523549	0.723567	1.085687
21	244	0.523525	0.723550	0.405755
49	46	0.523431	0.723485	0.659602
48	122	0.523424	0.723480	0.974293
2	197	0.523208	0.723331	0.349782
50	104	0.522675	0.722963	0.655719
5	111	0.522656	0.722949	0.456517
1	38	0.522598	0.722909	0.753785
36	39	0.522416	0.722784	0.348125
47	87	0.522353	0.722740	0.546966
64	54	0.522125	0.722582	0.323149
38	181	0.522091	0.722559	0.527667
26	59	0.522082	0.722553	0.323135
67	36	0.522075	0.722548	0.609409
59	256	0.521901	0.722427	0.436854
56	59	0.521848	0.722390	0.535632
14	23	0.521827	0.722376	0.513344
3	250	0.521818	0.722369	0.444457
41	75	0.521683	0.722276	0.653495
10	14	0.521339	0.722038	1.001816
8	66	0.521103	0.721875	0.412605
70	223	0.521078	0.721858	0.346773
26	94	0.521055	0.721841	0.850755
41	252	0.521048	0.721836	0.616679
31	65	0.520964	0.721778	0.481098
70	134	0.520714	0.721605	0.686032
4	234	0.520696	0.721592	0.388974
37	148	0.520665	0.721571	0.436774
71	143	0.520598	0.721525	0.825762
34	158	0.520519	0.721470	0.322651
15	82	0.520426	0.721405	0.408122
57	36	0.520351	0.721353	0.650594
16	134	0.520072	0.721160	0.616391
43	120	0.519841	0.721000	0.659415
61	14	0.519831	0.720993	0.327428
59	54	0.519818	0.720984	0.322434
18	116	0.519676	0.720886	0.406317
23	28	0.519592	0.720828	0.609935
50	102	0.519583	0.720821	0.515979
48	209	0.519521	0.720778	0.322342
8	62	0.519477	0.720747	0.420886
70	144	0.519241	0.720584	0.322255
45	77	0.518715	0.720219	0.610325
24	60	0.518511	0.720077	0.322028
39	40	0.518491	0.720063	0.449956
56	242	0.518481	0.720056	0.322019
59	201	0.518372	0.719980	0.674774
35	243	0.518145	0.719823	0.488477
40	215	0.518093	0.719787	0.396937
28	110	0.517998	0.719721	0.723605
28	88	0.517994	0.719718	0.321868
13	243	0.517845	0.719614	0.366141
68	102	0.517840	0.719611	0.351494
29	206	0.517670	0.719493	0.446566
64	158	0.517654	0.719481	0.602870
43	236	0.517454	0.719343	0.698245
34	24	0.517258	0.719206	0.321639
4	255	0.517049	0.719061	0.670182
3	62	0.516654	0.718786	0.405546
43	231	0.516621	0.718763	0.600385
3	102	0.516619	0.718762	0.468162
46	151	0.516441	0.718638	0.513330
54	32	0.516252	0.718506	0.533284
2	221	0.516065	0.718377	0.656288
31	27	0.516013	0.718340	0.432392
67	250	0.515979	0.718317	0.770667
55	172	0.515915	0.718272	0.489616
24	91	0.515847	0.718225	0.830924
51	132	0.515798	0.718190	0.544270
6	237	0.515582	0.718040	0.426431
63	172	0.515534	0.718007	0.519541
11	94	0.515514	0.717993	0.321096
38	86	0.515358	0.717884	0.659101
39	245	0.515350	0.717878	0.475274
36	20	0.515175	0.717757	0.475917
49	244	0.514721	0.717441	0.459527
63	52	0.514696	0.717423	0.619273
32	193	0.514656	0.717396	0.479631
18	118	0.514511	0.717294	0.506109
35	41	0.514197	0.717076	0.521074
43	35	0.514179	0.717063	0.842252
39	163	0.514178	0.717062	0.552477
3	18	0.513889	0.716860	0.925208
21	164	0.513815	0.716809	0.633059
28	229	0.513466	0.716566	0.739710
39	147	0.513391	0.716513	0.751494
71	7	0.513202	0.716381	0.899898
28	68	0.513072	0.716290	0.371584
66	6	0.513005	0.716243	0.521130
47	81	0.512967	0.716217	0.472854
46	217	0.512866	0.716147	1.270967
22	172	0.512777	0.716085	0.320243
7	245	0.512770	0.716080	0.417622
54	78	0.512714	0.716041	0.508576
25	27	0.512706	0.716035	0.406783
26	48	0.512584	0.715950	0.537056
37	102	0.512570	0.715940	0.545127
42	164	0.512453	0.715858	0.516490
61	107	0.512405	0.715824	0.750434
56	25	0.512363	0.715796	0.984915
2	181	0.512130	0.715632	0.406702
62	154	0.512103	0.715614	0.320032
8	197	0.512014	0.715552	0.444807
57	206	0.512013	0.715551	0.828640
24	175	0.511906	0.715476	0.829990
35	60	0.511901	0.715473	0.432748
22	188	0.511847	0.715435	0.557157
17	185	0.511389	0.715114	0.418910
69	33	0.511379	0.715107	0.444115
13	34	0.511313	0.715061	0.512116
56	203	0.511211	0.714990	0.408751
2	65	0.511187	0.714973	0.319746
33	5	0.511124	0.714929	0.890167
50	188	0.511086	0.714902	0.422142
21	212	0.511024	0.714860	0.713065
3	193	0.510949	0.714807	0.519722
70	185	0.510947	0.714805	0.521079
7	244	0.510859	0.714744	0.567214
45	230	0.510771	0.714683	0.483280
29	228	0.510641	0.714592	0.711700
40	51	0.510500	0.714493	0.647588
2	155	0.510485	0.714483	0.319526
23	91	0.510146	0.714245	1.040269
56	1	0.510143	0.714243	0.416507
36	179	0.510112	0.714222	0.414136
20	100	0.510037	0.714168	0.515281
27	46	0.509997	0.714141	0.319373
71	52	0.509961	0.714115	0.387141
43	130	0.509881	0.714060	0.346987
11	140	0.509737	0.713959	0.326216
69	55	0.509685	0.713922	0.759280
58	222	0.509520	0.713807	0.454517
48	44	0.509487	0.713784	0.490884
36	84	0.509405	0.713726	0.485761
9	30	0.509173	0.713563	1.403022
5	68	0.509149	0.713547	0.365373
3	95	0.509037	0.713469	0.319073
55	216	0.508977	0.713426	0.398268
68	52	0.508967	0.713420	0.319051
68	218	0.508817	0.713314	0.627382
41	73	0.508746	0.713264	0.562047
68	193	0.508690	0.713225	0.506557
31	48	0.508609	0.713168	0.520083
26	31	0.508580	0.713148	0.520267
7	66	0.508384	0.713010	0.498453
59	7	0.508325	0.712969	1.480674
61	70	0.508172	0.712862	0.597473
38	137	0.508160	0.712853	0.558764
37	222	0.508108	0.712817	0.559319
14	186	0.507919	0.712684	0.528387
48	143	0.507884	0.712660	0.760679
34	159	0.507734	0.712555	0.535544
34	254	0.507678	0.712515	0.598577
16	122	0.507510	0.712397	0.318594
72	88	0.507303	0.712252	0.707305
43	29	0.507082	0.712097	0.558815
30	181	0.506856	0.711938	0.510036
57	93	0.506781	0.711885	0.391298
66	201	0.506717	0.711841	0.341512
14	102	0.506235	0.711502	0.318193
22	21	0.506202	0.711479	0.924997
49	25	0.506042	0.711366	0.519051
31	97	0.505932	0.711289	0.667123
40	46	0.505827	0.711215	1.069358
5	47	0.505764	0.711171	0.359268
56	188	0.505754	0.711164	0.508933
60	203	0.505714	0.711136	0.692163
28	107	0.505655	0.711095	0.523941
12	111	0.505523	0.711001	0.551528
69	241	0.505316	0.710856	0.505216
35	119	0.505294	0.710841	0.319328
52	220	0.505187	0.710765	0.502431
25	252	0.505174	0.710756	1.257400
37	82	0.505158	0.710745	1.048397
57	162	0.505124	0.710721	0.594105
66	15	0.505033	0.710657	0.424735
73	6	0.504918	0.710576	1.114393
21	166	0.504908	0.710569	0.520838
53	44	0.504894	0.710559	0.649284
49	193	0.504876	0.710546	0.504067
56	60	0.504655	0.710391	0.404371
22	106	0.504349	0.710176	0.650257
27	196	0.504255	0.710109	0.659797
10	200	0.504163	0.710044	0.693383
58	77	0.503828	0.709808	0.378382
65	233	0.503810	0.709796	0.557472
27	171	0.503755	0.709757	0.425473
60	233	0.503716	0.709729	0.499623
41	15	0.503556	0.709617	0.344912
20	47	0.503467	0.709554	0.317322
7	136	0.503427	0.709526	0.319717
18	148	0.503269	0.709415	0.504174
9	228	0.503259	0.709408	0.417944
20	168	0.503055	0.709264	0.714904
24	202	0.502903	0.709157	1.042094
52	232	0.502708	0.709019	0.373109
4	225	0.502627	0.708962	0.317057
7	196	0.502492	0.708866	0.479192
20	199	0.502292	0.708725	0.524329
73	59	0.502096	0.708587	0.639379
66	113	0.502066	0.708566	0.353604
61	222	0.502050	0.708555	0.431742
41	48	0.502024	0.708537	0.508326
55	226	0.501840	0.708407	0.316809
48	170	0.501730	0.708329	0.645025
2	211	0.501638	0.708264	0.396428
7	233	0.501619	0.708251	0.415820
28	206	0.501595	0.708234	0.813378
2	123	0.501422	0.708111	1.134710
32	237	0.501418	0.708109	0.533392
58	218	0.501324	0.708043	0.576831
23	229	0.501323	0.708042	0.652841
28	49	0.500936	0.707768	0.412625
39	18	0.500917	0.707755	0.480272
23	188	0.500879	0.707728	0.870747
70	107	0.500863	0.707717	0.316500
39	84	0.500823	0.707688	0.477765
3	186	0.500688	0.707593	0.803468
71	197	0.500481	0.707447	0.558858
1	105	0.500083	0.707166	0.497211
44	50	0.499982	0.707094	0.316222
68	240	0.499818	0.706978	0.649316
7	86	0.499504	0.706756	0.316071
69	170	0.499465	0.706728	0.377224
67	175	0.499407	0.706687	0.869543
39	159	0.499386	0.706673	0.416858
13	114	0.499360	0.706654	0.670676
59	18	0.499208	0.706546	0.468228
1	4	0.498960	0.706371	0.315899
70	29	0.498939	0.706356	0.429988
30	229	0.498871	0.706308	0.588664
20	37	0.498790	0.706250	0.521064
65	10	0.498529	0.706066	0.768897
8	175	0.498351	0.705940	0.580994
36	66	0.498246	0.705865	0.515259
49	243	0.498094	0.705758	0.855912
21	17	0.498077	0.705745	0.354733
14	51	0.498014	0.705701	0.770154
35	227	0.497941	0.705649	0.403881
26	119	0.497831	0.705571	0.450375
6	225	0.497770	0.705529	1.037072
28	31	0.497438	0.705293	0.483425
34	150	0.497433	0.705289	0.542981
7	198	0.497351	0.705231	0.795491
35	246	0.497124	0.705070	0.631180
4	185	0.496891	0.704905	0.475735
13	37	0.496832	0.704863	0.315224
71	216	0.496756	0.704810	0.503685
54	201	0.496703	0.704771	0.478390
18	50	0.496553	0.704665	0.727071
20	224	0.496439	0.704584	0.444281
11	156	0.496370	0.704535	0.404339
22	210	0.496290	0.704479	1.223829
12	146	0.496106	0.704348	0.537171
63	133	0.496041	0.704302	0.314973
35	32	0.495912	0.704210	0.529895
44	54	0.495832	0.704154	0.466597
27	17	0.495606	0.703993	0.491313
3	90	0.495533	0.703941	0.604638
15	147	0.495496	0.703915	0.407151
55	139	0.495447	0.703880	0.563785
24	22	0.495446	0.703880	0.314785
14	84	0.495269	0.703754	0.452945
21	28	0.495257	0.703745	0.343499
15	89	0.495181	0.703691	0.314700
30	41	0.495172	0.703685	0.594988
60	159	0.495085	0.703623	0.523649
56	234	0.494960	0.703534	0.314630
39	169	0.494897	0.703489	0.452214
67	232	0.494742	0.703379	0.883132
23	61	0.494362	0.703109	0.385728
1	26	0.494336	0.703090	0.408922
59	87	0.494329	0.703086	0.403599
27	64	0.494167	0.702970	0.505923
59	95	0.494049	0.702886	0.509736
61	87	0.494038	0.702878	0.314337
35	224	0.493883	0.702768	0.505596
20	140	0.493790	0.702702	0.314258
32	77	0.493770	0.702687	0.480911
25	141	0.493744	0.702669	1.700628
40	112	0.493571	0.702546	0.414326
22	11	0.493553	0.702534	0.465690
73	254	0.493517	0.702508	0.476752
26	168	0.493516	0.702507	0.502661
42	138	0.493484	0.702484	0.682885
8	25	0.493453	0.702462	0.723512
38	145	0.493374	0.702406	0.649051
48	155	0.493359	0.702395	0.459569
70	26	0.493334	0.702377	0.398161
41	245	0.493331	0.702375	0.314112
29	96	0.493046	0.702172	0.509594
58	113	0.492999	0.702139	0.314006
50	76	0.492993	0.702135	0.856277
25	44	0.492964	0.702114	0.480015
1	149	0.492947	0.702102	0.435933
11	41	0.492792	0.701991	0.313940
3	52	0.492709	0.701932	0.357021
66	82	0.492674	0.701908	0.664654
2	91	0.492608	0.701861	0.650379
46	56	0.492605	0.701858	0.440958
68	129	0.492572	0.701835	0.382017
52	111	0.492318	0.701654	0.545698
22	111	0.492259	0.701612	0.654912
49	146	0.492114	0.701509	0.313724
29	153	0.492103	0.701501	0.313721
60	35	0.492016	0.701438	0.675055
21	7	0.491830	0.701306	0.717953
12	250	0.491653	0.701180	0.313577
68	20	0.491582	0.701129	0.700384
54	88	0.491517	0.701083	0.313534
33	130	0.491451	0.701035	0.919720
8	178	0.491232	0.700879	0.599835
69	76	0.491099	0.700785	0.391518
9	230	0.490891	0.700636	0.313334
1	62	0.490887	0.700633	0.363651
47	182	0.490813	0.700581	0.525858
18	228	0.490689	0.700492	0.993095
43	197	0.490667	0.700476	0.656743
33	238	0.490646	0.700461	0.733802
67	72	0.490588	0.700420	0.511500
36	64	0.490515	0.700368	0.517812
54	248	0.490365	0.700261	0.437761
72	134	0.490285	0.700203	0.601791
44	68	0.490238	0.700170	0.480262
53	174	0.490058	0.700042	0.433589
44	130	0.489857	0.699898	0.473089
52	103	0.489851	0.699894	0.518333
42	87	0.489829	0.699878	0.552460
20	147	0.489756	0.699826	0.312972
69	151	0.489422	0.699587	0.905314
43	135	0.489183	0.699416	0.738035
71	223	0.489165	0.699403	1.318051
58	226	0.489096	0.699354	0.571358
10	155	0.489062	0.699330	0.537371
61	99	0.488836	0.699168	0.501471
50	24	0.488813	0.699152	0.433450
10	64	0.488760	0.699114	0.391132
60	210	0.488484	0.698917	0.337657
31	77	0.488306	0.698789	0.312508
6	223	0.488084	0.698630	0.907051
11	239	0.487979	0.698555	0.500494
15	254	0.487796	0.698424	0.355162
15	104	0.487743	0.698386	0.535504
63	218	0.487735	0.698381	0.447628
22	243	0.487491	0.698206	0.705260
13	156	0.487488	0.698203	0.322552
35	162	0.487468	0.698189	0.418561
69	207	0.487081	0.697912	0.771811
33	137	0.486970	0.697833	0.759313
72	97	0.486928	0.697802	0.312067
61	243	0.486796	0.697708	0.481218
36	83	0.486480	0.697481	0.579239
44	141	0.486310	0.697359	0.499116
12	201	0.486056	0.697177	0.949072
68	140	0.485925	0.697083	0.922252
61	166	0.485805	0.696997	1.258251
13	242	0.485754	0.696960	0.814624
25	66	0.485585	0.696840	0.420624
26	171	0.485561	0.696822	0.448409
11	70	0.485423	0.696723	0.591826
19	100	0.485313	0.696644	0.646038
34	133	0.485311	0.696643	0.446860
44	26	0.485305	0.696638	0.500237
53	226	0.485254	0.696602	0.311530
6	23	0.485235	0.696588	0.481290
53	32	0.485106	0.696495	0.702227
69	214	0.484799	0.696275	0.508484
67	241	0.484645	0.696164	0.481990
29	186	0.484637	0.696158	0.396788
65	235	0.484587	0.696123	0.452137
50	121	0.484572	0.696112	0.823086
9	247	0.484527	0.696080	0.500872
19	112	0.484456	0.696029	0.493918
39	174	0.484433	0.696012	0.439905
67	75	0.484410	0.695996	0.497573
8	221	0.484408	0.695994	0.588577
24	105	0.484343	0.695948	0.815130
62	216	0.484215	0.695855	0.583878
24	152	0.484182	0.695832	0.731676
12	255	0.484165	0.695820	0.554144
34	100	0.484067	0.695749	0.683265
37	98	0.483921	0.695644	0.488350
62	33	0.483781	0.695544	0.311057
1	222	0.483655	0.695453	0.420167
58	118	0.483647	0.695447	0.763484
51	149	0.483589	0.695406	1.001309
42	34	0.483518	0.695354	0.350847
23	137	0.483505	0.695345	0.313901
39	37	0.483412	0.695279	0.393944
43	54	0.483373	0.695250	0.538496
60	160	0.483323	0.695214	0.487846
43	224	0.483195	0.695122	0.310868
32	123	0.483178	0.695110	0.340034
67	126	0.483173	0.695106	0.486174
1	215	0.483018	0.694995	0.663753
24	164	0.482747	0.694800	1.483811
41	198	0.482598	0.694693	0.310676
42	102	0.482503	0.694625	0.636820
59	189	0.482390	0.694543	0.524663
28	112	0.482366	0.694526	0.533376
9	77	0.482349	0.694514	0.535437
6	110	0.482207	0.694411	0.565972
43	102	0.482172	0.694386	0.706653
32	81	0.482118	0.694347	0.310521
44	30	0.481901	0.694191	0.398559
73	202	0.481878	0.694174	0.475931
6	240	0.481843	0.694149	0.677123
20	223	0.481708	0.694052	0.436539
34	108	0.481605	0.693978	0.643423
30	249	0.481569	0.693952	0.508937
64	160	0.481437	0.693857	0.472224
66	228	0.481400	0.693830	0.609430
26	65	0.481170	0.693664	0.437707
28	188	0.481031	0.693564	0.490135
35	138	0.480701	0.693326	0.649739
43	143	0.480682	0.693312	0.310059
15	95	0.480628	0.693273	0.314261
56	256	0.480592	0.693248	0.505929
55	240	0.480519	0.693194	0.349357
47	180	0.480514	0.693191	0.633624
16	209	0.480482	0.693168	0.500304
61	53	0.480285	0.693026	0.492950
19	205	0.479952	0.692786	0.733190
34	57	0.479940	0.692777	0.469390
5	218	0.479927	0.692768	0.424994
45	50	0.479912	0.692757	0.427437
25	226	0.479908	0.692754	0.511156
31	136	0.479843	0.692707	0.504757
52	34	0.479679	0.692589	0.778716
69	117	0.479598	0.692530	0.331350
6	187	0.479591	0.692525	0.438410
10	191	0.479571	0.692511	0.590918
41	100	0.479523	0.692476	0.412203
8	31	0.479483	0.692447	0.361579
73	171	0.479461	0.692431	0.444015
63	131	0.479297	0.692313	0.631864
47	20	0.479267	0.692291	0.457630
9	133	0.479034	0.692123	0.468594
49	115	0.478973	0.692079	0.309507
36	122	0.478862	0.691998	0.624793
12	131	0.478714	0.691891	0.695077
28	55	0.478675	0.691863	0.660021
71	155	0.478453	0.691703	0.529462
72	80	0.478333	0.691616	0.518916
7	157	0.478311	0.691600	0.676965
57	132	0.478185	0.691509	0.576179
53	40	0.477863	0.691276	0.645391
16	194	0.477570	0.691064	0.783145
59	119	0.477550	0.691050	0.466069
56	31	0.477487	0.691004	0.448770
18	234	0.477383	0.690929	0.399132
57	168	0.477291	0.690863	0.540985
49	138	0.477191	0.690790	0.640997
18	199	0.477064	0.690699	0.379412
58	104	0.477062	0.690697	0.308889
20	66	0.476988	0.690643	0.435310
19	27	0.476936	0.690606	0.434612
43	28	0.476654	0.690401	0.319231
51	155	0.476628	0.690382	0.684438
65	155	0.476592	0.690356	0.611533
13	93	0.476525	0.690308	1.445312
19	121	0.476437	0.690244	0.709411
45	72	0.476330	0.690166	0.550533
58	71	0.476076	0.689982	0.330568
53	162	0.476022	0.689944	0.556163
3	225	0.475964	0.689902	0.486687
58	130	0.475798	0.689781	0.508207
30	236	0.475798	0.689781	0.599074
32	58	0.475555	0.689605	0.445810
10	58	0.475455	0.689532	0.486803
49	79	0.475336	0.689446	0.308330
20	236	0.475314	0.689430	0.379637
73	148	0.475290	0.689413	0.382316
32	32	0.475207	0.689353	0.389698
61	162	0.475052	0.689240	0.517267
40	41	0.474936	0.689156	0.704499
18	197	0.474812	0.689066	0.432495
30	78	0.474798	0.689056	0.508357
20	38	0.474797	0.689055	0.308155
15	66	0.474635	0.688937	0.542838
37	158	0.474566	0.688887	0.740093
49	81	0.474520	0.688854	0.725908
73	82	0.473997	0.688474	0.312240
53	78	0.473987	0.688467	0.473441
19	101	0.473965	0.688451	0.358588
53	36	0.473808	0.688337	0.670127
22	244	0.473725	0.688277	0.307807
16	39	0.473701	0.688260	1.078570
46	236	0.473575	0.688168	0.307758
15	39	0.473436	0.688067	0.500824
63	26	0.473371	0.688020	0.631340
56	193	0.473221	0.687911	0.502135
2	100	0.473002	0.687751	0.499851
3	75	0.472865	0.687652	0.466238
28	113	0.472823	0.687621	0.561491
45	134	0.472439	0.687342	0.422809
57	244	0.472369	0.687291	0.307366
40	184	0.472189	0.687160	0.360741
64	37	0.472180	0.687154	0.491481
54	36	0.472030	0.687044	0.316401
55	183	0.472006	0.687027	0.468242
61	151	0.471842	0.686908	0.683622
1	61	0.471840	0.686906	0.495378
18	196	0.471669	0.686782	0.641582
64	186	0.471550	0.686695	0.648636
12	81	0.471385	0.686575	0.307046
44	70	0.471177	0.686424	0.646246
9	70	0.471173	0.686420	0.444678
48	95	0.471168	0.686417	0.569275
48	213	0.471156	0.686408	0.891946
40	33	0.471055	0.686334	0.313762
31	118	0.470820	0.686163	0.623423
26	11	0.470721	0.686091	0.306829
67	88	0.470470	0.685908	0.337263
44	9	0.470393	0.685852	0.540841
33	158	0.470361	0.685829	0.333549
6	203	0.470294	0.685780	0.394705
50	185	0.470069	0.685616	0.306617
69	155	0.470040	0.685595	0.691299
37	206	0.469986	0.685555	0.459117
19	232	0.469884	0.685481	0.306556
19	179	0.469639	0.685302	0.356806
47	158	0.469421	0.685143	0.544400
35	26	0.469380	0.685113	0.666934
3	200	0.469177	0.684965	0.350807
19	135	0.469152	0.684946	0.306317
4	78	0.469118	0.684922	1.332530
13	88	0.468982	0.684822	0.428303
29	244	0.468858	0.684732	0.306222
58	92	0.468847	0.684724	0.622540
45	15	0.468813	0.684699	0.306207
47	162	0.468771	0.684669	0.457934
62	35	0.468754	0.684656	0.873533
30	4	0.468710	0.684624	0.509072
3	133	0.468510	0.684478	0.506775
39	251	0.468357	0.684366	0.678520
30	140	0.468199	0.684250	0.595537
32	111	0.468121	0.684194	0.305981
60	231	0.467871	0.684011	0.816961
13	73	0.467702	0.683887	0.777167
34	99	0.467287	0.683584	0.305708
1	91	0.467277	0.683577	0.444588
35	82	0.467269	0.683571	0.754948
53	166	0.467239	0.683549	0.305692
17	32	0.467100	0.683447	0.510965
46	121	0.467026	0.683393	0.381636
44	217	0.466927	0.683320	0.658578
9	212	0.466723	0.683172	0.500969
48	23	0.466628	0.683102	0.490240
42	78	0.466522	0.683024	0.424284
34	139	0.466429	0.682956	0.690667
23	240	0.466251	0.682826	0.830352
14	26	0.466250	0.682825	0.471805
10	174	0.466200	0.682789	0.900028
53	243	0.466200	0.682788	0.727040
71	200	0.466076	0.682698	0.691703
40	105	0.465941	0.682599	0.315191
48	167	0.465809	0.682502	0.447095
67	206	0.465741	0.682452	0.489951
48	208	0.465510	0.682283	0.746286
37	167	0.465507	0.682280	0.528838
16	180	0.465417	0.682215	0.573568
3	63	0.465342	0.682160	0.737854
55	232	0.465311	0.682137	0.305061
36	165	0.465309	0.682136	0.710033
28	109	0.465134	0.682007	0.332513
2	102	0.465093	0.681977	0.782074
69	158	0.464991	0.681902	0.497819
34	126	0.464989	0.681901	0.404764
6	228	0.464799	0.681762	0.651603
22	132	0.464799	0.681761	0.607065
16	179	0.464739	0.681718	0.594957
3	103	0.464407	0.681474	0.536645
6	90	0.464220	0.681337	0.421690
39	243	0.464024	0.681193	0.856142
62	60	0.463997	0.681174	0.442399
23	83	0.463760	0.680999	0.432569
32	156	0.463695	0.680951	0.304531
29	201	0.463559	0.680852	0.794297
69	253	0.463548	0.680843	0.691567
30	25	0.463530	0.680830	0.304477
1	138	0.463498	0.680807	0.484873
45	84	0.463370	0.680713	0.630288
32	181	0.463271	0.680640	0.457586
19	193	0.463249	0.680624	0.489132
55	161	0.463148	0.680550	0.383949
12	110	0.462980	0.680426	0.614164
14	46	0.462967	0.680416	0.613554
8	182	0.462932	0.680391	0.490748
55	55	0.462776	0.680276	0.469037
49	44	0.462735	0.680246	0.496777
17	138	0.462675	0.680202	0.597706
52	190	0.462561	0.680118	0.705353
33	25	0.462387	0.679991	0.431480
22	41	0.462326	0.679945	0.734689
65	196	0.462118	0.679793	0.502931
25	232	0.461888	0.679623	0.303937
7	240	0.461824	0.679576	0.656770
70	94	0.461488	0.679329	0.447757
67	65	0.461260	0.679162	0.649799
57	179	0.461257	0.679159	0.485562
18	243	0.461239	0.679146	0.600587
21	171	0.461206	0.679121	0.536696
7	149	0.461179	0.679101	0.542657
59	181	0.461110	0.679051	0.415097
24	249	0.461064	0.679017	0.303666
48	112	0.461006	0.678975	0.312942
26	128	0.460979	0.678955	0.496777
19	56	0.460876	0.678879	0.362670
6	78	0.460809	0.678829	0.709093
33	189	0.460771	0.678801	0.683010
36	58	0.460613	0.678685	0.320373
52	216	0.460584	0.678663	0.377536
36	188	0.460419	0.678542	0.643416
58	38	0.460289	0.678446	0.490954
65	160	0.460259	0.678424	0.303400
4	94	0.460218	0.678394	0.442960
4	193	0.460026	0.678253	0.541293
16	98	0.459731	0.678034	1.197948
73	140	0.459644	0.677971	0.605772
69	219	0.459503	0.677866	0.715045
60	193	0.459502	0.677866	0.303151
6	158	0.459397	0.677788	0.549877
5	221	0.459274	0.677697	0.330130
30	168	0.459205	0.677647	0.494803
5	203	0.459085	0.677558	0.405197
42	204	0.459031	0.677519	0.312271
36	75	0.458869	0.677399	0.690566
18	5	0.458851	0.677385	2.469258
27	177	0.458661	0.677245	0.898934
47	18	0.458571	0.677178	0.501072
73	31	0.458552	0.677165	0.471177
37	5	0.458424	0.677070	0.590974
25	225	0.458321	0.676994	0.602075
17	116	0.458317	0.676991	0.479421
60	167	0.458264	0.676952	0.805004
12	193	0.458240	0.676934	0.487140
18	44	0.458120	0.676845	0.498973
60	104	0.458053	0.676796	0.502391
72	65	0.458003	0.676759	0.584347
58	233	0.457800	0.676609	0.379393
31	167	0.457784	0.676597	0.559083
35	47	0.457556	0.676429	0.670464
53	5	0.457542	0.676419	0.302504
1	153	0.457503	0.676389	0.334124
40	141	0.457439	0.676342	0.642216
51	20	0.457382	0.676300	0.478718
21	134	0.457118	0.676105	0.348233
16	176	0.457086	0.676081	0.302353
4	55	0.457037	0.676045	0.519291
45	51	0.456967	0.675994	0.613366
40	161	0.456897	0.675941	0.491185
72	129	0.456812	0.675879	0.429890
26	232	0.456714	0.675806	0.401216
30	185	0.456476	0.675630	0.741611
36	112	0.456322	0.675516	0.489770
10	99	0.456321	0.675516	0.399100
19	73	0.456296	0.675497	0.694959
56	237	0.456233	0.675451	0.374994
36	252	0.456205	0.675429	0.496449
2	117	0.456013	0.675288	0.324895
27	72	0.455969	0.675255	0.496450
73	170	0.455954	0.675244	0.301978
2	209	0.455932	0.675227	0.346215
44	27	0.455795	0.675126	0.464616
62	159	0.455749	0.675092	0.451197
43	181	0.455668	0.675032	0.780975
70	195	0.455636	0.675008	0.739523
15	228	0.455582	0.674968	1.015593
3	147	0.455537	0.674934	0.522154
43	210	0.455370	0.674811	0.538579
5	58	0.455332	0.674783	0.414959
35	70	0.455073	0.674591	0.486727
44	239	0.454885	0.674452	0.610945
68	117	0.454765	0.674363	0.564664
53	253	0.454558	0.674209	0.301516
65	138	0.454518	0.674180	0.717326
45	246	0.454327	0.674038	0.592868
55	189	0.453990	0.673788	0.489376
69	138	0.453682	0.673560	0.323450
25	136	0.453566	0.673473	0.301186
66	240	0.453526	0.673444	0.334652
33	244	0.453438	0.673378	0.301144
20	159	0.453365	0.673324	0.486387
63	98	0.453200	0.673202	0.478136
18	67	0.452998	0.673051	0.332697
23	85	0.452991	0.673046	0.300995
14	132	0.452985	0.673042	0.633852
25	249	0.452869	0.672956	0.464653
34	71	0.452858	0.672947	0.654415
69	222	0.452567	0.672731	0.662615
18	201	0.452440	0.672637	0.586551
31	145	0.452389	0.672599	0.527905
8	207	0.452347	0.672568	0.513946
11	221	0.452057	0.672352	0.300685
5	36	0.451859	0.672204	0.910204
57	207	0.451689	0.672078	0.538139
55	71	0.451630	0.672034	0.300543
13	160	0.451606	0.672016	1.134758
47	171	0.451445	0.671896	0.568381
9	184	0.451403	0.671865	0.555630
20	3	0.451279	0.671773	0.434296
22	148	0.451182	0.671701	0.803944
24	228	0.451176	0.671697	0.407151
62	3	0.451060	0.671610	0.717305
63	164	0.450919	0.671505	0.500935
72	144	0.450812	0.671425	0.328912
55	42	0.450797	0.671414	0.821702
72	217	0.450740	0.671371	0.300246
17	10	0.450666	0.671317	0.553637
43	247	0.450517	0.671205	0.440020
22	191	0.450486	0.671183	0.546076
35	134	0.450418	0.671132	0.458531
28	93	0.450255	0.671010	0.529553
64	59	0.450159	0.670939	0.505999
9	94	0.450142	0.670927	0.463692
66	147	0.450040	0.670850	0.427235
67	102	0.450021	0.670836	0.485602
60	185	0.449874	0.670727	0.306286
39	195	0.449849	0.670708	0.728965
19	191	0.449707	0.670602	0.510083
15	23	0.449690	0.670590	0.420662
19	4	0.449216	0.670236	0.472203
54	235	0.449214	0.670235	0.484556
24	161	0.449209	0.670231	0.461464
18	221	0.449154	0.670190	0.488691
11	125	0.448824	0.669943	0.526147
16	78	0.448809	0.669932	0.299603
28	117	0.448677	0.669833	0.565646
20	254	0.448554	0.669742	0.299518
60	170	0.448435	0.669653	0.473268
3	79	0.448309	0.669559	0.308848
23	212	0.448287	0.669543	0.671387
6	190	0.448039	0.669357	0.514889
13	170	0.447981	0.669314	0.319340
64	129	0.447925	0.669272	0.299308
59	147	0.447829	0.669201	0.402587
17	51	0.447647	0.669064	0.506816
44	6	0.447556	0.668996	0.456491
68	169	0.447516	0.668966	0.368215
71	201	0.447443	0.668912	0.730829
46	58	0.447304	0.668808	0.488002
72	53	0.447287	0.668795	0.536860
32	69	0.447264	0.668778	0.869777
48	198	0.447109	0.668662	0.474012
9	174	0.447101	0.668656	0.502646
71	14	0.446992	0.668575	0.444335
34	168	0.446788	0.668422	0.485986
40	154	0.446759	0.668400	0.526408
16	138	0.446674	0.668337	0.572888
16	72	0.446654	0.668322	0.454431
48	174	0.446607	0.668287	0.510400
38	170	0.446484	0.668195	0.971423
22	237	0.446482	0.668193	0.757915
23	33	0.446390	0.668124	0.430900
59	90	0.446362	0.668103	0.655885
41	65	0.446184	0.667970	0.382756
37	177	0.446150	0.667945	0.505061
73	243	0.446139	0.667937	0.460682
7	50	0.446089	0.667899	0.514159
17	4	0.446085	0.667896	1.486486
44	91	0.445942	0.667789	0.723853
68	188	0.445882	0.667744	0.443790
67	222	0.445847	0.667718	0.340643
32	74	0.445573	0.667512	0.404748
31	17	0.445171	0.667211	0.298386
45	52	0.445112	0.667167	0.484511
57	119	0.444903	0.667010	0.372074
72	72	0.444893	0.667003	0.467365
22	82	0.444694	0.666854	0.456715
62	227	0.444486	0.666698	0.647892
24	179	0.444469	0.666685	0.685636
71	217	0.444466	0.666683	0.414232
43	219	0.444428	0.666654	0.298137
26	179	0.444389	0.666625	0.717979
43	233	0.444045	0.666367	0.485722
38	252	0.444026	0.666353	0.360568
69	124	0.443905	0.666262	0.579833
7	243	0.443871	0.666237	0.455149
73	28	0.443753	0.666148	0.343019
53	216	0.443691	0.666101	0.337621
16	251	0.443637	0.666061	0.869123
25	55	0.443493	0.665953	0.625920
61	180	0.443452	0.665922	0.336902
65	173	0.443435	0.665909	1.050081
32	48	0.443361	0.665853	0.595806
17	59	0.443359	0.665852	0.453879
27	165	0.443322	0.665825	0.545289
35	210	0.443290	0.665800	0.495238
11	214	0.443285	0.665796	0.364072
57	110	0.442985	0.665571	0.363961
6	125	0.442940	0.665538	0.482786
6	27	0.442861	0.665478	0.449510
43	81	0.442832	0.665456	0.312068
41	28	0.442812	0.665441	0.477560
62	45	0.442786	0.665422	0.441601
30	76	0.442772	0.665411	0.400073
6	193	0.442578	0.665265	0.297516
52	54	0.442417	0.665144	0.393981
25	18	0.442298	0.665055	0.620342
4	23	0.442247	0.665017	0.404486
35	214	0.442150	0.664943	0.621026
14	114	0.442115	0.664917	0.538875
12	130	0.442054	0.664871	0.465532
55	175	0.442004	0.664834	0.783895
25	63	0.441804	0.664683	0.393708
24	219	0.441739	0.664634	1.135394
45	115	0.441731	0.664628	0.466887
67	141	0.441725	0.664624	0.368890
72	64	0.441633	0.664555	0.380091
36	202	0.441539	0.664484	0.297166
56	186	0.441483	0.664442	0.598267
58	73	0.441297	0.664302	0.593810
49	67	0.441255	0.664271	0.562531
29	118	0.441234	0.664255	0.588971
66	172	0.440945	0.664037	0.542115
18	4	0.440891	0.663997	0.743667
39	136	0.440746	0.663887	0.389074
22	88	0.440732	0.663876	0.296894
39	212	0.440702	0.663854	0.619725
65	171	0.440553	0.663742	0.439157
63	91	0.440463	0.663674	0.501789
28	17	0.440295	0.663548	0.418932
73	88	0.440115	0.663412	0.296687
52	201	0.440063	0.663372	0.333133
44	120	0.439965	0.663299	0.936536
37	118	0.439914	0.663260	0.473954
38	116	0.439787	0.663164	0.340044
27	237	0.439692	0.663093	0.629095
62	108	0.439527	0.662968	0.673721
45	133	0.439319	0.662812	1.060042
4	233	0.439280	0.662782	0.545430
37	140	0.439211	0.662730	0.386684
31	160	0.439202	0.662723	0.404652
25	147	0.438989	0.662562	0.296307
47	114	0.438906	0.662500	0.630711
66	175	0.438558	0.662237	0.703749
21	199	0.438358	0.662086	0.608550
13	157	0.438255	0.662008	0.706033
4	192	0.438105	0.661895	0.451417
52	248	0.438076	0.661873	0.569341
8	155	0.438028	0.661837	0.373707
53	247	0.437840	0.661695	0.479655
22	10	0.437639	0.661543	0.351093
61	139	0.437500	0.661438	0.428167
60	147	0.437436	0.661389	0.518004
33	161	0.437363	0.661334	0.526188
1	112	0.437273	0.661266	0.718897
23	62	0.437264	0.661260	0.305789
30	173	0.437110	0.661143	0.509180
40	156	0.437067	0.661110	0.647292
20	234	0.436949	0.661021	0.879807
68	216	0.436916	0.660996	0.621231
21	182	0.436847	0.660944	0.527883
7	174	0.436759	0.660878	0.720937
45	256	0.436663	0.660805	0.510433
1	116	0.436615	0.660769	1.960335
27	102	0.436493	0.660676	0.486105
20	143	0.436210	0.660462	0.728088
51	17	0.436115	0.660390	0.433614
17	147	0.436020	0.660318	0.396796
53	151	0.435926	0.660247	0.616792
25	10	0.435718	0.660089	0.662892
51	32	0.435698	0.660074	0.475612
71	78	0.435682	0.660062	0.412384
14	233	0.435118	0.659635	0.399154
72	130	0.434912	0.659478	0.470966
73	191	0.434849	0.659431	0.532342
58	119	0.434736	0.659345	0.469297
18	233	0.434712	0.659327	0.470626
11	185	0.434691	0.659311	0.430098
46	75	0.434682	0.659305	0.627618
26	9	0.434646	0.659277	0.779776
25	47	0.434539	0.659196	0.339406
67	159	0.434463	0.659138	0.503848
61	49	0.434272	0.658993	1.122301
43	112	0.434204	0.658942	0.526388
26	122	0.434142	0.658894	0.328779
5	33	0.433593	0.658478	0.644331
24	32	0.433580	0.658468	0.603848
30	209	0.433506	0.658412	0.324430
22	212	0.433367	0.658307	0.871367
67	62	0.433357	0.658299	0.419820
28	242	0.433216	0.658191	0.499640
59	35	0.433202	0.658181	0.473351
23	146	0.433165	0.658153	0.493902
35	98	0.433132	0.658127	0.825257
8	218	0.432842	0.657908	0.784350
38	34	0.432736	0.657826	0.297810
54	54	0.432623	0.657741	0.696131
12	34	0.432559	0.657692	0.463024
25	191	0.432463	0.657620	0.318355
12	46	0.432407	0.657577	0.294077
44	205	0.432395	0.657568	0.294073
43	187	0.432385	0.657560	0.498411
60	164	0.432249	0.657456	0.294023
58	14	0.432113	0.657353	0.293977
3	96	0.432015	0.657279	0.319472
11	202	0.431988	0.657258	0.569907
8	87	0.431973	0.657247	0.293930
70	78	0.431728	0.657060	0.597031
13	116	0.431667	0.657014	0.309734
4	11	0.431538	0.656915	0.430009
29	10	0.431531	0.656910	0.394756
70	211	0.431492	0.656880	0.519696
41	49	0.431478	0.656870	0.833658
15	172	0.431384	0.656798	0.472785
69	114	0.431355	0.656776	0.366564
54	94	0.431255	0.656700	0.474820
42	124	0.431198	0.656657	0.340397
13	49	0.431097	0.656579	0.374441
73	241	0.430960	0.656475	0.378452
54	232	0.430957	0.656473	0.293584
48	253	0.430939	0.656460	0.705976
21	255	0.430932	0.656454	0.392425
34	50	0.430727	0.656298	0.342225
9	202	0.430652	0.656241	0.545856
56	36	0.430496	0.656122	0.589142
60	206	0.430406	0.656053	0.714068
8	238	0.430234	0.655922	0.293337
27	16	0.430227	0.655917	0.517934
45	1	0.430200	0.655897	0.293326
44	180	0.430169	0.655873	0.372639
71	169	0.430141	0.655851	0.521961
15	140	0.430072	0.655798	0.660386
63	88	0.430059	0.655788	1.046342
60	216	0.429846	0.655626	0.386138
47	234	0.429719	0.655529	0.470096
22	221	0.429650	0.655477	0.460898
44	147	0.429530	0.655385	0.478177
25	143	0.429516	0.655375	0.467346
53	66	0.429490	0.655355	0.506657
55	246	0.429471	0.655341	0.470153
34	15	0.429332	0.655235	0.618437
65	98	0.429323	0.655227	0.422253
64	91	0.429312	0.655219	0.487953
12	189	0.429278	0.655193	0.293011
12	240	0.429207	0.655139	0.421497
13	151	0.429115	0.655069	0.544222
9	210	0.429067	0.655032	0.536965
45	85	0.428973	0.654960	0.447796
17	251	0.428970	0.654958	0.538755
59	97	0.428966	0.654955	0.292905
60	44	0.428427	0.654544	0.485322
73	115	0.428329	0.654468	0.529787
42	216	0.428301	0.654447	0.553296
69	205	0.428274	0.654426	0.292668
68	178	0.428256	0.654413	0.356298
8	91	0.428208	0.654376	0.340590
64	49	0.428176	0.654352	1.237546
10	4	0.428078	0.654276	3.050358
12	178	0.428052	0.654256	0.311617
21	104	0.428047	0.654253	0.292591
9	3	0.428012	0.654226	0.317756
62	246	0.427860	0.654110	0.460426
31	106	0.427723	0.654005	0.608432
29	137	0.427679	0.653972	0.581350
10	134	0.427638	0.653940	0.548757
33	42	0.427629	0.653933	0.539871
2	103	0.427594	0.653907	0.788191
52	40	0.427455	0.653801	0.582127
6	56	0.427423	0.653776	0.630364
38	67	0.427260	0.653651	0.602226
27	41	0.427167	0.653580	0.442706
39	162	0.427026	0.653472	0.406762
69	75	0.426940	0.653406	0.460929
7	212	0.426928	0.653397	0.642525
39	237	0.426921	0.653392	0.476475
49	226	0.426911	0.653385	0.558467
37	92	0.426724	0.653241	0.395264
5	153	0.426718	0.653237	0.568738
57	163	0.426529	0.653092	0.360123
58	83	0.426489	0.653061	0.540531
19	203	0.426464	0.653042	0.691014
56	250	0.426410	0.653000	1.274574
27	130	0.426409	0.653000	0.292030
73	231	0.426359	0.652962	0.480852
18	217	0.426357	0.652961	0.339879
47	147	0.426242	0.652872	0.300798
39	170	0.426175	0.652821	0.291951
33	94	0.426078	0.652746	0.388532
26	78	0.426070	0.652741	0.508032
4	96	0.426035	0.652714	0.528272
65	240	0.425917	0.652623	0.365487
52	157	0.425908	0.652616	0.517547
13	43	0.425760	0.652503	0.987553
8	240	0.425742	0.652489	0.295937
16	185	0.425729	0.652479	0.322375
1	231	0.425679	0.652441	0.453281
20	115	0.425645	0.652415	0.414897
32	108	0.425641	0.652412	0.708478
15	117	0.425585	0.652369	0.461665
54	95	0.425578	0.652364	0.527175
24	23	0.425572	0.652359	0.979869
7	14	0.425468	0.652279	0.711200
19	212	0.425422	0.652244	0.522235
63	89	0.425413	0.652237	0.376462
72	149	0.425408	0.652233	0.466182
69	236	0.425375	0.652208	0.661997
23	80	0.425370	0.652204	0.376210
46	167	0.425230	0.652096	0.646632
62	49	0.425213	0.652084	0.291621
10	85	0.425145	0.652032	0.591854
11	147	0.425084	0.651985	0.315019
27	248	0.425003	0.651923	0.291549
42	115	0.424851	0.651806	0.464968
16	1	0.424821	0.651783	0.523990
59	38	0.424659	0.651658	0.717689
62	61	0.424650	0.651652	0.509822
4	172	0.424489	0.651528	0.447690
57	44	0.424417	0.651473	1.082758
52	165	0.424330	0.651406	0.415125
31	139	0.424278	0.651367	0.291300
20	187	0.424143	0.651262	0.363786
5	143	0.424123	0.651247	0.487886
52	44	0.424116	0.651242	0.437738
10	190	0.423876	0.651057	0.458905
41	23	0.423648	0.650883	0.291084
45	69	0.423443	0.650725	0.313419
11	48	0.423306	0.650620	0.522566
50	22	0.423221	0.650555	0.348135
64	246	0.423220	0.650554	0.617695
30	109	0.423174	0.650518	0.869257
67	16	0.423168	0.650514	0.668965
26	108	0.423159	0.650507	0.609436
35	107	0.422963	0.650356	1.099374
21	5	0.422648	0.650113	1.103936
15	86	0.422635	0.650104	0.554941
13	47	0.422117	0.649705	0.352534
42	158	0.421935	0.649565	0.340396
49	95	0.421892	0.649532	1.181997
4	189	0.421869	0.649515	0.378049
17	156	0.421857	0.649505	0.397658
64	256	0.421788	0.649452	0.556533
60	176	0.421772	0.649440	0.446932
45	4	0.421723	0.649402	0.436364
73	137	0.421720	0.649399	0.612073
67	223	0.421686	0.649374	0.290409
16	173	0.421662	0.649355	0.682544
31	256	0.421652	0.649348	0.440292
26	240	0.421475	0.649211	0.472545
27	152	0.421391	0.649146	0.584416
15	64	0.421348	0.649113	0.657920
44	59	0.421328	0.649098	0.696883
38	114	0.421314	0.649087	0.632386
6	119	0.421175	0.648980	0.290233
23	7	0.421136	0.648950	0.434426
67	17	0.421021	0.648862	0.633954
67	105	0.420923	0.648786	0.466166
51	151	0.420805	0.648695	0.318958
19	227	0.420703	0.648616	0.462891
30	37	0.420639	0.648567	0.344887
63	228	0.420584	0.648525	0.471279
55	244	0.420505	0.648464	0.402882
44	34	0.420390	0.648375	0.602749
66	57	0.420272	0.648284	0.289921
25	168	0.420267	0.648280	0.382281
32	97	0.420142	0.648184	0.691435
3	153	0.420043	0.648107	0.289842
55	143	0.420039	0.648104	0.289841
26	50	0.420037	0.648103	0.470737
12	91	0.420035	0.648101	0.289840
69	82	0.419912	0.648006	0.289797
17	166	0.419801	0.647921	0.962804
41	156	0.419384	0.647598	0.403892
56	133	0.419326	0.647554	0.377042
49	179	0.419106	0.647384	0.289519
17	28	0.418886	0.647214	0.467356
58	227	0.418775	0.647128	0.341422
33	141	0.418764	0.647120	0.289401
12	100	0.418653	0.647034	0.439211
69	162	0.418595	0.646989	0.580904
32	40	0.418579	0.646977	0.289337
73	232	0.418490	0.646908	0.299675
22	36	0.418399	0.646838	0.613745
64	140	0.418190	0.646676	0.430937
17	31	0.418148	0.646644	0.592392
6	169	0.418124	0.646625	0.306006
18	26	0.418004	0.646532	0.665790
37	172	0.417959	0.646498	0.976660
38	122	0.417940	0.646483	0.371790
22	166	0.417938	0.646481	0.506405
48	18	0.417561	0.646190	0.406265
65	61	0.417553	0.646184	0.340105
70	237	0.417374	0.646045	0.552036
63	40	0.417267	0.645962	0.372448
60	37	0.417151	0.645873	0.493016
33	255	0.417107	0.645838	0.798136
32	146	0.416998	0.645754	0.430532
26	211	0.416843	0.645634	0.781001
42	168	0.416743	0.645557	0.435418
13	205	0.416737	0.645552	0.372019
11	150	0.416511	0.645376	0.437382
6	72	0.416371	0.645268	0.495945
40	254	0.416271	0.645191	0.735840
24	126	0.416188	0.645127	1.539814
39	95	0.416026	0.645001	0.479933
41	47	0.416017	0.644994	0.361189
20	32	0.415967	0.644955	0.623892
12	252	0.415788	0.644816	0.423928
7	180	0.415729	0.644770	0.689459
53	17	0.415693	0.644742	0.484482
46	246	0.415574	0.644650	0.563252
66	161	0.415554	0.644635	0.759354
30	201	0.415521	0.644609	0.456288
19	7	0.415331	0.644461	0.716856
68	222	0.415199	0.644359	0.428163
26	82	0.414879	0.644111	0.329449
2	234	0.414744	0.644007	0.606956
65	239	0.414603	0.643896	0.562003
25	142	0.414397	0.643736	1.106523
47	88	0.414208	0.643590	0.507093
53	56	0.414175	0.643564	0.297000
48	83	0.414135	0.643533	0.666655
21	88	0.414043	0.643462	0.287765
2	212	0.413867	0.643325	0.567901
63	180	0.413835	0.643300	0.353165
7	25	0.413771	0.643250	0.533594
46	55	0.413654	0.643159	0.729988
64	110	0.413624	0.643136	0.298614
23	175	0.413445	0.642997	0.702104
35	44	0.413425	0.642981	0.665431
1	125	0.413423	0.642980	0.287549
19	178	0.413320	0.642900	0.963128
19	44	0.413320	0.642900	0.287514
50	157	0.413283	0.642871	0.506382
19	137	0.413193	0.642801	0.412724
68	251	0.413141	0.642761	0.601643
1	236	0.413112	0.642738	0.485576
44	135	0.412856	0.642539	0.287352
46	63	0.412810	0.642503	0.745168
57	209	0.412757	0.642462	0.438334
40	176	0.412576	0.642321	0.287255
43	254	0.412572	0.642317	0.421437
48	141	0.412489	0.642253	0.416125
30	6	0.412237	0.642057	0.403855
34	76	0.412188	0.642018	0.383442
15	129	0.412083	0.641937	0.676731
20	197	0.412073	0.641929	0.523340
54	143	0.411945	0.641829	0.405007
7	48	0.411850	0.641755	0.448503
4	107	0.411755	0.641682	0.467272
61	256	0.411734	0.641665	0.459294
66	46	0.411671	0.641616	0.332895
4	184	0.411663	0.641609	0.371327
61	186	0.411604	0.641564	0.286916
43	183	0.411509	0.641490	0.584992
73	84	0.411294	0.641322	0.341290
51	87	0.410983	0.641079	0.817870
69	209	0.410891	0.641008	0.467996
33	214	0.410804	0.640940	0.453418
31	247	0.410803	0.640939	0.606300
23	71	0.410755	0.640902	0.316424
21	71	0.410622	0.640798	0.416875
44	195	0.410360	0.640594	0.286482
23	99	0.410260	0.640515	0.676705
45	131	0.410201	0.640469	0.513925
59	154	0.410057	0.640357	0.557427
56	93	0.409990	0.640305	1.391166
44	53	0.409739	0.640109	0.447688
5	44	0.409652	0.640041	0.334322
70	214	0.409561	0.639969	0.648716
59	132	0.409502	0.639923	0.335655
63	152	0.409483	0.639909	0.637313
1	204	0.409473	0.639901	0.575495
63	14	0.409296	0.639762	0.294969
43	106	0.409294	0.639761	0.293134
58	185	0.409290	0.639758	0.442551
7	115	0.409129	0.639632	0.542036
27	24	0.408970	0.639508	0.821291
64	249	0.408941	0.639485	0.427362
30	183	0.408782	0.639360	0.374200
22	211	0.408656	0.639262	0.625028
64	206	0.408644	0.639253	0.422438
68	41	0.408641	0.639250	0.466586
11	171	0.408606	0.639223	0.464480
14	196	0.408482	0.639126	0.651307
73	151	0.408447	0.639099	0.338393
33	76	0.408405	0.639066	0.657587
16	83	0.408373	0.639041	0.285788
29	101	0.408359	0.639030	0.374080
18	254	0.408138	0.638857	0.493827
41	96	0.407857	0.638636	0.539243
17	242	0.407743	0.638548	0.749851
2	140	0.407686	0.638503	0.945932
3	46	0.407612	0.638445	0.649424
69	32	0.407559	0.638403	0.978456
40	236	0.407448	0.638317	0.841928
34	14	0.407413	0.638289	0.285452
55	136	0.407322	0.638218	0.539081
42	103	0.407296	0.638198	0.461637
12	159	0.407087	0.638034	0.309367
12	83	0.407067	0.638018	0.650858
16	57	0.406895	0.637883	0.285270
55	1	0.406827	0.637830	0.465322
26	217	0.406825	0.637829	0.450981
63	22	0.406644	0.637686	0.285182
66	176	0.406566	0.637625	0.443459
70	4	0.406454	0.637537	1.367881
7	100	0.406451	0.637535	0.561677
38	11	0.406362	0.637465	0.285083
65	58	0.406232	0.637363	0.599127
58	166	0.406214	0.637350	0.285031
3	126	0.406136	0.637288	0.663138
33	88	0.406118	0.637274	0.679138
27	166	0.406071	0.637237	0.284981
46	143	0.406046	0.637217	0.372414
42	188	0.405967	0.637155	0.411516
67	9	0.405651	0.636907	0.555803
13	159	0.405338	0.636662	1.143258
4	198	0.405304	0.636635	0.554002
1	145	0.405031	0.636420	0.331443
48	189	0.405002	0.636398	1.024342
32	103	0.405000	0.636396	0.456703
42	56	0.404957	0.636363	0.352141
59	234	0.404669	0.636136	0.560357
23	90	0.404571	0.636059	0.392625
63	195	0.404542	0.636037	0.457435
18	154	0.404407	0.635930	0.593422
7	21	0.404407	0.635930	0.630481
6	39	0.404067	0.635663	0.330433
47	60	0.404002	0.635611	0.531201
34	17	0.403964	0.635581	0.284241
73	72	0.403943	0.635565	0.628647
42	79	0.403881	0.635516	0.284211
42	67	0.403870	0.635508	0.845752
62	100	0.403794	0.635448	0.463250
28	119	0.403774	0.635432	0.563421
50	83	0.403670	0.635351	0.449034
13	58	0.403647	0.635332	0.284129
16	125	0.403637	0.635325	0.429238
9	41	0.403624	0.635314	0.463918
64	104	0.403545	0.635252	0.563580
55	204	0.403401	0.635139	0.545536
46	23	0.403015	0.634835	0.463399
30	193	0.402980	0.634807	0.401333
73	214	0.402707	0.634592	0.293852
13	50	0.402656	0.634552	0.423500
15	191	0.402620	0.634524	0.650562
21	39	0.402602	0.634509	0.373274
26	125	0.402582	0.634494	0.348944
15	126	0.402411	0.634359	1.005429
8	186	0.402361	0.634319	0.428927
17	123	0.402247	0.634229	0.546063
25	101	0.402216	0.634205	0.615909
47	50	0.402086	0.634102	0.460418
10	74	0.402023	0.634053	0.572425
32	240	0.401822	0.633894	0.447716
27	107	0.401800	0.633877	0.346759
61	206	0.401621	0.633735	0.460672
43	172	0.401570	0.633695	0.630157
41	171	0.401483	0.633627	0.364541
16	192	0.401430	0.633585	0.910888
6	92	0.401380	0.633546	0.498823
34	80	0.401170	0.633380	0.283256
62	7	0.401167	0.633377	0.283255
17	178	0.401023	0.633264	0.566323
59	165	0.400987	0.633235	0.599850
56	54	0.400957	0.633212	0.390772
9	140	0.400944	0.633201	0.302036
9	150	0.400866	0.633140	0.434820
1	17	0.400807	0.633094	0.367989
55	22	0.400800	0.633087	0.437519
30	33	0.400782	0.633074	0.655430
69	20	0.400643	0.632964	0.424274
66	209	0.400421	0.632789	0.444399
27	120	0.400409	0.632779	0.403431
16	223	0.400342	0.632726	0.282964
12	30	0.400326	0.632713	1.218955
1	80	0.400321	0.632709	0.458563
18	68	0.400234	0.632641	0.488255
33	41	0.400202	0.632615	0.317665
28	140	0.400099	0.632534	0.559202
51	244	0.399993	0.632450	0.546612
56	173	0.399920	0.632393	0.585611
28	214	0.399916	0.632389	0.580476
23	44	0.399820	0.632313	0.413512
64	224	0.399769	0.632273	0.290929
13	56	0.399742	0.632252	0.450233
56	148	0.399645	0.632175	0.582565
9	218	0.399494	0.632055	0.309271
27	6	0.399440	0.632012	0.441619
12	79	0.399329	0.631925	0.549343
70	111	0.399327	0.631923	0.666772
51	93	0.399316	0.631915	1.947056
4	175	0.399300	0.631902	0.543862
28	54	0.399218	0.631837	0.610034
31	50	0.399202	0.631824	0.447957
7	113	0.399180	0.631807	0.721413
46	21	0.399161	0.631792	0.463275
67	243	0.399151	0.631784	0.282542
16	105	0.399131	0.631768	0.629388
25	87	0.399090	0.631736	0.360366
70	136	0.399051	0.631705	0.330260
23	204	0.399042	0.631698	0.581609
67	39	0.398846	0.631543	0.519922
59	114	0.398794	0.631502	0.508903
71	120	0.398740	0.631458	0.839865
44	28	0.398703	0.631429	0.325267
2	79	0.398682	0.631413	0.299001
49	108	0.398487	0.631258	0.423060
8	109	0.398469	0.631244	0.451250
31	173	0.398460	0.631237	0.304887
56	84	0.398200	0.631031	0.447640
15	47	0.398117	0.630966	0.478003
58	175	0.398068	0.630926	0.404256
5	121	0.397975	0.630853	0.429390
61	234	0.397779	0.630697	0.382238
8	128	0.397692	0.630628	0.682803
17	240	0.397419	0.630412	0.561323
54	192	0.397352	0.630359	0.302486
49	104	0.397259	0.630285	0.281872
33	159	0.397135	0.630187	0.469203
71	154	0.397083	0.630145	0.281810
56	108	0.397070	0.630135	0.624016
47	243	0.396879	0.629984	0.414615
47	75	0.396792	0.629914	0.393828
38	247	0.396775	0.629901	1.183644
58	188	0.396613	0.629772	0.479524
47	245	0.396380	0.629587	0.553207
16	195	0.396118	0.629379	0.580223
3	20	0.396064	0.629336	0.352078
10	90	0.396047	0.629322	0.519323
52	78	0.395987	0.629275	0.481650
6	135	0.395976	0.629266	0.393818
60	244	0.395941	0.629238	0.289976
20	178	0.395870	0.629182	0.418305
28	173	0.395839	0.629157	0.446835
46	219	0.395788	0.629117	0.558058
14	7	0.395693	0.629041	1.268253
28	235	0.395605	0.628971	0.625802
3	160	0.395561	0.628936	0.363740
32	105	0.395389	0.628799	0.392287
11	32	0.395342	0.628762	0.417520
46	200	0.395338	0.628759	0.339264
58	45	0.395332	0.628754	0.450929
3	151	0.395027	0.628512	0.281079
64	73	0.394940	0.628442	0.585077
50	70	0.394813	0.628341	0.337401
25	156	0.394717	0.628265	0.314850
61	6	0.394584	0.628159	0.280921
20	29	0.394463	0.628063	0.553769
70	241	0.394257	0.627899	0.630541
8	195	0.394196	0.627850	0.310539
39	180	0.394195	0.627850	0.667891
21	116	0.394042	0.627728	0.457340
34	199	0.393971	0.627671	0.351041
29	249	0.393846	0.627572	0.667633
73	256	0.393829	0.627558	0.280652
69	249	0.393801	0.627536	0.605318
10	80	0.393725	0.627475	0.527801
48	79	0.393673	0.627434	0.542583
11	99	0.393586	0.627364	0.601115
64	253	0.393545	0.627331	0.398341
31	163	0.393426	0.627237	0.522188
49	9	0.393209	0.627064	1.069152
58	249	0.393198	0.627055	0.680879
38	148	0.393181	0.627042	0.605780
4	66	0.393096	0.626973	0.551949
26	105	0.393030	0.626921	0.436131
55	243	0.392991	0.626890	0.551516
35	38	0.392963	0.626868	0.503611
24	174	0.392853	0.626780	0.515480
63	205	0.392832	0.626763	0.436981
12	101	0.392535	0.626526	0.524176
5	223	0.392482	0.626484	0.419851
37	49	0.392325	0.626359	0.293362
31	89	0.392044	0.626134	1.052958
70	109	0.391870	0.625995	0.744330
2	154	0.391814	0.625950	0.571351
48	1	0.391719	0.625875	0.737463
52	230	0.391698	0.625857	0.567380
9	91	0.391263	0.625510	0.607317
38	129	0.391259	0.625507	0.403961
16	106	0.390708	0.625067	0.573889
35	166	0.390660	0.625028	0.568507
52	149	0.390472	0.624877	0.635852
2	126	0.390385	0.624808	0.377293
5	231	0.390359	0.624787	0.530784
12	17	0.390216	0.624673	0.382377
23	43	0.390049	0.624539	1.417013
69	200	0.389899	0.624419	0.616149
13	224	0.389885	0.624408	0.924307
39	124	0.389814	0.624351	0.279218
46	185	0.389595	0.624175	0.643880
61	193	0.389582	0.624165	0.433089
22	57	0.389557	0.624145	0.417241
15	256	0.389533	0.624126	0.820167
73	40	0.389491	0.624092	0.444269
11	116	0.389210	0.623867	0.279002
8	5	0.388906	0.623623	0.362347
65	157	0.388888	0.623608	0.288021
13	200	0.388864	0.623590	0.545607
67	181	0.388692	0.623452	0.567463
25	7	0.388591	0.623371	0.375727
18	33	0.388566	0.623351	0.505346
54	216	0.388558	0.623344	0.532639
42	4	0.388481	0.623282	0.301537
49	164	0.388433	0.623244	0.817628
34	23	0.388423	0.623236	0.921604
3	114	0.388353	0.623179	0.440970
45	119	0.388131	0.623001	0.669863
14	22	0.388003	0.622899	0.455853
30	240	0.387803	0.622738	0.412153
45	153	0.387679	0.622638	0.809964
51	64	0.387673	0.622634	0.423745
26	75	0.387583	0.622561	0.383523
43	151	0.387469	0.622470	0.284194
34	225	0.387141	0.622207	0.347866
34	55	0.386962	0.622063	0.441151
72	227	0.386778	0.621915	0.491024
6	221	0.386759	0.621900	0.507235
63	251	0.386757	0.621898	0.467639
51	63	0.386580	0.621756	0.597812
44	14	0.386539	0.621723	0.453369
36	111	0.386475	0.621671	0.384662
18	59	0.386195	0.621446	0.423196
68	220	0.386137	0.621399	0.624278
10	204	0.386133	0.621396	0.418168
38	143	0.386062	0.621339	0.482829
66	208	0.385965	0.621260	0.526160
68	219	0.385922	0.621226	0.504207
59	146	0.385725	0.621068	0.476868
7	189	0.385658	0.621013	0.277726
62	240	0.385649	0.621007	0.526856
9	116	0.385458	0.620852	0.391317
32	57	0.385295	0.620721	0.469726
29	191	0.385294	0.620721	0.778369
24	97	0.385292	0.620719	0.489248
36	54	0.385243	0.620680	0.316228
58	35	0.385241	0.620678	0.508178
9	169	0.385218	0.620659	0.445485
32	68	0.385108	0.620571	0.277528
19	172	0.385053	0.620526	0.656172
7	211	0.385012	0.620493	0.277493
12	109	0.384929	0.620426	0.626387
36	191	0.384722	0.620259	0.432543
71	221	0.384705	0.620246	0.391203
37	76	0.384703	0.620245	0.277382
30	182	0.384535	0.620109	0.510491
20	4	0.384530	0.620104	0.277319
40	79	0.384278	0.619902	0.286367
58	120	0.384246	0.619876	0.277217
1	75	0.384233	0.619866	0.584097
54	241	0.384151	0.619799	0.334920
64	242	0.384012	0.619687	0.619241
14	35	0.383967	0.619650	0.277116
10	177	0.383864	0.619568	0.974684
39	93	0.383803	0.619518	0.616189
15	153	0.383782	0.619501	0.331016
53	81	0.383549	0.619313	0.276965
15	67	0.383489	0.619265	0.578927
56	168	0.383469	0.619249	0.509155
38	163	0.383403	0.619196	0.439500
31	88	0.383202	0.619033	0.474068
11	10	0.383132	0.618977	0.424582
67	14	0.383088	0.618941	0.479067
41	164	0.383085	0.618939	0.380977
13	237	0.383036	0.618899	0.630233
42	151	0.383011	0.618879	0.564790
32	142	0.382908	0.618795	0.484063
14	144	0.382882	0.618774	0.679851
31	174	0.382850	0.618749	0.335530
9	6	0.382742	0.618662	0.342815
62	241	0.382693	0.618622	0.562458
27	27	0.382620	0.618563	0.347338
68	165	0.382297	0.618302	0.316300
5	213	0.382289	0.618295	0.446205
15	165	0.382225	0.618243	0.276487
71	177	0.382154	0.618186	0.337858
60	166	0.382138	0.618173	0.281412
27	132	0.382131	0.618167	0.276453
40	229	0.382005	0.618066	0.336017
48	47	0.382002	0.618063	0.629764
21	55	0.381996	0.618058	0.674849
9	214	0.381946	0.618018	0.827320
73	54	0.381835	0.617928	0.582972
12	217	0.381734	0.617846	0.384235
70	207	0.381577	0.617719	0.447966
61	35	0.381523	0.617676	0.632358
14	185	0.381512	0.617667	0.373246
20	54	0.381487	0.617647	0.507549
52	84	0.381441	0.617609	0.522286
35	235	0.381243	0.617449	0.291943
50	61	0.381192	0.617408	1.499291
19	202	0.381183	0.617400	0.276110
55	69	0.381134	0.617361	0.545799
21	27	0.380805	0.617094	0.317940
39	123	0.380699	0.617008	0.356376
34	105	0.380688	0.616999	0.510519
61	76	0.380672	0.616987	0.322941
6	100	0.380560	0.616895	0.367666
67	233	0.380541	0.616880	0.347972
18	138	0.380538	0.616878	0.483515
62	163	0.380357	0.616731	0.542390
46	149	0.380297	0.616682	0.353219
37	132	0.380266	0.616657	0.305204
14	68	0.380170	0.616579	0.972037
62	111	0.379918	0.616375	0.441189
49	110	0.379823	0.616298	0.665293
25	145	0.379731	0.616223	1.782790
7	128	0.379647	0.616155	0.315410
12	200	0.379559	0.616083	0.477340
56	129	0.379496	0.616033	0.446443
31	209	0.379450	0.615995	0.441870
14	79	0.379367	0.615928	0.429106
20	92	0.379274	0.615852	0.436483
35	67	0.379094	0.615706	0.480057
23	129	0.379085	0.615699	0.465977
35	76	0.379075	0.615691	0.467888
15	239	0.378973	0.615608	0.445611
71	173	0.378943	0.615583	0.275297
37	204	0.378859	0.615515	0.380821
46	225	0.378765	0.615439	0.416924
65	38	0.378618	0.615319	0.348720
1	198	0.378510	0.615232	0.275140
69	220	0.378494	0.615219	0.376955
69	202	0.378483	0.615210	0.480014
56	3	0.378354	0.615105	0.343560
70	9	0.378301	0.615062	0.817497
35	105	0.378091	0.614891	0.540538
39	64	0.378059	0.614865	0.423844
13	250	0.378008	0.614824	0.417918
63	5	0.377966	0.614790	0.536585
64	192	0.377965	0.614789	0.445721
68	191	0.377819	0.614670	0.274889
28	248	0.377808	0.614660	0.418917
37	41	0.377717	0.614586	0.430995
35	52	0.377701	0.614574	0.402183
53	207	0.377566	0.614464	0.337988
38	87	0.377445	0.614366	0.501023
37	196	0.377403	0.614331	0.274737
34	196	0.377280	0.614231	0.274692
31	131	0.377142	0.614119	0.624095
11	142	0.376824	0.613860	0.459633
60	235	0.376758	0.613807	0.498626
54	221	0.376736	0.613788	0.345308
4	147	0.376556	0.613642	0.419754
42	48	0.376042	0.613223	0.803297
19	124	0.376036	0.613218	0.506673
9	250	0.376023	0.613207	0.379649
18	20	0.376022	0.613206	0.640726
67	178	0.375967	0.613161	0.446980
42	27	0.375929	0.613131	0.294217
56	213	0.375928	0.613130	0.643545
36	150	0.375906	0.613112	0.406123
42	180	0.375499	0.612780	0.447451
57	102	0.375444	0.612735	0.323808
72	124	0.375388	0.612689	0.475726
42	72	0.375359	0.612665	0.297726
44	212	0.375270	0.612593	0.454086
68	170	0.375269	0.612592	0.556066
23	88	0.375211	0.612545	0.447329
66	133	0.375171	0.612512	0.536597
31	62	0.375129	0.612478	0.476938
55	225	0.375041	0.612406	0.294397
23	82	0.374871	0.612267	0.624020
1	216	0.374856	0.612255	0.273809
47	209	0.374754	0.612171	0.517247
1	212	0.374615	0.612058	0.421556
11	192	0.374566	0.612018	0.418395
38	127	0.374564	0.612016	0.446354
60	78	0.374535	0.611992	0.534385
55	179	0.374534	0.611992	0.593516
23	199	0.374532	0.611990	0.372984
12	183	0.374514	0.611976	0.634434
53	105	0.374202	0.611721	0.357649
31	1	0.374186	0.611708	0.520313
24	53	0.374181	0.611703	0.315778
51	77	0.374038	0.611586	0.487460
68	26	0.374035	0.611584	0.307598
71	191	0.373979	0.611538	0.387467
53	129	0.373752	0.611353	0.452659
12	137	0.373674	0.611288	0.387704
18	188	0.373661	0.611278	0.399220
4	125	0.373603	0.611231	0.543239
69	68	0.373602	0.611230	0.639708
1	63	0.373447	0.611103	0.523236
21	222	0.373439	0.611097	0.443927
6	132	0.373191	0.610894	0.388779
63	23	0.373153	0.610862	0.318226
72	176	0.373082	0.610804	0.497447
17	38	0.372989	0.610728	0.356354
3	143	0.372959	0.610704	0.542494
50	173	0.372911	0.610665	0.393542
67	33	0.372834	0.610602	0.444088
4	202	0.372799	0.610572	0.273056
27	256	0.372719	0.610508	0.632869
11	33	0.372692	0.610485	0.425353
58	30	0.372473	0.610305	0.437837
16	84	0.372454	0.610290	0.386781
62	172	0.372441	0.610279	0.306858
12	216	0.372353	0.610208	0.295584
8	192	0.372305	0.610168	0.558764
54	14	0.372216	0.610095	0.538330
34	231	0.372123	0.610019	0.634815
12	170	0.372052	0.609961	0.518640
16	200	0.372027	0.609940	0.417671
33	79	0.371869	0.609811	0.619681
2	66	0.371707	0.609678	0.453547
25	64	0.371597	0.609588	0.280996
55	107	0.371541	0.609542	0.272595
61	63	0.371527	0.609530	0.272590
35	176	0.371514	0.609520	0.317432
61	7	0.371455	0.609471	0.666118
50	207	0.371429	0.609450	0.341420
72	128	0.371381	0.609411	0.869408
39	234	0.371378	0.609408	1.016811
8	235	0.371328	0.609367	0.329153
47	227	0.371314	0.609356	0.931106
63	132	0.371052	0.609141	0.272416
56	17	0.371050	0.609139	0.439679
3	203	0.370987	0.609087	0.272392
9	4	0.370864	0.608986	0.886539
38	79	0.370819	0.608949	0.417160
41	134	0.370689	0.608842	0.383526
54	25	0.370630	0.608794	0.327703
11	245	0.370625	0.608790	0.420511
51	198	0.370532	0.608713	0.272225
46	118	0.370475	0.608666	0.948621
26	62	0.370473	0.608665	0.355611
61	75	0.370434	0.608633	0.292241
26	104	0.370388	0.608595	0.560440
47	53	0.370270	0.608498	0.436916
64	72	0.370163	0.608410	0.457444
69	101	0.370142	0.608393	0.272082
61	255	0.370038	0.608307	0.635060
34	245	0.369971	0.608253	0.362658
8	161	0.369926	0.608216	0.620144
50	115	0.369798	0.608110	0.427494
49	203	0.369423	0.607802	0.273602
43	3	0.369310	0.607708	0.780543
5	152	0.369255	0.607663	0.420865
64	116	0.369245	0.607655	0.355737
13	89	0.369159	0.607585	0.505013
2	206	0.369112	0.607546	0.575399
66	68	0.368970	0.607429	0.271650
52	122	0.368886	0.607360	0.466787
2	92	0.368778	0.607271	0.533211
66	254	0.368755	0.607252	0.654448
5	252	0.368708	0.607213	0.431482
35	188	0.368671	0.607183	0.379655
55	46	0.368510	0.607051	0.527255
27	253	0.368441	0.606994	0.660102
32	162	0.368369	0.606934	0.517056
16	79	0.368349	0.606917	0.646672
13	68	0.368313	0.606888	0.422242
3	146	0.367932	0.606574	0.271268
41	114	0.367803	0.606468	0.487632
14	5	0.367762	0.606433	0.564120
12	198	0.367760	0.606432	0.271205
52	49	0.367680	0.606366	0.271175
66	160	0.367601	0.606301	1.000545
13	140	0.367589	0.606291	0.463953
72	132	0.367578	0.606282	0.396826
56	247	0.367403	0.606138	0.554523
38	84	0.367275	0.606032	0.442583
24	88	0.367194	0.605965	1.506283
50	255	0.367101	0.605889	0.278345
65	149	0.367066	0.605860	0.395703
11	3	0.367027	0.605827	0.533100
36	52	0.366963	0.605775	0.270911
57	64	0.366959	0.605772	0.446331
13	219	0.366891	0.605716	0.853183
45	204	0.366856	0.605686	0.270871
73	100	0.366822	0.605658	0.345768
1	141	0.366799	0.605640	0.496378
47	55	0.366799	0.605639	0.494306
35	72	0.366796	0.605636	0.494160
19	97	0.366777	0.605621	0.300607
32	125	0.366743	0.605593	0.441352
31	177	0.366707	0.605564	0.535966
50	79	0.366665	0.605529	0.371592
12	225	0.366501	0.605394	0.420236
65	82	0.366495	0.605388	0.505613
48	109	0.366388	0.605300	0.430466
66	191	0.366357	0.605274	0.685949
38	30	0.366322	0.605245	0.341727
44	200	0.366106	0.605067	0.449380
56	64	0.365985	0.604967	0.270550
5	199	0.365880	0.604880	0.336998
28	249	0.365852	0.604857	1.200998
34	216	0.365827	0.604836	0.461132
40	35	0.365694	0.604727	0.493951
23	47	0.365520	0.604583	0.321519
29	241	0.365470	0.604541	0.404581
5	123	0.365433	0.604511	0.355331
72	133	0.365323	0.604419	0.393056
34	21	0.365310	0.604409	0.335671
45	163	0.365204	0.604321	0.594953
56	107	0.365167	0.604290	0.439274
29	175	0.365074	0.604214	0.656228
59	231	0.365070	0.604210	0.359909
6	58	0.364968	0.604126	0.313336
4	211	0.364918	0.604085	0.441156
22	168	0.364870	0.604045	0.515953
39	211	0.364858	0.604035	0.423727
66	215	0.364827	0.604009	0.378985
54	71	0.364814	0.603998	0.430488
61	45	0.364597	0.603819	0.818372
64	147	0.364452	0.603698	0.409875
55	150	0.364391	0.603648	0.385379
45	186	0.364365	0.603627	0.607989
6	40	0.364336	0.603602	0.269939
33	38	0.364331	0.603599	0.372235
64	31	0.364328	0.603596	0.333190
30	1	0.364210	0.603498	0.437009
15	134	0.364154	0.603452	0.340011
67	231	0.364139	0.603440	0.360636
24	149	0.364045	0.603361	2.510327
69	182	0.364019	0.603340	0.386202
26	37	0.364009	0.603332	0.447989
15	230	0.363903	0.603244	0.481366
35	153	0.363871	0.603218	0.401112
40	32	0.363823	0.603177	0.269749
27	161	0.363779	0.603141	0.495248
27	242	0.363723	0.603095	0.411870
20	162	0.363560	0.602960	0.486147
21	30	0.363544	0.602946	0.435129
25	177	0.363436	0.602857	0.438492
54	222	0.363404	0.602830	0.573352
52	99	0.363371	0.602802	0.326768
66	163	0.363305	0.602748	0.369889
57	153	0.363203	0.602664	0.784484
5	120	0.363191	0.602654	0.295027
10	136	0.362985	0.602483	0.408081
52	69	0.362980	0.602478	0.471859
9	58	0.362766	0.602301	0.269357
53	4	0.362703	0.602248	0.392909
54	233	0.362668	0.602219	0.425491
15	148	0.362665	0.602216	0.310112
37	203	0.362653	0.602207	0.656799
61	110	0.362602	0.602164	0.476808
19	80	0.362578	0.602145	0.388487
55	135	0.362502	0.602081	0.360099
36	158	0.362451	0.602039	0.756082
35	213	0.362447	0.602035	0.312305
56	83	0.362406	0.602002	0.383780
48	68	0.362330	0.601939	0.269195
10	164	0.362199	0.601830	0.439510
60	87	0.362169	0.601804	1.010620
61	132	0.362128	0.601771	0.658183
28	100	0.361979	0.601647	0.269065
33	140	0.361908	0.601588	0.567945
13	252	0.361745	0.601453	0.337808
56	7	0.361469	0.601223	0.409012
28	226	0.361288	0.601073	0.268808
2	61	0.361283	0.601068	0.463789
53	204	0.361262	0.601050	0.433327
58	216	0.361223	0.601019	0.280315
21	219	0.361185	0.600987	0.675987
32	71	0.361180	0.600982	0.956165
38	16	0.361144	0.600953	0.274901
67	96	0.361118	0.600931	0.558530
57	116	0.361054	0.600878	0.529612
26	225	0.361015	0.600845	0.727478
12	212	0.360425	0.600354	0.429358
12	14	0.360409	0.600341	0.680680
22	228	0.360401	0.600334	0.268478
66	130	0.360369	0.600308	0.541798
36	60	0.360333	0.600278	0.285429
63	199	0.360290	0.600241	0.268436
29	163	0.360222	0.600185	0.353936
40	77	0.360211	0.600176	0.495510
22	128	0.360054	0.600045	0.268348
59	155	0.360009	0.600007	0.436437
8	118	0.360006	0.600005	0.609861
44	33	0.359879	0.599899	0.531534
66	154	0.359856	0.599880	0.329233
66	205	0.359633	0.599694	0.496870
2	108	0.359551	0.599626	0.416310
15	87	0.359520	0.599600	0.347988
34	110	0.359423	0.599519	0.653043
20	93	0.359323	0.599436	0.285992
49	5	0.359318	0.599431	0.720768
30	73	0.359255	0.599379	0.824710
49	105	0.359224	0.599353	0.268039
17	162	0.359210	0.599341	0.457191
33	87	0.359176	0.599313	0.363914
29	38	0.359079	0.599232	0.407481
19	48	0.359074	0.599228	0.831875
61	93	0.358775	0.598978	0.630480
18	78	0.358752	0.598959	0.481571
51	154	0.358733	0.598943	0.498383
41	58	0.358693	0.598910	0.267841
22	201	0.358658	0.598880	0.267827
60	245	0.358645	0.598869	0.407270
42	46	0.358593	0.598827	0.274209
48	154	0.358587	0.598822	0.535937
3	182	0.358535	0.598778	0.539279
65	20	0.358496	0.598745	0.398803
10	70	0.358476	0.598729	0.423149
37	256	0.358466	0.598720	0.497545
64	208	0.358450	0.598707	0.439749
30	116	0.358428	0.598688	0.416583
55	169	0.358316	0.598595	0.410573
56	135	0.358247	0.598538	0.385677
40	142	0.358150	0.598457	0.293233
30	115	0.358115	0.598427	0.334710
8	56	0.358057	0.598379	0.460428
41	211	0.358041	0.598365	0.510515
71	148	0.358034	0.598359	0.436561
18	85	0.357982	0.598316	0.598311
70	141	0.357872	0.598224	0.445240
51	92	0.357864	0.598217	0.384931
19	253	0.357807	0.598170	0.309638
25	71	0.357800	0.598164	0.499389
43	89	0.357786	0.598152	0.458072
3	89	0.357703	0.598083	0.431013
22	105	0.357675	0.598059	0.548135
25	6	0.357289	0.597737	0.434816
45	224	0.357191	0.597655	0.326677
65	182	0.357180	0.597646	0.267275
46	105	0.356910	0.597419	0.652127
61	131	0.356808	0.597334	0.267136
40	252	0.356806	0.597332	0.430056
39	143	0.356561	0.597127	0.858251
2	236	0.356460	0.597043	0.459828
67	29	0.356433	0.597020	0.293949
30	84	0.356347	0.596948	0.757131
1	150	0.356340	0.596942	0.310112
42	97	0.356339	0.596942	0.314321
17	78	0.356323	0.596928	0.379213
23	191	0.355835	0.596519	0.558837
38	115	0.355429	0.596179	0.266619
19	133	0.355383	0.596140	0.388407
12	20	0.355310	0.596079	0.433048
33	249	0.355162	0.595955	0.304537
62	148	0.355156	0.595949	0.623822
54	171	0.355148	0.595943	0.828573
59	229	0.355136	0.595933	0.586241
68	15	0.355067	0.595875	0.266484
31	119	0.355046	0.595858	0.324377
1	255	0.355044	0.595855	0.367150
21	220	0.354822	0.595670	0.266392
47	29	0.354611	0.595492	0.426649
52	73	0.354575	0.595462	0.280174
53	60	0.354484	0.595385	0.376613
59	64	0.354480	0.595382	0.323412
73	22	0.354417	0.595330	0.586291
58	181	0.353985	0.594966	0.654448
13	6	0.353948	0.594935	0.411860
11	37	0.353836	0.594841	0.400337
73	230	0.353828	0.594834	0.704749
16	127	0.353794	0.594806	0.370489
5	95	0.353636	0.594673	0.265946
43	146	0.353587	0.594632	0.376964
1	188	0.353570	0.594617	0.596820
30	3	0.353197	0.594304	0.265781
23	76	0.353132	0.594249	0.409634
41	25	0.352932	0.594081	0.346126
9	165	0.352870	0.594028	0.772742
52	168	0.352856	0.594017	0.306138
41	186	0.352842	0.594005	0.433649
47	37	0.352726	0.593907	0.359385
42	184	0.352614	0.593813	0.443813
2	86	0.352598	0.593799	0.786682
69	247	0.352579	0.593783	0.439984
13	76	0.352550	0.593760	0.304730
10	43	0.352498	0.593715	0.342879
6	134	0.352474	0.593695	0.630591
41	3	0.352444	0.593670	0.527274
73	150	0.352353	0.593593	0.416838
45	175	0.352335	0.593578	0.312056
48	232	0.352323	0.593568	0.467254
55	82	0.352161	0.593432	0.599948
10	188	0.352154	0.593426	0.265388
59	226	0.352148	0.593421	0.708189
55	43	0.352104	0.593383	0.321269
9	167	0.352043	0.593332	0.265346
72	146	0.352022	0.593315	0.827565
2	95	0.351682	0.593028	0.445122
31	46	0.351637	0.592990	0.397161
47	68	0.351610	0.592967	0.570001
41	204	0.351584	0.592945	0.686262
54	122	0.351517	0.592889	0.422208
14	88	0.351359	0.592755	0.540923
5	77	0.351337	0.592737	0.295199
23	189	0.351293	0.592700	0.473376
33	168	0.351155	0.592583	0.265011
57	169	0.351125	0.592558	0.422500
23	55	0.351050	0.592494	0.440450
36	110	0.350980	0.592436	0.346885
33	254	0.350917	0.592383	0.628872
22	24	0.350741	0.592234	0.264855
25	119	0.350680	0.592182	0.360372
67	95	0.350459	0.591995	0.645637
61	89	0.350443	0.591982	0.573807
5	14	0.350370	0.591921	0.463648
19	247	0.350193	0.591771	0.431306
55	127	0.350158	0.591742	0.264635
50	41	0.350155	0.591739	0.433881
70	231	0.350126	0.591715	0.306323
50	103	0.350080	0.591676	0.447335
49	202	0.350047	0.591648	0.497041
33	174	0.350039	0.591641	0.264590
67	104	0.349928	0.591547	0.385287
50	6	0.349767	0.591411	0.306003
33	221	0.349754	0.591400	0.695314
70	156	0.349737	0.591386	0.805968
34	102	0.349641	0.591305	0.482523
20	204	0.349609	0.591278	0.481033
43	71	0.349591	0.591262	0.370891
52	124	0.349480	0.591169	0.490656
43	69	0.349465	0.591156	0.471487
20	241	0.349398	0.591099	0.515427
19	238	0.349304	0.591020	0.313677
68	31	0.349286	0.591004	0.371102
21	105	0.349153	0.590892	0.409323
13	153	0.349051	0.590805	0.478087
12	3	0.348665	0.590478	0.291090
66	211	0.348456	0.590302	0.263991
37	163	0.348293	0.590164	0.392246
62	98	0.348146	0.590039	0.639763
30	117	0.348078	0.589981	0.358334
22	14	0.348019	0.589932	1.780815
72	234	0.347984	0.589902	0.397407
21	152	0.347969	0.589889	0.500547
3	205	0.347832	0.589773	0.640700
30	68	0.347683	0.589646	1.008132
62	41	0.347674	0.589639	0.429065
6	238	0.347662	0.589628	0.427815
13	203	0.347542	0.589527	0.608283
62	143	0.347482	0.589476	0.397745
15	43	0.347468	0.589464	0.445612
5	130	0.347343	0.589358	0.546700
8	219	0.347288	0.589311	0.263548
66	24	0.347237	0.589268	0.275876
10	232	0.347224	0.589257	0.429460
35	95	0.347014	0.589079	0.551506
22	141	0.346963	0.589035	0.395058
28	252	0.346929	0.589007	0.552231
31	74	0.346912	0.588992	0.424185
71	206	0.346844	0.588935	1.105557
12	206	0.346844	0.588935	0.327163
70	91	0.346737	0.588843	0.429712
10	211	0.346654	0.588773	0.860238
40	246	0.346587	0.588716	0.387730
26	68	0.346560	0.588693	0.523330
73	48	0.346234	0.588417	0.380763
31	5	0.346231	0.588414	0.527996
16	201	0.346215	0.588400	0.460670
34	124	0.346055	0.588264	0.347093
16	7	0.346020	0.588234	1.119195
26	22	0.345970	0.588192	0.562998
59	141	0.345859	0.588098	0.509470
72	95	0.345809	0.588055	0.526321
13	232	0.345807	0.588054	0.455948
45	185	0.345773	0.588025	0.293472
46	244	0.345620	0.587894	0.324054
30	141	0.345423	0.587727	0.762846
16	196	0.345377	0.587688	0.469327
23	57	0.345355	0.587669	0.427149
49	54	0.345330	0.587648	0.428677
26	254	0.345257	0.587586	0.286634
18	124	0.345186	0.587526	0.267441
55	72	0.345184	0.587524	0.307464
28	40	0.345140	0.587486	0.366012
37	253	0.344917	0.587297	0.262647
41	214	0.344842	0.587232	0.416144
2	90	0.344801	0.587198	0.410478
55	16	0.344761	0.587163	0.606255
11	226	0.344667	0.587083	0.378533
43	50	0.344485	0.586929	0.597332
67	194	0.344458	0.586906	0.422896
72	190	0.344445	0.586895	0.391653
22	32	0.344414	0.586868	0.330659
65	131	0.344329	0.586796	0.425521
33	228	0.344245	0.586724	0.378192
35	124	0.344169	0.586659	0.376382
54	131	0.344084	0.586587	0.471894
73	234	0.343831	0.586371	0.697652
15	101	0.343584	0.586161	0.359910
21	224	0.343553	0.586134	0.407915
65	17	0.343540	0.586123	0.291136
9	204	0.343483	0.586074	0.414281
39	39	0.343467	0.586061	0.262094
8	247	0.343356	0.585966	0.597029
48	157	0.343310	0.585927	0.475319
53	109	0.343293	0.585912	0.433938
37	61	0.343247	0.585873	0.293078
3	111	0.343241	0.585867	0.499255
29	69	0.343060	0.585713	0.316016
62	171	0.342998	0.585660	0.497233
49	33	0.342930	0.585602	0.261889
44	109	0.342877	0.585557	0.261869
41	46	0.342681	0.585390	0.281867
19	106	0.342655	0.585368	0.261784
70	40	0.342632	0.585348	0.456121
71	107	0.342595	0.585316	0.261761
31	142	0.342535	0.585265	0.688534
52	107	0.342496	0.585232	0.320618
46	226	0.342442	0.585185	0.517653
69	86	0.342306	0.585069	0.261651
11	229	0.342295	0.585060	0.588764
56	179	0.341976	0.584787	0.261525
30	151	0.341947	0.584762	0.261514
20	99	0.341859	0.584687	0.486987
10	239	0.341853	0.584682	0.307784
15	6	0.341847	0.584677	0.401761
45	173	0.341790	0.584628	0.261454
48	31	0.341788	0.584626	0.338937
5	99	0.341727	0.584574	1.032848
7	230	0.341594	0.584461	0.460589
17	231	0.341576	0.584445	0.427328
51	135	0.341536	0.584411	0.434534
66	16	0.341497	0.584378	0.303027
9	131	0.341487	0.584369	0.488031
27	142	0.341475	0.584359	0.343906
24	250	0.341323	0.584228	0.328094
72	16	0.341292	0.584202	0.487461
11	96	0.341271	0.584184	0.922197
32	197	0.341025	0.583973	0.507148
41	201	0.340895	0.583862	0.310550
45	49	0.340844	0.583819	0.261092
18	36	0.340737	0.583727	0.261050
52	238	0.340730	0.583721	0.422164
29	107	0.340729	0.583720	0.281453
70	135	0.340710	0.583703	0.387286
36	211	0.340673	0.583672	0.415681
18	7	0.340405	0.583442	1.795156
23	6	0.340308	0.583359	1.007711
4	33	0.340304	0.583356	0.409996
43	100	0.340190	0.583258	0.453346
39	96	0.340161	0.583234	0.434907
63	170	0.340107	0.583187	0.260809
21	82	0.340105	0.583185	0.413199
16	186	0.340068	0.583153	0.840604
20	231	0.340023	0.583115	0.604679
5	255	0.339978	0.583076	0.507806
65	179	0.339909	0.583017	0.600563
52	108	0.339862	0.582977	0.597475
13	59	0.339739	0.582872	0.260668
20	30	0.339630	0.582777	0.353166
12	184	0.339510	0.582675	0.472387
69	213	0.339344	0.582532	0.569411
38	229	0.339325	0.582517	0.575529
60	36	0.339278	0.582476	0.771972
50	254	0.339169	0.582382	0.958251
32	110	0.339162	0.582376	0.384371
40	163	0.339128	0.582347	0.318255
1	195	0.339048	0.582278	0.260403
48	228	0.338996	0.582234	0.396772
70	38	0.338953	0.582197	0.260366
51	204	0.338916	0.582165	0.405708
71	141	0.338776	0.582045	0.495663
3	247	0.338633	0.581922	0.754144
30	60	0.338543	0.581844	0.460839
62	17	0.338495	0.581803	0.530073
28	197	0.338394	0.581717	0.372923
2	11	0.338238	0.581583	1.382428
30	222	0.338171	0.581525	0.553083
71	157	0.338092	0.581457	0.445583
8	7	0.338085	0.581450	0.400946
36	254	0.338008	0.581384	0.295310
71	101	0.337990	0.581369	0.259996
65	83	0.337908	0.581299	0.259965
2	32	0.337871	0.581267	0.412401
45	140	0.337770	0.581180	0.444318
62	147	0.337643	0.581071	0.347828
18	38	0.337641	0.581069	0.259862
36	183	0.337629	0.581059	0.458994
36	230	0.337575	0.581012	0.311072
53	55	0.337548	0.580989	0.870089
7	242	0.337540	0.580982	0.357425
63	95	0.337518	0.580963	0.554178
70	21	0.337506	0.580953	0.577691
67	133	0.337377	0.580841	0.357216
73	20	0.337343	0.580812	0.652586
33	205	0.337339	0.580809	0.272637
33	20	0.337260	0.580741	0.329600
40	132	0.337158	0.580653	0.726573
35	218	0.336977	0.580497	0.516179
64	88	0.336847	0.580385	0.445368
19	226	0.336776	0.580324	0.271352
9	27	0.336749	0.580300	1.155293
21	243	0.336692	0.580252	0.274926
36	198	0.336639	0.580206	0.509909
15	217	0.336623	0.580192	0.908496
4	28	0.336550	0.580129	0.310696
23	92	0.336542	0.580123	0.268088
17	216	0.336499	0.580085	0.289734
70	179	0.336358	0.579964	0.420228
18	214	0.336298	0.579912	0.657865
51	122	0.336265	0.579883	0.484819
2	170	0.336239	0.579861	0.405271
45	160	0.336146	0.579781	0.320569
54	202	0.336068	0.579713	0.371198
4	191	0.336017	0.579669	0.380895
40	86	0.335903	0.579571	0.594335
23	63	0.335721	0.579414	0.395340
24	28	0.335667	0.579368	0.585923
43	155	0.335523	0.579244	0.399365
53	79	0.335488	0.579213	0.400653
59	82	0.335478	0.579205	0.295113
14	195	0.335472	0.579200	0.408667
32	116	0.335466	0.579194	0.317481
47	126	0.335362	0.579105	1.049948
6	178	0.335261	0.579018	0.258945
66	34	0.335157	0.578927	0.423925
29	164	0.335130	0.578904	0.395495
39	66	0.335125	0.578900	0.485997
28	152	0.335100	0.578878	0.794392
26	4	0.335019	0.578808	0.422620
41	165	0.334833	0.578648	0.420269
9	233	0.334732	0.578560	0.421874
10	130	0.334675	0.578511	0.413821
29	239	0.334669	0.578506	0.304043
64	84	0.334478	0.578341	0.507564
2	62	0.334433	0.578302	0.526065
26	87	0.334318	0.578202	0.652629
13	41	0.334302	0.578189	0.453277
41	116	0.334231	0.578127	0.260782
11	209	0.334181	0.578084	0.372637
12	154	0.334115	0.578026	0.406455
56	5	0.334058	0.577977	0.286402
27	149	0.333945	0.577880	0.367670
61	30	0.333884	0.577827	0.384174
33	104	0.333716	0.577681	0.460922
12	245	0.333691	0.577660	0.387300
62	40	0.333638	0.577614	0.555642
42	159	0.333557	0.577544	0.477993
53	3	0.333491	0.577487	0.504522
35	146	0.333484	0.577481	0.296818
31	69	0.333472	0.577470	0.797033
60	62	0.333443	0.577445	0.437789
33	198	0.333419	0.577425	0.366082
8	226	0.333388	0.577398	0.480254
34	87	0.333376	0.577387	0.408119
34	239	0.333330	0.577347	0.307026
13	216	0.333316	0.577335	0.406994
3	195	0.333225	0.577256	0.258157
52	82	0.333076	0.577127	0.523893
44	168	0.333034	0.577091	0.452571
49	123	0.333024	0.577082	0.521770
64	44	0.333018	0.577077	0.258077
20	160	0.332981	0.577045	0.356430
70	254	0.332914	0.576987	0.306806
27	5	0.332825	0.576910	0.534133
59	180	0.332660	0.576767	0.271654
73	89	0.332505	0.576632	0.464714
38	250	0.332489	0.576618	0.375156
48	45	0.332438	0.576574	0.540742
71	246	0.332338	0.576488	0.615672
19	23	0.332277	0.576435	0.462934
5	32	0.332211	0.576378	1.045030
12	186	0.332190	0.576359	0.312804
11	122	0.332186	0.576356	0.678141
14	238	0.332098	0.576279	0.420026
28	163	0.332082	0.576266	0.262042
50	138	0.332076	0.576260	0.337118
35	219	0.332066	0.576252	0.399139
40	165	0.331860	0.576072	0.377252
12	155	0.331698	0.575933	0.600716
65	117	0.331680	0.575917	0.471628
67	219	0.331662	0.575901	0.408925
47	177	0.331511	0.575770	0.316886
52	132	0.331493	0.575754	0.636728
31	71	0.331457	0.575723	0.445881
46	138	0.331271	0.575561	0.454400
6	256	0.331262	0.575554	0.556616
13	183	0.331235	0.575530	0.257385
20	76	0.331224	0.575520	0.408827
38	245	0.331198	0.575498	0.497575
39	252	0.331137	0.575445	0.278866
26	241	0.331046	0.575366	0.581845
62	206	0.330770	0.575126	0.399215
50	95	0.330674	0.575042	0.445027
51	194	0.330633	0.575007	0.662103
9	205	0.330610	0.574987	0.268857
61	60	0.330609	0.574986	0.257142
1	187	0.330600	0.574978	0.470465
70	96	0.330512	0.574902	0.319910
38	80	0.330489	0.574882	0.257095
56	155	0.330420	0.574822	0.478916
60	39	0.330278	0.574698	0.257013
11	154	0.330184	0.574617	0.385347
31	83	0.330158	0.574594	0.291623
32	165	0.330147	0.574584	0.453342
46	191	0.330114	0.574556	0.539935
71	27	0.330063	0.574511	0.256929
7	236	0.330022	0.574475	0.456327
47	132	0.330005	0.574460	0.437422
72	111	0.329960	0.574421	0.431325
22	146	0.329861	0.574335	0.310476
17	180	0.329804	0.574286	0.413476
68	171	0.329761	0.574248	0.294670
34	94	0.329653	0.574154	0.334425
13	166	0.329533	0.574050	0.528877
34	36	0.329483	0.574006	0.614577
55	125	0.329425	0.573956	0.390183
50	98	0.329384	0.573919	0.566017
68	174	0.329369	0.573907	0.256659
57	173	0.329349	0.573889	0.291506
71	61	0.329326	0.573869	0.289205
40	73	0.329323	0.573867	0.378894
45	94	0.329306	0.573852	0.849880
47	71	0.329257	0.573809	0.327098
67	198	0.329210	0.573768	0.256597
6	218	0.329094	0.573667	0.668403
11	254	0.329094	0.573667	0.499027
44	76	0.329066	0.573643	0.661405
37	139	0.328858	0.573461	0.256460
39	73	0.328847	0.573452	0.566197
4	80	0.328836	0.573442	0.500140
56	183	0.328821	0.573429	0.256445
43	59	0.328774	0.573389	0.527225
57	208	0.328630	0.573263	0.339567
33	86	0.328570	0.573211	0.485049
56	41	0.328532	0.573177	0.529271
69	164	0.328493	0.573143	0.325787
61	22	0.328362	0.573028	0.321188
12	256	0.328288	0.572964	0.345612
56	192	0.328203	0.572890	0.374379
17	50	0.328113	0.572812	0.472846
43	212	0.327932	0.572653	0.582127
17	222	0.327489	0.572267	0.463447
43	209	0.327430	0.572215	0.584618
35	127	0.327113	0.571938	0.334354
33	102	0.326876	0.571731	0.255686
55	59	0.326836	0.571696	0.349609
58	183	0.326792	0.571657	0.314580
63	72	0.326680	0.571559	0.255609
45	41	0.326367	0.571285	0.358987
43	244	0.326286	0.571214	0.297391
21	25	0.326267	0.571198	0.477075
43	225	0.326199	0.571138	0.490839
66	104	0.326098	0.571050	0.383647
28	131	0.325994	0.570959	0.262455
53	23	0.325928	0.570901	0.341701
38	196	0.325883	0.570861	0.267205
55	111	0.325798	0.570787	0.541876
9	166	0.325669	0.570674	0.370134
39	148	0.325597	0.570611	0.826534
44	166	0.325557	0.570576	0.907406
53	149	0.325547	0.570567	0.385778
14	86	0.325409	0.570447	0.324982
40	217	0.325318	0.570367	0.449777
37	87	0.325292	0.570344	0.409846
36	95	0.325269	0.570324	0.565026
53	57	0.325032	0.570116	0.302967
50	170	0.324973	0.570064	0.415298
11	143	0.324960	0.570053	0.611456
63	108	0.324902	0.570001	0.513266
58	212	0.324851	0.569957	0.467752
7	52	0.324833	0.569941	0.428888
63	107	0.324795	0.569908	0.392835
20	56	0.324523	0.569669	0.320986
36	43	0.324433	0.569590	0.422310
51	47	0.324426	0.569584	0.592664
3	256	0.324414	0.569574	0.622912
37	37	0.324389	0.569551	0.254711
63	149	0.324384	0.569547	0.526134
20	70	0.324308	0.569480	0.418128
63	57	0.324209	0.569393	0.384946
30	45	0.324206	0.569391	0.318972
60	108	0.324144	0.569337	0.289835
38	180	0.323960	0.569175	0.341733
64	67	0.323943	0.569160	0.307995
32	14	0.323913	0.569134	0.394008
10	173	0.323745	0.568986	0.406587
46	30	0.323641	0.568895	0.314811
26	47	0.323341	0.568631	0.288392
43	62	0.323155	0.568467	0.254226
58	53	0.323118	0.568435	0.376186
16	162	0.323077	0.568399	0.470651
63	235	0.323076	0.568398	0.673792
52	171	0.323034	0.568361	0.306154
29	187	0.323000	0.568331	0.790269
1	64	0.322972	0.568307	0.411277
16	255	0.322903	0.568246	0.353223
66	198	0.322800	0.568155	0.423281
33	124	0.322745	0.568106	0.846771
30	16	0.322601	0.567980	0.340813
72	228	0.322575	0.567957	0.402308
2	132	0.322569	0.567951	0.629381
23	5	0.322454	0.567850	0.262183
46	109	0.322346	0.567755	0.383746
33	33	0.322287	0.567703	0.297057
27	103	0.322256	0.567676	0.274210
21	124	0.322177	0.567607	0.570072
67	61	0.322090	0.567530	0.367123
56	44	0.322036	0.567483	0.657652
10	26	0.321999	0.567450	0.824468
24	103	0.321891	0.567355	0.742091
3	235	0.321847	0.567315	1.017070
68	156	0.321589	0.567088	0.426664
58	162	0.321563	0.567065	0.597157
68	184	0.321553	0.567057	0.553067
53	192	0.321499	0.567009	0.429744
58	168	0.321436	0.566953	0.442307
65	150	0.321340	0.566869	0.384612
30	226	0.321332	0.566862	0.426437
26	205	0.321200	0.566745	0.405812
48	194	0.321171	0.566720	0.413414
11	237	0.321126	0.566680	0.457754
66	62	0.321081	0.566640	0.605842
58	99	0.321080	0.566639	0.467061
39	83	0.321009	0.566576	0.470790
2	171	0.320922	0.566499	0.658400
35	51	0.320852	0.566438	0.501429
29	238	0.320654	0.566263	0.353338
61	148	0.320371	0.566013	0.392630
52	47	0.320311	0.565961	0.505850
4	130	0.320288	0.565940	0.381107
45	199	0.320231	0.565890	0.311213
45	10	0.320059	0.565737	0.327001
12	52	0.320000	0.565686	0.503051
65	96	0.319956	0.565646	0.368901
58	165	0.319944	0.565636	0.456965
62	224	0.319840	0.565544	0.380800
47	108	0.319746	0.565461	0.326142
40	21	0.319677	0.565400	0.252854
54	182	0.319419	0.565171	0.484823
8	135	0.319413	0.565167	0.324800
70	121	0.319413	0.565167	0.576205
1	208	0.319391	0.565146	0.409656
34	169	0.319312	0.565077	0.315314
27	54	0.319302	0.565068	0.252706
20	123	0.319257	0.565028	0.252688
43	58	0.319192	0.564971	0.412196
36	21	0.319106	0.564895	0.418963
39	236	0.319061	0.564855	0.319941
71	205	0.318986	0.564788	0.262721
26	149	0.318944	0.564751	0.467800
31	190	0.318922	0.564732	0.478451
8	48	0.318900	0.564713	0.593572
26	97	0.318755	0.564584	0.547767
53	231	0.318710	0.564544	0.385173
5	112	0.318576	0.564425	0.252488
29	67	0.318480	0.564340	0.601279
35	17	0.318166	0.564062	0.541777
41	91	0.318140	0.564039	0.378420
38	134	0.318054	0.563963	0.454754
54	107	0.318034	0.563945	0.363627
60	171	0.318019	0.563932	0.569977
70	239	0.317910	0.563835	0.411598
41	106	0.317896	0.563822	0.515958
10	214	0.317769	0.563710	0.352476
20	89	0.317669	0.563622	0.344685
34	65	0.317498	0.563469	0.608425
7	61	0.317492	0.563465	0.556870
12	236	0.317459	0.563435	0.816595
65	212	0.317352	0.563340	0.537830
55	18	0.317345	0.563334	0.612538
30	203	0.316968	0.562999	0.404361
4	134	0.316776	0.562829	0.380383
33	47	0.316682	0.562745	0.340160
37	1	0.316664	0.562729	0.672616
71	256	0.316634	0.562703	0.396154
37	26	0.316515	0.562597	0.303749
42	242	0.316372	0.562470	0.438841
48	225	0.316342	0.562443	0.441739
41	148	0.316313	0.562417	0.799106
12	157	0.316177	0.562296	0.251466
72	106	0.316113	0.562239	0.310855
59	188	0.316065	0.562196	0.335047
57	84	0.315887	0.562038	0.543494
30	30	0.315721	0.561891	0.370071
62	221	0.315683	0.561857	0.684936
11	186	0.315649	0.561826	0.532328
71	25	0.315547	0.561735	0.251216
15	154	0.315538	0.561727	0.427503
45	141	0.315522	0.561713	0.599551
12	61	0.315489	0.561684	0.394605
2	110	0.315478	0.561674	0.429372
57	111	0.315295	0.561511	0.400250
24	178	0.315281	0.561499	0.398956
63	9	0.315271	0.561490	0.402259
14	115	0.315226	0.561449	0.418485
28	53	0.315178	0.561407	0.600169
10	179	0.315064	0.561306	0.276103
14	76	0.314993	0.561242	0.440490
15	22	0.314872	0.561134	0.386291
3	137	0.314805	0.561075	0.348985
37	36	0.314748	0.561024	0.300953
64	236	0.314743	0.561020	0.444583
15	205	0.314660	0.560946	0.454040
7	215	0.314532	0.560831	0.400971
51	22	0.314496	0.560800	0.250797
64	150	0.314375	0.560692	0.391921
28	217	0.314284	0.560610	0.623782
16	18	0.314110	0.560455	0.931407
7	167	0.313976	0.560336	0.381373
22	232	0.313841	0.560216	0.250536
53	254	0.313790	0.560170	0.393289
67	226	0.313676	0.560068	0.395014
54	231	0.313668	0.560061	0.250467
49	171	0.313668	0.560060	0.445092
50	29	0.313567	0.559971	0.522762
72	24	0.313521	0.559929	0.267413
28	83	0.313511	0.559920	0.250404
4	67	0.313479	0.559892	0.340453
31	225	0.313449	0.559865	0.405784
32	170	0.313348	0.559775	0.308340
33	150	0.313153	0.559601	0.956932
5	78	0.312968	0.559436	0.686637
66	35	0.312967	0.559435	0.368700
55	137	0.312921	0.559393	0.669050
48	14	0.312800	0.559285	0.266584
71	95	0.312790	0.559277	0.366837
60	236	0.312721	0.559215	0.250089
1	154	0.312666	0.559165	0.407245
18	25	0.312666	0.559165	0.315757
8	236	0.312503	0.559020	1.254481
13	33	0.312416	0.558942	0.257358
65	26	0.312338	0.558872	0.384733
38	38	0.312332	0.558866	0.372551
69	173	0.312245	0.558789	0.491324
60	119	0.312082	0.558643	0.299209
70	53	0.312069	0.558631	0.249828
37	97	0.312024	0.558591	0.685397
14	89	0.311990	0.558561	0.249796
1	176	0.311946	0.558521	1.129241
39	226	0.311921	0.558499	0.556510
40	222	0.311832	0.558420	0.249733
43	180	0.311794	0.558385	0.640095
57	106	0.311778	0.558371	0.657335
65	238	0.311761	0.558355	0.375958
23	197	0.311743	0.558340	0.337426
50	44	0.311633	0.558241	0.507710
38	62	0.311579	0.558193	0.571690
59	88	0.311307	0.557949	1.002597
34	129	0.311241	0.557889	0.388780
9	15	0.311207	0.557859	0.464709
35	53	0.311134	0.557794	0.690325
52	112	0.311128	0.557788	0.355784
64	228	0.311074	0.557740	0.459117
54	147	0.311031	0.557702	0.365327
33	106	0.311027	0.557698	0.399154
51	116	0.310837	0.557528	0.305510
34	244	0.310822	0.557514	0.858921
47	181	0.310815	0.557508	0.518559
2	53	0.310717	0.557420	0.597960
17	234	0.310709	0.557413	0.384883
67	249	0.310652	0.557362	0.681862
53	213	0.310648	0.557358	0.484557
73	194	0.310537	0.557259	0.249214
54	35	0.310299	0.557045	0.405420
26	10	0.310207	0.556962	0.282829
10	122	0.310081	0.556849	0.403596
50	149	0.310058	0.556829	0.379617
12	167	0.310028	0.556802	0.416990
49	91	0.310024	0.556798	0.282320
27	233	0.310014	0.556789	0.479595
7	121	0.309985	0.556763	0.406490
54	243	0.309963	0.556743	0.393480
9	117	0.309959	0.556740	0.293539
71	82	0.309953	0.556734	0.386043
28	195	0.309772	0.556572	0.285337
13	18	0.309728	0.556532	0.269826
8	69	0.309428	0.556262	0.435829
15	190	0.309274	0.556124	0.758026
29	212	0.309012	0.555888	0.248601
8	180	0.309007	0.555884	0.248599
37	91	0.309004	0.555882	0.583462
4	7	0.308954	0.555836	0.387142
38	41	0.308929	0.555813	0.355882
7	183	0.308812	0.555708	0.512806
55	233	0.308784	0.555684	0.248509
10	236	0.308756	0.555659	0.557327
7	202	0.308753	0.555655	0.479164
3	44	0.308732	0.555637	1.337674
32	73	0.308696	0.555604	0.462538
39	249	0.308514	0.555441	0.283553
61	216	0.308460	0.555392	0.390530
1	219	0.308454	0.555386	0.639524
33	56	0.308433	0.555367	0.248368
42	198	0.308391	0.555330	0.405450
48	115	0.308378	0.555318	0.550321
2	113	0.308365	0.555306	0.401245
5	137	0.308319	0.555265	0.395144
68	48	0.308316	0.555262	0.310483
19	242	0.308307	0.555254	0.549637
57	89	0.308192	0.555150	0.401018
27	66	0.308177	0.555137	0.524168
48	4	0.307988	0.554966	0.319089
56	208	0.307866	0.554856	0.349260
22	195	0.307772	0.554772	0.353528
42	86	0.307714	0.554720	0.436637
14	188	0.307665	0.554675	0.406180
45	253	0.307498	0.554525	0.496995
63	141	0.307468	0.554498	0.586499
7	97	0.307413	0.554448	0.549831
55	237	0.307379	0.554417	0.629692
52	175	0.307353	0.554394	0.599750
71	198	0.307338	0.554381	0.412796
69	107	0.307261	0.554312	0.376254
34	10	0.307254	0.554305	0.254608
71	108	0.307248	0.554299	0.435383
28	59	0.307084	0.554152	0.431979
7	32	0.307083	0.554151	0.247824
59	223	0.307071	0.554140	0.394615
55	155	0.307068	0.554137	0.340308
46	124	0.307043	0.554114	0.521095
16	14	0.307019	0.554093	1.571261
64	222	0.306986	0.554064	0.471707
67	253	0.306541	0.553662	0.717387
25	227	0.306535	0.553656	0.308187
71	54	0.306492	0.553617	0.247585
41	34	0.306477	0.553603	0.470821
52	212	0.306433	0.553564	0.401286
7	208	0.306367	0.553504	0.403935
19	159	0.306273	0.553419	0.396528
47	103	0.306199	0.553353	0.345013
62	74	0.306156	0.553314	0.346496
47	145	0.306038	0.553207	0.671524
71	33	0.305999	0.553172	0.804874
20	188	0.305839	0.553027	0.390712
70	166	0.305425	0.552653	0.815481
20	222	0.305353	0.552587	0.502840
3	145	0.305341	0.552576	0.824866
64	172	0.305220	0.552467	0.247071
8	144	0.305144	0.552399	0.572275
23	89	0.305003	0.552271	0.267330
45	36	0.304882	0.552161	0.527324
54	173	0.304787	0.552075	0.246895
17	204	0.304752	0.552044	0.360755
36	236	0.304702	0.551998	0.737347
42	112	0.304657	0.551958	0.368334
64	46	0.304591	0.551897	0.376469
51	169	0.304234	0.551574	0.271318
2	4	0.304100	0.551453	0.714343
2	72	0.303841	0.551218	0.544531
73	149	0.303741	0.551127	0.550679
49	85	0.303724	0.551111	0.338387
43	9	0.303716	0.551104	0.260598
57	160	0.303707	0.551096	0.474016
20	251	0.303462	0.550874	0.266850
36	53	0.303401	0.550819	0.464011
41	82	0.303386	0.550805	0.246327
56	159	0.303383	0.550802	0.540917
5	248	0.303358	0.550779	0.246316
49	64	0.303255	0.550686	0.279288
24	70	0.303187	0.550624	0.532855
40	62	0.303124	0.550567	0.817534
23	34	0.303085	0.550532	0.298914
34	60	0.302883	0.550348	0.496647
29	66	0.302847	0.550315	0.246109
23	254	0.302835	0.550304	0.401884
69	139	0.302817	0.550288	0.488173
73	135	0.302725	0.550204	0.873046
31	110	0.302657	0.550143	0.500365
19	22	0.302589	0.550081	0.466929
1	115	0.302570	0.550064	0.928187
71	245	0.302537	0.550034	0.470478
67	77	0.302468	0.549971	0.309455
47	138	0.302449	0.549954	0.527596
61	194	0.302309	0.549827	0.246004
9	243	0.302216	0.549742	0.452544
72	35	0.302182	0.549711	0.424641
18	58	0.302116	0.549651	0.465054
14	50	0.302028	0.549570	0.453545
39	248	0.301884	0.549440	0.420972
63	175	0.301848	0.549407	0.537547
43	45	0.301791	0.549355	0.245679
13	95	0.301748	0.549316	0.517939
47	1	0.301654	0.549230	0.846049
31	112	0.301647	0.549224	0.282700
53	139	0.301580	0.549163	1.196685
45	241	0.301440	0.549035	0.245536
14	154	0.301403	0.549002	0.573406
31	154	0.301309	0.548916	0.547983
9	211	0.301270	0.548880	0.387618
69	37	0.301227	0.548842	0.359137
72	105	0.301154	0.548775	0.549515
17	168	0.300915	0.548557	0.376469
38	184	0.300854	0.548501	0.245297
55	224	0.300851	0.548499	0.387703
67	255	0.300826	0.548476	0.262553
27	125	0.300695	0.548357	0.359884
46	50	0.300688	0.548350	0.245230
68	76	0.300620	0.548288	0.291878
5	228	0.300496	0.548175	0.559835
66	234	0.300487	0.548167	0.385275
63	36	0.300485	0.548165	0.648132
10	98	0.300473	0.548154	0.717022
67	47	0.300406	0.548093	0.536987
50	246	0.300405	0.548092	0.245114
26	109	0.300367	0.548057	0.255325
65	198	0.300246	0.547947	0.676319
53	72	0.300184	0.547890	0.718316
47	101	0.300172	0.547880	0.566342
52	65	0.300134	0.547845	0.281931
2	9	0.300009	0.547730	0.260045
7	171	0.299897	0.547628	0.718637
31	80	0.299884	0.547617	0.252620
29	211	0.299851	0.547586	0.318810
2	85	0.299814	0.547553	0.491587
71	249	0.299779	0.547521	0.389499
29	31	0.299757	0.547500	0.426540
30	132	0.299565	0.547326	0.435252
60	256	0.299496	0.547262	0.716563
31	143	0.299442	0.547213	0.304554
68	44	0.299421	0.547194	0.453814
36	164	0.299421	0.547193	0.485460
28	225	0.299249	0.547036	0.438214
59	148	0.299216	0.547007	0.244629
5	150	0.299201	0.546992	0.478655
19	139	0.299134	0.546931	0.768158
60	32	0.299055	0.546859	0.392550
66	149	0.298962	0.546774	0.246488
4	129	0.298918	0.546734	0.244507
62	67	0.298877	0.546696	0.388442
8	154	0.298670	0.546507	0.244405
1	11	0.298634	0.546475	0.244391
27	31	0.298567	0.546413	0.429003
20	193	0.298543	0.546391	0.761998
5	246	0.298486	0.546338	0.351017
3	173	0.298439	0.546296	1.530476
39	54	0.298291	0.546160	0.310451
23	124	0.298265	0.546136	0.244240
66	88	0.298252	0.546124	0.398308
10	139	0.298223	0.546098	0.471022
14	230	0.298172	0.546051	0.338092
41	139	0.298131	0.546013	0.392594
36	203	0.298101	0.545986	0.299822
11	21	0.298074	0.545962	0.244162
56	226	0.298072	0.545959	0.396466
73	32	0.298060	0.545949	0.509129
73	224	0.298051	0.545940	0.371445
58	237	0.297958	0.545855	0.610575
14	65	0.297949	0.545847	0.669724
45	202	0.297940	0.545838	0.312530
8	134	0.297893	0.545796	0.244087
17	189	0.297878	0.545782	0.442828
37	17	0.297875	0.545779	0.244080
39	69	0.297869	0.545774	0.646802
64	63	0.297846	0.545753	0.581285
15	146	0.297815	0.545724	0.771645
43	246	0.297705	0.545624	0.282353
73	77	0.297693	0.545613	0.348261
3	209	0.297616	0.545541	0.349819
31	249	0.297609	0.545535	0.452285
1	79	0.297605	0.545532	0.412348
47	17	0.297596	0.545524	0.370980
9	237	0.297590	0.545518	0.428488
50	250	0.297581	0.545510	0.601385
36	149	0.297488	0.545424	0.324753
11	241	0.297472	0.545410	0.262976
30	5	0.297401	0.545345	0.754173
1	98	0.297401	0.545345	0.704242
7	30	0.297391	0.545336	0.409687
13	130	0.297382	0.545327	0.370121
57	90	0.297345	0.545294	0.288002
31	36	0.297341	0.545290	0.391425
54	11	0.297130	0.545096	0.509972
21	160	0.297108	0.545076	0.509510
7	142	0.296981	0.544960	0.403020
19	111	0.296977	0.544956	0.388319
68	214	0.296917	0.544901	0.337229
27	146	0.296872	0.544860	0.347827
4	31	0.296823	0.544815	0.877715
34	79	0.296795	0.544789	0.655929
67	123	0.296691	0.544694	0.526441
41	105	0.296552	0.544566	0.541709
57	3	0.296448	0.544471	0.392155
50	160	0.296388	0.544415	0.539077
9	229	0.296311	0.544345	0.243438
68	18	0.296156	0.544202	0.243375
29	17	0.296102	0.544153	0.385843
61	164	0.296084	0.544136	0.569399
18	219	0.296030	0.544086	0.565851
71	146	0.296013	0.544071	0.243316
11	42	0.295991	0.544051	0.243307
28	18	0.295984	0.544045	0.255848
35	103	0.295936	0.544000	0.394555
5	31	0.295827	0.543900	0.430568
20	232	0.295726	0.543807	0.278395
15	59	0.295653	0.543740	0.349638
44	57	0.295612	0.543702	0.268730
22	234	0.295588	0.543680	0.380813
37	254	0.295566	0.543660	0.319977
31	54	0.295492	0.543591	0.492444
8	51	0.295425	0.543530	0.508852
58	110	0.295410	0.543517	0.329534
12	136	0.295316	0.543430	0.452841
43	140	0.295147	0.543274	0.377908
19	217	0.295042	0.543178	0.470658
66	69	0.295012	0.543150	0.242904
56	28	0.294986	0.543126	0.489795
30	67	0.294939	0.543083	0.960010
60	22	0.294897	0.543045	0.398456
66	212	0.294882	0.543030	0.242850
70	65	0.294858	0.543008	0.337846
19	225	0.294834	0.542986	0.386618
53	124	0.294754	0.542913	0.390635
73	155	0.294549	0.542723	0.395373
38	125	0.294501	0.542680	0.260683
42	253	0.294342	0.542533	0.501860
32	191	0.294328	0.542520	0.487583
39	173	0.294313	0.542506	0.242756
49	40	0.294241	0.542440	0.359506
27	36	0.294192	0.542395	0.530354
55	39	0.294174	0.542378	0.242559
43	14	0.294162	0.542367	0.496352
56	207	0.294108	0.542318	0.242532
54	169	0.294059	0.542272	0.570302
54	215	0.294057	0.542270	0.265240
42	23	0.294015	0.542232	0.550258
53	227	0.293945	0.542167	0.374207
65	136	0.293781	0.542016	0.550104
60	41	0.293778	0.542013	0.380382
64	106	0.293707	0.541948	0.569811
23	68	0.293612	0.541860	0.392596
24	40	0.293516	0.541771	0.538318
24	121	0.293477	0.541735	0.949718
13	74	0.293407	0.541671	0.586568
31	35	0.293407	0.541670	0.372884
24	208	0.293388	0.541653	0.369868
24	110	0.293244	0.541521	0.242175
22	39	0.293106	0.541393	0.418129
14	135	0.293063	0.541353	0.464443
7	80	0.292900	0.541202	0.257899
8	184	0.292773	0.541085	0.289200
61	80	0.292759	0.541072	0.781628
67	6	0.292692	0.541010	0.726324
43	217	0.292574	0.540901	0.292348
31	126	0.292563	0.540891	0.630974
31	16	0.292451	0.540787	0.479251
36	116	0.292427	0.540765	0.241837
44	117	0.292280	0.540630	0.393857
24	238	0.292260	0.540611	0.275200
47	128	0.292215	0.540569	0.271266
41	146	0.292198	0.540554	0.396847
1	183	0.292180	0.540537	0.460495
52	244	0.292161	0.540519	0.324405
49	206	0.292098	0.540461	0.318669
73	163	0.291965	0.540338	0.319713
53	16	0.291951	0.540325	0.359566
38	193	0.291938	0.540313	0.889824
24	190	0.291918	0.540295	0.419209
22	203	0.291700	0.540093	0.421969
14	34	0.291507	0.539914	0.406500
39	172	0.291422	0.539835	0.428775
64	124	0.291406	0.539821	0.475280
39	107	0.291344	0.539763	0.338086
62	226	0.291292	0.539715	0.242895
36	94	0.291291	0.539714	0.741638
42	118	0.291229	0.539657	0.455885
35	4	0.291220	0.539648	0.366387
57	41	0.291211	0.539640	0.308438
64	75	0.291174	0.539605	0.547691
70	6	0.291138	0.539572	0.343341
12	58	0.290956	0.539404	0.675504
51	40	0.290944	0.539392	0.387300
71	29	0.290936	0.539385	0.587905
66	148	0.290839	0.539295	0.241180
24	80	0.290837	0.539293	0.364884
38	95	0.290768	0.539229	0.340860
56	235	0.290728	0.539192	0.417310
58	198	0.290721	0.539186	0.375287
26	60	0.290646	0.539116	0.420367
40	155	0.290611	0.539083	0.453770
43	163	0.290555	0.539032	0.241062
15	149	0.290437	0.538922	0.795763
12	144	0.290398	0.538886	0.256067
53	197	0.290360	0.538851	0.308841
21	52	0.290354	0.538845	0.326170
44	29	0.290334	0.538827	0.240971
14	232	0.290260	0.538758	0.425768
53	103	0.290245	0.538744	0.541007
61	225	0.290212	0.538713	0.240920
70	102	0.290148	0.538653	0.405858
50	31	0.290145	0.538651	0.319132
58	225	0.290141	0.538648	0.473041
29	60	0.290003	0.538519	0.271590
5	230	0.289796	0.538327	0.424760
61	121	0.289742	0.538277	0.808405
1	180	0.289704	0.538241	0.532792
12	119	0.289645	0.538187	0.240684
11	162	0.289641	0.538183	0.480127
46	97	0.289619	0.538163	0.301885
20	230	0.289568	0.538115	0.385197
1	22	0.289504	0.538056	0.415309
42	58	0.289430	0.537987	0.461059
6	167	0.289269	0.537837	0.375107
68	227	0.289210	0.537782	0.389253
19	156	0.289163	0.537739	0.576143
41	90	0.289150	0.537727	0.429030
12	138	0.289143	0.537720	0.273920
66	56	0.289106	0.537685	0.416838
32	185	0.288863	0.537460	0.289187
69	60	0.288792	0.537394	0.379842
66	247	0.288769	0.537373	0.309454
66	76	0.288471	0.537095	0.325724
44	133	0.288422	0.537050	0.452966
68	130	0.288330	0.536964	0.334022
28	228	0.288147	0.536793	0.581949
62	177	0.288036	0.536690	0.446307
70	74	0.287957	0.536617	0.239982
49	237	0.287916	0.536578	0.449186
40	178	0.287762	0.536434	0.307068
46	240	0.287759	0.536432	0.540818
5	127	0.287741	0.536415	0.391620
40	242	0.287724	0.536399	0.605416
9	52	0.287710	0.536386	0.372245
28	91	0.287682	0.536360	0.361062
43	114	0.287655	0.536334	0.443294
54	39	0.287624	0.536306	0.537816
28	39	0.287498	0.536188	0.239791
35	196	0.287466	0.536158	0.270609
44	181	0.287464	0.536157	0.368652
67	256	0.287441	0.536136	0.453840
69	195	0.287331	0.536033	0.457459
33	116	0.287235	0.535943	0.359435
62	142	0.287213	0.535923	0.288970
40	99	0.287165	0.535878	0.372001
18	43	0.287112	0.535829	0.359778
60	90	0.287092	0.535810	0.502446
22	25	0.286976	0.535702	0.246556
57	4	0.286884	0.535616	0.239535
72	83	0.286814	0.535550	0.656684
52	197	0.286791	0.535529	0.312500
28	144	0.286739	0.535480	0.928666
59	60	0.286588	0.535339	0.460729
24	183	0.286545	0.535299	0.303282
3	177	0.286507	0.535264	0.239377
46	93	0.286492	0.535250	0.307713
69	256	0.286362	0.535128	0.524349
40	160	0.286362	0.535128	0.454397
60	180	0.286191	0.534968	0.312691
64	170	0.286170	0.534949	0.706445
35	21	0.286146	0.534926	0.867382
62	63	0.286131	0.534912	0.410005
10	208	0.286074	0.534859	0.239196
23	168	0.286024	0.534813	0.508376
25	159	0.286000	0.534790	0.438836
43	110	0.285989	0.534779	0.294449
34	253	0.285987	0.534777	0.306153
70	146	0.285975	0.534767	0.382525
50	48	0.285957	0.534749	0.302949
71	134	0.285945	0.534738	0.294325
57	26	0.285938	0.534731	0.407705
23	132	0.285883	0.534681	0.378281
4	250	0.285880	0.534677	0.588240
3	139	0.285857	0.534656	0.313350
45	250	0.285831	0.534632	0.352029
27	127	0.285779	0.534583	0.352554
60	55	0.285646	0.534459	0.415151
28	245	0.285558	0.534376	0.339736
66	80	0.285433	0.534259	0.315828
3	117	0.285398	0.534226	0.742422
39	220	0.285372	0.534202	0.539233
70	69	0.285209	0.534050	0.476750
24	146	0.285208	0.534049	0.651969
65	184	0.285186	0.534028	0.238825
42	25	0.285166	0.534010	0.457162
44	47	0.285156	0.534000	0.428911
59	117	0.284982	0.533837	0.389831
57	71	0.284969	0.533825	0.389814
57	191	0.284958	0.533815	0.294976
41	210	0.284731	0.533602	0.497579
45	239	0.284712	0.533585	0.268494
3	55	0.284708	0.533581	0.916874
33	107	0.284679	0.533553	0.377311
65	93	0.284599	0.533478	0.238579
16	60	0.284450	0.533339	0.258686
38	96	0.284421	0.533311	0.536651
50	166	0.284327	0.533223	0.388285
13	207	0.284327	0.533223	0.304230
12	26	0.284248	0.533149	0.861023
59	167	0.284225	0.533127	0.308078
59	101	0.284206	0.533110	0.315174
58	10	0.284152	0.533059	0.478700
49	154	0.284148	0.533055	0.380102
53	34	0.284137	0.533045	0.297858
28	143	0.284102	0.533012	0.835574
2	230	0.284065	0.532978	0.450399
49	241	0.284025	0.532940	0.341728
19	117	0.284003	0.532919	0.304745
23	208	0.283977	0.532895	0.247464
30	145	0.283963	0.532882	0.550181
2	163	0.283940	0.532860	0.425611
19	167	0.283895	0.532818	0.317624
36	44	0.283841	0.532767	0.335323
19	164	0.283811	0.532739	0.494634
29	155	0.283560	0.532504	0.238143
43	252	0.283542	0.532487	0.238135
29	224	0.283523	0.532469	0.287369
29	171	0.283438	0.532389	0.294654
21	195	0.283244	0.532207	0.388668
9	26	0.283132	0.532102	0.614994
66	59	0.283079	0.532052	0.376540
49	130	0.282977	0.531956	0.337027
48	175	0.282769	0.531760	0.303429
69	147	0.282761	0.531753	0.568971
37	231	0.282702	0.531697	0.578095
18	153	0.282659	0.531657	0.293350
46	154	0.282606	0.531607	0.493323
39	192	0.282594	0.531596	0.517154
71	167	0.282589	0.531591	0.674110
52	205	0.282570	0.531573	0.533829
57	95	0.282548	0.531552	0.284856
2	186	0.282518	0.531524	0.665763
65	139	0.282449	0.531459	0.550982
53	188	0.282423	0.531435	0.280093
44	203	0.282307	0.531326	0.349206
30	80	0.282300	0.531319	0.345227
73	5	0.282279	0.531299	0.237604
71	152	0.282155	0.531183	0.305216
20	189	0.282131	0.531160	0.336442
72	101	0.282022	0.531058	0.863600
34	130	0.281956	0.530995	0.326603
59	94	0.281942	0.530982	0.251608
41	205	0.281903	0.530946	0.286760
3	115	0.281836	0.530883	0.324482
15	189	0.281736	0.530788	0.820924
53	111	0.281727	0.530779	0.237372
61	98	0.281691	0.530746	0.276609
39	27	0.281653	0.530710	0.249032
68	3	0.281620	0.530679	0.369933
31	91	0.281599	0.530659	0.341628
44	219	0.281575	0.530637	0.387497
62	200	0.281520	0.530584	0.556986
40	203	0.281503	0.530569	0.676581
70	139	0.281451	0.530520	0.366734
66	95	0.281440	0.530509	0.374530
62	76	0.281433	0.530503	0.368601
26	53	0.281273	0.530351	0.391913
9	44	0.281237	0.530318	0.573093
72	1	0.281147	0.530233	0.553499
70	88	0.281137	0.530224	0.396049
73	43	0.281077	0.530167	0.311117
2	147	0.280910	0.530010	0.743593
10	28	0.280855	0.529957	0.916627
8	119	0.280793	0.529899	0.236978
71	72	0.280767	0.529875	0.322323
29	154	0.280722	0.529832	0.311039
58	31	0.280612	0.529728	0.359195
2	192	0.280607	0.529724	0.366752
40	29	0.280570	0.529688	0.573305
10	128	0.280522	0.529644	0.290335
37	243	0.280363	0.529493	0.287720
39	91	0.280280	0.529415	0.770525
24	231	0.280238	0.529375	0.358081
42	170	0.280208	0.529347	0.293581
69	119	0.280155	0.529296	0.457573
66	152	0.280152	0.529294	0.521215
66	159	0.279993	0.529144	0.309491
1	65	0.279797	0.528959	0.236557
30	121	0.279715	0.528881	0.422227
17	126	0.279551	0.528726	0.346193
14	246	0.279525	0.528701	0.488364
10	256	0.279523	0.528699	0.408124
50	195	0.279507	0.528684	0.236435
40	83	0.279488	0.528666	0.467603
36	194	0.279441	0.528621	0.305699
54	213	0.279389	0.528572	0.451167
23	145	0.279331	0.528518	0.373761
53	234	0.279322	0.528509	0.462134
27	236	0.279316	0.528504	0.316874
37	18	0.279298	0.528486	0.539907
26	229	0.279293	0.528482	0.380446
55	140	0.279273	0.528463	0.712049
2	177	0.279138	0.528335	0.345796
58	115	0.279130	0.528327	0.236275
57	99	0.279069	0.528270	0.491832
20	80	0.279036	0.528239	0.449165
24	205	0.278999	0.528204	0.370742
31	111	0.278978	0.528184	0.500749
54	118	0.278940	0.528148	0.247427
3	65	0.278890	0.528101	0.314885
21	70	0.278823	0.528037	0.544858
42	95	0.278657	0.527880	0.414437
60	75	0.278640	0.527864	0.379730
41	235	0.278494	0.527725	0.236006
26	74	0.278481	0.527713	0.532882
24	15	0.278449	0.527682	0.539375
7	84	0.278370	0.527608	0.357167
1	70	0.278159	0.527408	0.384654
59	69	0.278073	0.527327	0.341906
48	148	0.278028	0.527284	0.458313
51	54	0.277902	0.527164	0.518618
14	116	0.277891	0.527154	0.462633
51	206	0.277813	0.527080	0.236995
47	207	0.277785	0.527054	0.382772
63	114	0.277774	0.527042	0.304540
47	221	0.277741	0.527012	0.449641
20	202	0.277731	0.527002	0.553402
63	115	0.277729	0.527000	0.403306
46	147	0.277727	0.526998	0.564179
47	16	0.277718	0.526990	0.844355
49	109	0.277716	0.526988	0.303883
12	85	0.277668	0.526942	0.254237
59	241	0.277572	0.526851	0.235615
3	123	0.277535	0.526816	0.743025
70	81	0.277497	0.526780	0.479067
67	129	0.277213	0.526510	0.351211
6	191	0.277196	0.526494	0.440344
14	192	0.277144	0.526445	0.381957
42	155	0.277111	0.526413	0.380516
44	125	0.277099	0.526402	0.508039
8	163	0.277040	0.526346	0.325980
15	244	0.276927	0.526239	0.360444
59	136	0.276811	0.526128	0.300574
32	70	0.276807	0.526124	0.518729
49	76	0.276800	0.526118	0.343763
24	189	0.276745	0.526065	0.235264
38	169	0.276576	0.525905	0.727019
6	233	0.276394	0.525732	0.572676
27	99	0.276232	0.525577	0.379640
72	241	0.276150	0.525500	0.335491
65	130	0.276109	0.525460	0.376124
6	64	0.276061	0.525415	0.339680
20	212	0.276053	0.525408	0.540622
8	209	0.275935	0.525295	0.381453
26	199	0.275933	0.525294	0.356965
66	232	0.275932	0.525292	0.285576
15	99	0.275823	0.525189	0.369093
64	163	0.275784	0.525152	0.752949
32	100	0.275755	0.525123	0.555159
31	15	0.275715	0.525086	0.335152
34	117	0.275711	0.525082	0.234824
18	127	0.275439	0.524823	0.419739
35	186	0.275407	0.524792	0.511099
14	190	0.275351	0.524739	0.393917
39	65	0.275346	0.524734	0.510502
10	116	0.275309	0.524699	0.526791
14	61	0.275275	0.524667	0.464896
4	79	0.275230	0.524623	0.409651
23	203	0.275207	0.524602	0.241429
17	121	0.275196	0.524591	0.234604
42	139	0.275089	0.524489	0.386448
68	115	0.275087	0.524487	0.252435
34	136	0.274868	0.524278	0.457886
48	134	0.274863	0.524273	0.306497
34	156	0.274794	0.524208	0.464389
41	66	0.274768	0.524183	0.381420
8	136	0.274765	0.524180	0.286169
10	61	0.274714	0.524132	0.491064
59	205	0.274703	0.524121	0.284611
33	245	0.274701	0.524119	0.375870
3	128	0.274491	0.523919	0.466820
13	100	0.274483	0.523911	0.276175
67	73	0.274428	0.523859	0.358852
71	238	0.274378	0.523811	0.318047
32	93	0.274272	0.523709	0.451034
40	14	0.273921	0.523374	0.573277
11	29	0.273892	0.523347	1.509359
59	156	0.273885	0.523340	0.491406
72	254	0.273835	0.523292	0.234023
58	156	0.273775	0.523235	0.300178
59	243	0.273693	0.523157	0.468398
68	91	0.273674	0.523138	0.328773
22	20	0.273654	0.523120	0.392776
53	215	0.273645	0.523111	0.688480
60	3	0.273587	0.523055	0.381762
31	162	0.273526	0.522997	0.269161
12	33	0.273510	0.522981	0.233884
58	153	0.273482	0.522955	0.248660
2	30	0.273416	0.522892	0.440083
61	195	0.273205	0.522690	0.233754
7	96	0.273130	0.522618	0.510006
27	167	0.272978	0.522473	0.381427
60	14	0.272930	0.522427	0.421895
66	174	0.272832	0.522333	0.344948
8	81	0.272820	0.522322	0.233590
61	207	0.272768	0.522272	0.233567
13	148	0.272734	0.522239	0.380252
47	7	0.272720	0.522226	0.693006
29	87	0.272711	0.522217	0.266645
49	129	0.272601	0.522112	0.374384
31	10	0.272498	0.522013	0.900344
26	25	0.272390	0.521910	0.235510
56	109	0.272366	0.521887	0.452505
59	9	0.272299	0.521823	0.369197
7	190	0.272223	0.521750	0.276778
44	18	0.272203	0.521731	0.501310
50	135	0.272192	0.521720	0.520149
72	169	0.271982	0.521519	0.525955
18	29	0.271901	0.521441	0.300267
32	118	0.271871	0.521412	0.520718
45	193	0.271740	0.521287	0.561823
61	10	0.271680	0.521229	0.337999
56	27	0.271636	0.521187	0.252495
10	11	0.271555	0.521109	0.275068
4	138	0.271523	0.521079	0.265052
27	91	0.271473	0.521031	0.339056
71	36	0.271374	0.520936	0.251710
70	172	0.271355	0.520918	0.596605
40	244	0.271224	0.520791	0.232905
1	244	0.271013	0.520589	0.428377
10	53	0.270947	0.520525	0.829555
55	178	0.270872	0.520454	0.232754
64	60	0.270733	0.520320	0.232694
39	206	0.270678	0.520267	0.375471
36	121	0.270656	0.520246	0.376417
70	73	0.270611	0.520203	0.415779
8	242	0.270492	0.520089	0.581966
73	78	0.270425	0.520024	0.251190
9	190	0.270424	0.520023	0.524906
18	46	0.270357	0.519959	0.242719
8	106	0.270330	0.519933	0.482626
34	52	0.270312	0.519915	0.426164
10	22	0.270251	0.519857	0.540071
7	111	0.269989	0.519605	0.371619
9	60	0.269929	0.519547	0.677246
54	9	0.269918	0.519536	0.232344
29	174	0.269856	0.519477	0.472770
46	232	0.269804	0.519427	0.545564
49	96	0.269788	0.519411	0.316582
57	211	0.269781	0.519405	0.379180
19	158	0.269723	0.519349	0.488107
25	21	0.269685	0.519313	0.372870
35	55	0.269609	0.519239	0.378432
43	88	0.269581	0.519212	0.338326
1	95	0.269575	0.519206	0.690041
43	91	0.269543	0.519176	0.703415
27	22	0.269538	0.519170	0.286598
28	73	0.269488	0.519122	0.283607
8	202	0.269481	0.519115	0.382637
57	39	0.269464	0.519099	0.362702
3	91	0.269391	0.519029	0.439613
48	176	0.269335	0.518975	0.463655
49	152	0.269315	0.518956	0.321087
16	121	0.269264	0.518906	0.757970
47	179	0.269208	0.518852	0.519561
44	143	0.269191	0.518836	0.344990
50	184	0.268939	0.518594	0.323781
21	184	0.268888	0.518544	0.334638
51	184	0.268853	0.518510	0.378687
32	56	0.268845	0.518503	0.465554
35	164	0.268793	0.518452	0.493116
11	50	0.268788	0.518448	0.451715
64	151	0.268611	0.518277	0.347491
13	78	0.268540	0.518208	0.446898
66	192	0.268473	0.518144	0.360944
62	211	0.268446	0.518118	0.373570
14	187	0.268249	0.517927	0.330590
59	238	0.268220	0.517899	0.251697
8	127	0.268158	0.517839	0.525215
36	168	0.268103	0.517787	0.515113
71	81	0.268094	0.517778	0.268413
35	225	0.267800	0.517494	0.368181
18	32	0.267794	0.517488	0.320485
64	137	0.267646	0.517345	0.231364
64	174	0.267629	0.517329	0.280546
52	27	0.267600	0.517301	0.563087
5	145	0.267584	0.517285	0.426886
32	153	0.267475	0.517180	0.380982
7	218	0.267393	0.517101	0.290524
17	179	0.267387	0.517095	0.231252
40	104	0.267361	0.517069	0.360204
56	92	0.267304	0.517015	0.289014
55	231	0.266980	0.516701	0.662276
17	70	0.266835	0.516561	0.416859
19	161	0.266827	0.516553	0.265342
52	113	0.266809	0.516535	0.231002
18	94	0.266613	0.516346	0.230917
5	98	0.266602	0.516335	0.627145
9	43	0.266536	0.516271	0.483961
3	236	0.266529	0.516265	0.321191
22	5	0.266513	0.516249	0.262123
32	66	0.266474	0.516211	0.234409
38	70	0.266449	0.516187	0.408551
9	142	0.266442	0.516180	0.352177
41	246	0.266337	0.516079	0.283964
28	253	0.266074	0.515824	0.230684
47	97	0.265843	0.515600	0.443615
66	32	0.265788	0.515547	0.308987
61	41	0.265754	0.515513	0.420926
53	184	0.265737	0.515497	0.393042
2	173	0.265727	0.515487	0.304684
2	122	0.265694	0.515455	0.230519
25	150	0.265584	0.515348	0.456034
26	83	0.265556	0.515321	0.308295
55	118	0.265419	0.515188	0.354345
30	39	0.265053	0.514833	0.348459
58	59	0.265039	0.514819	0.253677
30	246	0.265013	0.514794	0.288352
42	42	0.264886	0.514671	0.552826
59	58	0.264833	0.514620	0.700951
65	28	0.264680	0.514470	0.324186
46	98	0.264624	0.514416	0.359185
10	51	0.264528	0.514323	0.509395
38	240	0.264515	0.514311	0.605063
17	161	0.264452	0.514249	0.346795
39	108	0.264423	0.514221	0.280814
35	133	0.264378	0.514177	0.332232
27	195	0.264195	0.513999	0.229867
41	143	0.264039	0.513847	0.367066
45	169	0.264021	0.513829	0.480233
58	211	0.263978	0.513788	0.562604
36	244	0.263977	0.513787	0.336865
43	144	0.263944	0.513755	0.566561
19	3	0.263820	0.513634	0.229704
69	21	0.263753	0.513569	0.470492
56	117	0.263739	0.513555	0.247161
65	107	0.263688	0.513506	0.366128
30	55	0.263640	0.513459	0.350654
22	80	0.263533	0.513355	0.407095
65	161	0.263517	0.513339	0.229572
62	102	0.263473	0.513296	0.600239
51	214	0.263427	0.513251	0.328257
59	15	0.263416	0.513241	0.442159
61	79	0.263414	0.513239	0.265056
25	175	0.263408	0.513233	0.393472
49	174	0.263295	0.513122	0.373641
67	10	0.263270	0.513098	0.503759
23	41	0.263201	0.513031	0.229435
34	198	0.263099	0.512932	0.355143
25	148	0.263006	0.512842	0.262569
45	157	0.262968	0.512804	0.420287
8	201	0.262948	0.512784	0.283336
36	232	0.262883	0.512721	0.377120
28	230	0.262846	0.512685	0.357975
13	182	0.262735	0.512577	0.370893
22	224	0.262663	0.512506	0.243061
25	118	0.262515	0.512363	0.513820
12	65	0.262512	0.512359	0.283076
73	204	0.262464	0.512312	0.229113
67	122	0.262450	0.512299	0.527563
44	58	0.262269	0.512122	0.331514
66	165	0.262262	0.512116	0.229025
10	81	0.262206	0.512061	0.229000
61	165	0.262191	0.512046	0.333749
16	33	0.262161	0.512016	0.228981
44	48	0.262003	0.511862	0.257501
33	175	0.261909	0.511770	0.492962
36	105	0.261853	0.511716	0.417038
52	249	0.261768	0.511632	0.372569
45	58	0.261754	0.511619	0.330353
48	11	0.261711	0.511577	0.370813
28	77	0.261686	0.511552	0.228773
3	192	0.261574	0.511443	0.297439
66	79	0.261513	0.511383	0.256659
43	240	0.261507	0.511378	0.240162
68	194	0.261495	0.511365	0.354468
22	251	0.261481	0.511352	0.317130
32	152	0.261477	0.511348	0.248652
64	231	0.261449	0.511321	0.473291
44	127	0.261347	0.511221	0.428347
51	73	0.261252	0.511128	0.362863
61	103	0.261185	0.511063	0.243126
2	36	0.261027	0.510908	0.258064
53	239	0.260925	0.510808	0.355015
27	29	0.260859	0.510744	0.238323
42	82	0.260856	0.510741	0.377974
67	192	0.260679	0.510567	0.425278
64	27	0.260656	0.510545	0.325630
23	253	0.260559	0.510450	0.228280
53	20	0.260426	0.510319	0.502590
30	196	0.260392	0.510286	0.425986
15	83	0.260384	0.510279	0.364498
52	121	0.260322	0.510217	0.544245
47	225	0.260306	0.510202	0.369404
29	65	0.260105	0.510005	0.409793
63	18	0.260091	0.509992	0.323836
34	125	0.259937	0.509840	0.228007
53	229	0.259861	0.509765	0.335110
40	76	0.259850	0.509755	0.244892
11	224	0.259770	0.509676	0.369136
24	24	0.259716	0.509624	1.605334
35	27	0.259599	0.509509	0.233498
51	168	0.259544	0.509455	0.227835
23	110	0.259544	0.509454	0.227835
50	223	0.259470	0.509382	0.546572
38	45	0.259356	0.509270	0.360921
54	106	0.259231	0.509147	0.371806
6	241	0.259175	0.509092	0.623791
63	250	0.259135	0.509053	0.429627
56	30	0.259041	0.508961	0.408893
23	200	0.259037	0.508957	0.431488
21	180	0.258871	0.508794	0.470151
3	243	0.258852	0.508775	0.535314
59	1	0.258747	0.508672	0.363141
10	158	0.258720	0.508646	0.334283
61	133	0.258709	0.508634	0.373399
34	6	0.258685	0.508611	0.354762
16	203	0.258640	0.508567	0.514216
42	16	0.258635	0.508561	0.227436
68	22	0.258389	0.508320	0.230696
68	54	0.258367	0.508298	0.414254
37	74	0.258073	0.508008	0.227188
4	6	0.257957	0.507895	0.248107
1	104	0.257914	0.507852	0.292444
11	231	0.257899	0.507837	0.373212
31	37	0.257868	0.507807	0.227098
65	114	0.257820	0.507759	0.502899
41	57	0.257787	0.507728	0.540985
62	78	0.257692	0.507633	0.552081
25	210	0.257651	0.507594	0.314537
46	60	0.257574	0.507517	0.522734
48	87	0.257500	0.507445	0.381758
1	243	0.257485	0.507430	0.537272
58	171	0.257445	0.507390	0.226912
58	217	0.257367	0.507314	0.430195
64	177	0.257367	0.507313	0.347191
6	50	0.257356	0.507302	0.704755
18	51	0.257351	0.507298	0.366951
30	94	0.257328	0.507275	0.867304
67	137	0.257304	0.507251	0.391003
35	252	0.257244	0.507192	0.226823
5	168	0.257206	0.507155	0.544212
9	87	0.257180	0.507130	0.387170
22	77	0.257101	0.507052	0.236674
13	254	0.257072	0.507022	0.471016
43	97	0.257049	0.507000	0.472766
5	62	0.256974	0.506926	0.509131
13	230	0.256933	0.506885	0.294479
6	219	0.256925	0.506878	0.377825
57	159	0.256923	0.506875	0.292474
19	108	0.256874	0.506827	0.457208
1	34	0.256832	0.506785	0.355576
26	91	0.256822	0.506776	0.322289
34	115	0.256668	0.506624	0.354598
46	188	0.256616	0.506573	0.422586
57	255	0.256547	0.506505	0.585039
49	101	0.256378	0.506338	0.312069
53	65	0.256373	0.506333	0.492358
51	89	0.256311	0.506272	0.327119
27	181	0.256308	0.506269	0.226410
44	241	0.256293	0.506254	0.589378
25	58	0.256276	0.506238	0.329193
31	238	0.256251	0.506212	0.283925
10	215	0.256241	0.506202	0.294455
29	135	0.256186	0.506148	0.439598
10	93	0.256140	0.506102	0.267830
27	255	0.256037	0.506001	0.619568
39	231	0.255982	0.505947	0.326938
23	64	0.255791	0.505757	0.291211
7	18	0.255776	0.505743	0.335220
34	242	0.255763	0.505730	0.295220
20	167	0.255720	0.505688	0.429745
13	98	0.255689	0.505657	0.291855
16	161	0.255679	0.505648	0.455202
69	115	0.255635	0.505604	0.462216
60	113	0.255634	0.505602	0.231163
31	200	0.255621	0.505590	0.528002
49	17	0.255552	0.505521	0.479495
57	123	0.255522	0.505492	0.226063
28	46	0.255493	0.505464	0.258873
47	56	0.255484	0.505454	0.226046
13	167	0.255432	0.505403	0.584680
71	111	0.255344	0.505316	0.804644
33	213	0.255271	0.505243	0.225952
12	9	0.255241	0.505214	0.225939
32	228	0.255219	0.505192	0.225929
55	242	0.255175	0.505149	0.340322
61	189	0.255172	0.505146	0.251985
2	178	0.255105	0.505080	0.225878
71	194	0.255027	0.505002	0.276573
55	133	0.254990	0.504965	0.425239
50	154	0.254930	0.504906	0.225801
43	199	0.254902	0.504878	0.368335
43	167	0.254779	0.504757	0.276869
32	171	0.254672	0.504651	0.225687
27	249	0.254662	0.504640	0.412593
42	140	0.254658	0.504637	0.456627
72	170	0.254650	0.504629	0.485104
64	216	0.254632	0.504611	0.256191
36	144	0.254498	0.504478	0.419536
1	35	0.254408	0.504389	0.274587
25	109	0.254301	0.504283	0.225522
67	170	0.254210	0.504193	0.388251
27	143	0.254134	0.504117	0.405658
5	242	0.254091	0.504075	0.243237
64	188	0.253894	0.503879	0.357997
34	64	0.253877	0.503862	0.225334
72	212	0.253779	0.503765	0.225291
63	254	0.253705	0.503691	0.567015
38	241	0.253598	0.503585	0.330199
46	18	0.253385	0.503373	0.337631
40	17	0.253354	0.503342	0.448811
55	201	0.253068	0.503059	0.231797
43	145	0.253049	0.503040	0.321359
1	45	0.253034	0.503025	0.384802
6	69	0.253016	0.503007	0.345995
20	60	0.253010	0.503001	0.344089
7	220	0.252922	0.502913	0.224910
23	224	0.252861	0.502853	0.723140
57	167	0.252816	0.502809	0.486849
8	160	0.252779	0.502772	0.472351
7	70	0.252516	0.502509	0.397812
3	3	0.252432	0.502426	0.352699
40	63	0.252421	0.502416	0.468374
53	116	0.252402	0.502396	0.428857
25	106	0.252401	0.502395	0.339688
70	124	0.252379	0.502373	0.379290
2	241	0.252329	0.502324	0.366660
43	127	0.252284	0.502279	0.400072
13	42	0.252126	0.502122	0.365705
6	48	0.252060	0.502056	0.247879
28	156	0.252040	0.502036	0.456453
37	21	0.252036	0.502032	0.260174
11	38	0.251946	0.501942	0.358549
60	153	0.251946	0.501942	0.449763
41	11	0.251920	0.501917	0.323049
18	237	0.251886	0.501882	0.224449
69	178	0.251831	0.501827	0.224424
71	104	0.251757	0.501754	0.360980
24	155	0.251726	0.501723	0.546090
71	163	0.251683	0.501681	0.269353
17	100	0.251540	0.501537	0.434846
41	229	0.251518	0.501516	0.344260
7	1	0.251360	0.501358	0.814228
56	215	0.251322	0.501321	0.442742
60	222	0.251313	0.501311	0.470092
37	112	0.251224	0.501223	0.816481
59	44	0.251177	0.501176	0.265578
65	29	0.251125	0.501124	0.533084
38	190	0.251122	0.501120	0.256163
65	215	0.251100	0.501098	0.224098
32	250	0.251072	0.501071	0.447678
69	140	0.251060	0.501059	0.393072
22	223	0.251040	0.501039	0.352620
57	231	0.251031	0.501030	0.230053
46	245	0.250913	0.500912	0.420584
40	71	0.250802	0.500801	0.539537
32	158	0.250773	0.500773	0.223952
54	109	0.250762	0.500761	0.244501
28	115	0.250762	0.500761	0.247262
43	79	0.250660	0.500659	0.372425
31	180	0.250649	0.500648	0.443616
51	166	0.250527	0.500526	0.223842
1	147	0.250519	0.500519	0.528666
66	114	0.250481	0.500480	0.323186
11	87	0.250448	0.500448	0.368764
1	238	0.250384	0.500384	0.393964
38	99	0.250373	0.500373	0.317860
70	5	0.250315	0.500315	0.293505
24	73	0.250230	0.500230	0.494177
14	52	0.250139	0.500139	0.674580
40	16	0.250061	0.500061	0.352699
7	83	0.250036	0.500036	0.223623
14	139	0.249972	0.499972	0.274689
4	124	0.249894	0.499894	0.330140
39	198	0.249878	0.499878	0.719830
2	135	0.249835	0.499835	0.223533
50	113	0.249768	0.499768	0.659129
29	179	0.249765	0.499765	0.298348
31	208	0.249718	0.499717	0.264300
73	114	0.249693	0.499693	0.359141
4	205	0.249674	0.499674	0.599445
34	178	0.249597	0.499596	0.224814
63	154	0.249584	0.499583	0.249502
51	57	0.249566	0.499565	0.854227
51	42	0.249436	0.499436	0.374931
66	216	0.249281	0.499280	0.363172
13	67	0.249173	0.499172	0.521430
28	135	0.249161	0.499160	0.268740
18	41	0.249134	0.499133	0.328878
50	77	0.249110	0.499109	0.269527
71	160	0.249081	0.499080	0.325692
65	229	0.249016	0.499015	0.266412
11	189	0.249015	0.499014	0.687148
39	168	0.248925	0.498924	0.296693
46	1	0.248900	0.498898	0.424649
57	139	0.248882	0.498880	0.367953
3	35	0.248859	0.498858	0.279184
53	134	0.248808	0.498807	0.382200
49	247	0.248750	0.498749	0.340449
71	164	0.248744	0.498742	0.325712
2	58	0.248688	0.498686	0.223019
54	80	0.248663	0.498662	0.223663
50	89	0.248630	0.498628	0.232213
53	170	0.248543	0.498541	0.533989
56	120	0.248472	0.498469	0.268966
48	251	0.248465	0.498463	0.447215
46	195	0.248341	0.498338	0.408547
1	126	0.248312	0.498309	0.309825
7	92	0.248211	0.498207	0.222805
56	238	0.248107	0.498103	0.350153
58	78	0.248065	0.498061	0.941091
46	25	0.248001	0.497997	0.594784
13	84	0.247962	0.497957	0.241211
65	43	0.247916	0.497911	0.326382
24	61	0.247912	0.497908	0.542470
44	214	0.247835	0.497830	0.351595
59	160	0.247832	0.497827	0.451619
46	131	0.247790	0.497785	0.317170
2	50	0.247724	0.497718	0.368945
63	234	0.247514	0.497508	0.665518
29	220	0.247513	0.497507	0.343696
27	61	0.247499	0.497493	0.488468
5	182	0.247462	0.497456	0.493297
24	123	0.247412	0.497406	0.785276
14	48	0.247348	0.497341	0.338454
59	252	0.247334	0.497326	0.251735
45	31	0.247331	0.497324	0.429106
32	31	0.247301	0.497293	0.378813
40	43	0.247292	0.497285	0.373365
10	250	0.247222	0.497214	0.413692
49	53	0.247150	0.497142	0.322157
66	135	0.247108	0.497099	0.352620
65	197	0.247058	0.497050	0.526075
36	42	0.246973	0.496964	0.234448
27	3	0.246960	0.496950	0.438751
64	225	0.246959	0.496950	0.504077
41	64	0.246734	0.496724	0.275761
10	49	0.246704	0.496693	0.222128
22	137	0.246654	0.496643	0.272762
69	168	0.246648	0.496637	0.304905
47	117	0.246608	0.496596	0.439236
67	236	0.246573	0.496561	0.375644
36	78	0.246564	0.496552	0.273709
30	189	0.246444	0.496431	0.708788
31	255	0.246426	0.496413	0.414717
48	97	0.246419	0.496406	0.351859
23	170	0.246338	0.496325	0.930276
57	254	0.246281	0.496267	0.297256
33	58	0.246259	0.496245	0.546596
35	89	0.246243	0.496229	0.221920
32	129	0.246160	0.496145	0.406882
58	1	0.246067	0.496051	0.367061
47	70	0.246060	0.496045	0.221838
43	168	0.245802	0.495784	0.375410
28	142	0.245660	0.495641	0.221657
19	60	0.245561	0.495541	0.223622
70	70	0.245431	0.495410	0.221554
60	246	0.245381	0.495360	0.349596
17	183	0.245379	0.495357	0.221531
50	252	0.245359	0.495337	0.350732
13	255	0.245241	0.495218	0.280597
38	112	0.245195	0.495172	0.291404
14	189	0.245186	0.495163	0.546333
30	237	0.245142	0.495119	0.645614
33	81	0.245119	0.495095	0.324544
17	150	0.245108	0.495084	0.284770
64	41	0.245064	0.495039	0.359911
3	23	0.245064	0.495039	0.390087
29	41	0.244980	0.494954	0.448574
28	127	0.244933	0.494907	0.446634
70	242	0.244858	0.494831	0.289925
48	129	0.244849	0.494823	0.352021
51	91	0.244791	0.494763	0.386364
56	101	0.244749	0.494721	0.595975
65	137	0.244735	0.494707	0.224053
46	126	0.244728	0.494700	0.322666
40	113	0.244700	0.494672	0.482035
49	107	0.244649	0.494620	0.267935
66	49	0.244568	0.494538	0.329853
5	61	0.244532	0.494502	0.277943
36	73	0.244496	0.494465	0.221132
32	102	0.244469	0.494438	0.354933
37	166	0.244343	0.494311	0.287239
32	245	0.244263	0.494230	0.250740
2	82	0.244208	0.494174	0.348969
47	250	0.244070	0.494035	0.220939
26	106	0.243915	0.493877	0.227460
48	82	0.243833	0.493795	0.267285
2	44	0.243798	0.493759	0.488597
40	175	0.243712	0.493672	0.486065
65	199	0.243541	0.493498	0.388471
47	9	0.243508	0.493466	0.220685
5	71	0.243441	0.493397	0.528138
1	225	0.243420	0.493376	0.368850
55	29	0.243404	0.493360	0.393698
37	57	0.243272	0.493226	0.376635
17	211	0.243272	0.493226	0.373267
31	85	0.243235	0.493188	0.295418
29	70	0.243224	0.493177	0.289055
11	129	0.243196	0.493149	0.276153
39	133	0.243098	0.493049	0.451800
41	110	0.242845	0.492793	0.226006
71	118	0.242728	0.492675	0.359433
4	108	0.242718	0.492664	0.240907
38	171	0.242699	0.492645	0.220317
60	162	0.242690	0.492635	0.471070
52	187	0.242665	0.492610	0.357254
3	66	0.242531	0.492475	0.351287
1	217	0.242484	0.492426	0.314867
38	76	0.242458	0.492401	0.592914
17	173	0.242452	0.492394	0.336684
4	90	0.242409	0.492350	0.431385
23	48	0.242393	0.492334	0.307791
36	23	0.242315	0.492255	0.441161
14	78	0.242300	0.492240	0.395741
8	141	0.242247	0.492186	0.650157
15	109	0.242243	0.492181	0.437840
69	118	0.242231	0.492169	0.598993
43	174	0.242138	0.492076	0.356262
25	57	0.241920	0.491853	0.219964
9	182	0.241908	0.491841	0.219958
6	6	0.241797	0.491729	0.532812
40	45	0.241793	0.491725	0.470559
67	151	0.241792	0.491724	0.358692
47	242	0.241695	0.491625	0.286366
70	48	0.241614	0.491543	0.362767
73	90	0.241595	0.491523	0.319787
28	52	0.241585	0.491513	0.272400
26	43	0.241585	0.491513	0.219811
9	79	0.241385	0.491309	0.324585
5	96	0.241219	0.491141	0.448320
36	171	0.241125	0.491045	0.881012
18	56	0.241062	0.490981	0.286661
18	149	0.241031	0.490949	0.496559
37	32	0.241001	0.490919	0.526469
24	68	0.240933	0.490849	0.249244
27	26	0.240925	0.490841	0.478886
38	238	0.240901	0.490817	1.039797
39	205	0.240888	0.490804	0.219494
52	4	0.240725	0.490637	0.517148
60	56	0.240712	0.490624	0.273049
14	103	0.240566	0.490475	0.355574
69	136	0.240548	0.490457	0.257982
73	223	0.240460	0.490367	0.395048
36	99	0.240301	0.490205	0.255730
3	108	0.240188	0.490090	0.515604
68	88	0.240178	0.490080	0.219170
36	69	0.240110	0.490010	0.219139
10	47	0.240075	0.489974	0.446339
12	16	0.240036	0.489934	0.392676
10	253	0.239883	0.489779	0.229018
1	133	0.239862	0.489757	0.397714
73	222	0.239769	0.489662	0.460556
73	215	0.239702	0.489593	0.218953
73	117	0.239664	0.489555	0.338275
19	177	0.239622	0.489512	0.491976
46	34	0.239575	0.489464	0.460679
53	117	0.239465	0.489351	0.265904
63	101	0.239314	0.489197	0.499707
58	72	0.239242	0.489124	0.498635
39	221	0.239228	0.489109	0.477913
44	10	0.239217	0.489098	0.276647
9	24	0.239122	0.489001	0.357100
10	226	0.239113	0.488992	0.386078
48	171	0.239041	0.488918	0.454069
67	92	0.238861	0.488734	0.262159
23	142	0.238826	0.488698	0.354267
54	197	0.238794	0.488666	0.220393
36	256	0.238758	0.488629	0.372845
13	122	0.238704	0.488573	0.232812
17	40	0.238594	0.488461	0.315864
16	50	0.238473	0.488337	0.218391
17	254	0.238464	0.488328	0.415761
40	97	0.238428	0.488291	0.262006
21	10	0.238424	0.488287	0.636938
62	176	0.238366	0.488227	0.272602
50	32	0.238350	0.488211	0.274370
10	62	0.238244	0.488102	0.331537
54	212	0.238198	0.488055	0.565207
55	120	0.238173	0.488030	0.352858
67	173	0.238103	0.487958	0.372936
67	121	0.237849	0.487698	0.486393
18	57	0.237728	0.487573	0.431898
25	239	0.237704	0.487549	0.457197
31	182	0.237701	0.487546	0.525532
36	251	0.237579	0.487420	0.315508
68	226	0.237475	0.487314	0.732237
37	110	0.237472	0.487311	0.355342
46	10	0.237469	0.487308	0.516466
73	37	0.237430	0.487268	0.407482
2	56	0.237333	0.487168	0.530701
71	93	0.237304	0.487138	0.761074
59	112	0.237211	0.487043	0.436026
13	36	0.237188	0.487019	0.506952
29	156	0.237100	0.486929	0.333610
68	51	0.237001	0.486828	0.346465
52	72	0.236933	0.486757	0.308226
64	135	0.236883	0.486706	0.301783
7	105	0.236858	0.486680	0.457372
33	82	0.236667	0.486485	0.237499
53	135	0.236628	0.486444	0.217544
13	220	0.236544	0.486358	0.217506
41	71	0.236412	0.486222	0.217445
53	144	0.236400	0.486210	0.276989
35	43	0.236352	0.486160	0.664414
12	161	0.236330	0.486138	0.345214
49	29	0.236236	0.486042	0.286047
30	46	0.236228	0.486032	0.217360
71	68	0.236131	0.485933	0.327891
33	149	0.236121	0.485923	0.311144
36	175	0.236059	0.485859	0.335595
5	169	0.236055	0.485854	0.353977
59	195	0.235986	0.485784	0.411243
16	59	0.235908	0.485704	0.217213
69	228	0.235827	0.485621	0.339583
72	29	0.235798	0.485590	0.217163
31	230	0.235798	0.485590	0.274180
26	247	0.235795	0.485588	0.435543
46	243	0.235792	0.485584	0.411913
17	21	0.235728	0.485519	0.448142
64	61	0.235636	0.485424	0.322372
1	41	0.235611	0.485398	0.294570
44	101	0.235528	0.485312	0.370928
13	110	0.235438	0.485219	0.530496
53	62	0.235420	0.485202	0.228378
40	133	0.235393	0.485173	0.465634
63	197	0.235386	0.485166	0.351715
51	112	0.235337	0.485116	0.274833
48	86	0.235247	0.485022	0.249290
63	209	0.235234	0.485009	0.319401
4	10	0.235076	0.484847	0.352893
33	229	0.235076	0.484846	0.310888
28	167	0.235074	0.484845	0.243978
70	61	0.235058	0.484828	0.216822
55	173	0.234958	0.484725	0.417366
59	56	0.234941	0.484707	0.429687
28	133	0.234932	0.484697	0.242063
29	33	0.234910	0.484675	0.350101
67	210	0.234859	0.484623	0.256330
53	232	0.234799	0.484561	0.340790
52	145	0.234620	0.484376	0.376898
19	119	0.234611	0.484366	0.216615
36	76	0.234513	0.484265	0.370771
55	30	0.234473	0.484224	0.216552
3	188	0.234451	0.484201	0.413523
8	199	0.234433	0.484182	0.432379
44	7	0.234401	0.484150	0.296554
61	21	0.234363	0.484111	0.392427
11	151	0.234344	0.484091	0.351775
31	79	0.234306	0.484052	0.314925
33	50	0.234286	0.484031	0.397977
27	141	0.234284	0.484029	0.369745
49	192	0.234235	0.483978	0.255027
55	124	0.234164	0.483905	0.216409
30	224	0.234148	0.483888	0.330374
6	198	0.234144	0.483884	0.743517
20	90	0.233924	0.483657	0.481282
28	48	0.233901	0.483633	0.246580
26	100	0.233870	0.483601	0.279631
50	50	0.233815	0.483544	0.315298
29	217	0.233762	0.483489	0.441677
69	227	0.233760	0.483487	0.249581
44	119	0.233746	0.483473	0.216216
34	232	0.233728	0.483454	0.324759
17	171	0.233639	0.483363	0.762671
6	83	0.233561	0.483282	0.370754
70	62	0.233502	0.483221	0.216103
67	165	0.233478	0.483196	0.318187
47	131	0.233437	0.483153	0.316918
65	27	0.233418	0.483134	0.750866
43	237	0.233400	0.483115	0.382067
38	82	0.233370	0.483084	0.249835
62	156	0.233349	0.483062	0.448385
50	51	0.233309	0.483020	0.349823
17	127	0.233215	0.482924	0.517292
14	193	0.233144	0.482849	0.215937
47	120	0.233117	0.482822	0.230307
54	128	0.233069	0.482772	0.215902
63	153	0.233032	0.482734	0.215885
11	172	0.233019	0.482721	0.358458
14	91	0.232993	0.482693	0.240074
67	108	0.232934	0.482632	0.390086
39	51	0.232907	0.482604	0.215827
41	84	0.232818	0.482513	0.215786
58	62	0.232714	0.482404	0.342145
27	128	0.232633	0.482321	0.304461
4	242	0.232615	0.482301	0.215692
71	77	0.232551	0.482235	0.263593
30	179	0.232476	0.482157	0.342471
64	204	0.232470	0.482152	0.434383
3	84	0.232458	0.482139	0.348277
64	123	0.232448	0.482129	0.302569
54	93	0.232420	0.482100	0.348604
3	176	0.232389	0.482067	0.486073
70	181	0.232253	0.481927	0.384842
19	93	0.232096	0.481763	0.254748
58	178	0.232002	0.481666	0.342289
66	183	0.231944	0.481606	0.418023
34	123	0.231944	0.481605	0.336355
30	148	0.231849	0.481507	0.342821
32	149	0.231768	0.481423	0.414335
45	100	0.231702	0.481354	0.588299
13	253	0.231636	0.481286	0.362334
9	217	0.231535	0.481180	0.325095
41	220	0.231509	0.481154	0.291167
68	148	0.231478	0.481122	0.463974
54	58	0.231460	0.481103	0.459461
45	195	0.231385	0.481025	0.611571
40	234	0.231152	0.480782	0.333053
63	44	0.231117	0.480746	0.281480
69	43	0.231110	0.480739	0.243858
26	151	0.230985	0.480609	0.340691
27	118	0.230901	0.480521	0.338214
37	73	0.230890	0.480510	0.362171
6	76	0.230874	0.480494	0.624457
67	34	0.230855	0.480473	0.285734
11	60	0.230826	0.480443	0.349882
12	232	0.230681	0.480293	0.396342
48	98	0.230662	0.480272	0.513248
59	92	0.230542	0.480148	0.495206
25	256	0.230424	0.480025	0.611674
42	142	0.230417	0.480018	0.486559
56	174	0.230415	0.480015	0.433534
7	58	0.230404	0.480004	0.460370
37	24	0.230232	0.479825	0.628788
6	196	0.230223	0.479816	0.396039
55	211	0.230068	0.479654	0.586445
62	84	0.230017	0.479601	0.270761
62	145	0.229965	0.479547	0.320410
68	1	0.229929	0.479509	0.214443
41	217	0.229806	0.479381	0.331296
52	241	0.229729	0.479301	0.307573
71	234	0.229713	0.479284	0.781333
38	159	0.229630	0.479197	0.385766
15	97	0.229627	0.479194	0.331681
69	234	0.229616	0.479182	0.529571
58	146	0.229543	0.479107	0.485012
6	36	0.229510	0.479073	0.214248
8	255	0.229461	0.479021	0.370519
49	74	0.229414	0.478972	0.317643
24	180	0.229394	0.478951	0.475121
55	53	0.229356	0.478911	0.515108
10	94	0.229348	0.478903	0.354615
14	75	0.229300	0.478853	0.427457
24	3	0.229290	0.478842	0.294909
40	153	0.229267	0.478819	0.345518
23	75	0.229253	0.478804	0.257625
42	197	0.229204	0.478753	0.510197
73	27	0.229093	0.478637	0.486444
55	15	0.228947	0.478484	0.303705
31	75	0.228767	0.478296	0.680103
14	157	0.228751	0.478279	0.349286
63	129	0.228718	0.478244	0.783192
12	226	0.228644	0.478167	0.474473
17	25	0.228456	0.477971	0.347529
30	175	0.228426	0.477939	0.213741
32	216	0.228424	0.477937	0.342414
4	159	0.228386	0.477897	0.329479
38	123	0.228301	0.477809	0.337039
44	216	0.228228	0.477732	0.394408
41	61	0.228214	0.477718	0.262577
36	119	0.228209	0.477712	0.254187
7	91	0.228117	0.477616	0.303335
21	131	0.227907	0.477396	0.613826
39	88	0.227905	0.477394	0.386443
72	81	0.227874	0.477361	0.333176
14	241	0.227836	0.477322	0.403269
16	26	0.227743	0.477224	0.496965
72	40	0.227734	0.477215	0.217404
57	146	0.227609	0.477084	0.213358
68	198	0.227602	0.477076	0.652697
13	196	0.227591	0.477065	0.542106
45	25	0.227557	0.477030	0.486891
44	102	0.227540	0.477012	0.399532
8	39	0.227492	0.476961	0.517775
38	5	0.227488	0.476957	0.344841
1	30	0.227486	0.476955	0.261661
11	208	0.227478	0.476947	0.328222
26	251	0.227412	0.476878	0.344083
19	81	0.227353	0.476815	0.421571
63	201	0.227168	0.476622	0.489437
61	126	0.227047	0.476495	0.213095
27	121	0.227015	0.476461	0.213905
68	160	0.226954	0.476397	0.646976
4	204	0.226927	0.476369	0.500082
18	84	0.226827	0.476264	0.298496
31	116	0.226807	0.476243	0.254917
37	129	0.226767	0.476201	0.212964
53	11	0.226740	0.476172	0.551846
10	181	0.226702	0.476132	0.334244
2	202	0.226683	0.476112	0.264834
15	252	0.226503	0.475923	0.212839
40	255	0.226417	0.475832	0.346695
72	249	0.226267	0.475675	0.331242
35	199	0.226169	0.475573	0.347251
38	59	0.226167	0.475570	0.451056
63	249	0.226154	0.475557	0.410003
4	133	0.226119	0.475520	0.355701
58	46	0.226109	0.475509	0.267544
44	39	0.226100	0.475499	0.212650
42	195	0.225992	0.475386	0.699982
15	33	0.225948	0.475340	0.300878
1	88	0.225919	0.475309	0.353808
8	164	0.225846	0.475233	0.287219
11	215	0.225836	0.475222	0.764793
30	234	0.225815	0.475200	0.360828
51	113	0.225798	0.475182	0.346983
26	90	0.225793	0.475176	0.311910
52	30	0.225791	0.475175	0.334038
58	94	0.225771	0.475154	0.302272
53	146	0.225712	0.475091	0.233248
67	217	0.225656	0.475033	0.423547
61	227	0.225545	0.474915	0.555129
28	175	0.225518	0.474888	0.265521
48	51	0.225476	0.474843	0.306616
41	80	0.225470	0.474837	0.288720
17	11	0.225468	0.474835	0.248423
38	156	0.225433	0.474798	0.514317
1	121	0.225345	0.474705	0.590736
31	198	0.225318	0.474676	0.260308
4	229	0.225296	0.474654	0.517291
14	69	0.225241	0.474596	0.430089
44	162	0.225167	0.474518	0.212211
68	196	0.225141	0.474490	0.212199
51	147	0.225009	0.474351	0.302142
23	235	0.224962	0.474302	0.420674
12	211	0.224956	0.474295	0.273111
64	189	0.224918	0.474255	0.392513
68	28	0.224794	0.474125	0.517531
5	25	0.224696	0.474021	0.517877
35	249	0.224685	0.474009	0.460988
10	1	0.224649	0.473972	0.211967
61	228	0.224592	0.473911	0.802979
22	46	0.224547	0.473864	0.321485
5	92	0.224478	0.473791	0.304537
38	243	0.224420	0.473730	0.392432
3	86	0.224391	0.473700	0.447579
15	232	0.224322	0.473626	0.238205
5	23	0.224283	0.473585	0.266552
28	128	0.224160	0.473455	0.264281
52	127	0.224056	0.473346	0.211687
12	242	0.224018	0.473305	0.434864
45	165	0.224011	0.473298	0.211665
68	74	0.223979	0.473265	0.264752
66	146	0.223975	0.473260	0.463147
44	38	0.223915	0.473197	0.340520
52	120	0.223912	0.473193	0.390675
30	161	0.223908	0.473189	0.344378
40	238	0.223860	0.473139	0.479872
15	132	0.223654	0.472920	0.462374
48	77	0.223650	0.472917	0.211495
13	221	0.223604	0.472868	0.222026
37	115	0.223601	0.472865	0.345330
54	27	0.223595	0.472858	0.361261
53	80	0.223529	0.472788	0.613119
4	52	0.223525	0.472784	0.330400
61	123	0.223506	0.472764	0.609340
47	186	0.223494	0.472752	0.268179
47	249	0.223434	0.472688	0.251072
21	202	0.223433	0.472687	0.760658
61	128	0.223393	0.472644	0.237439
60	61	0.223385	0.472636	0.211369
10	75	0.223384	0.472635	0.451038
21	31	0.223239	0.472482	0.438604
46	9	0.223146	0.472384	0.473200
4	34	0.223036	0.472267	0.551282
39	61	0.222868	0.472089	0.211125
55	187	0.222864	0.472085	0.354021
13	54	0.222640	0.471848	0.292737
44	55	0.222540	0.471742	0.396850
26	95	0.222538	0.471740	0.210968
23	109	0.222397	0.471590	0.210901
13	248	0.222337	0.471527	0.373335
36	217	0.222336	0.471525	0.325920
37	77	0.222188	0.471368	0.497475
66	7	0.222138	0.471315	0.218374
55	31	0.222123	0.471299	0.210771
41	43	0.222020	0.471190	0.396112
35	208	0.221992	0.471160	0.402304
31	181	0.221922	0.471086	0.210676
50	117	0.221868	0.471029	0.308597
38	43	0.221853	0.471013	0.352304
17	15	0.221710	0.470861	0.698368
34	56	0.221612	0.470757	0.459945
13	75	0.221448	0.470583	0.438129
26	252	0.221414	0.470547	0.210435
43	160	0.221391	0.470522	0.344246
27	194	0.221300	0.470425	0.365627
1	85	0.221267	0.470390	0.210365
8	256	0.221188	0.470306	0.766111
51	245	0.221149	0.470265	0.226486
51	197	0.221071	0.470181	0.310602
49	211	0.221042	0.470151	0.210258
15	7	0.220836	0.469932	0.448921
33	67	0.220810	0.469904	0.234575
15	231	0.220727	0.469816	0.433865
35	242	0.220712	0.469800	0.331646
3	64	0.220583	0.469663	0.210040
28	122	0.220580	0.469660	0.438734
63	148	0.220501	0.469575	0.210000
50	137	0.220500	0.469574	0.299612
61	44	0.220485	0.469558	0.354483
16	6	0.220411	0.469479	0.407433
11	233	0.220319	0.469382	0.289055
49	161	0.220284	0.469345	0.265354
60	213	0.220223	0.469279	0.209868
37	28	0.220203	0.469258	0.215235
49	136	0.220073	0.469120	0.495441
54	91	0.219982	0.469023	0.337461
24	75	0.219930	0.468966	0.376576
5	160	0.219830	0.468860	0.337787
61	39	0.219805	0.468834	0.318536
67	107	0.219694	0.468715	0.209616
7	187	0.219646	0.468664	0.726089
49	111	0.219640	0.468658	0.433729
29	53	0.219638	0.468656	0.225319
69	59	0.219628	0.468645	0.373868
38	185	0.219599	0.468614	0.473804
17	190	0.219578	0.468592	0.235130
57	85	0.219445	0.468449	0.364603
66	86	0.219374	0.468374	0.330236
46	48	0.219367	0.468366	0.209460
37	151	0.219225	0.468214	0.298612
53	190	0.219125	0.468108	0.380165
71	34	0.218950	0.467921	0.416912
40	198	0.218890	0.467857	0.577901
39	218	0.218836	0.467799	0.503801
9	253	0.218657	0.467608	0.388464
5	232	0.218636	0.467585	0.374725
27	35	0.218636	0.467585	0.271442
52	37	0.218581	0.467527	0.356933
70	25	0.218573	0.467518	0.392438
40	25	0.218340	0.467269	0.281508
61	244	0.218200	0.467119	0.393344
21	141	0.218160	0.467076	0.343363
2	240	0.218125	0.467039	0.385279
40	57	0.218017	0.466923	0.423938
55	147	0.217991	0.466895	0.757463
70	46	0.217973	0.466876	0.414717
39	15	0.217913	0.466811	0.218809
35	20	0.217828	0.466721	0.335178
44	137	0.217742	0.466628	0.486415
26	236	0.217630	0.466508	0.643126
52	150	0.217586	0.466461	0.412297
20	131	0.217575	0.466449	0.208602
41	132	0.217556	0.466429	0.584519
44	233	0.217538	0.466410	0.631796
50	96	0.217505	0.466374	0.209923
71	69	0.217408	0.466270	0.417318
68	83	0.217406	0.466268	0.336147
63	144	0.217399	0.466261	0.437617
64	227	0.217225	0.466074	0.337434
3	56	0.217114	0.465955	0.291631
18	49	0.217086	0.465925	0.350468
48	105	0.216923	0.465750	0.330728
20	211	0.216916	0.465742	0.277807
40	164	0.216758	0.465573	0.386892
63	16	0.216702	0.465513	0.304187
19	95	0.216692	0.465502	0.467648
61	114	0.216586	0.465388	0.310610
53	123	0.216449	0.465241	0.487556
28	67	0.216425	0.465215	0.339740
48	220	0.216422	0.465212	0.249067
35	121	0.216417	0.465207	0.316148
59	179	0.216410	0.465199	0.295316
46	108	0.216347	0.465131	0.208013
67	180	0.216333	0.465117	0.253162
23	101	0.216299	0.465079	0.425131
14	67	0.216252	0.465030	0.282640
51	30	0.216188	0.464960	0.207936
40	224	0.216101	0.464866	0.452301
41	239	0.216090	0.464854	0.383427
72	141	0.216088	0.464852	0.307032
7	253	0.215964	0.464720	0.207829
18	139	0.215962	0.464717	0.474042
18	136	0.215953	0.464708	0.239616
51	229	0.215865	0.464613	0.387494
30	40	0.215860	0.464607	0.242552
39	227	0.215853	0.464600	0.519019
56	125	0.215766	0.464506	0.332191
51	182	0.215738	0.464476	0.207720
63	3	0.215719	0.464456	0.258342
47	45	0.215642	0.464373	0.264690
17	14	0.215599	0.464326	0.279762
44	85	0.215533	0.464256	0.333606
10	92	0.215525	0.464247	0.433820
23	190	0.215466	0.464183	0.338969
61	187	0.215406	0.464118	0.338764
28	147	0.215353	0.464062	0.333836
40	174	0.215254	0.463955	0.302177
52	104	0.215224	0.463922	0.269524
48	33	0.215201	0.463897	0.217765
61	238	0.215197	0.463893	0.502037
27	151	0.215120	0.463810	0.888357
35	61	0.215074	0.463761	0.332546
58	179	0.215053	0.463738	0.345980
66	23	0.215023	0.463706	0.207376
8	167	0.214947	0.463623	0.218200
68	235	0.214884	0.463556	0.289444
2	94	0.214673	0.463328	0.207206
46	44	0.214645	0.463298	0.411225
53	35	0.214616	0.463266	0.363331
33	171	0.214331	0.462959	0.292657
45	217	0.214294	0.462919	0.421443
42	49	0.214278	0.462902	0.407111
27	92	0.214270	0.462893	0.213684
39	228	0.214211	0.462829	0.206983
18	206	0.214161	0.462776	0.259190
52	181	0.214159	0.462774	0.206959
16	230	0.214101	0.462711	0.243720
18	79	0.214036	0.462641	0.206899
25	218	0.214033	0.462637	0.274414
25	128	0.214022	0.462626	0.314080
44	192	0.213942	0.462539	0.317360
51	205	0.213917	0.462512	0.225662
60	247	0.213676	0.462251	0.367630
50	131	0.213641	0.462214	0.208534
56	160	0.213640	0.462212	0.336528
68	63	0.213637	0.462209	0.539367
18	156	0.213636	0.462207	0.206705
21	162	0.213593	0.462161	0.206685
10	113	0.213587	0.462155	0.206682
11	166	0.213396	0.461948	0.206590
57	136	0.213394	0.461946	0.206589
39	177	0.213393	0.461945	0.206588
28	222	0.213389	0.461941	0.206586
20	33	0.213375	0.461925	0.247497
18	31	0.213342	0.461890	0.489992
50	45	0.213309	0.461854	0.491938
73	80	0.213247	0.461786	0.497965
65	211	0.213222	0.461759	0.206505
11	203	0.213138	0.461669	0.650486
51	35	0.213125	0.461654	0.413445
43	43	0.213093	0.461620	0.252666
11	111	0.213053	0.461577	0.348420
16	9	0.213044	0.461567	1.388263
47	5	0.213019	0.461540	0.206407
5	157	0.212987	0.461505	1.049161
37	10	0.212984	0.461502	0.238382
25	176	0.212893	0.461403	0.206346
29	103	0.212780	0.461280	0.436794
31	58	0.212674	0.461166	0.424903
51	7	0.212627	0.461115	0.441687
37	209	0.212604	0.461090	0.426508
34	173	0.212570	0.461054	0.308864
21	130	0.212501	0.460979	0.304597
38	61	0.212497	0.460974	0.206154
35	177	0.212493	0.460969	0.206152
63	145	0.212447	0.460919	0.265031
33	120	0.212445	0.460918	0.206129
59	249	0.212378	0.460845	0.375810
24	224	0.212321	0.460783	1.020183
15	198	0.212295	0.460755	0.325333
29	42	0.212284	0.460743	0.298334
18	123	0.212172	0.460622	0.317060
16	22	0.212037	0.460475	0.338063
54	179	0.211956	0.460387	0.324595
55	115	0.211928	0.460357	0.281887
30	23	0.211882	0.460306	0.447428
49	182	0.211856	0.460278	0.327070
26	26	0.211847	0.460269	0.221984
56	211	0.211755	0.460169	0.208504
24	31	0.211729	0.460141	0.586439
63	216	0.211709	0.460118	0.430731
72	39	0.211460	0.459847	0.480934
58	256	0.211367	0.459747	0.365356
9	86	0.211316	0.459691	0.205580
13	14	0.211310	0.459684	0.550436
73	131	0.211192	0.459556	0.281357
65	230	0.211147	0.459508	0.451672
25	88	0.211016	0.459365	0.327004
7	3	0.211016	0.459364	0.498258
65	231	0.210848	0.459182	0.213820
9	146	0.210785	0.459114	0.260602
56	223	0.210695	0.459015	0.205278
32	151	0.210551	0.458859	0.336075
22	120	0.210509	0.458812	0.427647
6	153	0.210470	0.458770	0.409733
29	141	0.210423	0.458719	0.314995
33	136	0.210353	0.458642	0.494880
53	255	0.210339	0.458627	0.310262
2	105	0.210198	0.458474	0.310193
26	41	0.210193	0.458468	0.336405
70	125	0.210068	0.458331	0.210507
6	21	0.210053	0.458316	0.318325
72	69	0.209964	0.458218	0.320860
59	52	0.209937	0.458189	0.288639
43	20	0.209873	0.458119	0.206896
69	66	0.209868	0.458114	0.568709
47	202	0.209860	0.458104	0.507944
55	91	0.209780	0.458018	0.204832
51	209	0.209730	0.457963	0.429406
35	90	0.209670	0.457897	0.310675
59	255	0.209656	0.457882	0.309537
29	51	0.209622	0.457845	0.204755
68	133	0.209592	0.457813	0.350603
66	37	0.209531	0.457745	0.204710
31	179	0.209446	0.457652	0.316517
65	164	0.209297	0.457490	0.232270
55	235	0.209256	0.457446	0.253355
52	221	0.209237	0.457424	0.204566
20	79	0.209197	0.457380	0.204547
33	3	0.209163	0.457344	0.583949
39	164	0.209157	0.457336	0.314021
18	110	0.209061	0.457232	0.291314
46	186	0.209010	0.457177	0.333405
9	100	0.209006	0.457172	0.349357
38	215	0.208996	0.457161	0.232314
23	147	0.208962	0.457124	0.853402
42	52	0.208941	0.457101	0.348988
68	229	0.208924	0.457082	0.483686
59	39	0.208782	0.456927	0.558850
15	250	0.208682	0.456818	0.292861
55	10	0.208584	0.456710	0.204247
12	35	0.208420	0.456531	0.208913
29	18	0.208208	0.456299	0.266405
62	212	0.208153	0.456238	0.557878
53	233	0.208066	0.456143	0.555512
43	195	0.207946	0.456011	0.270472
65	50	0.207839	0.455893	0.293469
23	243	0.207789	0.455838	0.664261
9	38	0.207751	0.455798	0.245117
51	220	0.207734	0.455779	0.616721
29	188	0.207703	0.455745	0.203815
58	252	0.207655	0.455692	0.299023
15	56	0.207590	0.455621	0.326482
69	67	0.207541	0.455566	0.335839
9	106	0.207534	0.455559	0.563402
60	28	0.207441	0.455457	0.519956
29	159	0.207383	0.455393	0.396885
35	11	0.207314	0.455317	0.332406
56	76	0.207313	0.455316	0.330667
1	245	0.207194	0.455186	0.253831
12	63	0.207077	0.455057	0.472610
27	238	0.207011	0.454984	0.203475
45	236	0.206928	0.454894	0.297897
46	80	0.206805	0.454758	0.318956
37	187	0.206784	0.454735	0.209235
28	183	0.206720	0.454664	0.203332
33	74	0.206589	0.454520	0.234309
68	67	0.206552	0.454479	0.316011
47	104	0.206549	0.454476	0.435537
6	63	0.206457	0.454375	0.799970
55	92	0.206456	0.454374	0.325673
24	141	0.206411	0.454325	0.203180
13	217	0.206338	0.454244	0.321906
48	246	0.206278	0.454178	0.236548
55	130	0.206226	0.454122	0.406031
5	234	0.206202	0.454095	0.322959
14	226	0.206140	0.454026	0.203047
8	153	0.206114	0.453997	0.248363
37	207	0.206039	0.453916	0.325063
58	197	0.206035	0.453911	0.317043
31	184	0.206000	0.453873	0.202978
17	68	0.205988	0.453859	0.330050
68	183	0.205939	0.453805	0.330744
42	228	0.205913	0.453777	0.327368
65	64	0.205718	0.453561	0.284193
18	96	0.205704	0.453546	0.523318
41	52	0.205703	0.453544	0.331068
41	251	0.205678	0.453518	0.385587
18	117	0.205662	0.453499	0.263250
30	163	0.205627	0.453461	0.363349
38	144	0.205623	0.453457	0.225923
8	90	0.205621	0.453455	0.363143
52	105	0.205339	0.453143	0.267698
37	101	0.205305	0.453106	0.202635
63	38	0.205242	0.453036	0.482801
8	14	0.205213	0.453005	0.472347
27	53	0.205185	0.452974	0.417095
8	100	0.205176	0.452963	0.377841
1	165	0.205102	0.452882	0.202535
25	5	0.205041	0.452815	0.277845
31	191	0.205020	0.452792	0.317168
68	9	0.204901	0.452659	0.313778
50	219	0.204868	0.452623	0.202419
33	18	0.204737	0.452478	0.241060
62	37	0.204688	0.452424	0.202330
59	80	0.204627	0.452357	0.724168
50	55	0.204598	0.452325	0.259754
40	109	0.204577	0.452302	0.329244
52	174	0.204515	0.452233	0.366585
35	62	0.204411	0.452119	0.202194
17	241	0.204399	0.452105	0.346109
48	248	0.204366	0.452068	0.366567
66	158	0.204360	0.452062	0.243348
32	232	0.204354	0.452056	0.292226
68	50	0.204316	0.452014	0.326792
47	14	0.204118	0.451794	0.505279
13	119	0.204082	0.451754	0.202031
54	227	0.204062	0.451732	0.549358
68	249	0.203976	0.451637	0.352067
64	78	0.203946	0.451604	0.420704
17	219	0.203909	0.451563	0.265313
58	248	0.203851	0.451499	0.220128
52	142	0.203748	0.451385	0.241435
9	245	0.203710	0.451342	0.201846
12	220	0.203651	0.451277	0.292058
41	163	0.203601	0.451222	0.451149
66	65	0.203574	0.451191	0.201779
45	228	0.203513	0.451124	0.201749
4	24	0.203475	0.451082	0.423655
29	214	0.203468	0.451074	0.322342
72	174	0.203460	0.451066	0.479240
16	141	0.203454	0.451058	0.323587
37	156	0.203453	0.451058	0.281428
51	81	0.203389	0.450987	0.275815
57	154	0.203084	0.450648	0.201536
9	153	0.203041	0.450601	0.309365
15	91	0.202989	0.450543	0.201489
52	214	0.202946	0.450495	0.274993
53	10	0.202943	0.450492	0.434143
37	194	0.202899	0.450443	0.282077
36	136	0.202735	0.450261	0.368324
22	155	0.202572	0.450080	0.201282
64	85	0.202553	0.450059	0.201272
28	96	0.202536	0.450041	0.201264
3	248	0.202385	0.449872	0.280720
60	26	0.202374	0.449860	0.513638
59	11	0.202353	0.449837	0.456447
70	168	0.202351	0.449834	0.321032
41	98	0.202263	0.449737	0.404790
37	71	0.202234	0.449705	0.201114
56	103	0.202231	0.449701	0.356613
45	60	0.202203	0.449670	0.279084
29	71	0.202077	0.449530	0.469080
73	42	0.201941	0.449378	0.275788
42	131	0.201939	0.449376	0.318325
69	51	0.201914	0.449348	0.678091
31	23	0.201880	0.449310	0.200938
37	124	0.201785	0.449205	0.305282
24	6	0.201770	0.449188	0.355266
52	144	0.201732	0.449146	0.468079
14	236	0.201723	0.449136	0.325094
12	11	0.201715	0.449127	0.419185
19	190	0.201706	0.449117	0.385755
33	22	0.201672	0.449079	0.392710
43	105	0.201664	0.449070	0.481637
62	88	0.201663	0.449069	0.200830
22	90	0.201663	0.449069	0.346134
48	88	0.201603	0.449003	0.235750
52	6	0.201494	0.448881	0.200746
34	73	0.201467	0.448850	0.241999
37	143	0.201439	0.448819	0.217647
71	119	0.201434	0.448814	0.207590
50	139	0.201297	0.448661	0.267791
53	163	0.201215	0.448570	0.225133
39	76	0.201196	0.448549	0.421946
49	1	0.201128	0.448473	0.200563
23	20	0.201082	0.448422	0.325088
72	43	0.200992	0.448322	0.216601
18	244	0.200972	0.448299	0.200485
22	218	0.200867	0.448181	0.449699
55	114	0.200793	0.448099	0.243452
18	74	0.200644	0.447932	0.703301
7	23	0.200599	0.447883	0.693859
55	171	0.200592	0.447876	0.200296
37	59	0.200582	0.447864	0.390460
67	157	0.200565	0.447845	0.200282
60	190	0.200527	0.447802	0.209195
32	194	0.200514	0.447787	0.679052
57	38	0.200484	0.447755	0.281841
11	236	0.200479	0.447749	0.210919
53	136	0.200464	0.447732	0.222847
32	46	0.200405	0.447666	0.424787
8	26	0.200237	0.447478	0.304246
67	54	0.200209	0.447448	0.200105
48	255	0.200087	0.447311	0.298283
9	187	0.200071	0.447293	0.411034
20	107	0.200067	0.447288	0.318406
37	55	0.199998	0.447212	0.321539
59	175	0.199977	0.447188	0.199989
52	209	0.199910	0.447113	0.266758
69	122	0.199901	0.447103	0.589498
73	104	0.199756	0.446940	0.404972
35	197	0.199715	0.446895	0.400315
30	47	0.199681	0.446857	0.443567
70	251	0.199669	0.446843	0.243550
51	103	0.199574	0.446737	0.309816
26	181	0.199554	0.446715	0.398014
58	18	0.199455	0.446604	0.351111
6	116	0.199415	0.446559	0.486436
2	111	0.199305	0.446436	1.398734
20	101	0.199277	0.446405	0.199638
72	138	0.199210	0.446329	0.320095
38	212	0.199199	0.446318	0.244800
32	234	0.199180	0.446296	0.486192
12	64	0.199167	0.446281	0.199583
63	69	0.199128	0.446237	0.274565
7	160	0.199104	0.446211	0.258235
63	134	0.199015	0.446111	0.240802
18	256	0.199015	0.446111	0.280592
48	226	0.199004	0.446098	0.482143
44	151	0.198970	0.446061	0.461085
9	188	0.198956	0.446044	0.414893
37	40	0.198952	0.446040	0.316851
25	20	0.198921	0.446006	0.425783
43	61	0.198897	0.445978	0.276461
11	180	0.198867	0.445945	0.390524
55	180	0.198816	0.445888	0.306914
68	120	0.198812	0.445883	0.295438
62	254	0.198809	0.445880	0.222941
50	56	0.198806	0.445877	0.481252
58	255	0.198792	0.445861	0.258065
67	50	0.198753	0.445817	0.451331
51	104	0.198751	0.445815	0.253330
14	82	0.198622	0.445670	0.327792
11	251	0.198615	0.445662	0.217067
22	205	0.198614	0.445661	0.458969
22	156	0.198587	0.445631	0.300986
65	188	0.198538	0.445576	0.756637
18	166	0.198514	0.445549	0.204352
13	17	0.198404	0.445426	0.325169
31	185	0.198387	0.445406	0.434644
70	175	0.198329	0.445342	0.435416
31	149	0.198305	0.445314	0.529252
40	22	0.198231	0.445232	0.398145
55	164	0.198223	0.445222	0.365921
5	163	0.198109	0.445094	0.199052
9	35	0.198080	0.445062	0.300272
61	37	0.198034	0.445010	0.400633
48	152	0.197934	0.444898	0.462240
34	165	0.197805	0.444753	0.198900
6	126	0.197793	0.444740	0.229119
31	253	0.197767	0.444709	0.478172
58	161	0.197729	0.444667	0.369150
71	156	0.197678	0.444610	0.623967
47	254	0.197638	0.444565	0.349059
69	4	0.197467	0.444373	0.339171
15	200	0.197424	0.444324	0.304263
67	43	0.197412	0.444310	0.351505
22	45	0.197398	0.444295	0.777369
37	113	0.197285	0.444167	0.198638
46	120	0.197280	0.444163	0.199085
9	21	0.197238	0.444115	0.348644
35	155	0.197127	0.443990	0.474868
56	86	0.197067	0.443922	0.228805
64	149	0.197007	0.443854	0.384507
60	238	0.196993	0.443839	0.656391
62	170	0.196960	0.443802	0.290111
15	34	0.196831	0.443657	0.316229
27	42	0.196814	0.443637	0.670845
68	59	0.196788	0.443608	0.286104
6	73	0.196755	0.443571	0.251956
54	194	0.196627	0.443426	0.618497
15	37	0.196568	0.443360	0.301460
65	35	0.196537	0.443324	0.482519
36	154	0.196518	0.443304	0.272249
47	83	0.196447	0.443223	0.301253
58	155	0.196406	0.443178	0.368530
64	4	0.196351	0.443115	0.507401
10	228	0.196335	0.443098	0.646248
62	196	0.196312	0.443071	0.328059
57	16	0.196296	0.443053	0.218411
58	122	0.196288	0.443045	0.438153
63	94	0.196261	0.443013	0.387326
64	57	0.196186	0.442928	0.266689
27	211	0.196003	0.442723	0.281711
71	50	0.195984	0.442701	0.420913
49	172	0.195974	0.442690	0.197977
12	88	0.195968	0.442683	0.386246
70	122	0.195936	0.442646	0.272272
20	205	0.195860	0.442561	0.369135
44	138	0.195836	0.442533	0.197907
48	125	0.195816	0.442511	0.197897
70	142	0.195763	0.442451	0.235637
65	252	0.195739	0.442424	0.440058
63	247	0.195734	0.442418	0.201197
73	228	0.195605	0.442273	0.431156
53	6	0.195412	0.442055	0.197693
43	34	0.195388	0.442028	0.302032
50	142	0.195372	0.442010	0.472159
61	214	0.195365	0.442001	0.197669
4	120	0.195192	0.441806	0.257764
5	76	0.195188	0.441801	0.442951
60	218	0.195177	0.441788	0.283134
5	75	0.195123	0.441727	0.639771
68	213	0.194891	0.441464	0.352470
30	126	0.194885	0.441458	0.527556
10	240	0.194654	0.441196	0.513217
1	67	0.194505	0.441028	0.357987
4	93	0.194473	0.440991	0.207129
4	174	0.194450	0.440965	0.197205
54	218	0.194398	0.440906	0.229142
35	113	0.194260	0.440750	0.197109
58	245	0.194256	0.440745	0.197107
33	61	0.194147	0.440622	0.306038
25	122	0.194094	0.440561	0.302099
36	237	0.194001	0.440455	0.260581
53	100	0.193872	0.440309	0.196912
14	198	0.193834	0.440266	0.196893
73	127	0.193779	0.440204	0.196865
7	77	0.193663	0.440072	0.285072
20	157	0.193646	0.440052	0.361603
25	170	0.193614	0.440016	0.307819
62	80	0.193547	0.439940	0.352838
42	62	0.193482	0.439866	0.326634
7	177	0.193455	0.439835	0.322272
26	114	0.193435	0.439812	0.466331
60	225	0.193427	0.439804	0.391281
72	104	0.193403	0.439776	0.320014
24	72	0.193390	0.439761	0.276734
58	229	0.193250	0.439602	0.196596
71	185	0.193247	0.439598	0.336189
39	63	0.193221	0.439569	0.251992
15	74	0.193140	0.439477	0.278950
44	78	0.193067	0.439394	0.284285
37	232	0.193064	0.439390	0.196501
13	218	0.193032	0.439354	0.223506
36	185	0.192985	0.439300	0.196461
46	162	0.192960	0.439272	0.196449
5	167	0.192942	0.439251	0.196439
18	10	0.192811	0.439103	1.177880
58	50	0.192774	0.439061	0.376050
31	34	0.192732	0.439012	0.317791
15	49	0.192656	0.438926	0.450994
12	192	0.192562	0.438819	0.196246
21	81	0.192443	0.438683	0.465178
1	24	0.192386	0.438618	0.314367
50	168	0.192370	0.438600	0.287181
49	121	0.192167	0.438368	0.612808
8	231	0.192022	0.438203	0.593042
4	98	0.192019	0.438200	0.195969
9	122	0.192011	0.438191	0.392145
11	69	0.191984	0.438160	0.260241
29	189	0.191961	0.438134	0.370888
10	20	0.191896	0.438059	0.376455
71	168	0.191866	0.438026	0.373040
5	151	0.191854	0.438011	0.494524
42	193	0.191697	0.437832	0.447690
36	91	0.191682	0.437815	0.309196
57	188	0.191674	0.437806	0.195793
20	133	0.191555	0.437670	0.270246
29	225	0.191521	0.437631	0.306954
49	120	0.191456	0.437556	0.195681
38	73	0.191265	0.437339	0.377505
33	131	0.191259	0.437332	0.236462
51	181	0.191247	0.437318	0.195574
16	120	0.191203	0.437268	0.476997
19	25	0.191163	0.437221	0.345894
19	207	0.191094	0.437143	0.401139
31	248	0.191062	0.437106	0.243011
39	222	0.190966	0.436997	0.432493
6	137	0.190945	0.436973	0.334726
33	40	0.190920	0.436944	0.522840
15	51	0.190878	0.436896	0.337654
2	119	0.190873	0.436890	0.195383
35	30	0.190869	0.436885	0.494516
37	135	0.190850	0.436863	0.388863
3	189	0.190816	0.436825	0.208247
16	225	0.190807	0.436815	0.382864
55	103	0.190698	0.436690	0.259374
32	117	0.190677	0.436666	0.344255
67	117	0.190676	0.436665	0.226993
11	36	0.190654	0.436640	0.344858
49	18	0.190635	0.436617	0.444824
33	196	0.190557	0.436529	0.461108
31	227	0.190532	0.436500	0.407959
32	145	0.190510	0.436475	0.464090
67	148	0.190348	0.436289	0.452514
16	116	0.190305	0.436240	0.332709
69	153	0.190222	0.436145	0.376549
71	79	0.190098	0.436003	0.359365
57	189	0.190084	0.435986	0.194979
46	14	0.189898	0.435773	0.273978
61	59	0.189880	0.435752	0.318220
68	232	0.189856	0.435724	0.260758
52	70	0.189852	0.435720	0.315242
34	33	0.189540	0.435362	0.546029
30	34	0.189465	0.435276	0.409098
45	209	0.189457	0.435267	0.201467
37	128	0.189453	0.435262	0.245531
27	89	0.189319	0.435107	0.363934
8	3	0.189295	0.435080	0.251890
11	144	0.189294	0.435080	0.449548
70	77	0.189248	0.435027	0.462101
21	114	0.189103	0.434860	0.221210
37	178	0.189059	0.434809	0.490516
7	207	0.189030	0.434776	0.226238
60	79	0.188961	0.434697	0.313559
68	243	0.188959	0.434694	0.316745
66	129	0.188936	0.434668	0.194389
71	244	0.188782	0.434491	0.279421
13	240	0.188758	0.434463	0.458983
72	197	0.188625	0.434310	0.392744
45	62	0.188566	0.434242	0.194199
59	215	0.188557	0.434231	0.217956
30	136	0.188409	0.434061	0.296574
70	120	0.188399	0.434050	0.194113
1	42	0.188388	0.434037	0.748953
18	90	0.188384	0.434033	0.439429
73	126	0.188349	0.433992	0.234230
22	95	0.188213	0.433835	0.194017
31	178	0.188130	0.433740	0.390811
48	215	0.188124	0.433732	0.556133
24	94	0.188095	0.433699	0.287241
32	21	0.188087	0.433691	0.239857
41	53	0.188002	0.433591	0.197031
73	141	0.187929	0.433508	0.429989
70	200	0.187828	0.433391	0.322682
24	56	0.187794	0.433352	0.798100
25	3	0.187764	0.433317	0.240527
42	88	0.187740	0.433290	0.348795
32	230	0.187724	0.433271	0.315289
72	71	0.187616	0.433146	0.240624
30	219	0.187575	0.433099	0.193688
7	109	0.187558	0.433080	0.225021
43	11	0.187537	0.433055	0.193668
62	48	0.187478	0.432988	0.193638
24	95	0.187423	0.432924	0.909548
25	114	0.187420	0.432920	0.407495
19	38	0.187415	0.432915	0.245302
38	251	0.187389	0.432885	0.383435
19	134	0.187315	0.432799	0.363269
70	126	0.187300	0.432782	0.594039
48	92	0.187290	0.432771	0.208516
48	16	0.187279	0.432758	0.287724
57	218	0.187205	0.432672	0.195928
69	206	0.187190	0.432654	0.335074
13	79	0.187156	0.432616	0.222410
35	65	0.187093	0.432543	0.315806
62	204	0.186971	0.432402	0.442419
64	159	0.186927	0.432351	0.286775
41	241	0.186892	0.432310	0.369450
45	17	0.186859	0.432272	0.307603
40	172	0.186839	0.432249	0.315134
63	75	0.186785	0.432186	0.306841
58	61	0.186620	0.431995	0.193194
6	170	0.186524	0.431884	0.235663
44	126	0.186522	0.431883	0.518912
26	86	0.186494	0.431850	0.254806
48	7	0.186464	0.431815	0.426123
24	151	0.186461	0.431811	1.306878
17	128	0.186457	0.431807	0.193110
54	64	0.186385	0.431724	0.211243
66	116	0.186366	0.431701	0.311697
40	235	0.186252	0.431569	0.325274
45	225	0.186245	0.431561	0.313084
3	158	0.186225	0.431538	0.627374
37	52	0.186204	0.431514	0.571229
15	94	0.186135	0.431433	0.192943
39	71	0.186108	0.431403	0.192929
69	176	0.186029	0.431311	0.312368
19	256	0.185928	0.431194	0.469000
27	45	0.185924	0.431189	0.488624
30	245	0.185906	0.431168	0.333093
56	45	0.185812	0.431059	0.392049
27	4	0.185787	0.431030	0.495192
65	6	0.185714	0.430946	0.192725
20	213	0.185711	0.430942	0.340725
1	256	0.185636	0.430855	0.416504
33	111	0.185403	0.430585	0.394524
72	145	0.185403	0.430584	0.307838
70	197	0.185401	0.430582	0.377664
61	64	0.185399	0.430579	0.517879
20	152	0.185369	0.430545	0.241584
33	46	0.185299	0.430464	0.318929
50	198	0.185285	0.430448	0.194174
70	7	0.185266	0.430425	0.192492
19	37	0.185258	0.430416	0.320945
35	86	0.185199	0.430348	0.192457
55	40	0.185171	0.430316	0.390227
33	178	0.185150	0.430290	0.322101
24	71	0.185146	0.430286	0.195187
47	146	0.184992	0.430107	0.192350
15	52	0.184879	0.429976	0.192291
40	23	0.184839	0.429929	0.274669
5	193	0.184756	0.429832	0.311042
37	173	0.184750	0.429825	0.449798
2	168	0.184736	0.429809	0.253833
56	227	0.184730	0.429802	0.192213
45	101	0.184695	0.429761	0.269398
41	45	0.184597	0.429648	0.523104
28	79	0.184439	0.429464	0.306907
63	147	0.184422	0.429444	0.504551
3	240	0.184414	0.429435	0.387856
1	18	0.184327	0.429333	0.310302
2	222	0.184240	0.429231	0.343941
26	28	0.184203	0.429189	0.609742
22	74	0.184130	0.429104	0.557120
4	226	0.184060	0.429022	0.341274
33	163	0.184043	0.429002	0.512011
59	37	0.183937	0.428879	0.311321
59	227	0.183937	0.428878	0.348253
63	116	0.183888	0.428822	0.309832
12	106	0.183772	0.428686	0.477620
71	113	0.183707	0.428611	0.250748
49	66	0.183646	0.428540	0.326601
17	238	0.183646	0.428539	0.410229
57	114	0.183634	0.428525	0.227592
24	184	0.183632	0.428523	0.454905
3	99	0.183593	0.428477	0.226091
18	202	0.183591	0.428475	0.286381
42	5	0.183384	0.428233	0.268825
53	189	0.183371	0.428218	0.297834
37	9	0.183324	0.428164	0.378295
20	22	0.183322	0.428161	0.414120
48	211	0.183319	0.428158	0.368019
22	208	0.183319	0.428157	0.312569
8	83	0.183284	0.428117	0.431309
72	240	0.183264	0.428094	0.304647
37	68	0.183260	0.428089	0.553634
5	202	0.183258	0.428086	0.398134
48	32	0.183201	0.428019	0.308638
39	100	0.183178	0.427993	0.372366
43	207	0.183157	0.427968	0.191393
29	74	0.182866	0.427628	0.191241
21	186	0.182799	0.427550	0.311881
69	61	0.182731	0.427471	0.295363
66	143	0.182719	0.427457	0.289497
40	166	0.182596	0.427313	0.191100
50	94	0.182596	0.427313	0.349942
50	158	0.182584	0.427298	0.191094
28	125	0.182513	0.427215	0.274021
48	38	0.182492	0.427191	0.279129
31	4	0.182490	0.427188	0.343631
25	205	0.182471	0.427167	0.398747
58	90	0.182462	0.427156	0.215105
11	24	0.182377	0.427056	0.469665
52	80	0.182332	0.427004	0.190962
63	47	0.182241	0.426897	0.217735
55	48	0.182222	0.426875	0.273916
31	186	0.182103	0.426735	0.302531
55	89	0.182087	0.426716	0.299730
35	94	0.182045	0.426667	0.190811
55	250	0.182014	0.426631	0.222161
43	186	0.181994	0.426608	0.190785
71	66	0.181986	0.426599	0.433516
4	61	0.181967	0.426576	0.214234
49	198	0.181900	0.426497	0.264275
22	117	0.181809	0.426391	0.260241
36	72	0.181807	0.426388	0.190687
3	178	0.181787	0.426365	0.301577
63	83	0.181747	0.426318	0.190655
58	163	0.181747	0.426318	0.403561
17	208	0.181699	0.426262	0.307797
45	45	0.181627	0.426177	0.190592
59	133	0.181579	0.426121	0.440236
14	87	0.181548	0.426084	0.900479
21	238	0.181435	0.425951	0.208063
25	99	0.181411	0.425924	0.190479
64	181	0.181381	0.425889	0.368106
42	203	0.181284	0.425774	0.190747
13	77	0.181281	0.425771	0.583666
43	107	0.181245	0.425728	0.260862
8	4	0.181232	0.425714	0.448548
59	204	0.181182	0.425655	0.443768
52	173	0.181113	0.425574	0.308235
51	78	0.181049	0.425499	0.260869
61	74	0.181002	0.425443	0.552752
53	7	0.180995	0.425435	0.463465
18	160	0.180902	0.425326	0.190212
66	107	0.180901	0.425325	0.233632
60	76	0.180857	0.425273	0.300456
33	62	0.180852	0.425267	0.238478
54	124	0.180746	0.425143	0.190130
62	228	0.180685	0.425070	0.261502
73	109	0.180679	0.425064	0.262867
35	198	0.180666	0.425048	0.304800
6	186	0.180567	0.424932	0.293954
53	91	0.180561	0.424924	0.190032
20	112	0.180536	0.424896	0.241923
24	129	0.180452	0.424797	0.932259
71	31	0.180448	0.424791	0.291439
34	63	0.180412	0.424749	0.232884
4	110	0.180405	0.424741	0.222324
73	193	0.180262	0.424573	0.373819
68	215	0.180255	0.424564	0.189871
12	202	0.180095	0.424376	0.309920
54	196	0.180008	0.424273	0.269121
12	143	0.179968	0.424226	0.189720
70	147	0.179674	0.423880	0.300321
3	238	0.179636	0.423835	0.217121
68	36	0.179532	0.423713	0.214095
68	57	0.179521	0.423699	0.189484
43	117	0.179478	0.423648	0.309132
46	160	0.179421	0.423582	0.294074
31	113	0.179410	0.423568	0.361433
63	113	0.179382	0.423535	0.300790
60	232	0.179380	0.423533	0.244598
55	28	0.179310	0.423450	0.194145
65	243	0.179277	0.423411	0.189355
73	25	0.179271	0.423405	0.426800
60	48	0.179191	0.423309	0.404057
30	111	0.179182	0.423300	0.429494
9	46	0.179133	0.423241	0.225721
33	17	0.178955	0.423030	0.348738
60	114	0.178883	0.422945	0.200885
72	157	0.178833	0.422886	0.211675
13	69	0.178830	0.422883	0.296381
55	159	0.178822	0.422874	0.258919
66	200	0.178753	0.422792	0.273592
31	108	0.178725	0.422758	0.424888
23	183	0.178641	0.422659	0.271607
43	64	0.178634	0.422652	0.301225
71	83	0.178630	0.422646	0.189013
59	120	0.178592	0.422602	0.188993
25	243	0.178542	0.422543	0.364531
16	20	0.178494	0.422486	0.356696
9	56	0.178448	0.422431	0.263004
46	173	0.178431	0.422411	0.322066
57	250	0.178366	0.422334	0.306835
67	24	0.178176	0.422109	0.350907
41	225	0.178175	0.422108	0.303355
16	157	0.178171	0.422103	0.460409
5	204	0.178141	0.422068	0.255920
38	165	0.178121	0.422044	0.269556
49	72	0.178059	0.421970	0.289185
16	75	0.178050	0.421959	0.484403
17	250	0.178043	0.421952	0.256686
59	176	0.178037	0.421945	0.344719
15	17	0.178023	0.421927	0.356073
12	40	0.178013	0.421916	0.292316
11	5	0.177976	0.421872	0.411329
17	133	0.177904	0.421786	0.329484
6	4	0.177885	0.421764	0.278367
25	215	0.177837	0.421707	0.307854
35	173	0.177835	0.421705	0.304678
20	156	0.177795	0.421658	0.324822
3	121	0.177728	0.421579	0.487147
54	111	0.177708	0.421554	0.188525
70	154	0.177664	0.421501	0.240092
65	14	0.177621	0.421451	0.302477
41	101	0.177550	0.421367	0.264024
41	38	0.177524	0.421336	0.188427
19	94	0.177500	0.421308	0.272012
24	166	0.177434	0.421230	0.622618
38	177	0.177432	0.421226	0.188378
4	153	0.177336	0.421112	0.942402
12	156	0.177329	0.421104	0.386457
20	145	0.177291	0.421059	0.430347
33	66	0.177281	0.421048	0.307488
16	181	0.177249	0.421009	0.294322
11	93	0.177146	0.420887	0.242512
24	124	0.177126	0.420864	0.227821
59	130	0.177123	0.420860	0.188214
39	121	0.177121	0.420857	0.313879
68	58	0.177109	0.420843	0.299573
22	216	0.177039	0.420760	0.347996
24	252	0.177028	0.420747	0.363802
65	23	0.177010	0.420725	0.387473
73	52	0.176974	0.420683	0.465068
58	63	0.176969	0.420677	0.371871
34	146	0.176734	0.420397	0.334910
61	82	0.176680	0.420334	0.313563
69	105	0.176652	0.420300	0.232208
50	132	0.176604	0.420243	0.267906
17	143	0.176526	0.420150	0.457408
60	95	0.176500	0.420119	0.260401
71	133	0.176487	0.420104	0.344593
30	217	0.176431	0.420037	0.495445
26	158	0.176383	0.419980	0.306710
46	252	0.176156	0.419710	0.384508
41	174	0.176103	0.419646	0.551010
4	161	0.176082	0.419621	0.187660
51	163	0.175935	0.419446	0.187582
19	228	0.175930	0.419440	0.394449
6	177	0.175881	0.419382	0.255944
48	3	0.175879	0.419379	0.187552
45	89	0.175819	0.419308	0.624580
46	88	0.175803	0.419288	0.397892
21	37	0.175788	0.419270	0.254940
53	76	0.175668	0.419127	0.648110
6	104	0.175636	0.419089	0.310521
30	239	0.175631	0.419084	0.213765
6	99	0.175626	0.419078	0.287097
62	233	0.175600	0.419047	0.298262
21	237	0.175415	0.418826	0.187305
18	177	0.175315	0.418707	0.295899
3	138	0.175177	0.418541	0.303991
68	242	0.175125	0.418479	0.287980
66	52	0.175115	0.418468	0.304480
73	205	0.175112	0.418464	0.216607
38	40	0.175106	0.418456	0.333729
51	127	0.175065	0.418408	0.221875
34	9	0.175044	0.418383	0.343332
20	227	0.175013	0.418346	0.452156
19	138	0.174982	0.418309	0.503505
60	86	0.174859	0.418162	0.187008
46	180	0.174839	0.418138	0.186997
62	101	0.174789	0.418078	0.186970
51	124	0.174773	0.418058	0.303999
73	182	0.174743	0.418023	0.362438
28	24	0.174702	0.417973	0.366553
14	148	0.174683	0.417951	0.317128
72	107	0.174581	0.417828	0.245260
13	131	0.174577	0.417825	0.186857
53	107	0.174553	0.417795	0.195210
17	135	0.174501	0.417733	0.186816
41	215	0.174424	0.417641	0.244469
60	158	0.174398	0.417610	0.294227
50	110	0.174358	0.417561	0.285742
18	226	0.174357	0.417561	0.217240
9	235	0.174242	0.417423	0.438100
34	11	0.174200	0.417373	0.344485
54	190	0.174110	0.417265	0.457919
50	245	0.174052	0.417195	0.304011
34	116	0.174033	0.417173	0.186565
56	219	0.174024	0.417162	0.236930
60	230	0.173972	0.417100	0.217642
26	14	0.173934	0.417054	0.439086
58	101	0.173914	0.417030	0.352122
66	17	0.173834	0.416935	0.187385
70	32	0.173834	0.416934	0.301764
47	255	0.173740	0.416821	0.186408
65	181	0.173675	0.416743	0.308454
69	102	0.173627	0.416685	0.412172
65	219	0.173558	0.416603	0.268136
72	216	0.173529	0.416568	0.452672
41	169	0.173516	0.416553	0.417609
64	197	0.173348	0.416351	0.366116
6	11	0.173319	0.416315	0.186182
55	34	0.173282	0.416272	0.419089
70	51	0.173253	0.416237	0.691963
30	75	0.173251	0.416234	0.468680
12	238	0.173246	0.416228	0.302926
69	103	0.173244	0.416225	0.378754
65	92	0.173239	0.416220	0.186139
34	185	0.173225	0.416204	0.186132
68	136	0.173142	0.416104	0.367944
22	42	0.173124	0.416082	0.448171
68	128	0.173104	0.416057	0.247990
60	133	0.173103	0.416056	0.255045
33	188	0.173066	0.416012	0.280039
5	79	0.172965	0.415890	0.197334
7	75	0.172949	0.415872	0.215561
30	91	0.172889	0.415800	0.453704
41	63	0.172880	0.415788	0.366349
4	218	0.172848	0.415750	0.356279
60	52	0.172790	0.415680	0.303430
10	245	0.172703	0.415575	0.251860
2	161	0.172692	0.415562	0.404106
34	91	0.172685	0.415554	0.715222
29	129	0.172656	0.415519	0.300639
11	11	0.172603	0.415455	0.245042
47	23	0.172590	0.415439	0.218158
32	138	0.172524	0.415360	0.369809
14	213	0.172439	0.415257	0.275515
60	25	0.172336	0.415134	0.606281
49	78	0.172321	0.415116	0.532445
25	165	0.172295	0.415084	0.423509
7	199	0.172030	0.414764	0.234649
71	247	0.172020	0.414752	0.347384
39	125	0.172016	0.414748	0.240957
21	18	0.172000	0.414729	0.407953
49	184	0.171959	0.414679	0.336143
7	42	0.171895	0.414603	0.382698
6	28	0.171807	0.414496	0.571650
69	65	0.171806	0.414495	0.300677
22	169	0.171773	0.414455	0.185350
27	63	0.171750	0.414427	0.189325
4	116	0.171734	0.414408	0.307543
15	20	0.171695	0.414361	0.193767
4	30	0.171646	0.414302	0.185281
15	15	0.171627	0.414279	0.269868
40	219	0.171489	0.414112	0.185197
58	57	0.171445	0.414059	0.230812
23	223	0.171270	0.413848	1.004490
61	208	0.171191	0.413753	0.393613
25	78	0.171109	0.413654	0.194839
55	56	0.171058	0.413591	0.192925
19	141	0.171041	0.413571	0.405389
31	218	0.170984	0.413502	0.184924
33	23	0.170982	0.413499	0.341435
19	35	0.170977	0.413494	0.651686
66	203	0.170887	0.413385	0.312743
67	27	0.170793	0.413271	0.404738
58	190	0.170765	0.413237	0.283723
53	236	0.170709	0.413169	0.279501
59	123	0.170686	0.413142	0.304275
14	174	0.170631	0.413076	0.445501
9	9	0.170513	0.412932	0.188027
9	129	0.170484	0.412897	0.297611
43	118	0.170242	0.412604	0.226045
69	179	0.170231	0.412591	0.422588
34	5	0.170171	0.412518	0.184484
14	209	0.170086	0.412414	0.300695
39	171	0.170053	0.412375	0.237748
44	236	0.169995	0.412304	0.184388
13	55	0.169978	0.412284	0.184379
31	155	0.169931	0.412226	0.300987
69	72	0.169885	0.412171	0.191513
48	106	0.169866	0.412148	0.184318
20	252	0.169827	0.412101	0.270126
66	193	0.169795	0.412062	0.244983
15	10	0.169793	0.412060	0.257347
54	152	0.169715	0.411965	0.300778
37	142	0.169622	0.411852	0.254549
22	89	0.169604	0.411830	0.239809
51	170	0.169510	0.411715	0.184125
40	228	0.169508	0.411713	0.305446
10	189	0.169481	0.411681	0.437878
8	165	0.169332	0.411500	0.263532
29	5	0.169268	0.411421	0.183993
11	219	0.169248	0.411398	0.292411
24	169	0.169194	0.411332	0.278824
18	178	0.169190	0.411327	0.296908
47	73	0.169169	0.411302	0.183940
68	27	0.169134	0.411259	0.183921
50	172	0.169105	0.411223	0.351596
21	154	0.169005	0.411102	0.464499
24	62	0.168929	0.411010	0.183809
51	117	0.168911	0.410988	0.193736
73	66	0.168887	0.410959	0.389612
64	26	0.168769	0.410815	0.299196
58	108	0.168680	0.410707	0.394565
70	208	0.168594	0.410603	0.559519
66	195	0.168554	0.410554	0.192076
53	195	0.168429	0.410401	0.183537
52	176	0.168427	0.410398	0.319669
71	56	0.168423	0.410394	0.445870
62	132	0.168410	0.410378	0.568810
18	39	0.168331	0.410281	1.246082
18	168	0.168081	0.409976	0.286308
39	150	0.168048	0.409937	0.398116
72	85	0.167956	0.409824	0.211262
3	194	0.167935	0.409799	0.300619
68	246	0.167927	0.409789	0.183263
59	173	0.167857	0.409704	0.362769
21	179	0.167851	0.409697	0.297008
9	192	0.167839	0.409682	0.281925
51	200	0.167719	0.409535	0.235219
56	145	0.167714	0.409529	0.183147
51	246	0.167669	0.409474	0.392601
58	176	0.167653	0.409454	0.183113
2	98	0.167605	0.409396	0.383507
40	95	0.167591	0.409379	0.296464
56	32	0.167489	0.409255	0.183024
24	240	0.167451	0.409208	0.274907
63	130	0.167442	0.409197	0.221261
32	225	0.167437	0.409190	0.182995
55	210	0.167424	0.409175	0.182989
1	76	0.167423	0.409174	0.361598
11	210	0.167422	0.409173	0.465273
10	185	0.167411	0.409159	0.182981
51	253	0.167346	0.409079	0.371950
43	161	0.167293	0.409014	0.325362
23	215	0.167257	0.408970	0.263521
36	46	0.167213	0.408916	0.312524
68	221	0.167134	0.408821	0.394547
49	141	0.167114	0.408796	0.182819
58	75	0.167111	0.408792	0.381676
19	11	0.167086	0.408762	0.271309
33	233	0.167029	0.408692	0.439237
60	83	0.167018	0.408679	0.281335
42	217	0.166990	0.408644	0.285502
12	68	0.166963	0.408611	0.182737
17	174	0.166945	0.408589	0.227725
61	192	0.166944	0.408588	0.284335
72	172	0.166900	0.408534	0.182702
65	205	0.166844	0.408465	0.454038
66	136	0.166798	0.408409	0.357634
69	77	0.166777	0.408384	0.203064
35	24	0.166754	0.408355	0.227422
61	239	0.166686	0.408271	0.404282
55	238	0.166668	0.408250	0.246471
32	126	0.166541	0.408095	0.216192
8	174	0.166509	0.408055	0.182488
71	192	0.166505	0.408050	0.199084
45	21	0.166492	0.408034	0.200900
55	228	0.166458	0.407992	0.364991
53	122	0.166418	0.407944	0.348926
61	42	0.166405	0.407927	0.184099
22	59	0.166394	0.407914	0.483350
7	49	0.166327	0.407832	0.247445
22	219	0.166257	0.407746	0.196771
37	15	0.166190	0.407665	0.285520
56	21	0.166165	0.407634	0.182299
39	114	0.165959	0.407380	0.287461
52	50	0.165954	0.407374	0.303934
46	153	0.165863	0.407263	0.239923
2	228	0.165842	0.407237	0.290183
62	125	0.165813	0.407202	0.293129
7	130	0.165710	0.407075	0.357159
12	214	0.165669	0.407025	0.350300
39	113	0.165667	0.407022	0.317672
15	57	0.165655	0.407008	0.250710
32	246	0.165615	0.406959	0.181997
45	158	0.165515	0.406836	0.283638
54	219	0.165482	0.406795	0.252099
42	9	0.165467	0.406776	0.599245
28	63	0.165462	0.406771	0.274150
48	166	0.165422	0.406721	0.302267
24	230	0.165154	0.406391	0.269277
55	80	0.165128	0.406360	0.284075
63	187	0.165109	0.406336	0.189332
53	237	0.165060	0.406276	0.181692
56	9	0.165046	0.406259	0.187560
60	132	0.164751	0.405895	0.194119
30	104	0.164705	0.405839	0.559175
70	18	0.164688	0.405818	0.286324
25	234	0.164590	0.405697	0.436991
71	180	0.164567	0.405669	0.292924
62	134	0.164567	0.405668	0.356567
35	110	0.164563	0.405664	0.367539
71	49	0.164423	0.405492	0.494079
6	206	0.164389	0.405449	0.181322
18	158	0.164340	0.405389	0.623607
11	133	0.164336	0.405384	0.225304
5	220	0.164333	0.405380	0.244393
56	189	0.164315	0.405358	0.232717
55	23	0.164273	0.405306	0.362533
1	128	0.164219	0.405240	0.251956
52	91	0.164190	0.405203	0.619822
17	106	0.164179	0.405191	0.239329
14	180	0.164125	0.405124	0.357249
19	55	0.164118	0.405115	0.380233
52	226	0.164112	0.405108	0.181170
12	185	0.164088	0.405078	0.295731
46	7	0.164067	0.405051	0.243331
63	256	0.164056	0.405038	0.181139
59	72	0.164045	0.405025	0.215014
19	1	0.164004	0.404974	0.253299
16	237	0.163989	0.404955	0.353720
64	74	0.163919	0.404869	0.232697
24	157	0.163786	0.404705	0.431034
57	158	0.163715	0.404617	0.525577
65	187	0.163635	0.404518	0.295346
29	242	0.163619	0.404498	0.322881
33	223	0.163614	0.404493	0.369234
6	176	0.163590	0.404463	0.323781
1	201	0.163527	0.404384	0.180846
50	80	0.163446	0.404284	0.180802
14	200	0.163416	0.404248	0.533926
68	16	0.163365	0.404185	0.289740
45	176	0.163260	0.404054	0.180699
44	15	0.163221	0.404006	0.390393
34	106	0.163220	0.404005	0.205249
23	36	0.163188	0.403965	0.339125
3	155	0.163022	0.403760	0.300081
1	3	0.163021	0.403758	0.180566
57	43	0.163007	0.403741	0.509192
11	176	0.162938	0.403656	0.355196
61	92	0.162930	0.403646	0.382305
66	48	0.162846	0.403542	0.250504
30	112	0.162825	0.403516	0.289066
7	20	0.162802	0.403487	0.297035
57	40	0.162734	0.403403	0.260449
67	1	0.162707	0.403370	0.183687
25	43	0.162651	0.403300	0.557768
42	179	0.162619	0.403260	0.247205
27	209	0.162598	0.403235	0.285099
37	46	0.162591	0.403225	0.180328
50	34	0.162560	0.403187	0.290683
22	231	0.162547	0.403172	0.316349
58	117	0.162512	0.403128	0.180284
66	96	0.162492	0.403103	0.316724
23	93	0.162474	0.403080	0.399202
47	35	0.162405	0.402995	0.333618
14	100	0.162366	0.402946	0.358536
28	6	0.162328	0.402900	0.439106
65	9	0.162284	0.402844	0.295080
71	182	0.162262	0.402818	0.366973
25	138	0.162206	0.402748	0.365704
71	47	0.162178	0.402714	0.365109
61	150	0.162126	0.402649	0.238580
49	124	0.162112	0.402631	0.363845
13	109	0.162110	0.402629	0.184312
65	244	0.162001	0.402494	0.285012
38	151	0.161999	0.402491	0.359968
20	42	0.161955	0.402436	0.258364
43	171	0.161940	0.402418	0.263167
12	188	0.161926	0.402401	0.290338
27	57	0.161841	0.402294	0.207815
52	86	0.161697	0.402115	0.179831
20	217	0.161665	0.402076	0.179814
26	61	0.161636	0.402040	0.250254
56	230	0.161573	0.401961	0.179763
13	198	0.161569	0.401957	0.338745
36	162	0.161473	0.401837	0.179707
36	113	0.161365	0.401703	0.238081
59	121	0.161341	0.401673	0.259421
69	229	0.161304	0.401627	0.293059
42	44	0.161221	0.401523	0.189350
50	228	0.161182	0.401475	0.179545
44	3	0.161124	0.401403	0.293026
2	179	0.161123	0.401401	0.292615
12	125	0.161046	0.401305	0.313643
29	21	0.160946	0.401181	0.264036
23	49	0.160942	0.401175	0.179411
38	217	0.160916	0.401143	0.748015
8	168	0.160873	0.401089	0.179373
67	3	0.160855	0.401068	0.179363
40	100	0.160811	0.401012	0.420085
4	102	0.160796	0.400994	0.390554
13	164	0.160755	0.400943	0.179307
42	122	0.160741	0.400925	0.525991
11	177	0.160721	0.400900	0.302343
9	171	0.160718	0.400897	0.220207
14	27	0.160692	0.400864	0.784760
35	159	0.160682	0.400852	0.517976
44	234	0.160681	0.400850	0.433779
68	118	0.160596	0.400745	0.266913
58	124	0.160531	0.400663	0.258145
29	172	0.160462	0.400577	0.306594
45	191	0.160390	0.400488	0.179104
22	101	0.160361	0.400451	0.385540
11	204	0.160293	0.400366	0.179049
8	60	0.160208	0.400260	0.233357
59	109	0.160165	0.400206	0.178978
36	212	0.160144	0.400180	0.235489
43	203	0.160127	0.400159	0.329484
48	22	0.160120	0.400150	0.261050
34	179	0.159991	0.399988	0.264382
37	109	0.159982	0.399978	0.357353
44	129	0.159973	0.399966	0.322682
12	122	0.159972	0.399964	0.417841
51	6	0.159957	0.399946	0.549697
61	116	0.159936	0.399921	0.391014
1	254	0.159901	0.399876	0.459322
71	105	0.159863	0.399828	0.311172
54	177	0.159726	0.399658	0.469247
68	208	0.159703	0.399629	0.279244
71	51	0.159666	0.399583	0.317475
17	207	0.159624	0.399530	0.316050
39	48	0.159621	0.399526	0.178673
41	72	0.159608	0.399510	1.152406
51	164	0.159515	0.399393	0.283854
73	249	0.159501	0.399376	0.398378
22	226	0.159396	0.399244	0.290100
61	200	0.159330	0.399161	0.178510
4	155	0.159328	0.399159	0.178510
34	183	0.159089	0.398860	0.405413
51	53	0.159052	0.398814	0.227999
69	186	0.159038	0.398796	0.356566
21	44	0.159010	0.398760	0.655182
7	24	0.158995	0.398742	0.638822
45	167	0.158968	0.398707	0.387253
45	117	0.158824	0.398527	0.457858
61	78	0.158795	0.398490	0.293151
31	194	0.158612	0.398262	0.374682
72	100	0.158611	0.398260	0.504870
55	192	0.158525	0.398152	0.178059
44	114	0.158488	0.398105	0.379894
68	256	0.158486	0.398102	0.272929
30	38	0.158335	0.397914	0.177952
22	121	0.158317	0.397890	0.268963
49	55	0.158312	0.397885	0.777363
63	51	0.158283	0.397848	0.177923
55	248	0.158273	0.397836	0.292732
39	80	0.158255	0.397813	0.256404
42	24	0.158253	0.397811	0.268269
70	42	0.158175	0.397713	0.413495
20	184	0.158121	0.397645	0.558738
25	248	0.158033	0.397534	0.214199
57	121	0.158004	0.397497	0.186563
47	72	0.157988	0.397477	0.269494
58	17	0.157909	0.397378	0.365085
39	155	0.157893	0.397357	0.410655
32	143	0.157871	0.397330	0.235983
63	246	0.157860	0.397316	0.391066
4	86	0.157846	0.397298	0.242367
53	256	0.157825	0.397272	0.289975
32	112	0.157809	0.397252	0.663019
24	194	0.157747	0.397174	0.548418
16	100	0.157742	0.397168	0.277882
34	224	0.157587	0.396972	0.353754
56	10	0.157584	0.396968	0.177530
64	68	0.157533	0.396904	0.414439
9	231	0.157529	0.396900	0.268476
70	188	0.157459	0.396811	0.210960
65	172	0.157457	0.396809	0.386229
20	226	0.157387	0.396720	0.229090
55	196	0.157375	0.396705	0.286457
26	89	0.157329	0.396647	0.288976
59	185	0.157328	0.396646	0.271122
60	123	0.157301	0.396611	0.287036
31	55	0.157223	0.396513	0.177326
54	158	0.157219	0.396508	0.365603
37	130	0.157211	0.396498	0.177319
2	175	0.157196	0.396479	0.195694
15	138	0.157174	0.396452	0.365130
58	28	0.157152	0.396425	0.331225
4	4	0.157150	0.396422	0.287755
59	10	0.157149	0.396420	0.462328
39	6	0.157115	0.396377	0.350401
55	74	0.157090	0.396346	0.284824
26	1	0.157060	0.396308	0.403193
13	168	0.157008	0.396243	0.543326
17	195	0.156992	0.396223	0.288855
65	214	0.156798	0.395977	0.372549
32	236	0.156772	0.395945	0.233644
10	59	0.156731	0.395893	0.266701
32	221	0.156649	0.395789	0.346877
16	254	0.156600	0.395728	0.189823
11	109	0.156538	0.395648	0.275518
71	132	0.156526	0.395633	0.262473
44	246	0.156504	0.395605	0.176920
5	114	0.156480	0.395575	0.251114
70	34	0.156467	0.395559	0.230829
59	22	0.156449	0.395536	0.333495
30	58	0.156413	0.395491	0.284376
53	84	0.156376	0.395444	0.176848
73	116	0.156374	0.395442	0.216843
63	185	0.156362	0.395426	0.472809
11	182	0.156362	0.395426	0.298220
29	183	0.156305	0.395354	0.396682
30	169	0.156299	0.395347	0.274610
48	61	0.156293	0.395339	0.405659
61	101	0.156249	0.395283	0.296355
12	162	0.156227	0.395255	0.217955
39	131	0.156211	0.395236	0.365839
44	90	0.156168	0.395181	0.220137
70	152	0.156109	0.395106	0.176697
12	158	0.156070	0.395057	0.205087
20	134	0.156048	0.395029	0.176662
7	123	0.155988	0.394953	0.460503
47	76	0.155892	0.394831	0.562438
71	222	0.155869	0.394803	0.375554
37	212	0.155869	0.394802	0.248080
14	237	0.155832	0.394756	0.196895
4	136	0.155831	0.394754	0.176539
28	145	0.155795	0.394708	0.280588
73	184	0.155775	0.394683	0.307800
12	132	0.155719	0.394613	0.316709
56	58	0.155703	0.394592	0.176467
17	26	0.155639	0.394511	0.269541
25	188	0.155602	0.394464	0.255173
12	209	0.155563	0.394415	0.287742
40	168	0.155537	0.394382	0.284780
50	54	0.155522	0.394363	0.176364
4	83	0.155504	0.394339	0.398109
65	24	0.155497	0.394331	0.216767
9	155	0.155490	0.394322	0.424771
61	118	0.155461	0.394286	0.267034
23	45	0.155457	0.394280	0.425285
49	83	0.155425	0.394240	0.300234
32	96	0.155364	0.394162	0.176275
71	181	0.155308	0.394092	0.330808
55	167	0.155306	0.394089	0.434895
8	122	0.155129	0.393864	0.534592
32	136	0.155115	0.393846	0.277919
33	144	0.154938	0.393621	0.257924
1	168	0.154870	0.393536	0.482458
63	1	0.154843	0.393500	0.175979
60	152	0.154821	0.393473	0.422697
19	230	0.154796	0.393441	0.361741
19	181	0.154779	0.393420	0.422407
2	109	0.154684	0.393299	0.203712
68	234	0.154682	0.393297	0.208134
41	42	0.154667	0.393278	0.253071
6	118	0.154649	0.393254	0.175869
57	237	0.154623	0.393222	0.220781
34	39	0.154588	0.393176	0.186422
8	239	0.154559	0.393140	0.368369
61	48	0.154530	0.393103	0.228487
57	51	0.154451	0.393003	0.280442
58	84	0.154383	0.392916	0.267401
69	34	0.154380	0.392912	0.348200
24	176	0.154305	0.392817	0.382004
1	89	0.154294	0.392803	1.396329
65	227	0.154071	0.392519	0.206961
2	207	0.154026	0.392462	0.175514
5	236	0.154021	0.392455	0.317693
38	136	0.153927	0.392335	0.284054
46	216	0.153904	0.392306	0.796223
73	200	0.153694	0.392039	0.290436
72	125	0.153691	0.392034	0.270980
37	69	0.153667	0.392004	0.265258
45	92	0.153653	0.391986	0.175301
10	207	0.153609	0.391930	0.776880
8	23	0.153519	0.391815	0.184234
11	183	0.153503	0.391795	0.197631
66	153	0.153495	0.391784	0.420336
15	212	0.153424	0.391693	0.277528
70	205	0.153423	0.391693	0.284359
24	81	0.153333	0.391577	0.175119
27	158	0.153266	0.391492	0.400790
40	162	0.153262	0.391487	0.268543
36	81	0.153194	0.391400	0.422175
38	100	0.153087	0.391263	0.283407
51	140	0.153019	0.391176	0.285673
14	11	0.152946	0.391083	0.282637
49	160	0.152916	0.391045	0.207486
37	47	0.152902	0.391027	0.414294
18	180	0.152898	0.391022	0.296870
49	117	0.152868	0.390983	0.357892
5	9	0.152848	0.390958	0.363184
9	251	0.152810	0.390909	0.282628
37	238	0.152804	0.390902	0.174817
15	223	0.152653	0.390709	0.285290
64	166	0.152638	0.390689	0.174722
19	163	0.152563	0.390593	0.184168
20	215	0.152538	0.390561	0.376277
45	197	0.152496	0.390508	0.373181
44	226	0.152352	0.390323	0.439633
24	222	0.152284	0.390235	0.284700
68	164	0.152276	0.390226	0.174514
69	64	0.152259	0.390203	0.233085
30	131	0.152193	0.390119	0.197196
58	160	0.152176	0.390097	0.274300
53	250	0.152172	0.390092	0.174455
14	239	0.152093	0.389991	0.405572
1	227	0.152001	0.389873	0.182898
36	186	0.151991	0.389860	0.280161
8	94	0.151938	0.389792	0.268279
3	181	0.151915	0.389763	0.225283
17	199	0.151663	0.389439	0.294046
54	34	0.151605	0.389365	0.183394
49	103	0.151573	0.389324	0.174111
59	50	0.151480	0.389204	0.336138
41	200	0.151442	0.389155	0.307166
11	217	0.151426	0.389135	0.174026
16	152	0.151282	0.388949	0.467198
25	193	0.151200	0.388844	0.343729
23	96	0.151196	0.388839	0.173894
27	135	0.151174	0.388810	0.265227
57	151	0.151172	0.388808	0.173880
53	165	0.151170	0.388806	0.429483
51	62	0.151148	0.388777	0.330718
3	163	0.151119	0.388740	0.282000
55	158	0.151050	0.388651	0.328702
32	198	0.151035	0.388633	0.390438
48	183	0.151006	0.388595	0.244699
12	90	0.150951	0.388524	0.271095
45	242	0.150883	0.388436	0.173714
33	52	0.150871	0.388421	0.273330
33	64	0.150781	0.388305	0.277609
10	186	0.150769	0.388290	0.396010
38	6	0.150744	0.388258	0.415954
24	234	0.150728	0.388237	0.228238
65	254	0.150712	0.388217	0.173616
47	58	0.150712	0.388217	0.483766
1	10	0.150673	0.388167	0.352747
29	82	0.150658	0.388147	0.267246
50	23	0.150577	0.388042	0.366265
20	103	0.150574	0.388039	0.173536
67	242	0.150549	0.388007	0.264176
52	125	0.150537	0.387991	0.217338
36	102	0.150531	0.387984	0.173512
45	146	0.150519	0.387968	0.173504
59	53	0.150506	0.387951	0.337754
72	9	0.150474	0.387910	0.180627
36	207	0.150467	0.387900	0.173474
72	156	0.150455	0.387885	0.242701
51	185	0.150423	0.387843	0.514522
35	84	0.150412	0.387830	0.398785
21	189	0.150353	0.387753	0.263523
35	217	0.150323	0.387715	0.252342
11	132	0.150307	0.387694	0.595963
72	20	0.150298	0.387683	0.361994
73	60	0.150142	0.387481	0.272763
31	223	0.150085	0.387408	0.176488
23	50	0.150082	0.387404	0.173252
4	121	0.150064	0.387381	0.311611
1	101	0.150028	0.387335	0.512146
28	150	0.149942	0.387224	0.268628
7	87	0.149917	0.387191	0.208655
19	254	0.149784	0.387020	0.253712
14	222	0.149717	0.386932	0.351434
28	14	0.149689	0.386896	0.173025
29	35	0.149463	0.386605	0.172895
63	84	0.149399	0.386521	0.630925
4	224	0.149245	0.386322	0.279297
34	27	0.149116	0.386155	0.519537
26	193	0.149088	0.386119	0.248088
42	185	0.149082	0.386112	0.172675
35	154	0.148934	0.385919	0.612976
23	177	0.148922	0.385904	0.179260
46	68	0.148910	0.385889	0.417539
61	94	0.148828	0.385783	0.256243
27	193	0.148800	0.385746	0.359912
59	45	0.148784	0.385725	0.250365
60	53	0.148754	0.385686	0.225722
37	174	0.148742	0.385671	0.270626
45	206	0.148686	0.385599	0.305855
11	106	0.148685	0.385598	0.172444
32	251	0.148632	0.385528	0.216123
42	214	0.148515	0.385377	0.364979
38	111	0.148282	0.385074	0.274902
37	62	0.148124	0.384869	0.279616
66	44	0.148079	0.384810	0.409512
22	177	0.148065	0.384792	0.275387
42	173	0.148038	0.384758	0.174438
73	219	0.147992	0.384697	0.205455
70	115	0.147923	0.384608	0.253771
5	197	0.147919	0.384602	0.333527
33	21	0.147906	0.384585	0.286632
70	75	0.147902	0.384580	0.415143
27	250	0.147741	0.384371	0.182297
33	153	0.147652	0.384255	0.225787
51	213	0.147572	0.384151	0.358021
46	4	0.147540	0.384110	0.249374
73	91	0.147511	0.384071	0.353190
19	51	0.147436	0.383974	0.171718
41	166	0.147349	0.383860	0.171668
28	224	0.147334	0.383841	0.400767
35	81	0.147300	0.383796	0.482629
33	89	0.147092	0.383525	0.372787
7	249	0.147067	0.383493	0.304819
25	28	0.147038	0.383455	0.510784
32	163	0.147018	0.383429	0.279944
63	87	0.146998	0.383404	0.259191
65	232	0.146799	0.383144	0.455261
1	182	0.146793	0.383136	0.361376
21	172	0.146696	0.383009	0.462995
24	170	0.146654	0.382954	0.371852
13	108	0.146595	0.382877	0.196035
68	6	0.146574	0.382850	0.171216
26	147	0.146551	0.382820	0.259394
10	24	0.146527	0.382788	0.228601
6	185	0.146502	0.382756	0.396278
73	212	0.146489	0.382739	0.246125
53	150	0.146474	0.382719	0.279498
66	178	0.146449	0.382687	0.260391
72	203	0.146416	0.382643	0.349137
44	150	0.146393	0.382613	0.230095
7	26	0.146367	0.382579	0.204814
41	111	0.146350	0.382558	0.171085
8	210	0.146259	0.382438	0.175636
34	221	0.146155	0.382302	0.252140
5	244	0.146045	0.382158	0.268911
57	11	0.146036	0.382146	0.322898
44	218	0.145977	0.382069	0.316984
19	46	0.145938	0.382018	0.170844
14	229	0.145818	0.381862	0.478635
45	178	0.145809	0.381850	0.221887
7	15	0.145775	0.381805	0.170748
48	25	0.145760	0.381785	0.170740
3	120	0.145684	0.381686	0.763895
64	10	0.145654	0.381647	0.277979
29	79	0.145640	0.381628	0.170669
31	233	0.145613	0.381593	0.170653
50	64	0.145584	0.381555	0.344816
40	129	0.145566	0.381531	0.228319
57	91	0.145529	0.381483	0.282878
64	156	0.145476	0.381413	0.170573
54	98	0.145470	0.381405	0.214194
52	38	0.145460	0.381392	0.653684
44	87	0.145443	0.381370	0.186994
23	15	0.145345	0.381241	0.198762
28	164	0.145308	0.381192	0.170474
52	151	0.145307	0.381191	0.197429
9	81	0.145295	0.381176	0.250544
27	7	0.145266	0.381138	0.278153
19	74	0.145158	0.380996	0.196841
45	48	0.145154	0.380990	0.279128
67	91	0.145110	0.380932	0.252394
41	199	0.145077	0.380889	0.551261
19	34	0.145055	0.380860	0.170326
12	70	0.145039	0.380840	0.462781
50	43	0.144962	0.380738	0.301345
38	102	0.144919	0.380682	0.170246
53	169	0.144918	0.380681	0.277774
5	102	0.144841	0.380580	1.130732
65	158	0.144824	0.380557	0.334752
57	32	0.144818	0.380550	0.277781
14	153	0.144735	0.380440	0.456706
72	114	0.144650	0.380329	0.277146
9	149	0.144607	0.380272	0.268839
27	175	0.144601	0.380265	0.270189
44	11	0.144331	0.379909	0.169900
36	216	0.144324	0.379900	0.250312
3	100	0.144247	0.379798	0.169851
37	53	0.144208	0.379748	0.331142
10	195	0.144127	0.379641	0.295261
11	46	0.144049	0.379538	0.242628
10	213	0.143976	0.379441	0.331581
37	104	0.143904	0.379347	0.213648
14	44	0.143901	0.379342	0.178119
43	175	0.143870	0.379302	0.260524
11	152	0.143869	0.379301	0.295803
53	99	0.143859	0.379288	0.409743
3	70	0.143703	0.379082	0.352262
53	54	0.143654	0.379017	0.288229
56	158	0.143537	0.378863	0.267072
62	219	0.143457	0.378757	0.176946
47	232	0.143377	0.378652	0.249328
32	3	0.143300	0.378550	0.169293
67	35	0.143200	0.378418	0.275396
12	230	0.143149	0.378351	0.169204
47	194	0.143118	0.378309	0.185073
52	235	0.143105	0.378293	0.175677
68	185	0.143092	0.378276	0.241860
69	154	0.143030	0.378192	0.381733
11	164	0.143017	0.378176	0.211219
47	46	0.142986	0.378135	0.315803
41	236	0.142923	0.378051	0.350857
63	233	0.142876	0.377989	0.284276
71	253	0.142860	0.377968	0.249781
27	75	0.142852	0.377958	0.169028
14	1	0.142851	0.377957	0.266585
19	70	0.142708	0.377767	0.175994
42	120	0.142703	0.377761	0.244638
69	180	0.142658	0.377701	0.223857
1	31	0.142609	0.377636	0.168884
19	151	0.142604	0.377629	0.263409
71	137	0.142537	0.377541	0.427892
59	199	0.142453	0.377429	0.189844
31	196	0.142449	0.377424	0.346879
26	54	0.142446	0.377420	0.257462
18	215	0.142421	0.377387	0.276349
54	123	0.142408	0.377369	0.168765
36	197	0.142353	0.377296	0.518113
35	193	0.142269	0.377185	0.257812
56	4	0.142240	0.377148	0.222850
31	123	0.142234	0.377139	0.265799
18	103	0.142218	0.377118	0.398633
27	104	0.142215	0.377114	0.272886
72	27	0.142194	0.377086	0.254401
63	140	0.142144	0.377020	0.222037
73	1	0.142077	0.376931	0.668685
58	169	0.141993	0.376820	0.275760
18	143	0.141920	0.376723	0.207924
30	146	0.141870	0.376656	0.388939
28	137	0.141816	0.376584	0.168414
33	239	0.141580	0.376271	0.663055
69	171	0.141403	0.376035	0.268316
45	154	0.141390	0.376018	0.199657
68	254	0.141331	0.375940	0.168126
20	11	0.141326	0.375933	0.275875
24	66	0.141290	0.375886	0.168101
14	161	0.141219	0.375791	0.270636
51	222	0.141206	0.375774	0.360824
14	55	0.141139	0.375684	0.264577
17	154	0.141092	0.375622	0.207046
15	106	0.141030	0.375540	0.264682
8	189	0.141017	0.375522	0.376324
36	242	0.140936	0.375414	0.167890
20	238	0.140915	0.375387	0.167878
36	33	0.140854	0.375305	0.167841
44	110	0.140784	0.375212	0.216635
67	227	0.140777	0.375202	0.355142
7	251	0.140732	0.375142	0.322316
62	139	0.140682	0.375077	0.339274
51	254	0.140676	0.375068	0.393864
12	115	0.140647	0.375030	0.277101
2	185	0.140616	0.374987	0.273843
43	166	0.140548	0.374898	0.169589
64	33	0.140535	0.374880	0.167651
43	139	0.140507	0.374843	0.167635
7	231	0.140499	0.374831	0.493211
11	148	0.140398	0.374697	0.193937
3	58	0.140375	0.374666	0.167556
29	99	0.140307	0.374576	0.205702
44	23	0.140284	0.374545	0.306061
12	75	0.140262	0.374516	0.392089
59	57	0.140132	0.374342	0.276458
28	166	0.140099	0.374298	0.225346
24	214	0.140097	0.374295	0.230668
63	30	0.140094	0.374292	0.276907
15	208	0.140089	0.374285	0.236720
57	172	0.140075	0.374267	0.238563
23	138	0.140058	0.374243	0.239600
38	234	0.140032	0.374209	0.169139
58	191	0.139810	0.373911	0.239446
22	252	0.139753	0.373835	0.385081
52	169	0.139750	0.373831	0.182343
67	109	0.139740	0.373818	0.265371
71	46	0.139728	0.373802	0.423522
10	243	0.139657	0.373707	0.301705
27	44	0.139642	0.373687	0.385715
47	3	0.139640	0.373684	0.357093
15	220	0.139537	0.373547	0.273612
1	108	0.139515	0.373517	0.354844
51	83	0.139425	0.373396	0.166988
71	127	0.139409	0.373375	0.535358
8	105	0.139178	0.373066	0.215734
51	136	0.139150	0.373028	0.201697
46	194	0.139144	0.373020	0.363876
47	184	0.139129	0.373000	0.166811
63	157	0.139032	0.372870	0.201426
14	217	0.139026	0.372861	0.372975
9	50	0.138983	0.372804	0.347699
65	22	0.138894	0.372685	0.327965
55	205	0.138855	0.372632	0.166646
71	226	0.138768	0.372516	0.440603
63	244	0.138691	0.372413	0.166548
4	22	0.138665	0.372378	0.267035
72	92	0.138653	0.372361	0.169676
56	96	0.138641	0.372345	0.221894
9	154	0.138627	0.372327	0.271197
63	253	0.138621	0.372319	0.166506
44	169	0.138614	0.372309	0.315999
33	122	0.138566	0.372245	0.425367
45	208	0.138505	0.372162	0.256030
22	100	0.138421	0.372050	0.166386
56	139	0.138376	0.371990	0.258238
21	22	0.138353	0.371958	0.270511
59	127	0.138340	0.371941	0.205458
53	119	0.138290	0.371874	0.186815
57	210	0.138274	0.371852	0.373691
5	196	0.138194	0.371745	0.272526
41	234	0.138182	0.371729	0.353386
31	171	0.138140	0.371671	0.243431
41	242	0.138090	0.371605	0.220386
26	235	0.138087	0.371601	0.271326
54	7	0.138015	0.371504	0.166142
36	120	0.137921	0.371378	0.284892
18	40	0.137919	0.371375	0.455217
70	256	0.137890	0.371336	0.178706
19	76	0.137863	0.371299	0.216261
48	237	0.137856	0.371289	0.251070
21	165	0.137834	0.371260	0.243863
42	255	0.137831	0.371256	0.285296
72	137	0.137816	0.371236	0.227313
1	103	0.137762	0.371163	0.199432
55	24	0.137724	0.371112	0.194537
49	229	0.137712	0.371096	0.281469
22	199	0.137603	0.370949	0.215113
60	177	0.137584	0.370923	0.308879
38	214	0.137556	0.370885	0.242744
49	126	0.137542	0.370867	0.178393
56	151	0.137522	0.370840	0.289510
37	34	0.137519	0.370836	0.267947
56	221	0.137504	0.370816	0.165834
47	195	0.137479	0.370782	0.174192
38	216	0.137417	0.370698	0.903415
56	127	0.137284	0.370519	0.282647
37	202	0.137252	0.370476	0.212000
47	164	0.137069	0.370228	0.269910
35	33	0.137013	0.370152	0.280873
47	79	0.136928	0.370038	0.213150
39	229	0.136903	0.370004	0.247170
69	24	0.136882	0.369976	0.219864
21	176	0.136822	0.369895	0.261399
6	151	0.136800	0.369865	0.240505
42	256	0.136748	0.369794	0.462725
66	162	0.136746	0.369792	0.165376
29	196	0.136732	0.369772	0.165367
23	156	0.136667	0.369685	0.170782
48	6	0.136603	0.369598	0.236262
55	14	0.136497	0.369455	0.462816
26	203	0.136415	0.369344	0.218231
70	24	0.136340	0.369242	0.388083
8	64	0.136304	0.369194	0.220392
51	239	0.136300	0.369188	0.337972
1	52	0.136236	0.369101	0.415859
38	203	0.136145	0.368978	0.336255
16	217	0.136071	0.368878	0.350159
3	212	0.136060	0.368864	0.243065
29	127	0.136042	0.368838	0.234104
43	40	0.136009	0.368794	0.259965
16	177	0.135997	0.368778	0.209948
46	239	0.135815	0.368530	0.302283
66	220	0.135781	0.368484	0.370994
2	176	0.135725	0.368409	0.211261
29	158	0.135654	0.368313	0.361366
67	228	0.135630	0.368280	0.370425
52	143	0.135624	0.368272	0.378267
12	66	0.135613	0.368257	0.229564
32	140	0.135550	0.368170	0.311803
30	228	0.135524	0.368136	0.201522
26	51	0.135500	0.368103	0.164621
58	33	0.135420	0.367995	0.251119
19	96	0.135380	0.367940	0.469550
18	122	0.135369	0.367925	0.224939
11	145	0.135260	0.367777	0.572259
61	72	0.135248	0.367760	0.773425
7	141	0.135230	0.367737	0.222217
62	30	0.135089	0.367545	0.349236
25	113	0.135043	0.367482	0.236064
49	26	0.135004	0.367428	0.223036
35	42	0.134982	0.367399	0.164306
58	132	0.134974	0.367389	0.397942
34	149	0.134924	0.367320	0.543883
54	59	0.134894	0.367279	0.296254
31	242	0.134767	0.367106	0.469054
28	168	0.134763	0.367101	0.266210
49	102	0.134703	0.367019	0.377125
69	108	0.134623	0.366911	0.258629
41	32	0.134612	0.366895	0.211941
20	117	0.134592	0.366868	0.245765
71	207	0.134581	0.366853	0.611208
29	203	0.134545	0.366804	0.401729
73	105	0.134538	0.366794	0.362637
11	18	0.134503	0.366747	0.164014
61	220	0.134475	0.366709	0.229478
48	200	0.134435	0.366654	0.428193
35	251	0.134433	0.366651	0.237531
51	158	0.134427	0.366643	0.360414
63	24	0.134422	0.366636	0.390470
20	39	0.134401	0.366607	0.163952
47	211	0.134382	0.366581	0.342502
57	204	0.134362	0.366554	0.288199
27	155	0.134337	0.366521	0.418772
32	148	0.134301	0.366471	0.347081
46	95	0.134190	0.366319	0.357367
34	246	0.134151	0.366266	0.255052
8	36	0.134140	0.366252	0.364283
5	165	0.134063	0.366146	0.656679
51	256	0.133988	0.366044	0.367239
47	91	0.133924	0.365956	0.379231
66	18	0.133912	0.365940	0.512402
4	238	0.133912	0.365940	0.205697
27	28	0.133873	0.365887	0.340248
7	139	0.133846	0.365850	0.320842
60	20	0.133844	0.365847	0.299866
58	134	0.133820	0.365814	0.163597
42	30	0.133818	0.365811	0.333276
23	148	0.133811	0.365802	0.258069
28	28	0.133765	0.365739	0.262713
6	145	0.133730	0.365691	0.373859
32	79	0.133622	0.365544	0.267653
29	232	0.133453	0.365312	0.375513
9	111	0.133446	0.365302	0.226811
44	67	0.133434	0.365287	0.231557
53	59	0.133392	0.365228	0.265774
68	96	0.133341	0.365159	0.268329
10	54	0.133337	0.365154	0.340882
59	43	0.133299	0.365101	0.365776
73	35	0.133269	0.365060	0.239555
73	236	0.133268	0.365058	0.259556
12	152	0.133260	0.365047	0.398751
70	129	0.133247	0.365030	0.237384
15	161	0.133235	0.365014	0.218327
56	162	0.133196	0.364960	0.163215
7	132	0.133159	0.364910	0.332233
14	173	0.133140	0.364884	0.474819
60	42	0.133122	0.364858	0.163170
14	177	0.133084	0.364807	0.252840
53	142	0.133055	0.364767	0.248605
22	222	0.133017	0.364715	0.397283
32	175	0.132998	0.364689	0.263345
22	209	0.132973	0.364655	0.174730
18	229	0.132895	0.364548	0.163031
31	206	0.132850	0.364485	0.438248
15	150	0.132823	0.364449	0.391901
51	70	0.132806	0.364426	0.315186
21	9	0.132764	0.364368	0.253051
51	74	0.132729	0.364320	0.326454
40	149	0.132702	0.364283	0.162912
62	209	0.132688	0.364264	0.354619
44	245	0.132667	0.364235	0.388424
63	32	0.132630	0.364184	0.516922
41	107	0.132628	0.364181	0.240057
29	134	0.132601	0.364144	0.293365
69	238	0.132570	0.364101	0.163999
5	35	0.132567	0.364098	0.316686
73	247	0.132531	0.364049	0.830078
28	202	0.132521	0.364035	0.376239
45	192	0.132479	0.363977	0.403355
1	203	0.132479	0.363976	0.162775
38	160	0.132423	0.363900	0.162741
17	115	0.132406	0.363877	0.582965
13	5	0.132371	0.363828	0.173513
39	14	0.132280	0.363704	0.307720
4	91	0.132262	0.363678	0.196024
44	255	0.132247	0.363658	0.261668
68	245	0.132230	0.363635	0.162622
46	148	0.132220	0.363621	0.248424
42	119	0.132216	0.363615	0.162614
24	41	0.132162	0.363541	0.217104
52	46	0.132016	0.363340	0.200937
42	98	0.131935	0.363228	0.264094
30	110	0.131681	0.362879	0.236775
48	90	0.131459	0.362572	0.162827
21	94	0.131359	0.362435	0.355022
53	223	0.131318	0.362379	0.239239
7	192	0.131294	0.362346	0.215117
30	114	0.131269	0.362311	0.175235
67	199	0.131255	0.362291	0.264449
47	15	0.131246	0.362279	0.288316
17	188	0.131228	0.362254	0.394228
72	127	0.131228	0.362254	0.207242
5	20	0.131199	0.362214	0.182229
57	118	0.131156	0.362155	0.343675
28	26	0.131098	0.362075	0.432757
22	131	0.131091	0.362065	0.356418
31	203	0.131062	0.362024	0.203679
6	26	0.131061	0.362024	0.338110
36	250	0.131022	0.361970	0.211045
73	218	0.130969	0.361897	0.318032
56	16	0.130949	0.361869	0.256505
15	139	0.130940	0.361856	0.263237
26	228	0.130935	0.361849	0.161824
62	69	0.130927	0.361839	0.521172
34	138	0.130908	0.361811	0.349803
27	49	0.130897	0.361797	0.258732
1	130	0.130863	0.361749	0.310491
20	114	0.130837	0.361713	0.202502
34	47	0.130808	0.361673	0.172800
34	74	0.130805	0.361670	0.268163
57	7	0.130782	0.361638	0.247146
73	92	0.130780	0.361635	0.195645
12	128	0.130730	0.361566	0.379146
29	115	0.130588	0.361369	0.179946
25	89	0.130567	0.361341	0.361442
49	134	0.130567	0.361340	0.182825
17	225	0.130523	0.361280	0.251234
50	39	0.130486	0.361229	0.229857
43	49	0.130455	0.361186	0.533891
48	71	0.130453	0.361183	0.256372
44	237	0.130446	0.361173	0.189032
50	224	0.130444	0.361170	0.205217
60	149	0.130403	0.361113	0.312908
31	14	0.130323	0.361002	0.249688
1	36	0.130194	0.360825	0.249409
7	62	0.130171	0.360792	0.188360
50	196	0.130143	0.360753	0.161334
45	179	0.130134	0.360741	0.366229
51	94	0.129996	0.360550	0.252276
30	43	0.129988	0.360538	0.252072
12	38	0.129963	0.360505	0.345398
65	115	0.129956	0.360494	0.320544
17	3	0.129944	0.360478	0.360510
4	36	0.129941	0.360473	0.161209
50	183	0.129891	0.360403	0.161177
27	30	0.129863	0.360365	0.496256
42	231	0.129639	0.360055	0.205086
38	81	0.129599	0.359999	0.257172
67	196	0.129583	0.359977	0.160987
49	82	0.129560	0.359945	0.201593
6	62	0.129500	0.359861	0.241702
10	100	0.129499	0.359859	0.160934
60	220	0.129478	0.359831	0.259084
32	132	0.129368	0.359678	0.177087
67	58	0.129356	0.359660	0.309829
2	77	0.129278	0.359552	0.218151
44	249	0.129273	0.359546	0.290286
26	250	0.129249	0.359513	0.227207
42	209	0.129228	0.359483	0.369808
62	251	0.129205	0.359451	0.315490
6	171	0.129197	0.359440	0.262302
53	118	0.129100	0.359304	0.370857
25	130	0.129090	0.359291	0.192064
67	101	0.129040	0.359221	0.276106
34	40	0.129018	0.359191	0.207106
63	10	0.128991	0.359154	0.169446
51	178	0.128652	0.358680	0.160407
68	192	0.128651	0.358680	0.338626
69	109	0.128544	0.358530	0.188426
27	106	0.128420	0.358357	0.231015
64	22	0.128384	0.358307	0.275617
68	92	0.128339	0.358245	0.359518
3	106	0.128288	0.358174	0.283389
5	201	0.128230	0.358091	0.259077
70	201	0.128210	0.358064	0.175062
3	16	0.128155	0.357987	0.261297
28	86	0.128130	0.357952	0.162276
20	28	0.128049	0.357840	0.260306
58	40	0.128008	0.357782	0.160005
25	121	0.127942	0.357690	0.230913
24	172	0.127907	0.357641	0.271787
16	190	0.127852	0.357563	0.159907
12	41	0.127831	0.357535	0.159894
69	126	0.127787	0.357473	0.246933
14	206	0.127765	0.357442	0.315420
30	177	0.127706	0.357359	0.574195
35	158	0.127643	0.357272	0.218362
29	146	0.127622	0.357242	0.258999
73	73	0.127589	0.357196	0.196952
50	126	0.127575	0.357176	0.327137
66	31	0.127558	0.357152	0.256875
10	102	0.127544	0.357133	0.360926
28	233	0.127521	0.357101	0.531732
17	158	0.127504	0.357078	0.259362
70	71	0.127334	0.356838	0.159583
29	58	0.127275	0.356756	0.159546
8	29	0.127239	0.356706	0.371461
25	65	0.127229	0.356692	0.259306
21	67	0.127214	0.356670	0.297529
18	133	0.127099	0.356510	0.172557
47	197	0.127089	0.356495	0.159430
25	124	0.126982	0.356345	0.328587
59	33	0.126957	0.356310	0.165603
50	128	0.126923	0.356263	0.159326
27	68	0.126889	0.356214	0.524726
69	26	0.126855	0.356168	0.205705
28	149	0.126802	0.356093	0.378110
43	25	0.126706	0.355958	0.352904
67	22	0.126677	0.355917	0.239977
33	194	0.126660	0.355893	0.338497
14	234	0.126612	0.355826	0.159130
6	43	0.126608	0.355820	1.333525
6	77	0.126579	0.355780	0.273270
35	117	0.126573	0.355771	0.317168
35	163	0.126532	0.355713	0.314003
38	1	0.126447	0.355594	0.252233
19	145	0.126443	0.355588	0.201402
37	152	0.126359	0.355470	0.189177
65	69	0.126342	0.355447	0.302178
6	201	0.126333	0.355434	0.420756
26	177	0.126296	0.355381	0.238361
53	41	0.126239	0.355301	0.169743
66	42	0.126227	0.355284	0.342810
57	1	0.126208	0.355258	0.158876
10	156	0.126124	0.355139	0.214159
73	225	0.126116	0.355128	0.392306
72	180	0.126109	0.355118	0.284997
63	55	0.126071	0.355064	0.231537
31	25	0.126010	0.354979	0.158751
26	239	0.125961	0.354910	0.213616
35	112	0.125867	0.354777	0.243559
56	57	0.125857	0.354763	0.158655
64	198	0.125780	0.354654	0.198413
17	217	0.125732	0.354588	0.497897
27	133	0.125729	0.354583	0.245234
34	226	0.125723	0.354575	0.344185
7	57	0.125626	0.354437	0.280546
63	186	0.125560	0.354345	0.178819
33	114	0.125557	0.354340	0.272477
58	246	0.125538	0.354313	0.172365
62	232	0.125527	0.354297	0.255744
73	185	0.125518	0.354285	0.258654
62	70	0.125450	0.354190	0.216565
21	60	0.125445	0.354182	0.206261
56	81	0.125337	0.354030	0.220944
5	126	0.125290	0.353963	0.158297
24	49	0.125274	0.353941	0.274982
25	229	0.125162	0.353783	0.318927
54	41	0.125117	0.353718	0.250698
66	20	0.125091	0.353682	0.160728
48	15	0.125008	0.353564	0.262738
15	102	0.124965	0.353504	0.258131
40	31	0.124940	0.353469	0.277351
55	217	0.124881	0.353385	0.319481
71	158	0.124872	0.353372	0.250926
15	18	0.124845	0.353334	0.364740
54	247	0.124819	0.353297	0.236736
12	28	0.124781	0.353243	1.247074
50	18	0.124747	0.353196	0.240373
56	47	0.124653	0.353063	0.261601
57	35	0.124628	0.353026	0.256787
11	256	0.124573	0.352950	0.243465
60	127	0.124550	0.352917	0.316385
7	10	0.124490	0.352831	0.250709
10	48	0.124477	0.352813	0.202302
44	62	0.124476	0.352811	0.187844
40	98	0.124461	0.352790	0.325307
9	238	0.124361	0.352649	0.236082
31	109	0.124318	0.352588	0.372748
73	203	0.124316	0.352585	0.283050
55	64	0.124257	0.352501	0.348680
57	228	0.124254	0.352496	0.195972
33	129	0.124252	0.352493	0.179833
51	126	0.124206	0.352429	0.299241
59	26	0.124087	0.352260	0.221020
17	255	0.124009	0.352150	0.285908
65	89	0.123891	0.351982	0.257573
19	204	0.123877	0.351962	0.330486
61	223	0.123787	0.351834	0.157345
72	253	0.123783	0.351828	0.157342
3	127	0.123727	0.351749	0.256878
4	97	0.123698	0.351707	0.174369
33	216	0.123676	0.351676	0.165283
66	132	0.123621	0.351598	0.262785
25	84	0.123539	0.351482	0.184291
50	163	0.123521	0.351456	0.505812
63	189	0.123487	0.351408	0.193603
26	39	0.123479	0.351396	0.254734
46	103	0.123448	0.351352	0.178828
57	29	0.123401	0.351285	0.253406
50	17	0.123357	0.351222	0.157071
41	160	0.123347	0.351208	0.380217
6	127	0.123325	0.351176	0.319221
33	118	0.123307	0.351151	0.232201
3	216	0.123210	0.351014	0.156978
72	142	0.123056	0.350793	0.342458
1	96	0.122975	0.350678	0.277401
43	191	0.122970	0.350671	0.219444
15	135	0.122933	0.350617	0.378102
51	243	0.122869	0.350526	0.537972
18	76	0.122859	0.350512	0.229661
41	30	0.122847	0.350496	0.244671
51	50	0.122845	0.350492	0.299372
9	90	0.122761	0.350372	0.319018
61	219	0.122732	0.350332	0.255038
43	119	0.122684	0.350262	0.156642
40	67	0.122670	0.350243	0.544817
34	101	0.122601	0.350145	0.586685
23	17	0.122566	0.350094	0.459451
20	180	0.122560	0.350086	0.211339
7	247	0.122554	0.350078	0.171183
45	247	0.122439	0.349912	0.263502
10	88	0.122383	0.349832	0.193456
20	239	0.122354	0.349792	0.259394
16	249	0.122334	0.349762	0.298093
46	115	0.122313	0.349733	0.281179
66	51	0.122281	0.349687	0.157929
22	33	0.122239	0.349628	0.245171
19	154	0.122231	0.349615	0.407128
2	14	0.122079	0.349398	0.241556
9	121	0.122025	0.349320	0.329307
10	178	0.122013	0.349303	0.199614
33	108	0.121982	0.349260	0.543339
48	56	0.121957	0.349223	0.314780
66	36	0.121761	0.348942	0.254399
33	100	0.121749	0.348926	0.245030
69	35	0.121732	0.348901	0.217254
73	211	0.121612	0.348729	0.211645
59	171	0.121600	0.348712	0.155949
39	115	0.121587	0.348693	0.426212
34	191	0.121496	0.348563	0.660170
12	18	0.121494	0.348560	0.208125
39	24	0.121455	0.348503	0.501917
54	146	0.121435	0.348475	0.384849
61	160	0.121395	0.348418	0.461004
45	189	0.121333	0.348329	0.426840
58	208	0.121318	0.348307	0.355247
61	201	0.121225	0.348173	0.332233
29	131	0.121215	0.348159	0.185114
69	45	0.121203	0.348142	0.233357
41	55	0.121196	0.348132	0.221873
36	34	0.121147	0.348062	0.312936
44	74	0.121115	0.348015	0.290741
32	205	0.121019	0.347878	0.155576
17	24	0.120994	0.347841	0.250317
41	118	0.120975	0.347815	0.179251
7	37	0.120824	0.347597	0.155450
39	186	0.120765	0.347512	0.165531
6	122	0.120672	0.347378	0.349059
54	183	0.120655	0.347355	0.414903
10	77	0.120594	0.347266	0.460160
38	199	0.120537	0.347185	0.555524
28	129	0.120536	0.347183	0.253535
11	52	0.120496	0.347125	0.155239
31	166	0.120494	0.347123	0.341088
18	193	0.120479	0.347102	0.226277
51	180	0.120461	0.347074	0.155216
27	235	0.120367	0.346939	0.155762
34	135	0.120347	0.346910	0.230166
56	176	0.120342	0.346903	0.361303
28	200	0.120316	0.346866	0.235009
67	205	0.120278	0.346811	0.155099
73	46	0.120258	0.346782	0.206982
12	113	0.120214	0.346719	0.626842
65	147	0.120202	0.346702	0.425568
70	217	0.120155	0.346634	0.155019
57	67	0.120129	0.346596	0.360917
44	35	0.120021	0.346440	0.449654
61	105	0.120006	0.346419	0.154923
35	215	0.119967	0.346363	0.206048
69	216	0.119963	0.346357	0.250926
10	87	0.119939	0.346322	0.212054
33	147	0.119827	0.346161	0.196912
44	232	0.119709	0.345990	0.251226
40	190	0.119638	0.345888	0.361356
65	91	0.119633	0.345881	0.297894
27	240	0.119631	0.345877	0.210597
69	210	0.119577	0.345799	0.215680
15	21	0.119561	0.345776	0.258530
65	11	0.119421	0.345573	0.357332
73	206	0.119344	0.345462	0.251762
68	142	0.119219	0.345282	0.252130
32	29	0.119155	0.345188	0.154373
37	23	0.119154	0.345187	0.323310
12	147	0.119100	0.345109	0.302969
12	148	0.119082	0.345083	0.234019
22	180	0.118974	0.344926	0.168529
3	241	0.118857	0.344756	0.331872
51	145	0.118828	0.344714	0.200415
6	5	0.118819	0.344701	0.374958
69	143	0.118805	0.344682	0.281464
1	110	0.118801	0.344675	1.149096
28	114	0.118798	0.344671	0.215300
1	92	0.118768	0.344627	0.376463
59	107	0.118749	0.344600	0.209364
57	15	0.118739	0.344585	0.169849
5	54	0.118706	0.344538	0.798146
8	73	0.118685	0.344507	0.189952
48	55	0.118645	0.344450	0.180856
35	200	0.118583	0.344359	0.204425
49	250	0.118470	0.344195	0.153929
3	156	0.118444	0.344157	0.341889
3	249	0.118377	0.344059	0.153868
1	151	0.118309	0.343961	0.174716
3	4	0.118238	0.343857	0.153778
30	118	0.118215	0.343824	0.184300
40	80	0.118188	0.343784	0.417037
25	169	0.118152	0.343733	0.153722
6	37	0.118072	0.343616	0.153670
54	76	0.118051	0.343586	0.540488
36	37	0.117862	0.343310	0.221863
64	180	0.117837	0.343274	0.201122
44	56	0.117755	0.343154	0.207380
28	232	0.117689	0.343059	0.283545
19	150	0.117684	0.343052	0.212015
58	173	0.117635	0.342980	0.240944
32	90	0.117600	0.342929	0.229784
16	38	0.117558	0.342867	0.218760
26	215	0.117535	0.342834	0.380089
36	221	0.117521	0.342814	0.303341
7	210	0.117486	0.342762	0.339222
57	149	0.117368	0.342591	0.311241
68	228	0.117337	0.342545	0.543339
26	155	0.117305	0.342499	0.153170
30	221	0.117282	0.342464	0.206469
62	24	0.117250	0.342418	0.153134
3	199	0.117228	0.342386	0.242168
49	201	0.117199	0.342343	0.153101
12	179	0.117151	0.342273	0.371314
21	24	0.117069	0.342153	0.153015
34	161	0.116976	0.342018	0.152955
44	61	0.116903	0.341911	0.233847
67	238	0.116877	0.341873	0.152890
60	124	0.116799	0.341758	0.338806
48	34	0.116788	0.341743	0.281122
8	177	0.116762	0.341704	0.169435
33	207	0.116731	0.341660	0.239966
22	122	0.116691	0.341601	0.266747
40	120	0.116685	0.341592	0.155008
8	101	0.116676	0.341579	0.410702
21	123	0.116581	0.341439	0.152696
60	194	0.116570	0.341424	0.152689
56	251	0.116568	0.341421	0.227424
64	113	0.116510	0.341336	0.196434
19	170	0.116493	0.341311	0.199821
34	119	0.116483	0.341296	0.249210
20	247	0.116441	0.341235	0.178176
14	85	0.116411	0.341190	0.381592
56	33	0.116336	0.341080	0.246995
55	134	0.116319	0.341056	0.195802
1	234	0.116314	0.341048	0.343799
57	61	0.116294	0.341019	0.179435
73	172	0.116267	0.340980	0.247311
5	109	0.116251	0.340956	0.302327
60	144	0.116220	0.340911	0.186720
45	200	0.116192	0.340869	0.152441
15	62	0.116175	0.340845	0.219424
4	228	0.116041	0.340648	0.241470
11	246	0.116041	0.340647	0.240090
59	216	0.116003	0.340592	0.230024
21	229	0.115974	0.340550	0.371942
40	123	0.115929	0.340483	0.152269
62	82	0.115914	0.340461	0.152259
31	170	0.115857	0.340378	0.152222
37	233	0.115856	0.340376	0.276615
34	170	0.115856	0.340376	0.272877
48	111	0.115774	0.340255	0.215640
61	215	0.115754	0.340226	0.339402
38	85	0.115718	0.340174	0.239926
29	180	0.115713	0.340166	0.276586
9	66	0.115704	0.340153	0.275683
10	182	0.115700	0.340146	0.223329
2	112	0.115631	0.340046	0.862929
22	99	0.115570	0.339956	0.163074
13	101	0.115556	0.339935	0.152024
33	234	0.115544	0.339918	0.231527
13	107	0.115487	0.339834	0.242427
73	58	0.115483	0.339828	0.237466
35	79	0.115451	0.339780	0.151954
5	159	0.115435	0.339758	0.151944
29	252	0.115430	0.339750	0.239885
62	4	0.115388	0.339689	0.151913
51	193	0.115379	0.339675	0.225682
26	141	0.115333	0.339607	0.310065
7	104	0.115289	0.339542	0.166756
48	49	0.115260	0.339500	0.157679
73	239	0.115176	0.339376	0.252763
37	14	0.115156	0.339347	0.332060
32	169	0.115148	0.339335	0.151755
6	115	0.115121	0.339295	0.191046
51	4	0.115105	0.339272	0.285954
42	14	0.115055	0.339198	0.222571
72	147	0.115009	0.339130	0.349357
17	148	0.114962	0.339060	0.243490
59	253	0.114941	0.339030	0.151619
1	81	0.114861	0.338911	0.301862
18	230	0.114839	0.338879	0.151551
5	40	0.114798	0.338819	0.173580
43	98	0.114735	0.338725	0.321506
39	104	0.114697	0.338669	0.251141
21	241	0.114676	0.338639	0.366335
10	40	0.114675	0.338637	0.223184
2	68	0.114667	0.338625	0.291801
59	237	0.114635	0.338578	0.151417
54	203	0.114607	0.338537	0.250443
56	171	0.114592	0.338514	0.151388
2	63	0.114548	0.338449	0.151359
9	23	0.114478	0.338346	0.340749
26	163	0.114397	0.338226	0.218679
45	111	0.114320	0.338112	0.210080
27	160	0.114217	0.337960	0.313563
69	245	0.114207	0.337945	0.276412
24	128	0.114063	0.337732	0.307870
40	200	0.114003	0.337643	0.204141
38	33	0.113897	0.337486	0.287708
21	48	0.113876	0.337455	0.150915
70	112	0.113867	0.337442	0.153025
28	237	0.113825	0.337380	0.433013
32	211	0.113674	0.337155	0.367866
14	197	0.113673	0.337155	0.465488
19	30	0.113661	0.337137	0.239352
61	57	0.113651	0.337121	0.228118
68	97	0.113607	0.337056	0.238046
29	184	0.113471	0.336854	0.150646
53	30	0.113463	0.336843	0.330374
32	203	0.113426	0.336788	0.182096
55	227	0.113360	0.336689	0.232455
5	144	0.113333	0.336649	0.215520
68	134	0.113302	0.336603	0.236430
33	181	0.113270	0.336556	0.245595
61	198	0.113258	0.336538	0.271238
20	209	0.113251	0.336528	0.242520
7	120	0.113249	0.336524	0.492287
12	176	0.113162	0.336395	0.188884
46	172	0.113108	0.336316	0.164759
51	219	0.113067	0.336255	0.228194
22	92	0.113018	0.336182	0.150345
59	29	0.112933	0.336055	0.191079
57	196	0.112889	0.335990	0.241602
62	223	0.112876	0.335970	0.196031
11	118	0.112873	0.335965	0.214506
17	144	0.112831	0.335903	0.236292
36	231	0.112829	0.335900	0.539115
58	206	0.112710	0.335723	0.323400
21	144	0.112666	0.335657	0.223115
16	189	0.112664	0.335655	0.200901
69	142	0.112653	0.335639	0.191284
32	38	0.112629	0.335602	0.186685
49	62	0.112624	0.335596	0.239153
16	34	0.112592	0.335547	1.009804
68	244	0.112540	0.335469	0.242320
13	99	0.112464	0.335357	0.329159
26	45	0.112458	0.335347	0.355114
51	173	0.112457	0.335345	0.153576
29	30	0.112447	0.335331	0.282022
8	50	0.112376	0.335225	0.247852
41	108	0.112221	0.334994	0.152971
32	99	0.112211	0.334980	0.165934
67	150	0.112182	0.334935	0.231562
45	90	0.112025	0.334701	0.241363
10	180	0.111980	0.334634	0.461612
12	149	0.111977	0.334629	0.284079
29	216	0.111970	0.334619	0.207558
33	151	0.111935	0.334566	0.217451
62	85	0.111923	0.334549	0.220823
42	126	0.111877	0.334480	0.160739
2	238	0.111851	0.334441	0.408506
73	18	0.111742	0.334278	0.149494
33	201	0.111678	0.334183	0.499920
32	192	0.111661	0.334157	0.208616
43	80	0.111653	0.334145	0.249826
25	242	0.111632	0.334114	0.242498
58	231	0.111627	0.334106	0.149417
48	243	0.111585	0.334044	0.172452
19	171	0.111548	0.333988	0.406741
2	141	0.111543	0.333980	0.149361
2	124	0.111535	0.333968	0.149355
55	70	0.111515	0.333939	0.247707
59	209	0.111486	0.333896	0.316762
64	9	0.111221	0.333498	0.263476
20	96	0.111196	0.333461	0.176009
1	224	0.111079	0.333285	0.244351
36	51	0.111058	0.333254	0.149036
72	6	0.110956	0.333100	0.153049
55	241	0.110946	0.333085	0.495496
52	45	0.110946	0.333085	0.309941
59	143	0.110945	0.333085	0.193068
9	227	0.110917	0.333043	0.351606
4	39	0.110742	0.332779	0.436259
19	87	0.110695	0.332709	0.174922
24	122	0.110676	0.332680	0.512827
38	141	0.110673	0.332675	0.170214
61	154	0.110659	0.332655	0.229904
56	144	0.110593	0.332555	0.360624
35	120	0.110554	0.332497	0.257431
64	218	0.110552	0.332494	0.322055
39	141	0.110536	0.332470	0.565111
29	162	0.110466	0.332364	0.416600
28	180	0.110458	0.332353	0.171435
52	246	0.110408	0.332277	0.168270
64	232	0.110402	0.332267	0.522778
11	85	0.110232	0.332012	0.174178
48	210	0.110214	0.331985	0.237347
61	4	0.110121	0.331845	0.297368
19	26	0.110119	0.331842	0.181789
1	132	0.110109	0.331827	0.230287
36	24	0.110076	0.331777	0.347212
17	213	0.110073	0.331772	0.238267
50	28	0.109925	0.331550	0.278924
6	32	0.109885	0.331489	0.246935
34	147	0.109857	0.331447	0.326627
63	80	0.109775	0.331324	0.318766
36	234	0.109714	0.331232	0.447361
30	190	0.109698	0.331207	0.183592
12	165	0.109563	0.331004	0.148029
37	199	0.109507	0.330919	0.148263
52	75	0.109482	0.330881	0.172079
49	200	0.109464	0.330854	0.278847
38	201	0.109418	0.330784	0.233782
11	75	0.109354	0.330687	0.147888
44	142	0.109312	0.330624	0.282829
59	166	0.109307	0.330616	0.149951
52	66	0.109294	0.330597	0.322130
19	28	0.109283	0.330580	0.267078
16	43	0.109279	0.330574	0.203717
52	89	0.109259	0.330544	0.348044
22	145	0.109203	0.330459	0.372412
3	22	0.109100	0.330303	0.147716
22	93	0.109084	0.330278	0.270286
39	193	0.109023	0.330187	0.272157
72	76	0.108988	0.330133	0.156640
39	233	0.108909	0.330014	0.284590
3	171	0.108607	0.329556	0.642131
39	111	0.108588	0.329527	0.182663
4	119	0.108560	0.329484	0.237983
5	82	0.108538	0.329452	0.348453
39	225	0.108506	0.329403	0.208811
53	228	0.108497	0.329389	0.356347
30	247	0.108485	0.329371	0.454728
4	57	0.108428	0.329284	0.147260
73	124	0.108419	0.329271	0.147254
50	1	0.108382	0.329215	0.147229
23	256	0.108262	0.329032	0.248421
22	170	0.108248	0.329011	0.195894
13	206	0.108238	0.328996	0.254693
35	147	0.108222	0.328971	0.205940
42	38	0.108218	0.328965	0.167542
44	178	0.108165	0.328885	0.158818
29	123	0.108158	0.328873	0.296565
37	241	0.108086	0.328764	0.166996
3	213	0.108034	0.328685	0.185449
2	227	0.107931	0.328529	0.299705
17	79	0.107913	0.328501	0.524485
69	233	0.107818	0.328357	0.146845
4	56	0.107812	0.328348	0.293466
52	68	0.107809	0.328343	0.148994
27	110	0.107794	0.328320	0.312930
67	143	0.107787	0.328309	0.192626
55	222	0.107750	0.328254	0.506776
38	64	0.107739	0.328236	0.207872
23	113	0.107663	0.328120	0.146740
66	73	0.107638	0.328083	0.146723
22	241	0.107458	0.327809	0.298437
30	256	0.107316	0.327590	0.157634
16	119	0.107292	0.327555	0.394084
49	156	0.107271	0.327523	0.234226
16	131	0.107120	0.327293	0.191816
24	198	0.107105	0.327268	0.187994
25	46	0.107083	0.327236	0.204232
14	166	0.107042	0.327173	0.407607
60	214	0.107031	0.327156	0.229922
27	21	0.106914	0.326978	0.194512
11	90	0.106914	0.326977	0.146228
27	216	0.106875	0.326918	0.216116
49	188	0.106842	0.326867	0.146179
27	115	0.106825	0.326841	0.269582
58	100	0.106758	0.326739	0.148388
49	149	0.106703	0.326654	0.202304
39	183	0.106693	0.326638	0.238433
16	158	0.106658	0.326586	0.218705
34	160	0.106615	0.326520	0.238220
37	51	0.106609	0.326510	0.146020
16	53	0.106567	0.326446	0.182113
71	23	0.106549	0.326419	0.230325
19	206	0.106472	0.326301	0.224469
45	106	0.106425	0.326228	0.232553
39	52	0.106322	0.326071	0.214810
69	231	0.106264	0.325982	0.236548
52	77	0.106215	0.325906	0.147010
21	185	0.106165	0.325830	0.207332
34	68	0.106112	0.325748	0.299091
42	249	0.106080	0.325700	0.177706
60	46	0.106058	0.325666	0.293610
12	56	0.106052	0.325656	0.168693
56	68	0.106049	0.325651	0.153386
34	92	0.106017	0.325602	0.243263
6	165	0.105925	0.325461	0.219003
50	91	0.105921	0.325454	0.225102
70	180	0.105885	0.325400	0.177468
73	123	0.105749	0.325190	0.232829
5	16	0.105735	0.325169	0.270788
28	141	0.105718	0.325143	0.278348
67	90	0.105664	0.325061	0.222524
49	70	0.105653	0.325043	0.325080
62	157	0.105615	0.324985	0.598557
68	180	0.105479	0.324776	0.236594
49	132	0.105448	0.324727	0.197206
26	121	0.105376	0.324617	0.192500
70	110	0.105299	0.324499	0.266276
58	172	0.105281	0.324470	0.159942
45	181	0.105272	0.324457	0.302275
64	111	0.105270	0.324454	0.426854
27	10	0.105263	0.324442	0.145095
52	71	0.105247	0.324418	0.437395
51	58	0.105221	0.324378	0.426742
20	113	0.105168	0.324297	0.282906
13	231	0.105106	0.324201	0.196318
6	68	0.105088	0.324173	0.270795
66	166	0.105077	0.324156	0.221338
43	215	0.105028	0.324081	0.236598
16	96	0.104916	0.323907	0.156742
32	135	0.104908	0.323895	0.195377
26	24	0.104849	0.323804	0.262912
42	65	0.104803	0.323732	0.344766
18	250	0.104761	0.323669	0.301294
54	139	0.104736	0.323630	0.219904
20	119	0.104726	0.323614	0.194936
3	198	0.104720	0.323605	0.163769
70	219	0.104717	0.323601	0.144719
31	193	0.104656	0.323505	0.647594
14	176	0.104619	0.323449	0.233793
6	80	0.104599	0.323417	0.300656
68	37	0.104562	0.323361	0.156116
32	95	0.104559	0.323357	0.144609
38	142	0.104404	0.323116	0.238290
4	240	0.104389	0.323092	0.187198
67	64	0.104319	0.322985	0.144443
61	153	0.104311	0.322972	0.229795
72	99	0.104293	0.322944	0.271911
71	145	0.104204	0.322806	0.144363
52	33	0.104130	0.322692	0.225984
52	225	0.104103	0.322650	0.227436
39	134	0.104090	0.322630	0.244805
1	25	0.104080	0.322615	0.337544
2	191	0.104075	0.322607	0.186358
29	198	0.104042	0.322556	0.297114
70	202	0.103952	0.322416	0.300943
20	161	0.103933	0.322386	0.196795
59	65	0.103897	0.322330	0.160987
23	1	0.103860	0.322273	0.218209
8	203	0.103834	0.322233	0.202410
64	99	0.103769	0.322133	0.216904
20	82	0.103763	0.322122	0.227167
46	136	0.103739	0.322086	0.286069
8	148	0.103734	0.322077	0.279339
64	217	0.103671	0.321979	0.329766
46	256	0.103602	0.321872	0.143946
20	171	0.103573	0.321827	0.192618
7	227	0.103484	0.321690	0.177638
36	159	0.103478	0.321679	0.188556
47	134	0.103472	0.321671	0.143856
61	232	0.103360	0.321497	0.152223
63	240	0.103313	0.321424	0.234148
41	153	0.103306	0.321413	0.143740
12	249	0.103215	0.321271	0.315221
62	90	0.103149	0.321168	0.161865
1	179	0.103146	0.321163	0.317906
45	35	0.103111	0.321109	0.143604
48	69	0.103107	0.321103	0.159336
26	209	0.103030	0.320982	0.224301
67	208	0.103007	0.320947	0.264357
48	217	0.102935	0.320835	0.143482
42	89	0.102933	0.320831	0.143480
27	60	0.102855	0.320711	0.216127
65	170	0.102769	0.320576	0.193909
7	158	0.102728	0.320513	0.259731
4	74	0.102701	0.320470	0.234013
20	51	0.102648	0.320387	0.231656
47	239	0.102623	0.320348	0.312873
18	227	0.102466	0.320103	0.224176
56	65	0.102438	0.320059	0.541232
64	6	0.102430	0.320046	0.375519
25	246	0.102397	0.319995	0.293577
40	65	0.102376	0.319963	0.367860
68	153	0.102360	0.319938	0.242863
38	42	0.102344	0.319913	0.329147
32	212	0.102293	0.319833	0.156582
32	120	0.102263	0.319786	0.143013
62	25	0.102251	0.319767	0.171848
42	153	0.102196	0.319680	0.159072
40	182	0.102144	0.319601	0.290475
19	235	0.102133	0.319582	0.268610
7	178	0.102005	0.319383	0.354339
11	63	0.101981	0.319344	0.218717
62	146	0.101974	0.319334	0.255404
32	218	0.101928	0.319262	0.250125
39	7	0.101905	0.319225	0.181949
65	200	0.101894	0.319208	0.436220
73	44	0.101864	0.319161	0.142733
69	159	0.101835	0.319116	0.144313
23	9	0.101820	0.319092	0.199274
5	93	0.101812	0.319079	0.156060
44	184	0.101805	0.319069	0.229519
9	148	0.101800	0.319061	0.334960
38	21	0.101787	0.319041	0.218282
10	32	0.101725	0.318943	0.287224
18	232	0.101712	0.318923	0.227715
55	186	0.101706	0.318914	0.232892
34	121	0.101705	0.318913	0.142622
44	223	0.101648	0.318823	0.266197
21	138	0.101603	0.318752	0.220566
34	184	0.101574	0.318706	0.213643
34	212	0.101524	0.318629	0.174811
46	221	0.101293	0.318266	0.232423
17	85	0.101239	0.318181	0.167700
68	182	0.101167	0.318068	0.273030
51	97	0.101103	0.317968	0.145476
64	24	0.101046	0.317877	0.290273
6	195	0.100995	0.317797	0.176059
16	58	0.100959	0.317740	0.194658
26	174	0.100946	0.317720	0.217229
57	21	0.100887	0.317627	0.187923
3	174	0.100859	0.317583	0.213996
66	248	0.100844	0.317560	0.293584
33	169	0.100836	0.317548	0.409701
55	247	0.100828	0.317534	0.142005
41	33	0.100761	0.317429	0.141958
33	177	0.100642	0.317242	0.272125
73	3	0.100616	0.317201	0.324957
22	67	0.100533	0.317069	0.297361
1	32	0.100507	0.317028	0.141779
37	107	0.100495	0.317009	0.300776
70	244	0.100476	0.316979	0.163213
37	45	0.100392	0.316847	0.141698
22	189	0.100382	0.316831	0.198565
35	115	0.100364	0.316803	0.185858
33	57	0.100301	0.316704	0.141634
64	36	0.100301	0.316703	0.169207
25	219	0.100262	0.316642	0.141607
12	133	0.100259	0.316638	0.392978
71	42	0.100139	0.316447	0.206282
34	89	0.100052	0.316310	0.258246
66	9	0.100040	0.316291	0.234349
43	129	0.099902	0.316073	0.519912
63	192	0.099764	0.315855	0.214271
7	144	0.099763	0.315853	0.237047
17	232	0.099646	0.315667	0.141171
69	131	0.099579	0.315561	0.228717
72	223	0.099489	0.315419	0.198606
29	111	0.099433	0.315330	0.141020
21	1	0.099336	0.315176	0.221529
20	121	0.099221	0.314994	0.374140
30	130	0.099093	0.314791	0.225626
42	84	0.099089	0.314784	0.240721
41	238	0.099068	0.314750	0.166661
65	63	0.099052	0.314726	0.140750
36	50	0.099047	0.314718	0.297342
21	206	0.099039	0.314705	0.229262
53	133	0.098956	0.314572	0.278955
54	6	0.098955	0.314572	0.218064
5	97	0.098949	0.314562	0.226602
24	186	0.098901	0.314485	0.191695
67	158	0.098891	0.314470	0.278194
27	213	0.098889	0.314466	0.197300
65	146	0.098885	0.314460	0.227238
67	115	0.098854	0.314411	0.225693
16	146	0.098845	0.314396	0.334213
60	31	0.098746	0.314238	0.205215
60	209	0.098729	0.314211	0.156796
62	126	0.098720	0.314197	0.154064
58	147	0.098719	0.314196	0.224380
48	60	0.098709	0.314180	0.281388
28	223	0.098688	0.314146	0.228315
68	252	0.098687	0.314145	0.272648
39	160	0.098678	0.314131	0.167576
4	117	0.098583	0.313979	0.329108
16	168	0.098513	0.313868	0.285690
63	61	0.098492	0.313835	0.195300
24	11	0.098385	0.313664	0.249838
17	151	0.098321	0.313562	0.167191
58	4	0.098319	0.313559	0.244177
10	127	0.098305	0.313536	0.218006
42	61	0.098274	0.313486	0.219676
51	144	0.098264	0.313471	0.186702
17	155	0.098247	0.313444	0.167818
52	28	0.098236	0.313426	0.219210
55	254	0.098204	0.313375	0.173408
26	129	0.098098	0.313206	0.215701
4	212	0.098037	0.313109	0.140027
21	95	0.097986	0.313027	0.358482
33	71	0.097876	0.312851	0.295243
13	171	0.097781	0.312700	0.260119
13	208	0.097780	0.312697	0.402304
61	190	0.097692	0.312558	0.224404
15	185	0.097519	0.312281	0.213496
27	79	0.097480	0.312218	0.150950
5	15	0.097418	0.312118	0.186694
19	183	0.097403	0.312094	0.227524
1	47	0.097282	0.311901	1.607836
44	148	0.097218	0.311798	0.333447
29	226	0.097204	0.311775	0.139430
69	116	0.097188	0.311749	0.198816
43	218	0.097162	0.311708	0.222727
49	166	0.097089	0.311591	0.338700
54	236	0.097084	0.311584	0.275040
72	82	0.097082	0.311579	0.139342
24	29	0.096965	0.311392	0.181348
12	1	0.096960	0.311384	0.368100
38	23	0.096958	0.311381	0.181298
64	58	0.096909	0.311301	0.139218
1	135	0.096827	0.311170	0.380556
19	188	0.096823	0.311164	0.278556
70	114	0.096803	0.311132	0.468387
18	137	0.096736	0.311024	0.222070
41	203	0.096709	0.310981	0.249125
24	10	0.096619	0.310836	0.216885
24	165	0.096587	0.310784	1.434570
71	124	0.096586	0.310782	0.138986
50	253	0.096485	0.310620	0.347608
67	155	0.096474	0.310603	0.295573
41	119	0.096403	0.310488	0.282512
72	159	0.096269	0.310273	0.268826
70	218	0.096263	0.310263	0.226218
20	52	0.096245	0.310234	0.214845
43	116	0.096196	0.310155	0.522308
27	251	0.096141	0.310066	0.285548
57	92	0.096114	0.310022	0.138646
52	59	0.095986	0.309816	0.223342
62	189	0.095785	0.309492	0.167959
8	59	0.095731	0.309404	0.138370
49	251	0.095696	0.309347	0.152814
36	153	0.095667	0.309301	0.144871
8	46	0.095667	0.309300	0.243838
56	157	0.095664	0.309296	0.202084
68	186	0.095658	0.309287	0.138317
45	201	0.095656	0.309284	0.175476
56	154	0.095643	0.309262	0.189536
23	23	0.095438	0.308930	0.196283
69	129	0.095417	0.308897	0.138143
57	161	0.095381	0.308837	0.447397
25	97	0.095373	0.308825	0.233538
16	228	0.095363	0.308810	0.224240
9	239	0.095341	0.308774	0.161352
14	133	0.095329	0.308754	0.298343
71	162	0.095315	0.308732	0.225061
18	102	0.095262	0.308646	0.192782
34	174	0.095236	0.308603	0.241926
2	195	0.095215	0.308570	0.340982
12	253	0.095215	0.308569	0.312178
16	64	0.095139	0.308445	0.302413
56	196	0.095095	0.308375	0.222349
36	133	0.094982	0.308191	0.270559
6	89	0.094934	0.308114	0.204559
44	81	0.094926	0.308101	0.941952
64	83	0.094923	0.308095	0.141530
49	190	0.094915	0.308083	0.189178
39	140	0.094914	0.308082	0.330238
25	194	0.094876	0.308020	0.219171
21	157	0.094790	0.307879	0.172687
69	163	0.094763	0.307835	0.250110
16	256	0.094749	0.307814	0.200692
65	201	0.094746	0.307808	0.166720
3	27	0.094741	0.307800	0.294497
50	206	0.094725	0.307775	0.144692
6	10	0.094661	0.307670	0.185914
56	118	0.094655	0.307660	0.203210
32	121	0.094620	0.307604	0.336340
45	78	0.094617	0.307598	0.166007
1	86	0.094616	0.307597	0.177865
31	42	0.094551	0.307492	0.364452
13	52	0.094540	0.307474	0.303642
40	59	0.094434	0.307301	0.206242
32	42	0.094421	0.307280	0.275176
25	217	0.094355	0.307172	0.317771
56	240	0.094311	0.307100	0.249737
35	131	0.094303	0.307087	0.253132
27	197	0.094287	0.307061	0.217365
72	232	0.094259	0.307017	0.209874
27	94	0.094224	0.306959	0.137276
73	154	0.094198	0.306917	0.137257
69	47	0.094196	0.306914	0.152585
7	44	0.094165	0.306863	0.169683
70	49	0.094155	0.306847	0.330552
3	110	0.094122	0.306792	0.218623
42	221	0.094006	0.306603	0.311831
26	55	0.093969	0.306544	0.213022
6	138	0.093955	0.306522	0.137081
65	42	0.093950	0.306513	0.361643
51	148	0.093927	0.306476	0.283227
21	133	0.093877	0.306393	0.137023
49	246	0.093834	0.306323	0.221108
1	251	0.093818	0.306298	0.280706
43	68	0.093802	0.306270	0.223084
10	123	0.093774	0.306226	0.193913
19	110	0.093709	0.306119	0.227138
49	75	0.093706	0.306114	0.213678
2	34	0.093667	0.306050	0.211000
8	183	0.093531	0.305828	0.307683
47	121	0.093527	0.305821	0.136768
40	52	0.093523	0.305816	0.276885
10	86	0.093513	0.305799	0.152686
32	209	0.093497	0.305772	0.146169
65	41	0.093439	0.305677	0.310638
9	59	0.093415	0.305639	0.227757
43	158	0.093312	0.305469	0.217020
31	138	0.093270	0.305401	0.136580
34	16	0.093208	0.305299	0.136534
57	88	0.093178	0.305251	0.171315
16	178	0.093137	0.305184	0.196652
45	109	0.093128	0.305169	0.205627
23	182	0.093128	0.305168	0.257153
19	155	0.093108	0.305135	0.946439
70	22	0.092993	0.304947	0.219303
61	62	0.092955	0.304885	0.244747
73	142	0.092943	0.304865	0.253653
53	120	0.092820	0.304664	0.156353
49	240	0.092805	0.304640	0.180016
73	51	0.092801	0.304633	0.136236
31	70	0.092771	0.304583	0.136214
17	137	0.092753	0.304554	0.136201
17	228	0.092736	0.304525	0.186331
26	17	0.092730	0.304516	0.240794
15	211	0.092724	0.304507	0.190762
29	128	0.092705	0.304476	0.207910
2	231	0.092559	0.304235	0.181152
64	38	0.092551	0.304222	0.244545
47	233	0.092545	0.304212	0.150974
44	41	0.092531	0.304189	0.204870
35	96	0.092530	0.304187	0.263385
71	123	0.092511	0.304157	0.136023
60	51	0.092471	0.304090	0.206268
41	157	0.092409	0.303988	0.390226
46	113	0.092346	0.303885	0.181760
32	226	0.092321	0.303844	0.135883
45	196	0.092284	0.303782	0.188698
63	106	0.092253	0.303733	0.217965
31	60	0.092247	0.303723	0.238440
57	230	0.092211	0.303663	0.341580
21	91	0.092180	0.303612	0.307606
62	38	0.092123	0.303518	0.135738
44	158	0.092102	0.303483	0.135722
15	3	0.092080	0.303446	0.308406
5	243	0.092044	0.303387	0.186179
44	88	0.091994	0.303305	0.262677
44	36	0.091993	0.303303	0.227204
64	14	0.091973	0.303270	0.206333
2	121	0.091959	0.303247	0.168061
72	51	0.091786	0.302962	0.135489
7	140	0.091784	0.302959	0.159735
49	10	0.091759	0.302918	0.216319
34	31	0.091746	0.302896	0.178488
48	133	0.091680	0.302788	0.135411
47	109	0.091655	0.302746	0.188420
63	118	0.091631	0.302707	0.206539
22	142	0.091571	0.302608	0.315933
56	50	0.091538	0.302552	0.217437
58	150	0.091407	0.302336	0.284436
64	50	0.091314	0.302183	0.194571
11	191	0.091237	0.302054	0.184167
45	114	0.091204	0.301999	0.200898
33	167	0.091126	0.301870	0.135000
58	254	0.091122	0.301865	0.314821
36	199	0.091121	0.301863	0.155234
46	35	0.091082	0.301798	0.134968
25	223	0.091076	0.301789	0.303736
35	254	0.091034	0.301719	0.134933
41	115	0.090989	0.301644	0.134899
33	253	0.090969	0.301610	0.185965
48	73	0.090938	0.301559	0.327823
49	145	0.090907	0.301508	0.329672
35	245	0.090893	0.301484	0.183234
28	170	0.090887	0.301474	0.134823
38	195	0.090852	0.301416	0.174887
60	97	0.090825	0.301371	0.154285
58	48	0.090823	0.301368	0.168907
70	194	0.090808	0.301344	0.342887
65	110	0.090763	0.301269	0.216701
20	110	0.090677	0.301126	0.152427
53	28	0.090644	0.301071	0.134643
46	92	0.090599	0.300997	0.242654
65	213	0.090595	0.300991	0.155723
66	93	0.090579	0.300964	0.278680
24	26	0.090566	0.300942	0.367641
4	127	0.090565	0.300940	0.134585
38	104	0.090550	0.300916	0.441404
12	53	0.090435	0.300724	0.134488
32	49	0.090392	0.300653	0.223195
10	221	0.090390	0.300649	0.252114
10	237	0.090349	0.300581	0.326567
10	65	0.090325	0.300540	0.315456
43	93	0.090238	0.300396	0.165702
19	160	0.090237	0.300394	0.175853
9	16	0.090219	0.300365	0.162556
8	227	0.090213	0.300355	0.265106
23	31	0.090143	0.300239	0.134271
42	223	0.090093	0.300155	0.217483
52	39	0.090058	0.300097	0.202562
57	197	0.090057	0.300095	0.134207
68	253	0.090051	0.300085	0.260009
26	172	0.090037	0.300062	0.134192
68	4	0.089970	0.299951	0.189018
62	66	0.089915	0.299858	0.252266
50	151	0.089859	0.299765	0.202169
49	60	0.089843	0.299738	0.212214
8	43	0.089839	0.299732	0.202493
27	226	0.089771	0.299619	0.329460
14	158	0.089745	0.299574	0.234805
54	185	0.089719	0.299531	0.525242
48	66	0.089597	0.299327	0.325279
69	83	0.089540	0.299232	0.133820
50	256	0.089370	0.298948	0.133694
7	241	0.089359	0.298929	0.320501
36	226	0.089322	0.298868	0.311722
43	53	0.089232	0.298717	0.133590
47	4	0.089229	0.298713	0.232814
22	197	0.089210	0.298680	0.133574
28	231	0.089179	0.298629	0.133551
57	53	0.089100	0.298496	0.133491
18	135	0.089099	0.298495	0.192072
41	187	0.089045	0.298405	0.133451
38	227	0.089026	0.298373	0.133436
53	39	0.088998	0.298325	0.142617
56	239	0.088925	0.298203	0.248689
40	131	0.088864	0.298101	0.204743
12	134	0.088849	0.298076	0.263855
29	230	0.088835	0.298051	0.230722
53	245	0.088778	0.297956	0.188323
40	177	0.088706	0.297835	0.185490
40	211	0.088664	0.297766	0.214676
73	169	0.088586	0.297635	0.149936
21	11	0.088573	0.297612	0.216334
10	216	0.088551	0.297574	0.236811
61	226	0.088528	0.297536	0.201323
58	126	0.088506	0.297499	0.133046
66	213	0.088482	0.297459	0.296558
46	144	0.088434	0.297378	0.196894
29	125	0.088329	0.297202	0.630682
16	206	0.088310	0.297170	0.231199
34	141	0.088287	0.297131	0.254735
45	59	0.088231	0.297037	0.228186
36	240	0.088188	0.296964	0.224066
3	242	0.088186	0.296961	0.248490
58	151	0.088155	0.296910	0.218187
51	31	0.088147	0.296895	0.195206
71	237	0.088106	0.296826	0.166691
20	148	0.088081	0.296784	0.312745
34	32	0.088063	0.296755	0.151411
55	219	0.088058	0.296745	0.132708
54	49	0.088054	0.296738	0.205829
38	3	0.088006	0.296658	0.132670
61	58	0.087815	0.296336	0.180589
42	69	0.087790	0.296294	0.253043
7	255	0.087742	0.296212	0.320268
10	79	0.087731	0.296193	0.190165
71	91	0.087668	0.296089	0.316129
71	236	0.087567	0.295918	0.345208
16	242	0.087552	0.295892	0.132327
42	104	0.087539	0.295869	0.149325
7	118	0.087494	0.295794	0.230586
47	30	0.087464	0.295743	0.206715
56	97	0.087426	0.295678	0.290189
16	205	0.087417	0.295664	0.242467
13	106	0.087411	0.295653	0.213380
5	115	0.087384	0.295607	0.231534
59	174	0.087381	0.295603	0.132198
26	192	0.087353	0.295556	0.189791
47	252	0.087342	0.295537	0.186157
8	158	0.087289	0.295447	0.519020
11	127	0.087217	0.295325	0.405792
16	187	0.087198	0.295293	0.132059
50	155	0.087186	0.295273	0.165843
53	93	0.087125	0.295170	0.156134
46	65	0.087055	0.295051	0.133135
29	233	0.087046	0.295036	0.253458
27	185	0.087011	0.294976	0.169341
68	211	0.086999	0.294956	0.194489
41	20	0.086990	0.294941	0.214278
22	255	0.086944	0.294863	0.273123
48	179	0.086929	0.294837	0.213746
57	175	0.086830	0.294668	0.131780
45	56	0.086705	0.294457	0.250901
39	82	0.086670	0.294398	0.150392
36	155	0.086594	0.294268	0.196933
62	31	0.086561	0.294212	0.225950
47	122	0.086530	0.294160	0.273870
6	188	0.086527	0.294155	0.206449
26	88	0.086497	0.294103	0.131527
56	225	0.086438	0.294004	0.246017
41	154	0.086414	0.293963	0.142257
28	38	0.086374	0.293894	0.212748
7	126	0.086370	0.293887	0.207812
44	45	0.086362	0.293875	0.131425
9	55	0.086300	0.293768	0.283427
12	103	0.086261	0.293702	0.210214
50	220	0.086248	0.293679	0.259632
28	50	0.086239	0.293666	0.407905
2	158	0.086211	0.293618	0.131310
72	49	0.086209	0.293613	0.227251
24	143	0.086144	0.293503	0.230191
33	164	0.086135	0.293488	0.375098
11	92	0.086077	0.293388	0.212553
37	30	0.086053	0.293349	0.480292
49	176	0.086042	0.293329	0.131181
35	172	0.086035	0.293317	0.622369
73	108	0.086031	0.293311	0.311345
21	245	0.085993	0.293246	0.196188
62	123	0.085972	0.293210	0.147716
52	57	0.085916	0.293114	0.245505
14	62	0.085908	0.293101	0.134156
67	163	0.085904	0.293095	0.473833
35	167	0.085762	0.292851	0.187758
56	210	0.085671	0.292695	0.399227
45	104	0.085662	0.292681	0.137267
57	5	0.085648	0.292657	0.424657
57	55	0.085634	0.292633	0.315163
56	134	0.085517	0.292432	0.215877
16	137	0.085505	0.292413	0.130771
21	170	0.085436	0.292294	0.208870
25	79	0.085430	0.292284	0.332857
12	116	0.085377	0.292194	0.208167
26	214	0.085271	0.292013	0.146669
21	59	0.085250	0.291977	0.209315
56	124	0.085221	0.291927	0.283729
9	92	0.085161	0.291824	0.255547
47	155	0.085153	0.291811	0.155772
70	28	0.084968	0.291493	0.243024
61	51	0.084964	0.291487	0.130357
38	92	0.084933	0.291434	0.190157
55	181	0.084798	0.291201	0.287516
26	36	0.084790	0.291187	0.160263
56	113	0.084779	0.291168	0.302999
26	180	0.084734	0.291091	0.130180
49	178	0.084626	0.290906	0.197670
66	99	0.084585	0.290835	0.323250
23	18	0.084467	0.290632	0.175148
2	69	0.084389	0.290497	0.391547
55	200	0.084313	0.290366	0.206931
2	17	0.084310	0.290361	0.212009
70	249	0.084254	0.290265	0.272548
62	129	0.084248	0.290256	0.129806
49	69	0.084235	0.290233	0.263484
19	118	0.084224	0.290214	0.162663
27	96	0.084192	0.290158	0.167182
52	52	0.084183	0.290143	0.129756
26	101	0.084174	0.290127	0.139675
47	210	0.084168	0.290117	0.209101
51	121	0.084077	0.289961	0.379098
56	75	0.084011	0.289846	0.198324
2	187	0.083964	0.289766	0.305206
36	88	0.083948	0.289737	0.129575
45	9	0.083942	0.289728	0.157026
70	243	0.083913	0.289678	0.181716
11	113	0.083898	0.289652	0.178259
2	5	0.083883	0.289626	0.129525
24	207	0.083857	0.289581	0.221077
36	147	0.083800	0.289482	0.255072
63	56	0.083790	0.289465	0.129453
3	29	0.083740	0.289379	0.129414
62	208	0.083665	0.289250	0.210562
4	164	0.083653	0.289227	0.129346
60	249	0.083633	0.289194	0.129332
38	77	0.083496	0.288957	0.164858
63	188	0.083443	0.288866	0.290638
62	203	0.083434	0.288849	0.129177
58	224	0.083417	0.288821	0.155876
11	249	0.083341	0.288688	0.301498
20	87	0.083309	0.288633	0.289263
47	47	0.083268	0.288561	0.182173
2	190	0.083212	0.288465	0.310931
26	115	0.083199	0.288443	0.168698
60	115	0.083188	0.288423	0.347029
23	220	0.083145	0.288349	0.461341
34	53	0.083069	0.288217	0.174044
59	21	0.083064	0.288208	0.209545
23	213	0.083045	0.288175	0.210400
53	74	0.083045	0.288175	0.382701
39	30	0.083035	0.288158	0.128868
48	104	0.083021	0.288133	0.199666
70	57	0.082974	0.288053	0.209688
24	74	0.082963	0.288032	0.204205
13	215	0.082960	0.288027	0.145286
41	228	0.082860	0.287853	0.464389
73	133	0.082834	0.287808	0.128712
61	250	0.082790	0.287733	0.268976
56	91	0.082780	0.287714	0.128670
59	212	0.082704	0.287583	0.273991
64	221	0.082673	0.287529	0.206977
36	148	0.082663	0.287512	0.355199
42	108	0.082591	0.287387	0.358911
4	103	0.082584	0.287374	0.280470
8	224	0.082567	0.287345	0.305636
47	139	0.082549	0.287313	0.147466
45	70	0.082462	0.287162	0.202986
65	62	0.082451	0.287142	0.305172
71	178	0.082448	0.287138	0.128412
38	146	0.082381	0.287021	0.128360
33	190	0.082369	0.287001	0.248593
41	195	0.082362	0.286988	0.192135
3	201	0.082340	0.286949	0.165172
17	236	0.082312	0.286901	0.235872
52	64	0.082308	0.286894	0.303775
53	70	0.082270	0.286828	0.201171
4	20	0.082183	0.286676	0.208530
59	71	0.082134	0.286591	0.128167
49	175	0.082080	0.286497	0.207170
50	11	0.082029	0.286407	0.273234
4	95	0.081800	0.286007	0.286031
69	56	0.081759	0.285935	0.199923
17	235	0.081749	0.285917	0.422608
38	51	0.081678	0.285793	0.299761
46	212	0.081645	0.285736	0.127785
33	101	0.081636	0.285719	0.164499
22	181	0.081634	0.285716	0.140837
54	178	0.081543	0.285558	0.209648
26	56	0.081513	0.285505	0.320583
49	94	0.081434	0.285366	0.127620
73	173	0.081421	0.285343	0.237254
36	204	0.081340	0.285202	0.127546
71	212	0.081246	0.285036	0.157023
30	194	0.081240	0.285026	0.184023
71	231	0.081232	0.285012	0.378631
36	174	0.081208	0.284970	0.188313
6	205	0.081162	0.284889	0.292416
44	225	0.081108	0.284795	0.180684
21	121	0.081101	0.284783	0.223584
42	241	0.081044	0.284683	0.285725
23	125	0.081021	0.284642	0.288180
49	209	0.081020	0.284640	0.186598
42	171	0.080995	0.284596	0.127275
11	222	0.080991	0.284589	0.205206
36	97	0.080973	0.284557	0.282907
10	161	0.080962	0.284538	0.206777
28	80	0.080930	0.284482	0.165812
60	4	0.080840	0.284324	0.148276
5	254	0.080764	0.284190	0.327806
4	16	0.080726	0.284123	0.166978
54	198	0.080715	0.284104	0.177860
52	167	0.080695	0.284069	0.202325
29	204	0.080675	0.284033	0.238664
53	178	0.080557	0.283825	0.296821
73	180	0.080506	0.283736	0.126891
64	161	0.080370	0.283496	0.281086
23	193	0.080368	0.283492	0.299690
30	93	0.080353	0.283466	0.262294
45	3	0.080330	0.283426	0.126983
54	238	0.080262	0.283306	0.281035
32	249	0.080245	0.283275	0.175469
54	230	0.080243	0.283271	0.303094
71	20	0.080238	0.283263	0.258564
69	57	0.080206	0.283206	0.126654
52	250	0.080158	0.283122	0.230522
8	248	0.080141	0.283091	0.205932
55	27	0.080135	0.283080	0.126597
35	221	0.080091	0.283003	0.202919
64	240	0.080083	0.282990	0.159100
41	9	0.080065	0.282958	0.130413
37	42	0.080049	0.282928	0.205370
19	216	0.079998	0.282840	0.131447
10	33	0.079978	0.282803	0.126473
60	253	0.079949	0.282753	0.151977
44	149	0.079943	0.282743	0.146735
26	188	0.079880	0.282630	0.228602
31	232	0.079876	0.282624	0.293841
46	100	0.079859	0.282594	0.182922
35	174	0.079840	0.282559	0.126364
62	118	0.079770	0.282435	0.226536
54	74	0.079758	0.282415	0.165576
65	57	0.079694	0.282302	0.126249
33	75	0.079690	0.282294	0.126246
20	81	0.079674	0.282266	0.126233
54	148	0.079652	0.282226	0.240512
9	78	0.079647	0.282218	0.126212
1	54	0.079633	0.282193	0.186850
1	221	0.079629	0.282187	0.203743
64	168	0.079608	0.282148	0.304958
44	116	0.079582	0.282103	0.239522
69	198	0.079525	0.282002	0.389601
35	195	0.079504	0.281965	0.189732
54	96	0.079385	0.281753	0.126004
13	186	0.079342	0.281677	0.267885
4	219	0.079325	0.281648	0.204509
56	72	0.079324	0.281644	0.203589
4	71	0.079247	0.281509	0.409040
45	219	0.079242	0.281500	0.205057
73	121	0.079205	0.281434	0.125861
20	153	0.079148	0.281332	0.292913
11	59	0.078996	0.281063	0.125695
73	166	0.078993	0.281057	0.147634
39	97	0.078976	0.281026	0.125679
52	166	0.078912	0.280912	0.207357
23	65	0.078853	0.280808	0.295328
17	102	0.078830	0.280767	0.125563
46	205	0.078826	0.280760	0.125560
61	233	0.078819	0.280747	0.185083
67	83	0.078806	0.280724	0.162999
45	144	0.078784	0.280684	0.216123
19	20	0.078725	0.280579	0.128803
52	55	0.078720	0.280571	0.144199
41	141	0.078677	0.280495	0.172264
40	20	0.078659	0.280462	0.204430
48	163	0.078622	0.280396	0.429463
25	15	0.078542	0.280253	0.202392
59	102	0.078515	0.280205	0.223673
6	54	0.078451	0.280091	0.127307
17	212	0.078430	0.280053	0.125244
7	225	0.078370	0.279946	0.192575
68	237	0.078346	0.279904	0.150745
27	206	0.078330	0.279875	0.215858
9	124	0.078284	0.279793	0.166218
49	14	0.078253	0.279738	0.141791
65	221	0.078035	0.279348	0.202581
27	1	0.078001	0.279286	0.124901
35	104	0.077971	0.279233	0.124877
15	63	0.077936	0.279170	0.344263
8	24	0.077927	0.279153	0.148131
38	128	0.077911	0.279126	0.124829
64	105	0.077826	0.278974	0.203074
66	190	0.077779	0.278888	0.201114
53	22	0.077698	0.278743	0.138287
73	26	0.077638	0.278635	0.233897
60	64	0.077633	0.278626	0.764191
17	34	0.077606	0.278579	0.371618
6	210	0.077562	0.278500	0.203768
50	118	0.077541	0.278462	0.155408
17	27	0.077506	0.278399	0.201252
68	157	0.077485	0.278361	0.203095
57	127	0.077398	0.278205	0.252487
58	43	0.077328	0.278079	0.164332
67	188	0.077328	0.278078	0.147916
11	235	0.077239	0.277919	0.150361
58	235	0.077174	0.277802	0.290077
71	116	0.077114	0.277694	0.201539
45	110	0.077073	0.277621	0.124156
8	70	0.077056	0.277590	0.124142
36	218	0.076986	0.277463	0.188714
19	187	0.076841	0.277202	0.202222
54	29	0.076812	0.277149	0.196433
64	15	0.076747	0.277032	0.211423
72	220	0.076727	0.276997	0.123877
38	31	0.076712	0.276970	0.233186
73	129	0.076707	0.276961	0.142929
61	23	0.076649	0.276855	0.176407
44	164	0.076644	0.276846	0.123809
33	37	0.076642	0.276843	0.181653
35	1	0.076623	0.276809	0.141640
41	149	0.076596	0.276759	0.140162
15	213	0.076587	0.276744	0.248761
67	169	0.076530	0.276641	0.194888
1	226	0.076397	0.276401	0.328317
3	172	0.076394	0.276395	0.203694
55	123	0.076278	0.276185	0.227070
21	58	0.076253	0.276139	0.123493
48	5	0.076219	0.276078	0.186130
65	245	0.076207	0.276056	0.205291
48	58	0.076194	0.276033	0.199221
7	7	0.076166	0.275982	0.123423
67	179	0.076134	0.275923	0.213750
46	247	0.076129	0.275914	0.155915
20	17	0.076128	0.275913	0.124324
33	166	0.076123	0.275905	0.192055
26	71	0.076096	0.275855	0.201346
1	218	0.076092	0.275848	0.162345
31	66	0.076088	0.275840	0.164750
37	155	0.075939	0.275570	0.130895
26	127	0.075929	0.275553	0.123231
16	110	0.075925	0.275544	0.270329
10	148	0.075924	0.275544	0.281188
57	143	0.075901	0.275501	0.123208
9	62	0.075855	0.275418	0.144186
66	223	0.075845	0.275399	0.189732
70	148	0.075780	0.275282	0.126751
11	68	0.075764	0.275252	0.123096
32	224	0.075715	0.275164	0.131739
41	70	0.075670	0.275082	0.154217
9	220	0.075667	0.275077	0.280011
31	95	0.075647	0.275039	0.177267
58	202	0.075643	0.275033	0.298228
40	170	0.075630	0.275010	0.192760
24	5	0.075596	0.274948	0.122960
36	213	0.075588	0.274932	0.168015
1	250	0.075556	0.274874	0.157311
15	224	0.075519	0.274807	0.122897
36	238	0.075514	0.274798	0.281655
43	48	0.075502	0.274776	0.296479
16	104	0.075462	0.274704	0.251069
27	217	0.075456	0.274693	0.545308
37	157	0.075433	0.274650	0.146602
40	94	0.075385	0.274563	0.247901
59	246	0.075370	0.274535	0.152942
32	24	0.075368	0.274532	0.122774
58	241	0.075319	0.274443	0.198486
52	3	0.075305	0.274418	0.252383
57	87	0.075300	0.274408	0.236956
40	233	0.075276	0.274364	0.222369
59	140	0.075259	0.274333	0.401582
16	140	0.075256	0.274328	0.184647
69	23	0.075246	0.274309	0.291458
36	108	0.075195	0.274217	0.248605
18	140	0.075180	0.274190	0.167215
57	129	0.075147	0.274130	0.122595
35	92	0.075144	0.274124	0.122592
22	143	0.075067	0.273983	0.264221
60	11	0.075066	0.273981	0.240737
7	216	0.075036	0.273927	0.208307
53	167	0.075012	0.273883	0.122484
7	214	0.074927	0.273728	0.321122
5	208	0.074831	0.273552	0.144367
70	20	0.074788	0.273474	0.183764
29	169	0.074776	0.273452	0.197032
50	120	0.074763	0.273428	0.201392
62	242	0.074761	0.273425	0.122279
26	135	0.074712	0.273334	0.208514
60	168	0.074685	0.273286	0.192511
71	224	0.074639	0.273202	0.195511
46	197	0.074629	0.273183	0.158037
29	29	0.074476	0.272902	0.158080
3	165	0.074431	0.272820	0.122009
2	156	0.074401	0.272765	0.237313
46	174	0.074395	0.272754	0.185730
72	214	0.074322	0.272621	0.177999
17	64	0.074273	0.272531	0.156544
9	14	0.074223	0.272438	0.121838
71	60	0.074167	0.272337	0.220691
16	250	0.074142	0.272290	0.298148
45	226	0.074118	0.272246	0.261121
24	195	0.074071	0.272160	0.138372
33	243	0.074049	0.272120	0.126771
52	199	0.073987	0.272006	0.269375
73	227	0.073977	0.271987	0.294196
66	221	0.073849	0.271751	0.198112
57	203	0.073836	0.271727	0.121520
72	112	0.073772	0.271610	0.173144
45	218	0.073728	0.271529	0.259128
17	131	0.073712	0.271500	0.139781
64	169	0.073682	0.271443	0.121393
53	143	0.073578	0.271253	0.157527
69	93	0.073569	0.271237	0.123140
30	253	0.073549	0.271199	0.121284
7	238	0.073528	0.271161	0.195793
57	181	0.073519	0.271143	0.265357
14	92	0.073507	0.271122	0.196849
19	219	0.073491	0.271092	0.196192
58	186	0.073488	0.271086	0.121233
71	112	0.073444	0.271006	0.121197
38	54	0.073407	0.270938	0.287189
13	246	0.073396	0.270917	0.210014
21	253	0.073384	0.270895	0.121148
26	196	0.073353	0.270837	0.121476
10	104	0.073349	0.270830	0.121119
35	36	0.073330	0.270795	0.244671
31	172	0.073302	0.270743	0.310982
17	91	0.073292	0.270724	0.180552
50	238	0.073278	0.270699	0.121060
26	98	0.073265	0.270674	0.304072
5	57	0.073190	0.270537	0.120988
42	163	0.073138	0.270441	0.120945
8	146	0.073109	0.270387	0.204517
34	103	0.073090	0.270352	0.184770
67	254	0.073088	0.270348	0.242200
68	70	0.073059	0.270294	0.246452
46	250	0.073039	0.270258	0.195294
3	219	0.072961	0.270114	0.223235
15	16	0.072903	0.270005	0.128004
43	150	0.072818	0.269848	0.156198
36	235	0.072812	0.269836	0.120675
50	171	0.072778	0.269774	0.252340
23	79	0.072771	0.269760	0.191386
18	241	0.072722	0.269669	0.194383
65	67	0.072714	0.269655	0.124230
63	111	0.072682	0.269596	0.120567
57	220	0.072673	0.269580	0.146265
32	189	0.072620	0.269481	0.135885
64	183	0.072585	0.269417	0.251553
8	250	0.072493	0.269245	0.173015
44	32	0.072474	0.269209	0.302126
30	220	0.072468	0.269198	0.259401
56	56	0.072452	0.269170	0.120376
53	24	0.072422	0.269114	0.156936
14	252	0.072407	0.269086	0.185722
16	109	0.072389	0.269052	0.214465
54	92	0.072376	0.269028	0.120313
28	174	0.072373	0.269022	0.120310
8	237	0.072304	0.268893	0.120253
22	76	0.072266	0.268824	0.206267
57	140	0.072225	0.268747	0.184910
29	15	0.072193	0.268688	0.120161
48	53	0.072188	0.268678	0.196193
51	188	0.072123	0.268557	0.120102
37	210	0.072104	0.268522	0.236560
44	235	0.072046	0.268413	0.120038
47	189	0.071981	0.268293	0.245071
42	211	0.071977	0.268284	0.170248
55	38	0.071970	0.268273	0.153021
33	1	0.071964	0.268261	0.291036
39	241	0.071757	0.267875	0.262502
19	209	0.071730	0.267825	0.227637
14	83	0.071698	0.267765	0.246445
54	30	0.071692	0.267754	0.176268
66	180	0.071688	0.267746	0.119740
48	245	0.071677	0.267727	0.119731
33	251	0.071654	0.267682	0.135813
8	113	0.071630	0.267638	0.192657
17	56	0.071611	0.267602	0.357479
59	187	0.071572	0.267529	0.185724
69	156	0.071566	0.267518	0.280556
2	146	0.071534	0.267459	0.188965
50	227	0.071500	0.267395	0.162016
43	125	0.071472	0.267342	0.261697
71	75	0.071424	0.267253	0.238163
63	202	0.071386	0.267181	0.140276
7	186	0.071375	0.267161	0.119478
73	122	0.071367	0.267147	0.119472
73	101	0.071363	0.267139	0.119468
25	247	0.071339	0.267095	0.119448
43	222	0.071302	0.267025	0.255724
23	74	0.071286	0.266994	0.197192
60	107	0.071268	0.266961	0.180943
49	220	0.071267	0.266959	0.129633
16	169	0.071116	0.266676	0.260980
28	189	0.071047	0.266547	1.332398
42	224	0.071044	0.266540	0.163759
68	138	0.071022	0.266500	0.119183
53	242	0.070950	0.266364	0.215629
64	108	0.070896	0.266263	0.176226
72	37	0.070826	0.266132	0.270316
65	251	0.070766	0.266018	0.360919
36	233	0.070765	0.266017	0.349583
49	142	0.070740	0.265969	0.204754
73	49	0.070715	0.265922	0.243098
56	48	0.070705	0.265903	0.281878
26	204	0.070684	0.265864	0.118898
33	70	0.070654	0.265808	0.236429
73	93	0.070633	0.265768	0.118855
1	163	0.070603	0.265713	0.118830
66	179	0.070569	0.265649	0.221678
38	233	0.070569	0.265647	0.407603
12	98	0.070521	0.265558	0.118761
48	169	0.070477	0.265475	0.193684
60	80	0.070405	0.265339	0.281865
13	238	0.070353	0.265241	0.118620
28	64	0.070330	0.265197	0.242615
62	114	0.070314	0.265167	0.118586
6	159	0.070276	0.265096	0.222525
23	150	0.070247	0.265041	0.328574
21	108	0.070234	0.265016	0.262759
61	176	0.070143	0.264844	0.192735
12	104	0.070116	0.264794	0.179716
52	98	0.070108	0.264779	0.269966
43	21	0.070078	0.264722	0.154858
12	57	0.070047	0.264664	0.189268
44	79	0.069995	0.264566	0.282270
60	156	0.069974	0.264527	0.213948
63	167	0.069962	0.264503	0.229323
23	122	0.069922	0.264427	0.188067
47	127	0.069906	0.264397	0.118242
61	170	0.069880	0.264347	0.170395
60	196	0.069876	0.264340	0.184660
53	203	0.069840	0.264272	0.191765
17	41	0.069780	0.264160	0.228506
31	64	0.069742	0.264086	0.155824
27	32	0.069741	0.264086	0.226724
26	219	0.069723	0.264051	0.178495
28	10	0.069718	0.264041	0.278054
31	33	0.069665	0.263941	0.164037
48	235	0.069577	0.263774	0.190650
23	54	0.069507	0.263642	0.266513
52	223	0.069467	0.263565	0.133372
16	11	0.069426	0.263489	0.117836
2	78	0.069416	0.263470	0.141085
16	174	0.069410	0.263457	0.117822
18	192	0.069405	0.263448	0.117818
39	47	0.069404	0.263447	0.117817
5	233	0.069366	0.263375	0.133618
8	149	0.069361	0.263365	0.185567
23	119	0.069306	0.263260	0.283880
36	243	0.069220	0.263097	0.181000
46	66	0.069144	0.262952	0.191362
14	224	0.069130	0.262926	0.189635
50	148	0.069100	0.262870	0.117559
70	240	0.069036	0.262747	0.117504
43	196	0.068985	0.262651	0.209701
13	135	0.068881	0.262453	0.388365
48	20	0.068865	0.262422	0.357279
8	243	0.068836	0.262366	0.250088
1	146	0.068832	0.262358	0.117330
56	164	0.068824	0.262344	0.135969
14	145	0.068794	0.262287	0.188973
66	233	0.068691	0.262090	0.117210
69	69	0.068684	0.262076	0.117204
61	119	0.068680	0.262070	0.117201
7	204	0.068670	0.262049	0.185778
62	10	0.068641	0.261993	0.117167
61	218	0.068576	0.261870	0.249424
73	119	0.068575	0.261869	0.186585
51	67	0.068563	0.261845	0.157021
59	248	0.068553	0.261826	0.213016
68	24	0.068544	0.261810	0.122709
68	38	0.068544	0.261810	0.157226
48	96	0.068512	0.261748	0.249579
22	58	0.068463	0.261655	0.118382
56	89	0.068407	0.261547	0.219771
8	38	0.068376	0.261488	0.116941
63	158	0.068359	0.261456	0.116926
48	37	0.068353	0.261445	0.158322
47	226	0.068262	0.261270	0.116844
18	125	0.068210	0.261171	0.189153
38	52	0.068194	0.261141	0.136114
14	98	0.068188	0.261128	0.184785
41	254	0.068150	0.261056	0.116748
40	144	0.068143	0.261043	0.190775
54	130	0.068143	0.261042	0.147296
35	168	0.068103	0.260966	0.159437
57	105	0.068089	0.260938	0.166503
41	56	0.068019	0.260804	0.309917
25	190	0.068013	0.260794	0.269109
56	232	0.067985	0.260738	0.196918
11	137	0.067984	0.260737	0.245320
3	72	0.067978	0.260726	0.193821
25	198	0.067962	0.260696	0.263182
51	225	0.067936	0.260645	0.243222
57	249	0.067910	0.260596	0.131362
40	119	0.067879	0.260535	0.116515
3	98	0.067832	0.260445	0.234655
11	179	0.067825	0.260433	0.116469
46	82	0.067822	0.260426	0.116466
9	256	0.067790	0.260366	0.143801
31	132	0.067716	0.260222	0.143259
64	254	0.067712	0.260216	0.116372
19	198	0.067711	0.260213	0.176973
55	156	0.067704	0.260200	0.205526
26	210	0.067622	0.260043	0.116295
55	213	0.067574	0.259950	0.164679
57	232	0.067568	0.259939	0.116248
6	174	0.067567	0.259937	0.152583
16	52	0.067471	0.259752	0.216327
66	89	0.067436	0.259685	0.116135
62	199	0.067386	0.259589	0.179768
69	97	0.067277	0.259378	0.115997
5	225	0.067250	0.259325	0.197504
16	3	0.067232	0.259292	0.201237
62	23	0.067210	0.259249	0.153143
19	39	0.067157	0.259147	0.153848
55	65	0.067138	0.259110	0.115878
13	174	0.067047	0.258934	0.259750
55	218	0.067003	0.258850	0.209897
19	71	0.066974	0.258793	0.115736
53	148	0.066961	0.258767	0.172907
29	254	0.066929	0.258707	0.136755
47	107	0.066907	0.258665	0.170613
10	135	0.066864	0.258581	0.230003
4	88	0.066828	0.258512	0.181938
49	52	0.066817	0.258490	0.249751
15	54	0.066798	0.258454	0.115584
47	241	0.066760	0.258379	0.186526
57	152	0.066750	0.258360	0.115542
13	11	0.066667	0.258199	0.174703
52	126	0.066653	0.258173	0.507132
37	242	0.066645	0.258156	0.277552
58	239	0.066623	0.258114	0.125961
7	248	0.066600	0.258070	0.173489
9	71	0.066576	0.258023	0.260910
49	131	0.066536	0.257946	0.121955
37	184	0.066513	0.257902	0.146361
38	119	0.066512	0.257900	0.115336
14	56	0.066504	0.257884	0.151712
56	15	0.066481	0.257840	0.142386
2	237	0.066468	0.257814	0.179650
18	95	0.066438	0.257756	0.115272
5	56	0.066365	0.257614	0.184029
34	122	0.066358	0.257601	0.155189
46	76	0.066351	0.257587	0.153244
41	137	0.066291	0.257470	0.191872
43	78	0.066268	0.257426	0.115124
46	15	0.066120	0.257139	0.183382
10	154	0.066075	0.257052	0.151037
54	244	0.065915	0.256739	0.248014
26	153	0.065791	0.256497	0.208088
11	110	0.065769	0.256454	0.223348
60	139	0.065758	0.256432	0.179920
13	62	0.065732	0.256383	0.184527
55	117	0.065668	0.256259	0.164817
57	144	0.065627	0.256177	0.133206
30	69	0.065609	0.256143	0.185948
36	128	0.065609	0.256143	0.114551
14	73	0.065559	0.256046	0.114507
36	167	0.065559	0.256044	0.367676
6	143	0.065549	0.256026	0.211765
13	72	0.065536	0.256001	0.114487
68	247	0.065498	0.255925	0.173083
3	14	0.065480	0.255891	0.114438
41	190	0.065474	0.255879	0.252290
53	235	0.065454	0.255839	0.273615
22	47	0.065441	0.255815	0.114404
6	46	0.065408	0.255750	0.257111
71	90	0.065379	0.255693	0.226259
11	101	0.065332	0.255602	0.172391
15	36	0.065322	0.255581	0.114299
25	30	0.065281	0.255502	0.353681
65	144	0.065165	0.255274	0.205842
23	160	0.065114	0.255174	0.227101
11	61	0.065095	0.255138	0.114101
5	177	0.065087	0.255121	0.159059
26	116	0.065078	0.255104	0.180967
19	168	0.065050	0.255048	0.184931
46	248	0.065033	0.255015	0.180777
13	209	0.064990	0.254931	0.148434
7	193	0.064926	0.254807	0.287764
3	21	0.064922	0.254797	0.170383
32	154	0.064892	0.254739	0.253856
40	122	0.064889	0.254734	0.194944
42	7	0.064858	0.254673	0.172801
48	221	0.064854	0.254664	0.247551
47	24	0.064852	0.254660	0.113887
25	244	0.064838	0.254634	0.141863
41	60	0.064817	0.254591	0.185264
4	146	0.064794	0.254547	0.246362
59	34	0.064762	0.254483	0.223471
25	187	0.064722	0.254405	0.150603
60	198	0.064712	0.254386	0.133084
5	66	0.064687	0.254337	0.113743
42	248	0.064661	0.254284	0.113719
23	81	0.064631	0.254226	0.113693
66	197	0.064630	0.254224	0.121599
39	132	0.064531	0.254029	0.283426
27	56	0.064470	0.253909	0.171107
48	132	0.064457	0.253883	0.179764
63	53	0.064435	0.253840	0.203432
59	128	0.064411	0.253792	0.174344
54	225	0.064409	0.253789	0.160495
47	167	0.064400	0.253772	0.113490
29	246	0.064348	0.253668	0.194757
51	177	0.064332	0.253637	0.209781
43	137	0.064285	0.253544	0.178546
44	204	0.064268	0.253512	0.116921
44	177	0.064242	0.253460	0.344524
33	165	0.064173	0.253323	0.113290
49	23	0.064159	0.253297	0.175803
27	119	0.064142	0.253262	0.197471
45	203	0.064140	0.253259	0.139353
16	5	0.064096	0.253171	0.113222
26	237	0.064064	0.253109	0.115497
65	104	0.064059	0.253100	0.256698
13	227	0.064051	0.253082	0.176373
59	161	0.064023	0.253029	0.208212
14	254	0.063988	0.252959	0.113127
12	163	0.063984	0.252951	0.214027
51	223	0.063977	0.252938	0.113117
58	238	0.063944	0.252872	0.139617
23	219	0.063939	0.252862	0.179703
36	93	0.063917	0.252819	0.174295
2	40	0.063911	0.252807	0.121459
51	59	0.063894	0.252772	0.113043
65	225	0.063885	0.252754	0.146190
67	86	0.063879	0.252743	0.329989
55	9	0.063877	0.252738	0.113028
30	250	0.063802	0.252591	0.170843
67	204	0.063747	0.252482	0.205713
65	113	0.063697	0.252382	0.140602
10	44	0.063660	0.252309	0.192591
22	104	0.063637	0.252263	0.147309
41	184	0.063618	0.252226	0.128541
70	232	0.063602	0.252195	0.125838
53	219	0.063546	0.252083	0.253165
23	207	0.063502	0.251995	0.235664
61	106	0.063487	0.251966	0.200004
3	251	0.063427	0.251848	0.114244
63	39	0.063427	0.251847	0.215067
59	14	0.063399	0.251792	0.112605
34	247	0.063298	0.251591	0.112515
68	163	0.063291	0.251576	0.161710
46	145	0.063231	0.251458	0.184356
29	139	0.063208	0.251412	0.112435
22	96	0.063208	0.251411	0.181846
1	97	0.063158	0.251312	0.584582
39	247	0.063136	0.251270	0.142665
18	97	0.063131	0.251259	0.184716
39	151	0.063107	0.251212	0.112345
60	183	0.063099	0.251195	0.122825
42	229	0.063037	0.251072	0.131849
45	252	0.063023	0.251045	0.132888
26	218	0.062978	0.250955	0.136423
72	235	0.062893	0.250785	0.112154
3	208	0.062828	0.250654	0.146821
22	240	0.062824	0.250647	0.164897
68	113	0.062803	0.250605	0.112074
27	170	0.062779	0.250558	0.281665
61	248	0.062779	0.250557	0.112052
12	97	0.062726	0.250452	0.112005
27	85	0.062721	0.250442	0.146278
44	243	0.062700	0.250399	0.180530
54	176	0.062696	0.250392	0.209753
70	116	0.062653	0.250307	0.119548
10	150	0.062653	0.250306	0.174371
28	256	0.062651	0.250301	0.166687
55	81	0.062643	0.250286	0.111931
16	154	0.062523	0.250045	0.209633
71	71	0.062413	0.249826	0.170299
48	10	0.062396	0.249792	0.177683
73	83	0.062381	0.249761	0.111697
53	161	0.062324	0.249648	0.225869
6	47	0.062322	0.249644	0.176550
58	21	0.062288	0.249576	0.111614
9	69	0.062280	0.249559	0.113604
27	113	0.062265	0.249529	0.130237
72	38	0.062231	0.249462	0.178382
41	167	0.062173	0.249346	0.286738
49	256	0.062053	0.249105	0.160177
56	116	0.062052	0.249102	0.111402
38	198	0.062006	0.249011	0.179438
52	85	0.062002	0.249003	0.111357
72	48	0.061978	0.248953	0.176645
52	178	0.061967	0.248932	0.111326
14	58	0.061963	0.248923	0.142620
60	154	0.061955	0.248907	0.181416
9	241	0.061951	0.248900	0.111312
4	248	0.061949	0.248895	0.179360
39	127	0.061930	0.248858	0.187802
66	222	0.061885	0.248767	0.153763
18	182	0.061858	0.248713	0.141043
25	9	0.061812	0.248619	0.192621
39	207	0.061802	0.248600	0.806237
50	57	0.061785	0.248566	0.145850
31	241	0.061780	0.248555	0.369917
35	139	0.061741	0.248478	0.111123
22	7	0.061734	0.248463	0.146004
70	3	0.061692	0.248378	0.153806
51	139	0.061681	0.248357	0.179403
10	57	0.061655	0.248304	0.176301
24	200	0.061652	0.248298	0.133711
21	211	0.061620	0.248233	0.111013
51	162	0.061560	0.248112	0.130552
5	134	0.061520	0.248031	0.235216
37	251	0.061509	0.248010	0.147616
65	151	0.061491	0.247974	0.227059
31	129	0.061439	0.247868	0.255565
31	169	0.061423	0.247838	0.110836
22	84	0.061393	0.247776	0.176996
45	150	0.061238	0.247463	0.110669
15	73	0.061180	0.247346	0.242437
6	60	0.061169	0.247323	0.228839
11	197	0.061148	0.247281	0.245209
43	198	0.061133	0.247251	0.170377
28	121	0.061122	0.247228	0.161649
41	14	0.061110	0.247205	0.110553
40	103	0.061084	0.247151	0.110529
24	225	0.061078	0.247139	0.210591
60	102	0.061056	0.247095	0.110504
35	16	0.061045	0.247073	0.126823
61	191	0.061000	0.246982	0.149654
27	70	0.060997	0.246976	0.174697
66	138	0.060993	0.246968	0.278043
55	50	0.060982	0.246945	0.230372
42	251	0.060967	0.246915	0.258805
51	133	0.060962	0.246905	0.265175
73	113	0.060924	0.246828	0.172131
54	181	0.060907	0.246793	0.245899
27	126	0.060859	0.246695	0.110326
71	18	0.060845	0.246667	0.214790
20	250	0.060802	0.246581	0.153151
53	86	0.060794	0.246565	0.323319
62	238	0.060685	0.246343	0.127373
33	193	0.060651	0.246274	0.147781
51	207	0.060623	0.246217	0.227993
69	49	0.060535	0.246039	0.110032
64	250	0.060443	0.245852	0.128020
34	61	0.060433	0.245831	0.109939
52	26	0.060352	0.245667	0.158370
67	100	0.060351	0.245665	0.109865
17	49	0.060305	0.245570	0.109822
23	77	0.060295	0.245551	0.109814
26	182	0.060290	0.245541	0.241669
21	63	0.060255	0.245469	0.206208
1	152	0.060213	0.245384	0.242530
47	142	0.060191	0.245338	0.125282
20	216	0.060151	0.245257	0.109682
30	214	0.060123	0.245201	0.109657
20	9	0.060114	0.245182	0.225055
12	182	0.059975	0.244898	0.539939
63	184	0.059947	0.244841	0.152931
47	198	0.059938	0.244823	0.227780
3	231	0.059906	0.244757	0.216585
37	44	0.059867	0.244677	0.187912
30	244	0.059857	0.244656	0.200387
27	214	0.059840	0.244621	0.109398
70	212	0.059819	0.244579	0.253079
47	168	0.059799	0.244539	0.154118
44	103	0.059749	0.244437	0.179231
17	160	0.059724	0.244384	0.109292
65	195	0.059710	0.244357	0.255570
46	87	0.059690	0.244315	0.150481
63	168	0.059595	0.244122	0.233978
11	232	0.059500	0.243927	0.170136
36	48	0.059499	0.243925	0.147635
60	68	0.059483	0.243891	0.109072
48	156	0.059461	0.243846	0.178061
44	171	0.059454	0.243832	0.143499
63	66	0.059310	0.243536	0.257290
57	253	0.059262	0.243438	0.177469
62	149	0.059246	0.243405	0.348082
59	98	0.059222	0.243356	0.108832
37	95	0.059213	0.243338	0.416554
40	6	0.059187	0.243285	0.129370
65	191	0.059181	0.243272	0.140783
58	56	0.059168	0.243245	0.122880
57	47	0.059164	0.243236	0.127147
22	43	0.059080	0.243063	0.341626
50	111	0.059028	0.242957	0.232653
27	163	0.059012	0.242924	0.108639
17	129	0.059011	0.242921	0.176796
11	159	0.059009	0.242917	0.108636
61	29	0.058985	0.242867	0.247174
39	145	0.058959	0.242815	0.108590
73	134	0.058926	0.242746	0.329456
24	54	0.058893	0.242680	0.233776
10	41	0.058890	0.242673	0.237383
71	84	0.058870	0.242631	0.123702
26	244	0.058854	0.242598	0.177061
3	26	0.058842	0.242575	0.186946
30	125	0.058809	0.242506	0.129712
52	160	0.058789	0.242464	0.135059
14	194	0.058752	0.242388	0.487754
4	217	0.058733	0.242348	0.108382
63	25	0.058650	0.242178	0.178945
38	167	0.058621	0.242117	0.223446
3	239	0.058608	0.242091	0.155141
44	165	0.058600	0.242074	0.126130
72	23	0.058574	0.242021	0.111587
45	82	0.058557	0.241985	0.122779
46	104	0.058451	0.241767	0.156935
52	115	0.058422	0.241707	0.224345
27	95	0.058414	0.241689	0.108087
37	64	0.058402	0.241665	0.229762
56	190	0.058368	0.241596	0.167297
45	86	0.058364	0.241587	0.175198
27	48	0.058360	0.241578	0.224656
72	247	0.058341	0.241539	0.163651
55	149	0.058333	0.241521	0.185491
4	48	0.058306	0.241465	0.136056
55	75	0.058279	0.241411	0.347574
16	202	0.058267	0.241385	0.149780
66	103	0.058245	0.241340	0.124074
54	83	0.058242	0.241334	0.124157
43	200	0.058188	0.241221	0.109188
48	190	0.058184	0.241213	0.144833
8	110	0.058156	0.241155	0.107848
24	79	0.058140	0.241122	1.019996
64	241	0.058064	0.240964	0.107762
43	234	0.058040	0.240914	0.231837
1	142	0.058019	0.240871	0.107721
63	214	0.058003	0.240839	0.245791
2	235	0.057938	0.240703	0.165179
15	164	0.057892	0.240608	0.217327
27	199	0.057851	0.240522	0.124331
60	122	0.057834	0.240487	0.228300
69	9	0.057828	0.240475	0.143339
58	20	0.057798	0.240411	0.165855
11	123	0.057796	0.240408	0.238423
24	46	0.057794	0.240404	0.186242
43	169	0.057728	0.240267	0.194571
14	53	0.057699	0.240207	0.143020
68	139	0.057672	0.240151	0.150651
33	39	0.057633	0.240069	0.303812
73	157	0.057586	0.239970	0.428784
5	194	0.057555	0.239905	0.107289
62	178	0.057547	0.239890	0.200681
12	218	0.057491	0.239773	0.163752
50	69	0.057456	0.239699	0.165312
6	86	0.057439	0.239665	0.140484
45	39	0.057428	0.239641	0.107171
72	177	0.057414	0.239613	0.137101
60	161	0.057364	0.239509	0.151606
64	125	0.057200	0.239166	0.106958
7	256	0.057178	0.239120	0.187263
50	204	0.057158	0.239078	0.106919
13	176	0.057118	0.238993	0.242686
30	32	0.057105	0.238966	0.106869
14	165	0.057080	0.238914	0.323166
9	47	0.057068	0.238889	0.200046
59	104	0.057061	0.238875	0.133345
58	247	0.057048	0.238848	0.185122
56	37	0.057035	0.238821	0.165841
51	9	0.056997	0.238741	0.238904
6	20	0.056973	0.238690	0.106745
21	61	0.056920	0.238578	0.180501
59	213	0.056890	0.238516	0.236251
28	157	0.056886	0.238508	0.174636
31	41	0.056874	0.238483	0.106653
48	222	0.056849	0.238430	0.172898
17	122	0.056826	0.238383	0.123859
3	25	0.056780	0.238286	0.126622
52	76	0.056770	0.238265	0.106555
47	143	0.056757	0.238237	0.106543
1	15	0.056739	0.238198	0.122926
58	95	0.056627	0.237963	0.161962
59	210	0.056614	0.237938	0.147776
25	73	0.056604	0.237915	0.505905
37	219	0.056576	0.237857	0.166334
29	50	0.056574	0.237853	0.128666
25	236	0.056567	0.237838	0.106364
71	184	0.056554	0.237812	0.970549
4	245	0.056493	0.237684	0.106295
56	94	0.056487	0.237669	0.144782
5	4	0.056486	0.237668	0.170642
29	190	0.056461	0.237616	0.116354
20	194	0.056414	0.237515	0.251453
50	106	0.056383	0.237451	0.210612
16	85	0.056341	0.237363	0.149057
56	146	0.056335	0.237349	0.145103
49	157	0.056334	0.237348	0.106145
51	85	0.056328	0.237336	0.240865
21	161	0.056327	0.237333	0.197924
5	140	0.056284	0.237242	0.106098
43	1	0.056214	0.237096	0.152723
30	35	0.056212	0.237090	0.172985
52	251	0.056210	0.237087	0.225579
6	25	0.056173	0.237009	0.105994
15	236	0.056167	0.236996	0.137277
23	86	0.056145	0.236950	0.363789
9	113	0.056135	0.236928	0.146525
38	237	0.056126	0.236909	0.105949
28	196	0.056126	0.236909	0.199354
10	223	0.056091	0.236836	0.310023
72	221	0.056069	0.236789	0.105895
69	254	0.056059	0.236768	0.223548
19	182	0.056041	0.236730	0.221900
44	108	0.055989	0.236621	0.144682
19	165	0.055952	0.236542	0.171378
54	165	0.055933	0.236502	0.157394
27	20	0.055930	0.236496	0.115584
66	22	0.055907	0.236446	0.154662
7	222	0.055858	0.236343	0.169589
35	175	0.055847	0.236319	0.118387
22	60	0.055812	0.236246	0.132365
27	59	0.055801	0.236222	1.423643
31	49	0.055737	0.236087	0.105581
11	117	0.055627	0.235855	0.197341
43	15	0.055565	0.235722	0.142899
55	146	0.055513	0.235612	0.201790
22	214	0.055413	0.235399	0.105274
66	255	0.055390	0.235351	0.171132
69	48	0.055368	0.235303	0.105231
44	51	0.055367	0.235301	0.120050
13	63	0.055338	0.235241	0.216863
50	237	0.055298	0.235156	0.387325
8	208	0.055233	0.235018	0.138291
57	57	0.055227	0.235005	0.114644
27	40	0.055226	0.235001	0.141372
30	157	0.055165	0.234871	0.157187
16	89	0.055131	0.234801	0.177586
65	166	0.055110	0.234756	0.215633
1	143	0.055095	0.234723	0.202857
22	157	0.055079	0.234689	0.235674
42	201	0.055059	0.234647	0.170234
33	252	0.054991	0.234501	0.162606
34	140	0.054942	0.234396	0.166762
39	9	0.054920	0.234349	0.196332
4	176	0.054841	0.234181	0.146804
31	243	0.054839	0.234178	0.104728
67	80	0.054789	0.234070	0.104680
56	99	0.054784	0.234060	0.154248
30	119	0.054751	0.233988	0.104643
31	244	0.054713	0.233908	0.104607
69	144	0.054688	0.233855	0.295619
48	93	0.054666	0.233808	0.104562
47	151	0.054641	0.233755	0.151728
34	28	0.054627	0.233725	0.167636
35	165	0.054579	0.233621	0.170610
19	234	0.054497	0.233445	0.104400
13	51	0.054430	0.233302	0.136188
63	97	0.054429	0.233300	0.104335
63	4	0.054322	0.233071	0.124531
62	183	0.054284	0.232990	0.104196
22	44	0.054233	0.232880	0.117074
5	18	0.054223	0.232858	0.129403
73	201	0.054220	0.232851	0.201568
46	84	0.054198	0.232805	0.104114
52	159	0.054195	0.232798	0.121420
16	23	0.054192	0.232792	0.218143
62	218	0.054183	0.232772	0.104099
33	83	0.054032	0.232448	0.103954
23	51	0.054018	0.232417	0.317484
49	113	0.054013	0.232406	0.114613
13	163	0.054012	0.232405	0.108861
73	128	0.053923	0.232212	0.134772
17	18	0.053921	0.232209	0.103847
47	84	0.053893	0.232148	0.184429
33	209	0.053893	0.232148	0.112008
44	224	0.053890	0.232141	0.203557
27	15	0.053867	0.232094	0.206619
36	89	0.053858	0.232073	0.103786
5	117	0.053838	0.232030	0.169190
4	160	0.053833	0.232018	0.103762
18	61	0.053818	0.231987	0.244516
72	32	0.053787	0.231920	0.169145
36	15	0.053764	0.231870	0.204167
41	1	0.053688	0.231707	0.103623
28	101	0.053682	0.231695	0.140973
35	3	0.053672	0.231673	0.166639
9	191	0.053621	0.231563	0.103558
28	212	0.053621	0.231563	0.155869
43	72	0.053603	0.231522	0.150070
68	231	0.053525	0.231355	0.167090
18	183	0.053461	0.231216	0.158605
43	67	0.053458	0.231210	0.303498
52	177	0.053448	0.231188	0.370792
45	215	0.053445	0.231181	0.161413
13	185	0.053434	0.231158	0.103377
57	79	0.053433	0.231156	0.103376
69	73	0.053430	0.231149	0.137935
54	1	0.053373	0.231025	0.103318
16	41	0.053364	0.231007	0.113287
8	22	0.053363	0.231005	0.132823
64	34	0.053353	0.230983	0.156433
32	164	0.053334	0.230942	0.103280
34	157	0.053277	0.230818	0.103225
49	93	0.053229	0.230713	0.222224
66	256	0.053191	0.230632	0.103142
65	189	0.053154	0.230552	0.134864
9	61	0.053133	0.230506	0.147862
45	28	0.053094	0.230422	0.103542
3	61	0.053037	0.230298	0.128816
46	99	0.053028	0.230279	0.157827
30	17	0.052995	0.230206	0.273287
46	51	0.052994	0.230204	0.251395
65	185	0.052960	0.230129	0.184083
60	118	0.052896	0.229991	0.102855
53	214	0.052889	0.229977	0.146383
23	87	0.052888	0.229974	0.227046
32	28	0.052863	0.229920	0.166211
10	197	0.052844	0.229879	0.309508
39	246	0.052731	0.229632	0.165611
68	238	0.052723	0.229616	0.107838
44	134	0.052678	0.229517	0.126311
45	207	0.052659	0.229476	0.127885
20	177	0.052588	0.229321	0.142258
9	33	0.052581	0.229306	0.194422
32	43	0.052578	0.229300	0.224514
43	101	0.052570	0.229281	0.245042
68	106	0.052567	0.229276	0.123359
61	113	0.052557	0.229253	0.192152
64	25	0.052547	0.229231	0.125856
68	42	0.052513	0.229158	0.102483
42	117	0.052468	0.229059	0.102438
50	9	0.052444	0.229007	0.103372
53	200	0.052440	0.228998	0.133151
11	39	0.052435	0.228987	0.144019
49	255	0.052418	0.228949	0.147657
11	104	0.052407	0.228926	0.150059
72	116	0.052374	0.228853	0.102346
36	16	0.052362	0.228827	0.133304
32	255	0.052349	0.228799	0.134832
45	249	0.052310	0.228714	0.102284
67	177	0.052295	0.228680	0.166290
14	142	0.052231	0.228542	0.123785
10	109	0.052191	0.228453	0.102167
32	202	0.052141	0.228343	0.119828
12	59	0.052120	0.228298	0.134967
18	239	0.052100	0.228255	0.102079
15	58	0.052085	0.228221	0.162103
39	156	0.052076	0.228202	0.102055
60	175	0.051906	0.227828	0.101888
42	40	0.051868	0.227745	0.165787
5	174	0.051832	0.227666	0.101815
28	116	0.051806	0.227609	0.148618
69	191	0.051792	0.227580	0.131262
24	173	0.051788	0.227570	0.101772
38	56	0.051783	0.227560	0.155927
12	254	0.051688	0.227351	0.221317
70	184	0.051643	0.227250	0.165333
49	140	0.051588	0.227131	0.101576
49	162	0.051573	0.227098	0.125407
56	79	0.051469	0.226867	0.165660
43	74	0.051447	0.226820	0.217989
31	120	0.051398	0.226711	0.139648
65	44	0.051383	0.226679	0.101374
53	112	0.051254	0.226394	0.101246
64	102	0.051246	0.226376	0.101238
5	185	0.051176	0.226222	0.101170
68	202	0.051153	0.226170	0.160189
58	121	0.051081	0.226011	0.193724
17	87	0.051050	0.225943	0.101898
41	243	0.051023	0.225883	0.230441
32	62	0.051016	0.225868	0.120468
21	156	0.051014	0.225863	0.229998
8	205	0.050990	0.225809	0.193789
60	182	0.050931	0.225678	0.143544
3	229	0.050880	0.225565	0.164120
4	25	0.050870	0.225543	0.213876
21	78	0.050864	0.225530	0.154197
38	63	0.050864	0.225530	0.160399
54	160	0.050738	0.225252	0.176944
20	6	0.050726	0.225224	0.164130
50	239	0.050637	0.225026	0.100635
47	48	0.050632	0.225016	0.164133
59	142	0.050598	0.224939	0.144143
40	87	0.050499	0.224720	0.161576
65	85	0.050482	0.224682	0.113133
63	99	0.050435	0.224578	0.163493
3	73	0.050427	0.224560	0.100426
67	23	0.050422	0.224548	0.241473
12	62	0.050405	0.224510	0.124713
41	172	0.050403	0.224507	0.241750
30	166	0.050403	0.224505	0.169216
48	192	0.050398	0.224496	0.176482
71	166	0.050336	0.224356	0.100335
31	231	0.050333	0.224351	0.162742
11	170	0.050329	0.224342	0.240813
32	252	0.050307	0.224293	0.100307
52	253	0.050277	0.224226	0.140550
58	184	0.050184	0.224019	0.113734
46	157	0.050136	0.223911	0.100136
46	178	0.050129	0.223895	0.144236
24	236	0.049983	0.223568	0.163067
62	96	0.049931	0.223453	0.099931
65	223	0.049925	0.223439	0.181362
51	52	0.049923	0.223434	0.099923
9	73	0.049916	0.223419	0.099916
69	132	0.049914	0.223416	0.235074
17	249	0.049912	0.223410	0.147787
39	208	0.049911	0.223407	0.147275
38	91	0.049824	0.223212	0.154752
6	255	0.049792	0.223140	0.142613
58	194	0.049777	0.223108	0.138217
4	187	0.049765	0.223082	0.158105
14	31	0.049729	0.222999	0.162829
28	124	0.049722	0.222984	0.162844
22	27	0.049681	0.222892	0.125187
48	247	0.049656	0.222835	0.227280
31	201	0.049637	0.222794	0.112717
21	201	0.049551	0.222601	0.099550
15	131	0.049533	0.222561	0.144447
64	191	0.049500	0.222487	0.131783
54	79	0.049498	0.222482	0.114196
50	177	0.049461	0.222398	0.099460
69	113	0.049426	0.222320	0.153630
7	95	0.049407	0.222277	0.187490
31	73	0.049366	0.222186	0.143662
11	56	0.049325	0.222092	0.119011
65	154	0.049263	0.221952	0.147045
15	71	0.049254	0.221933	0.159161
26	146	0.049248	0.221918	0.164477
71	80	0.049234	0.221888	0.099231
46	78	0.049199	0.221808	0.158650
17	210	0.049188	0.221785	0.128727
10	167	0.049170	0.221743	0.158004
68	217	0.049160	0.221720	0.108787
31	214	0.049148	0.221694	0.117037
69	196	0.049131	0.221656	0.221395
50	46	0.049102	0.221590	0.144448
22	238	0.049091	0.221564	0.146058
17	71	0.049061	0.221497	0.099057
37	11	0.049055	0.221484	0.099051
39	238	0.049044	0.221458	0.153553
67	120	0.049012	0.221387	0.155097
36	47	0.049009	0.221380	0.099004
69	11	0.048985	0.221325	0.134869
71	208	0.048947	0.221239	0.177983
68	72	0.048942	0.221229	0.098937
17	67	0.048902	0.221139	0.098896
65	90	0.048891	0.221113	0.154798
62	234	0.048779	0.220859	0.098771
39	53	0.048770	0.220838	0.197553
46	141	0.048735	0.220760	0.098727
19	236	0.048717	0.220719	0.160632
35	45	0.048693	0.220666	0.175455
42	6	0.048689	0.220656	0.213419
27	88	0.048638	0.220540	0.124462
32	244	0.048631	0.220525	0.185494
35	180	0.048624	0.220510	0.154621
61	112	0.048459	0.220135	0.160399
4	109	0.048443	0.220098	0.113524
54	44	0.048341	0.219866	0.098327
3	11	0.048338	0.219858	0.136497
66	210	0.048292	0.219755	0.208656
28	98	0.048235	0.219624	0.098219
56	161	0.048212	0.219573	0.194805
11	146	0.048196	0.219535	0.158602
28	126	0.048163	0.219460	0.098146
51	156	0.048117	0.219357	0.141869
70	250	0.048081	0.219273	0.099465
18	159	0.048072	0.219253	0.098053
48	229	0.048044	0.219190	0.237602
52	5	0.048004	0.219097	0.128890
64	30	0.047980	0.219044	0.158829
55	206	0.047893	0.218844	0.172805
53	141	0.047834	0.218709	0.297886
14	172	0.047755	0.218530	0.097729
32	179	0.047754	0.218528	0.097729
25	200	0.047718	0.218444	0.235632
64	248	0.047717	0.218442	0.097938
68	224	0.047680	0.218356	0.120899
72	193	0.047638	0.218262	0.097610
34	142	0.047594	0.218161	0.139187
64	187	0.047534	0.218022	0.229176
39	224	0.047524	0.218000	0.097493
69	181	0.047372	0.217651	0.190666
10	183	0.047368	0.217641	0.232068
24	27	0.047356	0.217614	0.369980
37	181	0.047301	0.217488	0.154509
5	22	0.047279	0.217437	0.143351
50	241	0.047253	0.217378	0.337994
61	142	0.047198	0.217251	0.175789
19	173	0.047177	0.217204	0.097731
69	52	0.047172	0.217191	0.097131
54	132	0.047088	0.216997	0.121247
17	224	0.047048	0.216906	0.097003
37	245	0.047030	0.216863	0.165688
63	204	0.046945	0.216667	0.122054
43	44	0.046944	0.216665	0.323988
4	141	0.046906	0.216578	0.147724
26	5	0.046902	0.216569	0.138036
62	107	0.046901	0.216566	0.096851
68	189	0.046900	0.216563	0.148881
70	230	0.046878	0.216514	0.122856
10	137	0.046860	0.216472	0.237357
49	159	0.046852	0.216453	0.171978
15	113	0.046822	0.216384	0.096770
26	112	0.046809	0.216354	0.111222
48	178	0.046805	0.216345	0.150997
56	130	0.046772	0.216269	0.122836
19	175	0.046718	0.216144	0.147170
6	141	0.046710	0.216126	0.149554
8	162	0.046587	0.215840	0.232936
29	11	0.046573	0.215808	0.141972
50	240	0.046568	0.215796	0.096507
14	41	0.046554	0.215765	0.096493
45	75	0.046546	0.215745	0.239646
57	30	0.046526	0.215700	0.096464
2	252	0.046525	0.215698	0.241692
9	29	0.046492	0.215621	0.157464
21	209	0.046453	0.215529	0.096388
57	103	0.046434	0.215485	0.214976
29	124	0.046425	0.215465	0.139776
51	3	0.046404	0.215416	0.146958
19	142	0.046286	0.215142	0.164002
7	148	0.046240	0.215035	0.120469
14	248	0.046229	0.215009	0.123215
41	182	0.046166	0.214863	0.149399
11	173	0.046100	0.214709	0.096021
32	10	0.046040	0.214570	0.199539
13	154	0.045970	0.214407	0.131127
50	189	0.045927	0.214305	0.326285
50	63	0.045855	0.214137	0.194569
9	160	0.045853	0.214133	0.126930
42	43	0.045851	0.214128	0.149054
4	252	0.045849	0.214123	0.095759
8	107	0.045844	0.214111	0.156036
61	46	0.045744	0.213879	0.143186
18	198	0.045741	0.213871	0.120421
32	147	0.045676	0.213720	0.095579
72	161	0.045649	0.213656	0.166450
37	131	0.045613	0.213572	0.128513
33	28	0.045590	0.213519	0.095489
53	211	0.045475	0.213248	0.121223
56	206	0.045467	0.213229	0.129406
39	33	0.045419	0.213118	0.212856
11	193	0.045404	0.213083	0.095294
58	55	0.045370	0.213003	0.095258
28	236	0.045321	0.212887	0.177881
42	175	0.045291	0.212817	0.095175
48	168	0.045225	0.212662	0.191174
35	66	0.045223	0.212658	0.095104
32	195	0.045221	0.212652	0.133821
68	82	0.045218	0.212645	0.145510
4	100	0.045170	0.212532	0.095047
36	35	0.045170	0.212532	0.095047
48	81	0.045140	0.212461	0.153482
53	156	0.045137	0.212456	0.143935
63	119	0.045136	0.212451	0.110684
68	104	0.045131	0.212441	0.101212
13	210	0.045123	0.212423	0.128037
19	128	0.045113	0.212399	0.149842
72	245	0.045095	0.212355	0.256641
43	165	0.045083	0.212328	0.106178
15	98	0.045082	0.212325	0.146580
51	114	0.045075	0.212308	0.167516
58	87	0.045026	0.212194	0.200614
33	172	0.045025	0.212192	0.169734
32	176	0.045022	0.212184	0.094891
43	173	0.044992	0.212113	0.094860
32	85	0.044800	0.211659	0.152639
69	177	0.044736	0.211509	0.153024
60	179	0.044727	0.211487	0.094580
25	184	0.044719	0.211468	0.204743
19	115	0.044712	0.211453	0.094565
43	192	0.044711	0.211450	0.094563
15	100	0.044626	0.211248	0.167413
4	137	0.044617	0.211227	0.094464
23	186	0.044539	0.211042	0.133216
2	99	0.044497	0.210943	0.217477
22	204	0.044389	0.210687	0.136862
65	25	0.044298	0.210471	0.094125
57	193	0.044262	0.210386	0.121644
9	128	0.044218	0.210280	0.094040
4	177	0.044118	0.210043	0.197576
49	191	0.044104	0.210010	0.093919
27	23	0.044097	0.209993	0.150756
63	92	0.044086	0.209967	0.141585
43	4	0.044075	0.209941	0.144023
52	32	0.044012	0.209790	0.172810
46	74	0.043969	0.209689	0.103877
56	228	0.043969	0.209688	0.141665
33	154	0.043908	0.209542	0.145583
35	248	0.043902	0.209528	0.226424
43	41	0.043882	0.209479	0.124812
24	116	0.043878	0.209471	0.155784
27	162	0.043859	0.209425	0.136713
6	163	0.043842	0.209384	0.093639
54	82	0.043830	0.209355	0.093626
30	172	0.043828	0.209351	0.093625
1	94	0.043791	0.209264	0.139393
53	29	0.043751	0.209167	0.342598
72	7	0.043720	0.209093	0.150079
62	6	0.043703	0.209053	0.152553
57	49	0.043668	0.208968	0.147346
6	211	0.043627	0.208871	0.130022
72	237	0.043622	0.208858	0.093404
66	38	0.043614	0.208839	0.093396
36	132	0.043609	0.208829	0.132028
21	110	0.043548	0.208681	0.127396
18	24	0.043543	0.208669	0.093320
35	126	0.043541	0.208665	0.156038
31	114	0.043516	0.208604	0.128970
11	91	0.043504	0.208577	0.093278
63	146	0.043501	0.208568	0.191865
60	66	0.043494	0.208553	0.145908
19	64	0.043456	0.208461	0.150080
13	96	0.043454	0.208456	0.116680
6	140	0.043448	0.208443	0.118464
15	144	0.043444	0.208432	0.104064
71	32	0.043436	0.208414	0.138203
17	57	0.043432	0.208403	0.093201
2	203	0.043425	0.208386	0.093193
47	231	0.043414	0.208361	0.093182
38	231	0.043372	0.208259	0.093136
67	225	0.043361	0.208232	0.205644
6	136	0.043349	0.208204	0.093112
55	49	0.043325	0.208147	0.093086
70	159	0.043281	0.208041	0.093039
30	187	0.043253	0.207974	0.117836
57	251	0.043231	0.207922	0.151689
72	255	0.043222	0.207899	0.202562
73	168	0.043189	0.207819	0.261465
59	162	0.043162	0.207753	0.167986
69	5	0.043145	0.207714	0.122582
2	205	0.043141	0.207703	0.108279
54	16	0.043073	0.207540	0.108809
25	251	0.043035	0.207449	0.122757
5	72	0.043007	0.207381	0.092744
7	175	0.042990	0.207340	0.092725
18	242	0.042985	0.207329	0.092720
63	82	0.042967	0.207285	0.092701
15	249	0.042964	0.207277	0.092697
34	152	0.042953	0.207252	0.092686
63	143	0.042947	0.207238	0.160673
29	148	0.042871	0.207052	0.115684
26	212	0.042841	0.206981	0.151155
1	40	0.042801	0.206883	0.143102
56	62	0.042799	0.206879	0.218892
63	41	0.042781	0.206835	0.151904
64	109	0.042749	0.206759	0.221249
37	60	0.042637	0.206488	0.150040
20	240	0.042616	0.206437	0.142042
72	4	0.042574	0.206336	0.150663
17	170	0.042526	0.206219	0.092224
41	129	0.042512	0.206185	0.144466
66	53	0.042496	0.206146	0.092191
61	111	0.042402	0.205917	0.102663
8	216	0.042330	0.205743	0.092011
37	83	0.042319	0.205715	0.161833
15	85	0.042318	0.205712	0.146052
16	213	0.042277	0.205614	0.212251
72	103	0.042220	0.205474	0.204895
64	118	0.042217	0.205468	0.091888
53	185	0.042186	0.205392	0.132754
53	31	0.042182	0.205384	0.091850
25	85	0.042174	0.205363	0.141821
50	90	0.042170	0.205352	0.119672
58	60	0.042141	0.205283	0.091805
12	228	0.042132	0.205262	0.092174
40	134	0.042124	0.205242	0.214640
54	51	0.042110	0.205206	0.143911
63	203	0.042075	0.205123	0.104176
43	188	0.042007	0.204956	0.091659
33	217	0.042000	0.204939	0.139108
54	100	0.041973	0.204873	0.114356
3	94	0.041946	0.204807	0.106615
34	201	0.041908	0.204714	0.148232
14	211	0.041906	0.204710	0.091549
8	143	0.041877	0.204640	0.209312
39	36	0.041833	0.204532	0.188786
70	209	0.041781	0.204403	0.168083
54	239	0.041751	0.204330	0.091379
1	170	0.041728	0.204274	0.097162
67	193	0.041717	0.204247	0.101472
57	170	0.041715	0.204242	0.106490
30	120	0.041680	0.204157	0.148261
72	94	0.041647	0.204077	0.091266
19	166	0.041641	0.204061	0.150813
49	242	0.041637	0.204051	0.143728
32	22	0.041636	0.204048	0.104232
23	176	0.041613	0.203993	0.130119
46	49	0.041597	0.203955	0.102310
5	26	0.041593	0.203943	0.187455
22	220	0.041569	0.203884	0.091180
55	60	0.041544	0.203825	0.189815
11	155	0.041525	0.203778	0.091132
1	120	0.041471	0.203643	0.091072
65	32	0.041426	0.203534	0.148341
38	9	0.041422	0.203523	0.190850
39	34	0.041394	0.203455	0.110482
72	256	0.041393	0.203452	0.309964
51	142	0.041318	0.203268	0.201355
6	111	0.041257	0.203118	0.220643
58	9	0.041204	0.202987	0.157205
16	164	0.041203	0.202986	0.110572
56	142	0.041175	0.202917	0.090747
17	248	0.041174	0.202915	0.137708
39	60	0.041111	0.202758	0.090676
8	230	0.041103	0.202740	0.143169
45	61	0.041047	0.202600	0.090605
44	222	0.040903	0.202244	0.147642
32	26	0.040891	0.202215	0.227209
19	77	0.040871	0.202167	0.090412
67	74	0.040870	0.202164	0.167068
13	192	0.040848	0.202109	0.263808
63	20	0.040721	0.201794	0.141795
21	109	0.040688	0.201713	0.109133
44	5	0.040631	0.201571	0.140992
61	9	0.040622	0.201550	0.143277
40	199	0.040616	0.201535	0.114300
25	67	0.040614	0.201529	0.090126
65	101	0.040585	0.201457	0.090094
1	237	0.040578	0.201440	0.129969
31	147	0.040544	0.201355	0.140843
67	32	0.040521	0.201298	0.290261
14	208	0.040495	0.201234	0.093500
44	221	0.040480	0.201196	0.103360
16	102	0.040373	0.200932	0.092967
43	86	0.040362	0.200904	0.089847
54	81	0.040344	0.200859	0.158146
37	176	0.040340	0.200849	0.090169
53	164	0.040333	0.200831	0.215675
67	68	0.040324	0.200807	0.146636
37	63	0.040317	0.200792	0.109576
61	138	0.040273	0.200680	0.336292
68	225	0.040243	0.200606	0.139874
23	94	0.040195	0.200486	0.089660
19	196	0.040143	0.200356	0.135311
36	227	0.040138	0.200343	0.107638
57	82	0.040049	0.200122	0.140456
67	89	0.040040	0.200101	0.109380
11	206	0.039950	0.199876	0.089387
16	24	0.039892	0.199729	0.190115
14	181	0.039847	0.199618	0.144417
9	175	0.039815	0.199537	0.124369
16	163	0.039810	0.199524	0.089230
22	250	0.039794	0.199485	0.126736
46	26	0.039715	0.199285	0.136757
67	78	0.039705	0.199260	0.089112
1	190	0.039683	0.199205	0.141480
22	65	0.039662	0.199154	0.143696
39	85	0.039653	0.199131	0.180263
67	239	0.039594	0.198982	0.169294
22	165	0.039594	0.198981	0.088987
72	93	0.039548	0.198868	0.120050
7	103	0.039532	0.198826	0.145186
43	193	0.039514	0.198781	0.088898
21	132	0.039502	0.198750	0.134196
51	76	0.039417	0.198536	0.161373
2	251	0.039401	0.198497	0.088770
53	43	0.039311	0.198271	0.255035
38	48	0.039252	0.198121	0.182111
62	230	0.039222	0.198045	0.133890
73	159	0.039199	0.197986	0.098441
68	11	0.039188	0.197961	0.088531
32	223	0.039134	0.197823	0.113019
40	128	0.039086	0.197702	0.088415
2	189	0.039042	0.197589	0.088365
28	22	0.039028	0.197554	0.144928
13	197	0.039020	0.197536	0.088341
57	241	0.038917	0.197273	0.137350
47	235	0.038889	0.197203	0.143915
49	77	0.038861	0.197131	0.088160
16	51	0.038860	0.197129	0.088159
67	186	0.038777	0.196919	0.201105
5	187	0.038726	0.196790	0.208460
31	52	0.038720	0.196774	0.199890
19	32	0.038685	0.196685	0.087960
43	230	0.038676	0.196662	0.195093
18	77	0.038640	0.196569	0.087909
37	100	0.038611	0.196498	0.185734
35	141	0.038606	0.196485	0.087871
32	51	0.038590	0.196442	0.155051
12	246	0.038587	0.196437	0.207340
43	36	0.038569	0.196389	0.087828
34	29	0.038549	0.196339	0.137995
35	106	0.038537	0.196308	0.087792
21	43	0.038513	0.196247	0.087764
39	216	0.038438	0.196057	0.087679
52	206	0.038399	0.195958	0.111875
70	52	0.038356	0.195847	0.210710
48	161	0.038308	0.195724	0.166006
67	172	0.038305	0.195716	0.201840
60	125	0.038298	0.195698	0.118254
35	250	0.038264	0.195611	0.281992
50	3	0.038253	0.195583	0.087467
39	138	0.038205	0.195461	0.145167
71	130	0.038202	0.195453	0.087409
49	42	0.038172	0.195378	0.139306
52	137	0.038145	0.195307	0.087344
68	150	0.038117	0.195234	0.087312
26	169	0.038039	0.195037	0.109534
22	116	0.037997	0.194929	0.087175
56	140	0.037967	0.194851	0.105602
44	208	0.037942	0.194787	0.087111
67	60	0.037932	0.194761	0.141897
64	234	0.037873	0.194609	0.166058
20	175	0.037834	0.194509	0.116333
42	146	0.037797	0.194414	0.101835
59	78	0.037713	0.194199	0.106107
22	71	0.037700	0.194165	0.086833
45	148	0.037690	0.194140	0.135540
25	155	0.037658	0.194056	0.140712
23	106	0.037593	0.193889	0.086710
4	145	0.037592	0.193885	0.121724
16	54	0.037547	0.193770	0.122172
43	16	0.037547	0.193769	0.137141
62	155	0.037527	0.193718	0.128902
60	88	0.037491	0.193627	0.151276
11	195	0.037491	0.193625	0.123552
15	105	0.037490	0.193624	0.086591
53	95	0.037476	0.193588	0.139756
58	11	0.037400	0.193392	0.086487
15	46	0.037390	0.193365	0.086476
24	89	0.037338	0.193232	0.106689
58	143	0.037334	0.193221	0.189013
60	243	0.037333	0.193218	0.131079
35	49	0.037326	0.193199	0.199895
13	118	0.037326	0.193198	0.128438
45	99	0.037322	0.193190	0.180251
50	215	0.037302	0.193138	0.086374
25	59	0.037230	0.192951	0.086290
43	42	0.037181	0.192824	0.185554
18	131	0.037165	0.192781	0.113009
3	218	0.037157	0.192761	0.086205
42	245	0.037121	0.192668	0.093193
66	101	0.037073	0.192543	0.086108
35	71	0.037012	0.192385	0.086037
12	139	0.036948	0.192220	0.085963
20	128	0.036874	0.192027	0.085877
67	191	0.036805	0.191847	0.143567
18	34	0.036799	0.191830	0.139594
45	116	0.036728	0.191647	0.105916
14	128	0.036728	0.191645	0.085706
32	150	0.036717	0.191616	0.085693
65	95	0.036706	0.191587	0.137903
56	204	0.036644	0.191427	0.085609
60	27	0.036621	0.191365	0.180890
72	233	0.036616	0.191353	0.119724
45	152	0.036607	0.191331	0.224391
51	247	0.036604	0.191322	0.085562
8	254	0.036577	0.191252	0.085530
59	31	0.036563	0.191215	0.102724
59	116	0.036561	0.191210	0.183697
57	234	0.036558	0.191201	0.134674
61	96	0.036553	0.191187	0.103233
72	22	0.036536	0.191143	0.097492
35	231	0.036447	0.190911	0.132217
29	240	0.036374	0.190721	0.113495
3	122	0.036302	0.190532	0.136554
54	38	0.036287	0.190493	0.120794
23	118	0.036277	0.190464	0.085178
70	59	0.036276	0.190462	0.197554
25	241	0.036206	0.190278	0.165441
15	1	0.036180	0.190209	0.085064
49	196	0.036170	0.190183	0.256433
40	47	0.036153	0.190140	0.093519
43	75	0.036127	0.190072	0.147407
65	141	0.035882	0.189425	0.137638
12	96	0.035876	0.189409	0.116231
60	105	0.035851	0.189343	0.094349
51	66	0.035821	0.189265	0.179295
68	49	0.035789	0.189179	0.139579
55	152	0.035781	0.189159	0.084595
9	219	0.035780	0.189157	0.123343
46	81	0.035778	0.189152	0.316257
49	3	0.035775	0.189144	0.138097
65	73	0.035728	0.189017	0.177542
50	97	0.035718	0.188992	0.138019
36	195	0.035710	0.188972	0.084511
1	233	0.035696	0.188933	0.084493
66	214	0.035695	0.188933	0.084493
69	125	0.035685	0.188905	0.111471
15	156	0.035638	0.188782	0.084426
43	10	0.035618	0.188728	0.132042
60	219	0.035609	0.188703	0.168746
15	201	0.035550	0.188548	0.173304
54	115	0.035549	0.188544	0.165094
36	59	0.035502	0.188419	0.090244
72	158	0.035453	0.188290	0.084206
49	143	0.035282	0.187835	0.114869
29	95	0.035254	0.187760	0.107234
58	34	0.035228	0.187691	0.083938
25	195	0.035185	0.187578	0.135518
47	214	0.035181	0.187565	0.115060
2	253	0.035150	0.187484	0.120766
42	47	0.035123	0.187410	0.130833
7	11	0.035087	0.187314	0.116585
6	207	0.035041	0.187192	0.083715
30	36	0.035018	0.187131	0.136088
40	136	0.034984	0.187039	0.170000
63	196	0.034964	0.186986	0.136112
46	228	0.034960	0.186976	0.136529
28	15	0.034939	0.186919	0.148742
36	92	0.034916	0.186859	0.116523
55	195	0.034912	0.186848	0.118624
30	9	0.034894	0.186798	0.121439
44	167	0.034880	0.186761	0.214765
72	34	0.034865	0.186722	0.121257
38	49	0.034850	0.186683	0.096762
45	126	0.034842	0.186659	0.083477
58	25	0.034837	0.186646	0.118922
14	123	0.034810	0.186575	0.136646
9	226	0.034799	0.186546	0.094823
21	53	0.034777	0.186485	0.188106
20	21	0.034703	0.186287	0.197583
56	217	0.034619	0.186061	0.179607
46	187	0.034550	0.185877	0.176493
70	178	0.034543	0.185858	0.131870
41	124	0.034538	0.185843	0.083112
52	16	0.034501	0.185746	0.087692
26	139	0.034451	0.185609	0.083007
48	165	0.034447	0.185600	0.101022
41	51	0.034447	0.185600	0.113007
35	29	0.034445	0.185594	0.083000
50	62	0.034440	0.185579	0.082994
55	132	0.034426	0.185544	0.135192
27	208	0.034423	0.185534	0.120210
34	44	0.034381	0.185422	0.119630
73	47	0.034366	0.185382	0.135360
43	189	0.034365	0.185378	0.082904
53	154	0.034349	0.185334	0.082884
68	209	0.034341	0.185313	0.182998
28	70	0.034145	0.184784	0.123881
57	155	0.034134	0.184754	0.118301
39	215	0.034129	0.184740	0.134739
67	76	0.034055	0.184539	0.124761
2	243	0.034039	0.184496	0.124292
58	177	0.033986	0.184354	0.082446
16	183	0.033964	0.184294	0.082419
56	178	0.033957	0.184275	0.097223
31	130	0.033937	0.184220	0.105610
58	253	0.033924	0.184185	0.082370
38	90	0.033895	0.184107	0.129210
65	46	0.033831	0.183931	0.127004
16	193	0.033762	0.183744	0.082173
4	186	0.033646	0.183429	0.085102
73	67	0.033572	0.183227	0.130102
1	197	0.033524	0.183096	0.081883
23	16	0.033509	0.183055	0.081865
57	156	0.033486	0.182992	0.143436
44	1	0.033444	0.182878	0.224968
51	242	0.033441	0.182869	0.081781
65	220	0.033439	0.182862	0.103492
5	55	0.033384	0.182714	0.081712
50	150	0.033358	0.182643	0.172452
67	146	0.033356	0.182637	0.081678
29	143	0.033341	0.182595	0.099461
9	254	0.033326	0.182555	0.081641
54	188	0.033305	0.182496	0.081615
2	180	0.033289	0.182453	0.139057
66	236	0.033273	0.182408	0.207426
11	80	0.033187	0.182173	0.126850
42	129	0.033160	0.182099	0.081437
49	48	0.033123	0.181997	0.081392
19	67	0.033080	0.181879	0.121451
12	89	0.033069	0.181849	0.081325
46	125	0.033054	0.181809	0.081307
27	124	0.033033	0.181749	0.168225
19	66	0.033013	0.181694	0.081256
73	183	0.032971	0.181580	0.081205
64	157	0.032939	0.181490	0.118203
73	17	0.032939	0.181490	0.132079
43	242	0.032933	0.181475	0.081158
66	230	0.032903	0.181391	0.097747
36	29	0.032894	0.181367	0.081110
8	125	0.032812	0.181141	0.092836
68	32	0.032802	0.181113	0.080996
16	81	0.032801	0.181111	0.080995
34	163	0.032753	0.180978	0.130604
38	60	0.032750	0.180971	0.080933
22	230	0.032738	0.180935	0.272966
58	199	0.032724	0.180899	0.091929
67	240	0.032697	0.180824	0.121121
43	33	0.032666	0.180738	0.128644
69	252	0.032648	0.180688	0.080806
31	117	0.032577	0.180490	0.127134
23	21	0.032566	0.180460	0.187277
61	81	0.032542	0.180395	0.150510
62	248	0.032523	0.180343	0.108507
26	162	0.032487	0.180240	0.096399
56	202	0.032476	0.180211	0.080593
32	76	0.032453	0.180148	0.127513
3	129	0.032433	0.180091	0.080539
8	104	0.032407	0.180019	0.151669
34	234	0.032405	0.180014	0.080505
42	243	0.032315	0.179764	0.118705
18	225	0.032283	0.179673	0.186775
71	1	0.032207	0.179462	0.098547
31	101	0.032178	0.179381	0.080222
47	140	0.032177	0.179378	0.122625
53	198	0.032092	0.179144	0.082157
45	156	0.032061	0.179057	0.123900
64	148	0.032023	0.178949	0.142282
34	249	0.032002	0.178891	0.104986
68	64	0.031959	0.178771	0.196313
23	114	0.031948	0.178740	0.129592
73	146	0.031933	0.178699	0.108009
20	20	0.031917	0.178653	0.080759
48	30	0.031901	0.178607	0.121046
68	206	0.031861	0.178496	0.079826
58	114	0.031849	0.178462	0.124962
13	71	0.031840	0.178438	0.084445
15	65	0.031739	0.178155	0.087593
64	18	0.031730	0.178130	0.167035
47	222	0.031714	0.178083	0.128245
67	187	0.031669	0.177958	0.174448
6	87	0.031643	0.177885	0.271138
63	77	0.031643	0.177884	0.079552
49	98	0.031626	0.177837	0.174338
47	178	0.031575	0.177695	0.088179
25	134	0.031512	0.177517	0.095953
27	224	0.031490	0.177453	0.103338
59	106	0.031471	0.177402	0.079336
50	60	0.031443	0.177322	0.098939
32	122	0.031435	0.177299	0.079291
35	68	0.031428	0.177280	0.130111
4	256	0.031380	0.177144	0.123855
10	108	0.031372	0.177123	0.091271
46	233	0.031340	0.177030	0.079170
13	7	0.031331	0.177007	0.434141
6	209	0.031329	0.176999	0.079156
25	204	0.031321	0.176979	0.304403
14	216	0.031291	0.176893	0.079109
49	11	0.031242	0.176755	0.167408
22	192	0.031193	0.176615	0.078985
12	150	0.031180	0.176579	0.130115
31	99	0.031169	0.176548	0.090764
20	111	0.031154	0.176505	0.124799
55	116	0.031084	0.176306	0.138547
59	170	0.031049	0.176206	0.169633
54	159	0.031042	0.176186	0.122461
34	190	0.031034	0.176165	0.078783
35	178	0.030983	0.176021	0.122501
44	93	0.030982	0.176018	0.119693
26	213	0.030981	0.176016	0.080324
26	206	0.030974	0.175996	0.128201
6	105	0.030924	0.175851	0.078643
11	244	0.030886	0.175745	0.173273
61	254	0.030845	0.175627	0.078543
63	219	0.030789	0.175468	0.078472
31	124	0.030762	0.175391	0.078437
1	162	0.030748	0.175351	0.114700
40	64	0.030683	0.175166	0.078337
6	172	0.030658	0.175095	0.078305
48	150	0.030636	0.175030	0.172096
67	84	0.030609	0.174956	0.139057
1	131	0.030588	0.174893	0.142806
52	61	0.030579	0.174868	0.115762
21	56	0.030563	0.174822	0.091617
60	212	0.030560	0.174815	0.078180
41	240	0.030542	0.174763	0.078157
45	67	0.030489	0.174612	0.125868
47	33	0.030399	0.174352	0.077973
73	55	0.030381	0.174300	0.120861
62	220	0.030379	0.174295	0.114499
71	85	0.030363	0.174250	0.077927
54	20	0.030345	0.174198	0.127189
65	222	0.030334	0.174167	0.123022
55	184	0.030333	0.174165	0.183840
44	4	0.030315	0.174111	0.077865
44	210	0.030269	0.173979	0.077806
7	47	0.030264	0.173965	0.116129
13	144	0.030235	0.173883	0.077763
60	6	0.030217	0.173830	0.100432
28	81	0.030128	0.173575	0.077625
9	39	0.030127	0.173571	0.119907
45	213	0.030115	0.173536	0.123454
34	83	0.030092	0.173471	0.077578
11	66	0.030083	0.173444	0.122938
34	195	0.030081	0.173437	0.137827
50	231	0.030043	0.173329	0.126357
51	218	0.030027	0.173282	0.199609
28	56	0.030011	0.173238	0.077474
47	159	0.029941	0.173035	0.087058
40	3	0.029929	0.173001	0.077368
20	210	0.029924	0.172985	0.077361
46	159	0.029875	0.172845	0.077298
34	180	0.029875	0.172843	0.085509
14	167	0.029854	0.172782	0.207517
59	236	0.029840	0.172742	0.115611
28	227	0.029819	0.172681	0.142081
52	94	0.029809	0.172651	0.144720
73	240	0.029807	0.172646	0.186004
22	3	0.029786	0.172586	0.119124
3	170	0.029769	0.172538	0.126205
38	83	0.029728	0.172419	0.077108
56	246	0.029717	0.172385	0.077093
63	238	0.029693	0.172316	0.077062
39	146	0.029661	0.172223	0.159503
41	113	0.029659	0.172217	0.077018
8	89	0.029614	0.172086	0.121947
60	71	0.029611	0.172079	0.114567
67	174	0.029603	0.172055	0.122334
22	51	0.029578	0.171983	0.113636
63	73	0.029578	0.171983	0.076913
15	209	0.029561	0.171934	0.076891
18	75	0.029557	0.171922	0.150714
10	203	0.029526	0.171831	0.184173
49	163	0.029491	0.171730	0.118950
73	207	0.029482	0.171702	0.076788
4	243	0.029480	0.171698	0.116221
42	244	0.029469	0.171665	0.076771
73	9	0.029438	0.171574	0.212164
15	177	0.029394	0.171445	0.104725
57	180	0.029380	0.171406	0.102457
42	210	0.029372	0.171384	0.118330
47	63	0.029348	0.171314	0.100849
31	63	0.029334	0.171272	0.125176
60	223	0.029303	0.171182	0.076555
23	165	0.029303	0.171180	0.113522
49	24	0.029300	0.171171	0.076550
14	183	0.029291	0.171146	0.109007
47	136	0.029184	0.170834	0.139852
5	142	0.029181	0.170823	0.124750
31	192	0.029176	0.170810	0.088217
29	170	0.029078	0.170522	0.194966
46	129	0.029060	0.170469	0.115398
69	18	0.029053	0.170450	0.111595
6	251	0.029046	0.170430	0.082432
54	116	0.029043	0.170421	0.263326
36	86	0.028994	0.170277	0.076150
57	101	0.028957	0.170167	0.118966
60	186	0.028954	0.170160	0.086506
18	167	0.028922	0.170066	0.120119
54	206	0.028917	0.170051	0.076049
34	248	0.028847	0.169845	0.150617
65	55	0.028819	0.169762	0.080619
72	188	0.028791	0.169678	0.075882
29	182	0.028739	0.169527	0.075815
35	130	0.028694	0.169394	0.075755
36	30	0.028690	0.169381	0.119538
29	56	0.028610	0.169145	0.122895
69	74	0.028594	0.169098	0.075786
44	193	0.028590	0.169085	0.077856
68	71	0.028570	0.169026	0.085484
32	210	0.028556	0.168984	0.156768
3	116	0.028541	0.168941	0.075553
20	61	0.028523	0.168888	0.088573
63	65	0.028521	0.168882	0.083425
3	93	0.028499	0.168817	0.075497
44	163	0.028423	0.168591	0.119842
16	77	0.028384	0.168476	0.101874
49	99	0.028338	0.168340	0.143055
9	45	0.028304	0.168238	0.113659
33	176	0.028293	0.168204	0.075223
30	205	0.028192	0.167906	0.233051
29	236	0.028122	0.167696	0.162668
5	178	0.028023	0.167400	0.133748
39	70	0.028020	0.167391	0.074859
37	195	0.027975	0.167258	0.116244
55	251	0.027968	0.167236	0.074790
38	152	0.027932	0.167128	0.074742
45	172	0.027911	0.167065	0.100495
29	248	0.027866	0.166931	0.121770
18	146	0.027863	0.166922	0.102014
46	229	0.027841	0.166855	0.074620
2	75	0.027840	0.166854	0.095237
25	42	0.027819	0.166789	0.074590
70	14	0.027804	0.166747	0.124558
62	136	0.027772	0.166650	0.139273
38	101	0.027772	0.166648	0.131098
1	181	0.027765	0.166627	0.074518
6	246	0.027757	0.166603	0.100169
30	248	0.027718	0.166488	0.074455
25	161	0.027696	0.166420	0.111987
11	78	0.027629	0.166221	0.155401
13	223	0.027616	0.166181	0.223668
26	134	0.027567	0.166034	0.074253
17	46	0.027555	0.165998	0.109619
47	115	0.027548	0.165976	0.128658
54	170	0.027526	0.165909	0.130951
68	239	0.027467	0.165732	0.095298
6	109	0.027454	0.165692	0.074100
50	21	0.027453	0.165690	0.098623
54	164	0.027409	0.165556	0.074039
70	87	0.027405	0.165543	0.075152
51	71	0.027401	0.165533	0.098924
39	202	0.027302	0.165232	0.119441
6	253	0.027278	0.165159	0.073861
53	15	0.027274	0.165149	0.092566
24	237	0.027271	0.165138	0.114722
45	57	0.027254	0.165088	0.098333
16	216	0.027180	0.164864	0.088320
48	74	0.027170	0.164834	0.092598
1	73	0.027152	0.164779	0.073691
64	245	0.027149	0.164771	0.079850
38	44	0.027098	0.164615	0.073618
1	202	0.027062	0.164507	0.101208
12	124	0.027052	0.164475	0.073556
34	48	0.027050	0.164469	0.096333
26	145	0.026995	0.164302	0.193622
30	134	0.026984	0.164268	0.178845
9	168	0.026964	0.164208	0.131434
10	168	0.026955	0.164180	0.147930
33	225	0.026943	0.164143	0.075875
22	254	0.026918	0.164067	0.164434
14	60	0.026900	0.164011	0.101611
26	233	0.026898	0.164006	0.119721
66	85	0.026885	0.163966	0.073328
29	28	0.026880	0.163951	0.121739
26	166	0.026870	0.163922	0.119729
42	36	0.026855	0.163874	0.165938
46	152	0.026849	0.163858	0.073279
33	113	0.026807	0.163728	0.104401
57	186	0.026774	0.163627	0.097166
6	31	0.026771	0.163618	0.147953
37	159	0.026770	0.163614	0.073170
51	55	0.026763	0.163593	0.113474
37	164	0.026735	0.163508	0.073123
10	238	0.026730	0.163493	0.107027
5	131	0.026726	0.163480	0.112249
29	91	0.026684	0.163353	0.168989
26	184	0.026676	0.163328	0.073042
9	84	0.026661	0.163282	0.073022
38	158	0.026655	0.163263	0.118454
70	191	0.026612	0.163132	0.077859
38	224	0.026536	0.162898	0.072850
54	223	0.026500	0.162789	0.072802
41	209	0.026484	0.162739	0.072779
4	200	0.026453	0.162643	0.118604
57	235	0.026307	0.162193	0.072535
56	35	0.026287	0.162133	0.072874
49	125	0.026262	0.162054	0.177155
44	64	0.026224	0.161940	0.117379
31	229	0.026208	0.161890	0.117729
66	67	0.026188	0.161827	0.127206
28	36	0.026084	0.161506	0.084222
43	148	0.026023	0.161317	0.072143
19	68	0.026007	0.161267	0.072121
5	183	0.025970	0.161153	0.072070
15	183	0.025935	0.161044	0.072021
34	227	0.025895	0.160919	0.179819
2	15	0.025891	0.160908	0.076851
26	38	0.025877	0.160864	0.071941
36	107	0.025837	0.160738	0.104495
48	158	0.025822	0.160692	0.097682
68	46	0.025797	0.160614	0.102871
12	45	0.025796	0.160612	0.150285
17	45	0.025781	0.160564	0.084046
2	41	0.025778	0.160556	0.148633
27	34	0.025772	0.160538	0.095094
14	249	0.025759	0.160498	0.079817
29	81	0.025749	0.160465	0.074859
34	49	0.025738	0.160429	0.071746
68	78	0.025645	0.160142	0.113060
1	220	0.025626	0.160082	0.115960
62	64	0.025601	0.160004	0.071556
16	107	0.025552	0.159849	0.071486
67	26	0.025537	0.159804	0.113748
43	251	0.025525	0.159766	0.071449
19	249	0.025516	0.159737	0.071436
9	176	0.025440	0.159500	0.071331
6	16	0.025430	0.159466	0.071315
56	18	0.025418	0.159429	0.105058
44	83	0.025415	0.159422	0.114540
4	241	0.025410	0.159404	0.087286
11	252	0.025407	0.159397	0.106609
21	115	0.025380	0.159310	0.126168
19	214	0.025345	0.159201	0.182593
56	153	0.025255	0.158920	0.076009
42	71	0.025227	0.158829	0.071031
73	81	0.025210	0.158778	0.106464
2	101	0.025206	0.158763	0.071001
28	1	0.025192	0.158721	0.215503
32	186	0.025179	0.158678	0.115832
37	175	0.025168	0.158644	0.070948
25	90	0.025106	0.158447	0.075607
24	171	0.025097	0.158421	0.082613
24	160	0.025079	0.158362	0.074163
33	134	0.025072	0.158341	0.102652
66	239	0.025050	0.158272	0.070782
46	176	0.025033	0.158218	0.152335
68	230	0.025024	0.158189	0.110568
31	57	0.025003	0.158124	0.073770
36	135	0.024918	0.157853	0.070594
51	48	0.024912	0.157836	0.070587
63	90	0.024883	0.157742	0.102493
41	10	0.024863	0.157680	0.070516
60	228	0.024858	0.157664	0.142672
37	193	0.024857	0.157662	0.097767
68	166	0.024852	0.157646	0.070502
6	155	0.024788	0.157441	0.070410
60	157	0.024760	0.157354	0.070371
11	216	0.024754	0.157335	0.138866
51	88	0.024717	0.157215	0.093984
50	175	0.024703	0.157171	0.131641
26	69	0.024701	0.157165	0.070286
51	240	0.024673	0.157077	0.070247
49	47	0.024617	0.156899	0.107486
42	127	0.024565	0.156733	0.070093
65	204	0.024491	0.156497	0.104301
24	58	0.024446	0.156352	0.113942
30	108	0.024443	0.156344	0.088896
40	82	0.024434	0.156312	0.069905
18	21	0.024413	0.156246	0.089331
4	148	0.024401	0.156208	0.109214
37	48	0.024342	0.156020	0.116246
45	64	0.024329	0.155976	0.120852
60	91	0.024322	0.155955	0.120200
70	161	0.024300	0.155885	0.094327
66	30	0.024299	0.155881	0.119167
9	152	0.024277	0.155811	0.092207
68	143	0.024269	0.155784	0.168632
68	55	0.024256	0.155742	0.125477
1	139	0.024223	0.155637	0.083150
47	230	0.024220	0.155628	0.069599
41	35	0.024170	0.155468	0.136453
38	131	0.024161	0.155438	0.099482
42	111	0.024103	0.155250	0.178484
10	17	0.024101	0.155246	0.089705
51	38	0.024078	0.155170	0.128904
6	96	0.024066	0.155133	0.163395
65	132	0.024003	0.154930	0.092913
26	175	0.023965	0.154806	0.152226
32	172	0.023949	0.154756	0.069209
16	145	0.023947	0.154749	0.167598
4	82	0.023931	0.154697	0.069183
66	94	0.023830	0.154371	0.078962
41	152	0.023813	0.154313	0.069011
45	81	0.023786	0.154226	0.104488
8	28	0.023700	0.153948	0.100604
41	150	0.023687	0.153907	0.068829
20	59	0.023687	0.153907	0.068829
67	30	0.023667	0.153841	0.138743
67	156	0.023666	0.153839	0.100985
6	129	0.023651	0.153787	0.145166
65	105	0.023640	0.153751	0.072088
14	108	0.023638	0.153747	0.163924
50	191	0.023626	0.153707	0.303626
40	180	0.023611	0.153659	0.096868
63	127	0.023570	0.153524	0.070291
41	44	0.023569	0.153521	0.068657
66	125	0.023546	0.153447	0.068623
62	89	0.023543	0.153437	0.068619
13	64	0.023542	0.153433	0.091060
2	97	0.023507	0.153320	0.093766
2	24	0.023486	0.153250	0.100908
56	222	0.023479	0.153228	0.068526
58	187	0.023398	0.152963	0.068407
24	44	0.023360	0.152838	0.069114
56	95	0.023349	0.152803	0.083046
2	37	0.023328	0.152736	0.068306
68	100	0.023317	0.152699	0.155723
6	175	0.023278	0.152571	0.069556
60	129	0.023259	0.152509	0.068204
22	22	0.023227	0.152404	0.110536
20	75	0.023208	0.152341	0.068129
29	40	0.023202	0.152320	0.068120
27	90	0.023200	0.152317	0.068118
3	41	0.023195	0.152299	0.096698
61	203	0.023143	0.152128	0.110932
20	35	0.023124	0.152066	0.068006
21	147	0.023120	0.152053	0.216067
40	111	0.023103	0.151997	0.067975
58	142	0.023100	0.151987	0.067971
51	165	0.023095	0.151969	0.110960
25	185	0.022990	0.151625	0.156135
58	32	0.022937	0.151449	0.108375
69	41	0.022912	0.151367	0.067693
65	78	0.022906	0.151347	0.080686
35	144	0.022906	0.151346	0.073642
17	35	0.022881	0.151265	0.067648
65	16	0.022872	0.151234	0.084075
62	158	0.022839	0.151125	0.154965
7	219	0.022769	0.150893	0.090036
73	160	0.022744	0.150811	0.110086
44	220	0.022736	0.150784	0.104437
40	185	0.022729	0.150760	0.105302
69	58	0.022703	0.150676	0.075125
66	90	0.022695	0.150649	0.141417
66	71	0.022657	0.150523	0.067316
46	39	0.022654	0.150512	0.091006
51	201	0.022610	0.150366	0.067246
16	144	0.022607	0.150357	0.160006
33	11	0.022567	0.150224	0.067182
39	255	0.022441	0.149802	0.149025
21	192	0.022420	0.149734	0.145644
71	26	0.022410	0.149699	0.494084
28	221	0.022390	0.149632	0.107299
52	254	0.022383	0.149609	0.387600
8	185	0.022379	0.149596	0.104722
25	33	0.022295	0.149314	0.222218
30	225	0.022289	0.149295	0.117015
58	86	0.022289	0.149295	0.131195
39	17	0.022279	0.149261	0.115471
4	72	0.022268	0.149225	0.080000
25	253	0.022254	0.149179	0.105212
15	79	0.022241	0.149133	0.080352
12	164	0.022172	0.148904	0.101937
51	190	0.022139	0.148791	0.066541
45	40	0.022115	0.148710	0.066505
35	35	0.022111	0.148698	0.083808
41	24	0.022089	0.148624	0.108530
6	199	0.022082	0.148599	0.193124
38	55	0.022058	0.148518	0.066419
8	129	0.021989	0.148285	0.066315
69	255	0.021930	0.148089	0.066227
64	136	0.021923	0.148066	0.107980
60	150	0.021907	0.148010	0.091004
22	206	0.021906	0.148008	0.149232
26	200	0.021883	0.147928	0.066155
22	87	0.021879	0.147917	0.097467
13	195	0.021876	0.147905	0.066145
4	165	0.021867	0.147874	0.102371
38	32	0.021866	0.147872	0.066130
8	200	0.021821	0.147720	0.157772
19	88	0.021814	0.147694	0.094236
35	14	0.021697	0.147298	0.199123
57	145	0.021615	0.147021	0.065750
13	244	0.021606	0.146989	0.065736
9	206	0.021563	0.146845	0.065671
29	78	0.021504	0.146642	0.065580
23	11	0.021494	0.146609	0.104638
41	136	0.021481	0.146565	0.120771
40	146	0.021448	0.146452	0.160533
26	195	0.021422	0.146362	0.106769
71	142	0.021406	0.146309	0.065431
70	229	0.021380	0.146221	0.065392
63	255	0.021358	0.146145	0.065358
57	33	0.021305	0.145962	0.096487
19	54	0.021224	0.145684	0.065152
60	77	0.021131	0.145364	0.105818
40	54	0.021123	0.145336	0.105756
17	92	0.021057	0.145112	0.104528
29	250	0.021039	0.145049	0.064868
3	184	0.021018	0.144977	0.104127
3	32	0.021003	0.144925	0.064812
25	133	0.020966	0.144796	0.064755
43	52	0.020932	0.144679	0.101662
23	221	0.020931	0.144674	0.064700
12	203	0.020924	0.144652	0.064690
45	231	0.020911	0.144606	0.064670
27	93	0.020906	0.144589	0.099375
71	153	0.020872	0.144473	0.087279
11	165	0.020861	0.144434	0.065853
20	74	0.020852	0.144401	0.144618
53	199	0.020797	0.144210	0.064493
60	45	0.020782	0.144158	0.064470
57	70	0.020742	0.144020	0.078849
16	30	0.020733	0.143991	0.064395
41	208	0.020702	0.143883	0.104516
17	209	0.020641	0.143668	0.064250
51	172	0.020639	0.143664	0.064248
1	246	0.020637	0.143654	0.080224
39	210	0.020606	0.143548	0.100112
54	68	0.020581	0.143462	0.064158
15	103	0.020581	0.143462	0.085136
50	124	0.020509	0.143211	0.065313
29	83	0.020497	0.143168	0.095124
18	69	0.020429	0.142930	0.103201
71	73	0.020419	0.142896	0.089581
37	7	0.020404	0.142843	0.144461
69	100	0.020349	0.142649	0.063795
62	11	0.020345	0.142636	0.067568
33	7	0.020330	0.142584	0.063765
10	45	0.020308	0.142506	0.063731
57	205	0.020277	0.142398	0.103991
31	125	0.020254	0.142316	0.094274
73	245	0.020235	0.142249	0.100953
40	66	0.020181	0.142058	0.126360
69	123	0.020105	0.141791	0.169472
60	239	0.020101	0.141780	0.063406
52	163	0.020027	0.141516	0.135146
46	166	0.019986	0.141373	0.063224
21	38	0.019982	0.141359	0.063218
42	176	0.019980	0.141352	0.063214
11	45	0.019963	0.141291	0.100853
52	60	0.019946	0.141229	0.086970
26	18	0.019939	0.141205	0.098726
45	33	0.019934	0.141188	0.147814
9	67	0.019932	0.141181	0.063138
65	218	0.019928	0.141165	0.063131
66	218	0.019924	0.141153	0.063474
1	178	0.019924	0.141152	0.063125
25	180	0.019917	0.141127	0.082914
50	169	0.019887	0.141020	0.098133
71	102	0.019819	0.140779	0.062958
2	153	0.019783	0.140651	0.062901
35	229	0.019772	0.140614	0.062884
70	187	0.019762	0.140577	0.062868
40	148	0.019710	0.140391	0.062785
21	208	0.019672	0.140258	0.102304
12	67	0.019666	0.140235	0.102340
56	195	0.019592	0.139972	0.171335
59	164	0.019529	0.139748	0.062497
46	190	0.019518	0.139706	0.100885
43	255	0.019499	0.139637	0.104671
31	216	0.019486	0.139591	0.097289
28	204	0.019459	0.139495	0.062384
58	219	0.019430	0.139391	0.101505
3	107	0.019389	0.139244	0.062272
56	80	0.019379	0.139207	0.140723
38	235	0.019343	0.139079	0.062198
35	234	0.019341	0.139072	0.062195
66	41	0.019332	0.139041	0.062181
18	155	0.019314	0.138977	0.069283
29	45	0.019288	0.138880	0.062109
57	54	0.019264	0.138795	0.100567
35	150	0.019250	0.138745	0.116065
39	62	0.019241	0.138712	0.088126
4	35	0.019238	0.138702	0.089899
54	72	0.019218	0.138630	0.126076
22	37	0.019212	0.138606	0.061987
54	209	0.019185	0.138510	0.061944
29	48	0.019175	0.138475	0.078542
65	116	0.019126	0.138295	0.061848
56	34	0.019122	0.138283	0.061842
3	125	0.019122	0.138281	0.061841
5	135	0.019096	0.138187	0.100230
9	65	0.019095	0.138183	0.061797
67	201	0.019086	0.138150	0.150950
4	230	0.019074	0.138109	0.143671
17	182	0.019065	0.138076	0.096582
20	73	0.019006	0.137862	0.061654
12	87	0.018867	0.137357	0.122049
25	98	0.018847	0.137284	0.061395
38	7	0.018838	0.137252	0.123393
14	59	0.018828	0.137216	0.098659
41	230	0.018824	0.137201	0.061358
52	196	0.018748	0.136925	0.096612
51	56	0.018721	0.136825	0.094428
13	226	0.018718	0.136813	0.081961
52	189	0.018714	0.136799	0.061178
5	158	0.018708	0.136779	0.061169
4	70	0.018689	0.136707	0.092106
21	49	0.018680	0.136674	0.110373
70	183	0.018667	0.136626	0.061101
48	159	0.018655	0.136582	0.222232
39	135	0.018639	0.136523	0.061055
65	178	0.018629	0.136490	0.099476
36	7	0.018612	0.136428	0.061012
52	35	0.018564	0.136250	0.060933
63	123	0.018549	0.136195	0.105145
13	39	0.018510	0.136050	0.060844
40	49	0.018459	0.135865	0.060761
5	210	0.018427	0.135745	0.060707
3	105	0.018423	0.135732	0.073225
52	100	0.018394	0.135625	0.060653
66	151	0.018381	0.135575	0.103241
71	5	0.018353	0.135473	0.060585
40	110	0.018314	0.135329	0.111674
56	51	0.018311	0.135319	0.124692
15	245	0.018256	0.135115	0.114606
53	206	0.018252	0.135102	0.077875
66	83	0.018224	0.134997	0.064477
63	42	0.018188	0.134862	0.060312
25	131	0.018135	0.134667	0.102435
52	1	0.018076	0.134447	0.072002
45	210	0.018049	0.134348	0.097006
30	103	0.018048	0.134342	0.067182
13	126	0.017955	0.133998	0.104870
36	200	0.017950	0.133979	0.059917
46	106	0.017927	0.133890	0.091991
1	192	0.017913	0.133840	0.079313
10	199	0.017909	0.133826	0.059849
12	248	0.017901	0.133796	0.091950
52	128	0.017871	0.133684	0.142947
22	4	0.017816	0.133475	0.059692
43	202	0.017790	0.133379	0.059649
35	236	0.017776	0.133328	0.059626
21	15	0.017688	0.132998	0.064943
44	189	0.017687	0.132993	0.096929
48	184	0.017626	0.132762	0.068156
64	134	0.017577	0.132579	0.059291
61	109	0.017577	0.132577	0.059290
10	89	0.017561	0.132516	0.090857
51	108	0.017548	0.132468	0.059241
70	145	0.017486	0.132234	0.059137
36	123	0.017473	0.132187	0.082516
46	241	0.017443	0.132072	0.059064
3	31	0.017441	0.132063	0.137190
25	115	0.017429	0.132019	0.082066
36	246	0.017370	0.131796	0.063808
9	108	0.017326	0.131628	0.094761
38	105	0.017315	0.131585	0.058847
53	252	0.017309	0.131565	0.077575
4	101	0.017303	0.131539	0.094019
17	98	0.017283	0.131466	0.075131
8	54	0.017278	0.131446	0.097567
11	1	0.017260	0.131375	0.058753
14	203	0.017250	0.131340	0.058737
3	207	0.017246	0.131322	0.058729
45	27	0.017239	0.131298	0.070703
32	183	0.017199	0.131145	0.133317
35	185	0.017133	0.130893	0.082122
13	86	0.017121	0.130846	0.093521
29	193	0.017106	0.130791	0.087749
41	104	0.017058	0.130606	0.088346
19	231	0.017051	0.130579	0.084708
8	191	0.017007	0.130411	0.058321
26	170	0.016991	0.130348	0.096735
73	23	0.016969	0.130264	0.058256
70	133	0.016941	0.130156	0.058208
59	100	0.016937	0.130141	0.085002
19	244	0.016895	0.129979	0.613096
7	150	0.016857	0.129834	0.121004
11	188	0.016847	0.129796	0.139255
32	6	0.016828	0.129723	0.156560
16	113	0.016795	0.129595	0.057956
29	136	0.016780	0.129536	0.073976
35	240	0.016780	0.129536	0.057930
25	92	0.016745	0.129402	0.057870
69	165	0.016713	0.129279	0.057815
54	200	0.016666	0.129098	0.057735
2	159	0.016654	0.129050	0.057713
15	5	0.016629	0.128952	0.071386
40	193	0.016617	0.128906	0.057649
73	45	0.016584	0.128778	0.057591
23	40	0.016556	0.128672	0.057544
72	28	0.016537	0.128596	0.068016
16	232	0.016509	0.128486	0.093334
52	170	0.016497	0.128440	0.092636
22	186	0.016478	0.128366	0.057407
38	113	0.016473	0.128346	0.057398
31	28	0.016471	0.128339	0.088731
12	99	0.016423	0.128153	0.057312
6	106	0.016414	0.128117	0.086987
11	47	0.016413	0.128113	0.057294
39	213	0.016392	0.128030	0.057257
33	170	0.016352	0.127874	0.057187
44	100	0.016317	0.127737	0.060734
21	210	0.016309	0.127707	0.088351
16	214	0.016302	0.127681	0.072883
28	240	0.016274	0.127568	0.057050
58	214	0.016256	0.127498	0.078878
3	82	0.016243	0.127449	0.116188
9	10	0.016176	0.127184	0.103730
46	11	0.016153	0.127094	0.079453
64	184	0.016149	0.127077	0.089252
15	151	0.016017	0.126557	0.056598
8	156	0.016007	0.126517	0.109661
58	64	0.015997	0.126480	0.056564
5	34	0.015992	0.126459	0.056554
39	165	0.015991	0.126454	0.085290
65	256	0.015953	0.126304	0.077688
67	130	0.015899	0.126091	0.087655
73	33	0.015871	0.125979	0.066043
48	204	0.015865	0.125957	0.110475
40	183	0.015865	0.125957	0.056329
32	214	0.015862	0.125945	0.059660
48	39	0.015844	0.125875	0.072766
37	6	0.015829	0.125814	0.075073
18	73	0.015827	0.125807	0.056262
11	169	0.015822	0.125784	0.063965
7	194	0.015802	0.125706	0.056218
41	244	0.015754	0.125515	0.056132
65	237	0.015732	0.125425	0.056092
69	17	0.015704	0.125314	0.068225
53	69	0.015688	0.125251	0.136654
33	148	0.015682	0.125230	0.090741
10	95	0.015675	0.125200	0.055991
34	86	0.015668	0.125171	0.063175
8	204	0.015659	0.125137	0.062090
59	182	0.015636	0.125043	0.089954
23	128	0.015611	0.124944	0.063192
65	65	0.015605	0.124921	0.055866
37	244	0.015591	0.124862	0.066298
4	156	0.015581	0.124824	0.055823
69	149	0.015542	0.124669	0.088705
37	122	0.015492	0.124467	0.055664
4	206	0.015479	0.124414	0.055640
15	199	0.015458	0.124330	0.075518
50	203	0.015449	0.124293	0.087636
23	30	0.015433	0.124231	0.088260
11	157	0.015433	0.124228	0.092324
18	252	0.015416	0.124163	0.080295
73	177	0.015384	0.124033	0.137948
20	174	0.015379	0.124011	0.128180
53	230	0.015358	0.123928	0.055422
42	145	0.015340	0.123855	0.070018
69	42	0.015337	0.123841	0.089754
15	157	0.015327	0.123804	0.095097
61	242	0.015313	0.123744	0.055340
47	49	0.015297	0.123680	0.055312
7	172	0.015262	0.123541	0.055249
72	21	0.015245	0.123469	0.055217
64	165	0.015189	0.123243	0.120175
34	112	0.015186	0.123231	0.055111
54	256	0.015131	0.123009	0.074260
59	32	0.015127	0.122993	0.082610
36	249	0.015122	0.122970	0.054994
14	251	0.015112	0.122930	0.101664
71	11	0.015081	0.122806	0.130766
21	174	0.015064	0.122734	0.106850
54	114	0.015063	0.122733	0.056721
21	223	0.015047	0.122666	0.113542
52	130	0.014995	0.122453	0.088726
15	88	0.014980	0.122393	0.054736
48	149	0.014975	0.122371	0.065888
48	177	0.014969	0.122348	0.054716
41	147	0.014962	0.122318	0.080280
29	76	0.014954	0.122287	0.055549
34	46	0.014889	0.122022	0.054570
10	101	0.014852	0.121867	0.054501
72	42	0.014812	0.121703	0.054427
52	245	0.014765	0.121512	0.054342
48	130	0.014699	0.121241	0.054221
13	40	0.014698	0.121236	0.054218
62	86	0.014678	0.121154	0.128691
3	191	0.014671	0.121123	0.085171
8	15	0.014660	0.121079	0.054148
8	9	0.014658	0.121070	0.088018
28	134	0.014653	0.121048	0.054134
52	148	0.014648	0.121029	0.069042
53	53	0.014645	0.121016	0.054120
30	216	0.014615	0.120894	0.054065
20	57	0.014614	0.120888	0.071672
49	92	0.014588	0.120781	0.070929
55	21	0.014581	0.120752	0.054002
64	93	0.014463	0.120261	0.075525
5	192	0.014459	0.120247	0.053776
29	104	0.014424	0.120101	0.053711
44	242	0.014420	0.120082	0.053702
30	143	0.014414	0.120057	0.084827
49	235	0.014369	0.119870	0.083132
6	130	0.014358	0.119825	0.074909
43	211	0.014352	0.119800	0.053576
22	202	0.014340	0.119751	0.088982
26	185	0.014328	0.119698	0.053531
35	37	0.014322	0.119675	0.053520
61	34	0.014305	0.119603	0.077770
2	149	0.014297	0.119569	0.086832
36	70	0.014267	0.119445	0.053418
34	54	0.014258	0.119405	0.053400
40	69	0.014255	0.119394	0.089821
53	208	0.014136	0.118897	0.053172
69	145	0.014115	0.118805	0.075804
63	225	0.014084	0.118674	0.077471
31	205	0.014031	0.118451	0.052973
13	60	0.013989	0.118273	0.099456
25	49	0.013984	0.118254	0.052885
2	152	0.013978	0.118230	0.097237
29	132	0.013978	0.118227	0.052873
72	246	0.013972	0.118205	0.072622
39	98	0.013964	0.118167	0.052846
55	256	0.013961	0.118155	0.102369
65	190	0.013882	0.117822	0.074633
50	164	0.013866	0.117752	0.077218
30	176	0.013863	0.117740	0.052655
27	207	0.013835	0.117623	0.057253
28	207	0.013828	0.117594	0.052589
17	239	0.013816	0.117543	0.052567
26	202	0.013753	0.117272	0.052445
57	50	0.013733	0.117187	0.084676
22	16	0.013723	0.117144	0.052388
7	164	0.013715	0.117109	0.084307
17	20	0.013678	0.116953	0.052303
72	70	0.013677	0.116947	0.084773
29	192	0.013671	0.116922	0.052289
66	27	0.013667	0.116905	0.078257
58	58	0.013607	0.116648	0.084531
50	182	0.013603	0.116632	0.052159
44	176	0.013598	0.116609	0.052149
53	26	0.013554	0.116422	0.089908
12	15	0.013549	0.116402	0.074832
14	219	0.013533	0.116330	0.079255
50	167	0.013525	0.116297	0.052010
19	221	0.013481	0.116106	0.079603
14	57	0.013464	0.116036	0.051893
2	174	0.013446	0.115958	0.051858
2	130	0.013444	0.115948	0.051854
59	219	0.013442	0.115940	0.089097
13	181	0.013334	0.115473	0.107817
5	129	0.013325	0.115434	0.083304
68	204	0.013308	0.115359	0.078986
29	3	0.013245	0.115086	0.082865
1	253	0.013208	0.114928	0.051397
45	147	0.013189	0.114845	0.051360
47	25	0.013188	0.114839	0.051358
67	245	0.013153	0.114685	0.051289
19	98	0.013055	0.114260	0.051099
5	146	0.013029	0.114144	0.082197
46	5	0.013023	0.114118	0.051035
42	162	0.012997	0.114002	0.094134
62	190	0.012983	0.113945	0.107419
38	78	0.012925	0.113689	0.057775
18	144	0.012887	0.113522	0.082632
47	248	0.012884	0.113508	0.082654
20	185	0.012866	0.113431	0.082708
1	200	0.012852	0.113367	0.078541
30	207	0.012823	0.113240	0.050642
39	185	0.012809	0.113175	0.050613
67	114	0.012797	0.113124	0.050591
40	179	0.012796	0.113118	0.073904
72	198	0.012793	0.113108	0.050583
18	15	0.012791	0.113098	0.349398
28	178	0.012786	0.113076	0.081854
26	234	0.012779	0.113044	0.050555
14	10	0.012767	0.112992	0.117063
25	179	0.012766	0.112989	0.050530
17	202	0.012717	0.112770	0.050432
51	123	0.012709	0.112734	0.079397
69	1	0.012695	0.112671	0.071779
5	171	0.012678	0.112598	0.081859
39	197	0.012664	0.112532	0.081795
10	31	0.012659	0.112512	0.079916
62	29	0.012633	0.112395	0.050264
18	126	0.012570	0.112115	0.050139
5	46	0.012531	0.111943	0.105908
7	228	0.012519	0.111887	0.064520
58	141	0.012517	0.111878	0.064357
40	58	0.012512	0.111858	0.050025
38	191	0.012504	0.111823	0.050009
68	47	0.012498	0.111796	0.049997
5	118	0.012479	0.111709	0.049958
17	83	0.012462	0.111632	0.049923
72	63	0.012446	0.111561	0.056670
70	85	0.012445	0.111558	0.049890
16	45	0.012421	0.111451	0.127011
32	113	0.012368	0.111211	0.050352
39	178	0.012348	0.111120	0.049694
22	129	0.012321	0.110999	0.080077
23	56	0.012320	0.110994	0.049638
27	234	0.012301	0.110911	0.049601
5	249	0.012274	0.110786	0.059343
13	128	0.012253	0.110696	0.049505
42	236	0.012244	0.110650	0.066197
5	245	0.012243	0.110647	0.060803
41	127	0.012229	0.110585	0.065482
13	90	0.012226	0.110572	0.080027
56	52	0.012219	0.110539	0.049435
4	246	0.012201	0.110459	0.107389
42	133	0.012196	0.110435	0.075709
42	207	0.012170	0.110318	0.049336
10	68	0.012156	0.110252	0.049306
49	185	0.012102	0.110008	0.117580
23	255	0.012073	0.109876	0.057441
21	33	0.012072	0.109872	0.100202
13	103	0.012063	0.109833	0.075534
62	201	0.012042	0.109735	0.087688
62	128	0.012039	0.109721	0.049069
16	101	0.012033	0.109693	0.070594
30	162	0.012023	0.109648	0.098724
52	14	0.012022	0.109645	0.049035
20	55	0.012016	0.109617	0.049022
21	135	0.011996	0.109525	0.068787
51	28	0.011986	0.109479	0.048961
62	65	0.011980	0.109454	0.118846
40	85	0.011966	0.109389	0.048920
54	101	0.011946	0.109297	0.058788
13	104	0.011920	0.109180	0.048827
59	24	0.011919	0.109176	0.075230
49	68	0.011907	0.109121	0.065275
48	46	0.011891	0.109045	0.117230
17	245	0.011877	0.108983	0.063814
72	163	0.011875	0.108973	0.056778
18	91	0.011862	0.108913	0.048707
49	128	0.011847	0.108846	0.092003
5	28	0.011792	0.108591	0.048563
16	35	0.011792	0.108589	0.048562
26	93	0.011790	0.108580	0.048558
26	222	0.011745	0.108374	0.048466
24	100	0.011742	0.108363	0.112832
70	224	0.011737	0.108335	0.098888
65	51	0.011720	0.108260	0.085210
12	194	0.011696	0.108150	0.048366
19	99	0.011692	0.108131	0.048358
71	232	0.011683	0.108090	0.048339
62	59	0.011676	0.108054	0.048323
59	207	0.011672	0.108037	0.071949
9	222	0.011669	0.108023	0.057106
54	249	0.011625	0.107819	0.048218
58	29	0.011553	0.107486	0.084858
43	249	0.011537	0.107413	0.070836
62	140	0.011522	0.107340	0.048004
51	202	0.011501	0.107244	0.060805
14	150	0.011497	0.107225	0.047952
73	144	0.011492	0.107202	0.072203
9	209	0.011456	0.107032	0.075555
66	74	0.011443	0.106970	0.060572
51	98	0.011438	0.106950	0.077727
32	238	0.011423	0.106878	0.047797
48	107	0.011408	0.106810	0.070028
39	126	0.011351	0.106542	0.047647
58	22	0.011313	0.106364	0.077676
49	215	0.011297	0.106289	0.065484
59	110	0.011230	0.105974	0.069129
44	194	0.011210	0.105878	0.072205
55	122	0.011174	0.105705	0.084082
62	231	0.011113	0.105416	0.064241
30	184	0.011103	0.105372	0.047124
18	62	0.011101	0.105359	0.047118
70	220	0.011047	0.105102	0.047003
51	84	0.011027	0.105009	0.107839
56	112	0.011025	0.105000	0.046957
61	163	0.010964	0.104708	0.065362
70	238	0.010956	0.104669	0.046809
14	81	0.010952	0.104653	0.107983
23	102	0.010946	0.104623	0.046789
14	20	0.010895	0.104378	0.046679
18	52	0.010870	0.104261	0.076083
5	21	0.010803	0.103937	0.071997
2	157	0.010791	0.103878	0.046456
46	83	0.010783	0.103839	0.068792
10	248	0.010776	0.103805	0.046423
44	49	0.010758	0.103721	0.054216
54	151	0.010757	0.103715	0.046383
68	62	0.010727	0.103571	0.096630
71	76	0.010668	0.103286	0.074290
23	167	0.010582	0.102869	0.046004
2	10	0.010552	0.102725	0.045940
35	183	0.010551	0.102717	0.076465
53	132	0.010547	0.102698	0.064106
38	254	0.010530	0.102615	0.045891
41	219	0.010529	0.102610	0.045889
72	86	0.010458	0.102264	0.045734
56	29	0.010442	0.102187	0.045700
8	232	0.010440	0.102177	0.045695
31	219	0.010380	0.101882	0.045563
53	94	0.010369	0.101830	0.045540
72	131	0.010361	0.101790	0.045522
40	209	0.010349	0.101731	0.045495
24	98	0.010347	0.101722	0.059953
59	191	0.010326	0.101617	0.092712
32	41	0.010321	0.101593	0.068019
2	67	0.010311	0.101545	0.045412
30	160	0.010300	0.101490	0.063470
20	27	0.010297	0.101476	0.047851
52	203	0.010239	0.101188	0.103766
65	77	0.010223	0.101110	0.067709
63	117	0.010216	0.101072	0.045201
40	38	0.010201	0.101000	0.068355
20	136	0.010200	0.100994	0.073104
65	79	0.010178	0.100888	0.046019
45	145	0.010140	0.100697	0.324385
20	163	0.010134	0.100668	0.100646
28	255	0.010122	0.100606	0.072353
5	241	0.010116	0.100577	0.069362
21	188	0.010106	0.100530	0.044958
67	79	0.010091	0.100452	0.072165
34	62	0.010070	0.100350	0.073274
10	202	0.010032	0.100158	0.062527
63	229	0.010020	0.100102	0.044767
27	117	0.009999	0.099996	0.044720
41	145	0.009966	0.099829	0.069748
3	134	0.009964	0.099820	0.044641
71	227	0.009962	0.099811	0.071890
24	247	0.009960	0.099802	0.064642
28	3	0.009948	0.099741	0.044606
61	221	0.009946	0.099729	0.071354
60	43	0.009900	0.099499	0.044497
36	143	0.009890	0.099448	0.044475
47	130	0.009883	0.099416	0.044460
50	101	0.009881	0.099404	0.044455
64	131	0.009880	0.099400	0.057751
58	158	0.009867	0.099335	0.044424
48	67	0.009844	0.099215	0.066439
35	184	0.009827	0.099129	0.104860
32	201	0.009817	0.099083	0.044311
16	238	0.009809	0.099040	0.044292
72	98	0.009779	0.098887	0.044224
4	92	0.009755	0.098768	0.045652
34	25	0.009740	0.098689	0.044135
41	125	0.009710	0.098538	0.071962
44	60	0.009696	0.098470	0.052611
18	220	0.009675	0.098361	0.064974
39	117	0.009665	0.098313	0.043967
53	172	0.009638	0.098172	0.060574
37	200	0.009636	0.098164	0.043900
23	187	0.009559	0.097771	0.096516
5	29	0.009547	0.097708	0.043697
40	74	0.009536	0.097652	0.071245
55	166	0.009531	0.097628	0.043661
53	38	0.009524	0.097592	0.080649
69	218	0.009521	0.097578	0.062144
32	127	0.009514	0.097537	0.043620
42	230	0.009511	0.097527	0.043615
51	210	0.009468	0.097305	0.050145
38	22	0.009459	0.097256	0.045824
7	17	0.009450	0.097213	0.055417
21	76	0.009447	0.097196	0.063370
29	26	0.009433	0.097126	0.074996
20	41	0.009431	0.097113	0.069633
44	131	0.009379	0.096843	0.043309
19	31	0.009357	0.096731	0.043260
72	119	0.009306	0.096469	0.053875
55	99	0.009277	0.096320	0.043075
61	140	0.009257	0.096211	0.043027
44	209	0.009252	0.096185	0.082466
16	124	0.009251	0.096184	0.043015
11	158	0.009207	0.095953	0.042912
70	182	0.009181	0.095819	0.056181
65	49	0.009176	0.095790	0.069917
50	88	0.009173	0.095778	0.069837
5	214	0.009140	0.095603	0.084264
1	213	0.009116	0.095475	0.042698
55	36	0.009101	0.095397	0.356511
40	135	0.009087	0.095325	0.042631
58	123	0.009058	0.095175	0.101997
17	17	0.009033	0.095044	0.060195
50	229	0.009029	0.095022	0.068679
34	252	0.009021	0.094980	0.042476
40	39	0.008966	0.094689	0.042346
48	145	0.008952	0.094614	0.042313
38	174	0.008936	0.094528	0.052361
28	82	0.008911	0.094398	0.054373
69	217	0.008911	0.094397	0.042215
15	226	0.008910	0.094394	0.042214
52	53	0.008900	0.094338	0.042189
68	119	0.008887	0.094270	0.088684
9	143	0.008884	0.094254	0.083265
52	22	0.008880	0.094232	0.042142
31	18	0.008875	0.094206	0.047338
35	230	0.008871	0.094184	0.042120
45	164	0.008857	0.094111	0.042088
27	47	0.008848	0.094063	0.112209
39	16	0.008819	0.093910	0.041998
21	216	0.008816	0.093894	0.068259
46	62	0.008762	0.093605	0.086832
12	31	0.008715	0.093353	0.067243
67	52	0.008711	0.093335	0.041741
48	218	0.008666	0.093090	0.041631
44	227	0.008656	0.093037	0.042051
13	245	0.008636	0.092930	0.041559
57	131	0.008620	0.092844	0.107560
41	189	0.008599	0.092729	0.041470
40	115	0.008593	0.092696	0.066342
67	63	0.008591	0.092688	0.060292
26	6	0.008575	0.092602	0.041413
35	87	0.008538	0.092401	0.041323
66	25	0.008536	0.092388	0.048418
19	24	0.008513	0.092267	0.058204
6	161	0.008511	0.092257	0.041259
19	61	0.008434	0.091839	0.047260
29	194	0.008414	0.091731	0.068930
61	84	0.008403	0.091667	0.040995
9	22	0.008401	0.091656	0.040990
53	67	0.008389	0.091590	0.040960
27	71	0.008376	0.091522	0.040930
3	5	0.008373	0.091506	0.053365
33	202	0.008342	0.091335	0.050484
30	96	0.008314	0.091182	0.060086
62	166	0.008305	0.091133	0.040756
44	42	0.008296	0.091081	0.059983
20	243	0.008271	0.090943	0.040842
5	147	0.008266	0.090918	0.040660
27	189	0.008261	0.090889	0.040647
28	162	0.008229	0.090713	0.051965
26	79	0.008204	0.090578	0.040508
60	204	0.008200	0.090555	0.040498
31	107	0.008183	0.090462	0.074944
55	194	0.008138	0.090209	0.049111
69	152	0.008107	0.090037	0.064061
49	168	0.008063	0.089792	0.040156
39	50	0.008059	0.089772	0.040147
36	205	0.008054	0.089742	0.065377
44	107	0.008053	0.089737	0.040132
54	104	0.008045	0.089692	0.040112
59	203	0.008028	0.089599	0.040070
36	118	0.008026	0.089587	0.064673
65	88	0.008014	0.089521	0.053031
73	75	0.008003	0.089459	0.040007
13	179	0.007968	0.089263	0.039920
53	205	0.007961	0.089222	0.056138
58	79	0.007960	0.089217	0.039899
19	143	0.007952	0.089176	0.039881
20	206	0.007949	0.089155	0.047220
48	139	0.007925	0.089022	0.039812
13	80	0.007894	0.088849	0.039735
60	215	0.007884	0.088793	0.039709
50	10	0.007882	0.088783	0.064139
41	18	0.007879	0.088763	0.063844
41	206	0.007872	0.088723	0.039678
34	85	0.007850	0.088600	0.039623
50	20	0.007836	0.088524	0.039589
3	6	0.007808	0.088363	0.039517
49	219	0.007793	0.088279	0.113004
36	145	0.007765	0.088120	0.054480
19	126	0.007758	0.088081	0.039391
64	28	0.007744	0.087998	0.039354
7	79	0.007707	0.087788	0.062414
7	156	0.007687	0.087677	0.040884
25	196	0.007684	0.087657	0.039201
35	211	0.007647	0.087448	0.056644
55	128	0.007593	0.087139	0.058221
40	140	0.007589	0.087116	0.054050
44	253	0.007571	0.087009	0.038912
14	39	0.007553	0.086907	0.063442
22	102	0.007529	0.086770	0.063189
71	159	0.007508	0.086649	0.038751
59	67	0.007472	0.086441	0.038658
16	234	0.007453	0.086328	0.038607
47	38	0.007440	0.086254	0.038574
13	204	0.007438	0.086242	0.079960
22	200	0.007412	0.086092	0.038502
72	208	0.007407	0.086065	0.061735
20	142	0.007395	0.085993	0.038457
47	93	0.007381	0.085912	0.061109
12	114	0.007292	0.085395	0.038190
71	44	0.007290	0.085381	0.038183
57	122	0.007283	0.085338	0.038164
57	23	0.007226	0.085006	0.038016
14	156	0.007224	0.084994	0.038010
24	1	0.007215	0.084938	0.037986
11	168	0.007153	0.084578	0.037824
32	206	0.007152	0.084568	0.074473
47	228	0.007145	0.084529	0.053753
47	112	0.007130	0.084442	0.037764
47	110	0.007127	0.084421	0.037754
38	208	0.007117	0.084362	0.037728
22	86	0.007112	0.084331	0.037714
36	87	0.007111	0.084327	0.052594
2	20	0.007108	0.084308	0.061306
17	44	0.007108	0.084306	0.038153
10	91	0.007107	0.084300	0.037700
54	73	0.007064	0.084048	0.037587
17	75	0.007052	0.083977	0.037556
39	43	0.007049	0.083957	0.037547
59	42	0.007048	0.083950	0.046607
66	188	0.007030	0.083847	0.052962
53	92	0.007009	0.083721	0.037441
19	18	0.006959	0.083422	0.037307
25	16	0.006936	0.083285	0.037246
72	122	0.006935	0.083276	0.037242
49	167	0.006935	0.083275	0.037456
18	236	0.006918	0.083175	0.037197
22	173	0.006917	0.083169	0.059355
47	166	0.006915	0.083157	0.037189
40	88	0.006894	0.083028	0.037131
21	256	0.006892	0.083017	0.050162
59	250	0.006816	0.082558	0.036921
21	127	0.006810	0.082521	0.036904
48	80	0.006806	0.082497	0.051960
69	133	0.006786	0.082378	0.048778
53	106	0.006783	0.082358	0.044639
18	89	0.006781	0.082345	0.036826
5	125	0.006760	0.082218	0.036769
61	3	0.006745	0.082130	0.036729
19	42	0.006745	0.082126	0.036728
45	170	0.006734	0.082063	0.043561
54	47	0.006730	0.082038	0.036689
11	184	0.006724	0.082001	0.041503
61	145	0.006714	0.081936	0.036643
50	73	0.006634	0.081448	0.036425
5	48	0.006620	0.081364	0.054044
72	17	0.006618	0.081350	0.071913
29	23	0.006597	0.081225	0.046171
73	221	0.006584	0.081141	0.036287
3	74	0.006556	0.080969	0.058798
15	182	0.006532	0.080818	0.056415
68	125	0.006531	0.080818	0.058616
52	227	0.006526	0.080786	0.054749
52	146	0.006524	0.080769	0.045286
41	185	0.006504	0.080650	0.036068
49	228	0.006483	0.080517	0.036008
69	91	0.006436	0.080222	0.040097
40	40	0.006412	0.080073	0.035810
27	182	0.006391	0.079943	0.035751
19	229	0.006386	0.079911	0.077100
17	6	0.006369	0.079808	0.055448
17	247	0.006322	0.079514	0.035560
34	186	0.006310	0.079436	0.035525
52	31	0.006295	0.079344	0.050514
62	93	0.006285	0.079279	0.057351
52	161	0.006283	0.079264	0.035448
37	183	0.006277	0.079225	0.035430
68	155	0.006255	0.079087	0.051491
25	60	0.006250	0.079056	0.035355
17	111	0.006244	0.079018	0.035338
33	48	0.006236	0.078969	0.051341
40	197	0.006224	0.078895	0.035283
32	174	0.006199	0.078736	0.035212
6	192	0.006198	0.078729	0.035209
42	53	0.006171	0.078555	0.035131
32	229	0.006166	0.078524	0.035117
28	184	0.006103	0.078120	0.056514
9	161	0.006077	0.077956	0.052543
36	190	0.006055	0.077816	0.034800
70	16	0.006052	0.077797	0.050547
54	161	0.006051	0.077788	0.034788
57	219	0.006046	0.077755	0.054156
65	163	0.006034	0.077679	0.034739
52	81	0.006012	0.077537	0.056353
30	218	0.006005	0.077492	0.034655
55	212	0.005993	0.077417	0.034622
27	123	0.005993	0.077414	0.034621
12	140	0.005992	0.077408	0.034881
29	227	0.005947	0.077116	0.034487
51	203	0.005926	0.076983	0.077284
57	201	0.005918	0.076929	0.055325
61	95	0.005899	0.076803	0.034348
17	253	0.005828	0.076339	0.034140
5	175	0.005778	0.076014	0.054069
54	140	0.005773	0.075977	0.033978
50	248	0.005772	0.075973	0.050607
56	149	0.005730	0.075696	0.033852
47	229	0.005718	0.075615	0.052751
13	48	0.005710	0.075562	0.033792
52	21	0.005705	0.075533	0.033779
66	168	0.005702	0.075512	0.053454
34	222	0.005699	0.075492	0.055088
29	120	0.005695	0.075468	0.066629
63	54	0.005687	0.075411	0.058810
6	114	0.005683	0.075387	0.033714
73	208	0.005680	0.075364	0.077449
5	80	0.005625	0.074998	0.045504
53	47	0.005624	0.074990	0.033537
7	151	0.005614	0.074929	0.033509
42	191	0.005613	0.074917	0.033504
18	81	0.005609	0.074892	0.033493
62	182	0.005592	0.074779	0.033442
63	6	0.005574	0.074657	0.053857
26	49	0.005528	0.074348	0.033250
40	121	0.005501	0.074171	0.033170
41	180	0.005499	0.074154	0.050058
42	192	0.005496	0.074138	0.054130
48	173	0.005495	0.074125	0.049558
52	193	0.005478	0.074014	0.053833
21	217	0.005457	0.073871	0.053225
3	150	0.005453	0.073841	0.040221
24	226	0.005448	0.073809	0.033008
16	46	0.005434	0.073715	0.032966
41	176	0.005428	0.073674	0.032948
50	129	0.005385	0.073380	0.032817
70	131	0.005382	0.073365	0.032810
32	39	0.005375	0.073315	0.040542
57	98	0.005334	0.073038	0.032663
64	193	0.005317	0.072915	0.032608
35	48	0.005315	0.072903	0.032603
7	161	0.005256	0.072499	0.032423
50	42	0.005250	0.072459	0.050715
13	132	0.005248	0.072444	0.032398
38	221	0.005245	0.072421	0.048117
32	82	0.005236	0.072358	0.032360
11	240	0.005233	0.072343	0.052240
67	125	0.005168	0.071889	0.052434
31	31	0.005158	0.071821	0.050946
19	252	0.005048	0.071052	0.031776
30	138	0.005035	0.070959	0.077694
32	114	0.005034	0.070948	0.031729
67	138	0.005007	0.070761	0.047913
30	213	0.004998	0.070697	0.031617
9	95	0.004988	0.070628	0.031586
14	131	0.004977	0.070547	0.031550
71	110	0.004967	0.070475	0.031518
17	118	0.004960	0.070430	0.031497
66	81	0.004926	0.070184	0.036738
38	36	0.004921	0.070149	0.039199
62	243	0.004911	0.070079	0.031340
62	153	0.004903	0.070024	0.048929
8	147	0.004873	0.069810	0.048475
50	242	0.004854	0.069673	0.031159
14	164	0.004844	0.069597	0.031125
61	159	0.004817	0.069407	0.031040
20	36	0.004791	0.069216	0.062462
18	247	0.004777	0.069116	0.030910
50	143	0.004764	0.069022	0.043762
63	109	0.004706	0.068599	0.073065
22	109	0.004693	0.068507	0.048421
60	138	0.004691	0.068493	0.030631
61	40	0.004690	0.068484	0.048906
73	79	0.004682	0.068428	0.030602
13	190	0.004682	0.068425	0.049486
53	27	0.004663	0.068288	0.030539
20	176	0.004653	0.068216	0.053292
9	57	0.004636	0.068089	0.030450
9	173	0.004578	0.067659	0.030258
55	112	0.004568	0.067586	0.030225
57	80	0.004524	0.067263	0.043190
15	120	0.004521	0.067235	0.030068
67	4	0.004482	0.066947	0.029940
21	228	0.004479	0.066924	0.042781
17	86	0.004475	0.066898	0.069072
27	80	0.004439	0.066626	0.029796
34	42	0.004439	0.066625	0.044480
18	80	0.004426	0.066527	0.041306
1	248	0.004424	0.066510	0.047445
48	117	0.004420	0.066480	0.034183
4	231	0.004413	0.066434	0.029710
8	253	0.004396	0.066302	0.037754
29	231	0.004345	0.065916	0.045924
36	71	0.004322	0.065740	0.029400
50	35	0.004314	0.065678	0.044588
69	244	0.004303	0.065596	0.047731
60	72	0.004278	0.065410	0.029252
29	116	0.004269	0.065337	0.029220
18	246	0.004264	0.065303	0.040984
34	114	0.004252	0.065209	0.029162
63	183	0.004251	0.065197	0.029157
63	48	0.004241	0.065123	0.029124
3	68	0.004239	0.065104	0.044650
50	25	0.004233	0.065063	0.034612
44	21	0.004230	0.065041	0.029087
51	106	0.004196	0.064773	0.042941
50	197	0.004182	0.064666	0.028919
48	85	0.004166	0.064543	0.028864
48	193	0.004162	0.064515	0.028852
41	226	0.004160	0.064500	0.028845
46	37	0.004148	0.064407	0.028803
27	114	0.004124	0.064216	0.028718
7	78	0.004098	0.064014	0.028628
2	219	0.004094	0.063981	0.043755
37	154	0.004092	0.063967	0.028607
63	103	0.004079	0.063865	0.028561
39	105	0.004068	0.063777	0.028522
58	242	0.004067	0.063775	0.028521
31	188	0.004056	0.063686	0.028481
56	254	0.004028	0.063470	0.036944
7	200	0.004022	0.063423	0.028363
19	107	0.004015	0.063367	0.028338
39	128	0.004002	0.063258	0.028290
17	181	0.003997	0.063220	0.028273
7	152	0.003948	0.062830	0.028098
45	233	0.003939	0.062764	0.032547
40	216	0.003841	0.061975	0.027716
16	68	0.003840	0.061970	0.027714
72	213	0.003836	0.061936	0.027698
28	190	0.003832	0.061903	0.045135
49	248	0.003830	0.061886	0.027676
5	172	0.003820	0.061810	0.045022
18	86	0.003814	0.061757	0.027619
44	112	0.003811	0.061735	0.044944
34	144	0.003773	0.061428	0.037908
42	28	0.003760	0.061323	0.033624
4	128	0.003746	0.061204	0.027371
62	81	0.003737	0.061130	0.027338
21	128	0.003724	0.061027	0.229409
71	175	0.003719	0.060986	0.027274
45	83	0.003670	0.060582	0.049648
23	250	0.003668	0.060562	0.042276
2	210	0.003664	0.060528	0.053368
16	111	0.003659	0.060487	0.027050
60	109	0.003607	0.060062	0.026861
8	133	0.003607	0.060060	0.026860
63	222	0.003594	0.059954	0.037847
46	142	0.003563	0.059691	0.060750
36	36	0.003563	0.059689	0.026694
48	238	0.003547	0.059556	0.041198
65	249	0.003536	0.059466	0.026594
2	256	0.003526	0.059384	0.026557
71	88	0.003521	0.059342	0.026538
51	157	0.003515	0.059285	0.026513
50	58	0.003508	0.059228	0.043254
50	145	0.003455	0.058780	0.026287
35	161	0.003422	0.058501	0.026163
4	112	0.003417	0.058456	0.033980
39	188	0.003416	0.058450	0.051020
26	253	0.003401	0.058316	0.026080
12	112	0.003396	0.058276	0.026062
9	37	0.003366	0.058020	0.025947
64	154	0.003364	0.058002	0.059174
10	97	0.003355	0.057924	0.025904
43	176	0.003351	0.057889	0.025889
54	89	0.003351	0.057884	0.025887
26	21	0.003340	0.057793	0.025846
25	1	0.003324	0.057652	0.042277
54	228	0.003316	0.057582	0.025752
50	243	0.003290	0.057356	0.038588
36	1	0.003263	0.057123	0.025546
17	218	0.003223	0.056768	0.025388
8	41	0.003207	0.056627	0.037207
50	187	0.003174	0.056341	0.025196
2	213	0.003163	0.056239	0.025151
31	250	0.003156	0.056176	0.025123
28	25	0.003144	0.056074	0.025077
63	60	0.003133	0.055973	0.025032
36	68	0.003121	0.055864	0.028509
25	103	0.003114	0.055803	0.024956
6	147	0.003105	0.055725	0.034633
29	108	0.003097	0.055650	0.024887
65	94	0.003090	0.055589	0.040576
61	108	0.003074	0.055447	0.024797
27	179	0.003072	0.055426	0.031831
44	89	0.003070	0.055406	0.024778
25	230	0.003066	0.055376	0.040238
8	85	0.003028	0.055024	0.024607
22	161	0.003008	0.054848	0.037127
16	74	0.002999	0.054763	0.035786
42	218	0.002999	0.054760	0.024489
52	179	0.002998	0.054752	0.025815
63	165	0.002986	0.054644	0.024438
32	128	0.002975	0.054548	0.024395
7	127	0.002958	0.054389	0.024324
37	191	0.002954	0.054347	0.030779
3	204	0.002903	0.053883	0.024097
10	193	0.002902	0.053867	0.024090
20	245	0.002884	0.053705	0.031305
33	204	0.002884	0.053705	0.024018
11	135	0.002869	0.053563	0.023954
27	78	0.002851	0.053393	0.026494
48	108	0.002840	0.053293	0.023833
3	60	0.002832	0.053215	0.023798
46	210	0.002827	0.053170	0.023778
4	65	0.002823	0.053132	0.023761
73	181	0.002818	0.053082	0.023739
8	92	0.002803	0.052944	0.036524
15	169	0.002798	0.052894	0.023655
28	238	0.002789	0.052809	0.033695
71	64	0.002788	0.052803	0.029728
16	197	0.002780	0.052727	0.023580
35	102	0.002761	0.052547	0.050136
31	152	0.002761	0.052545	0.023499
9	234	0.002734	0.052285	0.023382
65	122	0.002690	0.051863	0.023194
13	137	0.002640	0.051382	0.028375
3	118	0.002625	0.051234	0.022912
23	29	0.002623	0.051211	0.033608
8	88	0.002602	0.051015	0.022814
72	25	0.002599	0.050983	0.022800
70	86	0.002594	0.050936	0.022779
34	67	0.002588	0.050869	0.022749
2	160	0.002578	0.050778	0.022708
58	232	0.002559	0.050582	0.036732
20	228	0.002536	0.050355	0.048969
57	190	0.002513	0.050133	0.040137
19	9	0.002503	0.050028	0.022373
70	27	0.002490	0.049896	0.022314
68	162	0.002472	0.049719	0.022235
45	95	0.002471	0.049714	0.022233
28	74	0.002466	0.049662	0.022209
46	208	0.002452	0.049514	0.022713
64	178	0.002444	0.049432	0.035438
69	197	0.002443	0.049424	0.022103
46	177	0.002442	0.049420	0.023882
7	165	0.002439	0.049385	0.027149
65	81	0.002428	0.049270	0.032537
1	6	0.002404	0.049026	0.035191
3	83	0.002383	0.048816	0.021831
67	57	0.002379	0.048770	0.035548
40	194	0.002364	0.048624	0.021745
48	233	0.002339	0.048366	0.021630
69	31	0.002333	0.048298	0.021600
33	109	0.002327	0.048244	0.021575
12	237	0.002317	0.048130	0.021524
58	23	0.002308	0.048044	0.021486
52	123	0.002297	0.047926	0.033580
2	88	0.002292	0.047873	0.025238
39	152	0.002253	0.047469	0.021229
36	138	0.002248	0.047415	0.021205
33	235	0.002220	0.047122	0.030695
62	217	0.002212	0.047032	0.021034
37	185	0.002190	0.046798	0.020929
57	214	0.002172	0.046604	0.020842
7	4	0.002169	0.046569	0.020826
5	64	0.002164	0.046522	0.022699
23	27	0.002137	0.046223	0.032362
30	142	0.002117	0.046008	0.020575
57	176	0.002105	0.045879	0.020518
21	3	0.002086	0.045676	0.020427
41	168	0.002074	0.045546	0.024264
10	244	0.002045	0.045226	0.028678
25	36	0.002035	0.045111	0.020174
26	40	0.002007	0.044801	0.020036
37	86	0.002003	0.044754	0.023760
28	219	0.001978	0.044475	0.032382
73	244	0.001972	0.044411	0.022500
25	4	0.001971	0.044397	0.019855
44	188	0.001951	0.044171	0.027474
67	140	0.001944	0.044095	0.019720
55	119	0.001943	0.044078	0.019712
43	63	0.001938	0.044023	0.019688
67	97	0.001937	0.044015	0.019684
33	6	0.001918	0.043791	0.019584
59	105	0.001875	0.043299	0.023163
28	215	0.001844	0.042939	0.019203
46	46	0.001839	0.042879	0.019176
51	171	0.001832	0.042804	0.019143
48	199	0.001832	0.042800	0.019141
41	248	0.001820	0.042667	0.025974
33	156	0.001811	0.042558	0.031858
61	17	0.001805	0.042482	0.018998
38	197	0.001779	0.042175	0.018861
22	94	0.001751	0.041843	0.018713
3	168	0.001750	0.041836	0.018709
73	86	0.001736	0.041669	0.023296
65	36	0.001719	0.041461	0.029829
58	193	0.001678	0.040957	0.029856
19	83	0.001676	0.040940	0.018309
19	199	0.001676	0.040938	0.025154
52	195	0.001674	0.040913	0.018297
62	99	0.001665	0.040803	0.018247
35	118	0.001651	0.040631	0.028243
47	149	0.001645	0.040554	0.028962
23	38	0.001638	0.040477	0.018102
66	84	0.001636	0.040445	0.018088
32	25	0.001628	0.040348	0.018044
64	121	0.001618	0.040224	0.017989
6	148	0.001615	0.040193	0.017975
42	136	0.001606	0.040071	0.029250
56	14	0.001594	0.039921	0.021817
9	194	0.001593	0.039910	0.017848
19	162	0.001577	0.039705	0.023099
42	93	0.001576	0.039700	0.017754
51	82	0.001554	0.039419	0.028674
59	129	0.001550	0.039374	0.019084
72	167	0.001546	0.039323	0.017586
33	55	0.001515	0.038918	0.017405
57	229	0.001512	0.038883	0.017389
72	108	0.001511	0.038867	0.017382
57	256	0.001509	0.038849	0.017374
60	191	0.001501	0.038744	0.017327
42	172	0.001496	0.038672	0.024687
25	137	0.001485	0.038531	0.017232
52	162	0.001484	0.038527	0.017230
4	213	0.001475	0.038402	0.028198
31	251	0.001458	0.038183	0.017076
71	255	0.001438	0.037918	0.016958
55	11	0.001435	0.037885	0.023370
42	141	0.001426	0.037769	0.027495
63	21	0.001422	0.037704	0.016862
67	113	0.001415	0.037611	0.016820
62	47	0.001413	0.037586	0.016809
29	234	0.001410	0.037556	0.033762
32	130	0.001399	0.037409	0.016730
61	185	0.001389	0.037268	0.016667
1	33	0.001378	0.037125	0.017509
22	213	0.001332	0.036498	0.016322
12	102	0.001329	0.036456	0.024484
21	84	0.001327	0.036431	0.016293
40	93	0.001313	0.036239	0.016207
42	219	0.001308	0.036163	0.016173
6	168	0.001289	0.035903	0.016056
21	178	0.001274	0.035688	0.015960
43	113	0.001272	0.035672	0.015953
2	246	0.001267	0.035598	0.015920
54	137	0.001238	0.035187	0.015736
70	36	0.001232	0.035105	0.015699
35	54	0.001224	0.034990	0.015648
24	85	0.001218	0.034904	0.015609
6	173	0.001180	0.034353	0.015363
41	112	0.001176	0.034297	0.015338
68	158	0.001154	0.033969	0.015191
37	120	0.001145	0.033842	0.024441
40	53	0.001145	0.033837	0.020301
40	245	0.001142	0.033790	0.015111
1	117	0.001141	0.033775	0.018446
44	196	0.001136	0.033705	0.015073
64	64	0.001129	0.033603	0.015028
72	175	0.001127	0.033566	0.015011
26	207	0.001111	0.033334	0.014907
26	140	0.001111	0.033332	0.018187
1	185	0.001104	0.033224	0.018102
62	21	0.001094	0.033074	0.014791
22	207	0.001083	0.032912	0.014719
64	162	0.001079	0.032849	0.014691
41	135	0.001068	0.032677	0.016344
44	228	0.001046	0.032334	0.014460
69	174	0.001033	0.032137	0.014372
58	88	0.001030	0.032087	0.014350
21	226	0.001026	0.032035	0.014327
64	20	0.001025	0.032020	0.014320
54	31	0.001020	0.031934	0.014281
29	100	0.001019	0.031925	0.019843
17	157	0.001019	0.031917	0.014274
42	90	0.001012	0.031818	0.014229
8	225	0.000991	0.031477	0.014077
6	146	0.000983	0.031357	0.014023
70	193	0.000973	0.031185	0.013946
56	199	0.000969	0.031134	0.013923
12	60	0.000967	0.031105	0.013910
33	135	0.000938	0.030625	0.019781
32	33	0.000931	0.030505	0.013642
17	220	0.000929	0.030481	0.013632
26	208	0.000920	0.030334	0.013566
17	95	0.000919	0.030320	0.013559
8	220	0.000919	0.030311	0.013556
73	237	0.000904	0.030062	0.018084
40	152	0.000904	0.030059	0.013443
6	216	0.000903	0.030050	0.021837
58	135	0.000892	0.029868	0.016694
2	64	0.000884	0.029736	0.013298
49	144	0.000866	0.029435	0.013164
61	5	0.000858	0.029292	0.013100
34	98	0.000856	0.029249	0.020688
28	247	0.000840	0.028979	0.012960
14	96	0.000828	0.028783	0.012872
37	103	0.000827	0.028765	0.012864
37	126	0.000826	0.028748	0.020343
60	187	0.000803	0.028329	0.012669
2	54	0.000801	0.028305	0.012658
58	127	0.000800	0.028277	0.012646
7	36	0.000794	0.028172	0.012599
33	115	0.000793	0.028161	0.015611
65	74	0.000786	0.028036	0.012538
37	88	0.000779	0.027918	0.017535
14	136	0.000772	0.027788	0.019671
57	233	0.000756	0.027503	0.012300
37	54	0.000744	0.027280	0.019597
61	146	0.000721	0.026857	0.012011
20	248	0.000720	0.026831	0.011999
17	89	0.000709	0.026635	0.011912
15	180	0.000705	0.026544	0.011871
32	61	0.000696	0.026388	0.014038
41	151	0.000681	0.026099	0.011672
14	250	0.000679	0.026061	0.018134
34	172	0.000676	0.026001	0.011628
49	194	0.000676	0.026001	0.011628
34	251	0.000653	0.025552	0.011427
13	23	0.000651	0.025511	0.011409
5	116	0.000650	0.025500	0.013260
67	152	0.000648	0.025453	0.011383
62	116	0.000637	0.025241	0.011288
24	42	0.000625	0.025002	0.011181
1	199	0.000616	0.024813	0.011097
4	68	0.000611	0.024719	0.011055
48	201	0.000604	0.024576	0.010991
11	71	0.000596	0.024405	0.011751
23	174	0.000591	0.024301	0.010868
17	47	0.000590	0.024293	0.010864
32	253	0.000588	0.024247	0.010844
58	221	0.000581	0.024103	0.010779
52	228	0.000580	0.024080	0.010769
65	87	0.000569	0.023860	0.010671
46	112	0.000566	0.023795	0.010641
8	173	0.000556	0.023580	0.010545
72	209	0.000550	0.023454	0.010489
51	179	0.000547	0.023389	0.010460
60	126	0.000545	0.023343	0.016851
54	112	0.000540	0.023232	0.010390
29	85	0.000540	0.023230	0.010389
38	130	0.000535	0.023125	0.014760
45	118	0.000529	0.022992	0.010282
57	148	0.000527	0.022967	0.010271
57	56	0.000524	0.022895	0.010239
59	41	0.000520	0.022812	0.014537
55	51	0.000519	0.022790	0.010192
16	129	0.000500	0.022368	0.010003
72	135	0.000484	0.022004	0.009841
16	221	0.000473	0.021740	0.015651
58	138	0.000472	0.021727	0.009717
71	228	0.000468	0.021628	0.014912
27	153	0.000455	0.021340	0.009543
67	154	0.000449	0.021187	0.009475
59	149	0.000443	0.021047	0.009412
32	20	0.000441	0.020995	0.022265
5	138	0.000438	0.020923	0.014797
70	50	0.000428	0.020694	0.009255
66	189	0.000422	0.020547	0.009189
55	131	0.000420	0.020483	0.011328
64	87	0.000414	0.020348	0.009100
57	128	0.000410	0.020240	0.009051
47	187	0.000399	0.019980	0.008936
50	216	0.000392	0.019809	0.008859
22	175	0.000378	0.019438	0.008693
65	123	0.000367	0.019147	0.008563
34	95	0.000366	0.019134	0.008557
63	217	0.000364	0.019071	0.008529
73	192	0.000361	0.019009	0.008501
42	41	0.000358	0.018923	0.009912
22	61	0.000358	0.018923	0.008463
25	76	0.000350	0.018696	0.008361
64	107	0.000346	0.018596	0.008316
13	187	0.000337	0.018345	0.008204
55	90	0.000323	0.017983	0.008042
34	243	0.000317	0.017801	0.012565
64	173	0.000315	0.017741	0.007934
53	187	0.000306	0.017500	0.007826
36	32	0.000305	0.017471	0.007813
56	141	0.000304	0.017437	0.007798
40	237	0.000295	0.017183	0.007685
7	217	0.000287	0.016952	0.007581
34	26	0.000282	0.016803	0.007515
15	203	0.000277	0.016629	0.007437
65	216	0.000264	0.016237	0.007262
45	251	0.000253	0.015910	0.007115
19	224	0.000248	0.015750	0.007043
12	108	0.000244	0.015635	0.006992
43	104	0.000243	0.015577	0.006966
62	165	0.000243	0.015572	0.006964
43	157	0.000239	0.015452	0.006910
24	59	0.000238	0.015411	0.006892
38	194	0.000237	0.015404	0.006889
50	133	0.000236	0.015355	0.006867
36	172	0.000227	0.015078	0.006743
4	3	0.000223	0.014937	0.006680
18	164	0.000216	0.014702	0.006575
59	23	0.000214	0.014631	0.006543
6	93	0.000213	0.014592	0.007118
68	255	0.000207	0.014372	0.006427
1	205	0.000206	0.014368	0.006426
66	40	0.000195	0.013959	0.006242
16	224	0.000194	0.013911	0.006221
73	94	0.000188	0.013721	0.006136
50	221	0.000183	0.013518	0.006045
28	191	0.000180	0.013408	0.005996
18	175	0.000176	0.013271	0.005935
48	120	0.000173	0.013146	0.005879
44	115	0.000165	0.012837	0.005741
23	159	0.000158	0.012586	0.005629
40	107	0.000158	0.012558	0.005616
50	86	0.000152	0.012316	0.005508
65	121	0.000150	0.012249	0.005478
23	249	0.000144	0.012009	0.008496
36	181	0.000141	0.011873	0.005310
20	195	0.000136	0.011662	0.005215
1	159	0.000133	0.011535	0.005158
57	174	0.000130	0.011401	0.005099
4	220	0.000115	0.010702	0.004786
5	10	0.000114	0.010694	0.004782
7	64	0.000112	0.010560	0.005334
15	80	0.000110	0.010467	0.004681
60	172	0.000109	0.010448	0.004673
18	253	0.000102	0.010101	0.004517
67	229	0.000092	0.009588	0.004288
28	85	0.000088	0.009387	0.004198
33	99	0.000079	0.008910	0.003985
27	11	0.000072	0.008488	0.003796
13	228	0.000070	0.008378	0.003747
21	35	0.000070	0.008346	0.003732
8	33	0.000061	0.007786	0.003482
7	5	0.000060	0.007718	0.003452
49	216	0.000053	0.007293	0.003262
5	166	0.000048	0.006961	0.003113
62	43	0.000045	0.006696	0.002995
69	251	0.000041	0.006420	0.003636
19	123	0.000041	0.006392	0.002859
44	230	0.000040	0.006302	0.002818
15	187	0.000037	0.006104	0.002730
64	244	0.000035	0.005904	0.002640
22	176	0.000033	0.005705	0.002551
10	162	0.000033	0.005702	0.002550
59	17	0.000031	0.005531	0.002474
47	51	0.000030	0.005469	0.002540
49	225	0.000028	0.005255	0.002350
59	158	0.000027	0.005164	0.002310
70	127	0.000025	0.005026	0.002248
17	221	0.000025	0.005009	0.003623
61	67	0.000024	0.004939	0.002856
45	87	0.000024	0.004877	0.002181
33	121	0.000023	0.004761	0.002129
34	75	0.000019	0.004325	0.001934
24	4	0.000016	0.004016	0.001796
14	227	0.000015	0.003923	0.001754
47	119	0.000015	0.003856	0.001724
11	126	0.000013	0.003659	0.001636
72	222	0.000013	0.003567	0.001595
32	63	0.000012	0.003457	0.001546
67	209	0.000012	0.003426	0.001532
61	69	0.000012	0.003400	0.001521
6	71	0.000009	0.003022	0.001351
22	246	0.000008	0.002894	0.001294
15	158	0.000008	0.002892	0.001293
26	160	0.000008	0.002761	0.001235
68	81	0.000005	0.002158	0.000965
21	73	0.000002	0.001552	0.000694
23	103	0.000002	0.001428	0.000639
64	77	0.000002	0.001294	0.000579
15	11	0.000002	0.001261	0.000564
1	169	0.000001	0.001193	0.000533
54	42	0.000001	0.000852	0.000381
69	110	0.000001	0.000842	0.000376
61	168	0.000001	0.000781	0.000349
32	9	0.000001	0.000745	0.000333
29	176	0.000000	0.000353	0.000158
35	140	0.000000	0.000147	0.000066
9	201	0.000000	0.000132	0.000059
1	14	0.000000	0.000000	0.000000
1	56	0.000000	0.000000	0.000000
1	59	0.000000	0.000000	0.000000
1	93	0.000000	0.000000	0.000000
1	107	0.000000	0.000000	0.000000
1	118	0.000000	0.000000	0.000000
1	173	0.000000	0.000000	0.000000
1	241	0.000000	0.000000	0.000000
2	21	0.000000	0.000000	0.000000
2	70	0.000000	0.000000	0.000000
2	137	0.000000	0.000000	0.000000
2	138	0.000000	0.000000	0.000000
2	188	0.000000	0.000000	0.000000
2	194	0.000000	0.000000	0.000000
2	225	0.000000	0.000000	0.000000
2	247	0.000000	0.000000	0.000000
2	248	0.000000	0.000000	0.000000
3	10	0.000000	0.000000	0.000000
3	101	0.000000	0.000000	0.000000
3	124	0.000000	0.000000	0.000000
3	144	0.000000	0.000000	0.000000
3	162	0.000000	0.000000	0.000000
3	187	0.000000	0.000000	0.000000
3	206	0.000000	0.000000	0.000000
3	227	0.000000	0.000000	0.000000
3	230	0.000000	0.000000	0.000000
3	252	0.000000	0.000000	0.000000
3	255	0.000000	0.000000	0.000000
4	37	0.000000	0.000000	0.000000
4	104	0.000000	0.000000	0.000000
4	154	0.000000	0.000000	0.000000
4	182	0.000000	0.000000	0.000000
4	216	0.000000	0.000000	0.000000
4	254	0.000000	0.000000	0.000000
5	11	0.000000	0.000000	0.000000
5	69	0.000000	0.000000	0.000000
5	81	0.000000	0.000000	0.000000
5	85	0.000000	0.000000	0.000000
5	91	0.000000	0.000000	0.000000
5	100	0.000000	0.000000	0.000000
5	184	0.000000	0.000000	0.000000
5	206	0.000000	0.000000	0.000000
5	239	0.000000	0.000000	0.000000
6	38	0.000000	0.000000	0.000000
6	49	0.000000	0.000000	0.000000
6	57	0.000000	0.000000	0.000000
6	66	0.000000	0.000000	0.000000
6	95	0.000000	0.000000	0.000000
6	162	0.000000	0.000000	0.000000
6	166	0.000000	0.000000	0.000000
6	249	0.000000	0.000000	0.000000
6	252	0.000000	0.000000	0.000000
7	16	0.000000	0.000000	0.000000
7	43	0.000000	0.000000	0.000000
7	73	0.000000	0.000000	0.000000
7	122	0.000000	0.000000	0.000000
7	135	0.000000	0.000000	0.000000
7	195	0.000000	0.000000	0.000000
7	229	0.000000	0.000000	0.000000
8	10	0.000000	0.000000	0.000000
8	74	0.000000	0.000000	0.000000
8	96	0.000000	0.000000	0.000000
8	214	0.000000	0.000000	0.000000
8	234	0.000000	0.000000	0.000000
8	244	0.000000	0.000000	0.000000
9	7	0.000000	0.000000	0.000000
9	36	0.000000	0.000000	0.000000
9	64	0.000000	0.000000	0.000000
9	96	0.000000	0.000000	0.000000
9	98	0.000000	0.000000	0.000000
9	105	0.000000	0.000000	0.000000
9	120	0.000000	0.000000	0.000000
9	126	0.000000	0.000000	0.000000
9	221	0.000000	0.000000	0.000000
9	232	0.000000	0.000000	0.000000
9	248	0.000000	0.000000	0.000000
10	67	0.000000	0.000000	0.000000
10	76	0.000000	0.000000	0.000000
10	82	0.000000	0.000000	0.000000
10	115	0.000000	0.000000	0.000000
10	140	0.000000	0.000000	0.000000
10	146	0.000000	0.000000	0.000000
10	209	0.000000	0.000000	0.000000
10	222	0.000000	0.000000	0.000000
11	6	0.000000	0.000000	0.000000
11	54	0.000000	0.000000	0.000000
11	55	0.000000	0.000000	0.000000
11	57	0.000000	0.000000	0.000000
11	83	0.000000	0.000000	0.000000
11	153	0.000000	0.000000	0.000000
11	201	0.000000	0.000000	0.000000
11	250	0.000000	0.000000	0.000000
11	253	0.000000	0.000000	0.000000
12	6	0.000000	0.000000	0.000000
12	73	0.000000	0.000000	0.000000
12	86	0.000000	0.000000	0.000000
12	120	0.000000	0.000000	0.000000
12	127	0.000000	0.000000	0.000000
12	174	0.000000	0.000000	0.000000
12	195	0.000000	0.000000	0.000000
12	231	0.000000	0.000000	0.000000
13	65	0.000000	0.000000	0.000000
13	81	0.000000	0.000000	0.000000
13	117	0.000000	0.000000	0.000000
13	189	0.000000	0.000000	0.000000
13	199	0.000000	0.000000	0.000000
13	229	0.000000	0.000000	0.000000
13	233	0.000000	0.000000	0.000000
13	235	0.000000	0.000000	0.000000
13	236	0.000000	0.000000	0.000000
14	9	0.000000	0.000000	0.000000
14	32	0.000000	0.000000	0.000000
14	72	0.000000	0.000000	0.000000
14	121	0.000000	0.000000	0.000000
14	169	0.000000	0.000000	0.000000
14	175	0.000000	0.000000	0.000000
14	184	0.000000	0.000000	0.000000
14	212	0.000000	0.000000	0.000000
14	214	0.000000	0.000000	0.000000
14	221	0.000000	0.000000	0.000000
15	53	0.000000	0.000000	0.000000
15	81	0.000000	0.000000	0.000000
15	142	0.000000	0.000000	0.000000
15	168	0.000000	0.000000	0.000000
15	176	0.000000	0.000000	0.000000
15	204	0.000000	0.000000	0.000000
16	42	0.000000	0.000000	0.000000
16	86	0.000000	0.000000	0.000000
16	87	0.000000	0.000000	0.000000
16	90	0.000000	0.000000	0.000000
16	210	0.000000	0.000000	0.000000
16	233	0.000000	0.000000	0.000000
16	245	0.000000	0.000000	0.000000
16	246	0.000000	0.000000	0.000000
17	43	0.000000	0.000000	0.000000
17	69	0.000000	0.000000	0.000000
17	88	0.000000	0.000000	0.000000
17	114	0.000000	0.000000	0.000000
17	140	0.000000	0.000000	0.000000
17	141	0.000000	0.000000	0.000000
17	145	0.000000	0.000000	0.000000
17	186	0.000000	0.000000	0.000000
17	227	0.000000	0.000000	0.000000
18	1	0.000000	0.000000	0.000000
18	65	0.000000	0.000000	0.000000
18	119	0.000000	0.000000	0.000000
18	129	0.000000	0.000000	0.000000
18	223	0.000000	0.000000	0.000000
19	62	0.000000	0.000000	0.000000
19	79	0.000000	0.000000	0.000000
19	113	0.000000	0.000000	0.000000
19	153	0.000000	0.000000	0.000000
19	176	0.000000	0.000000	0.000000
20	46	0.000000	0.000000	0.000000
20	83	0.000000	0.000000	0.000000
20	94	0.000000	0.000000	0.000000
20	120	0.000000	0.000000	0.000000
20	130	0.000000	0.000000	0.000000
20	135	0.000000	0.000000	0.000000
20	139	0.000000	0.000000	0.000000
20	181	0.000000	0.000000	0.000000
20	186	0.000000	0.000000	0.000000
20	201	0.000000	0.000000	0.000000
20	219	0.000000	0.000000	0.000000
21	47	0.000000	0.000000	0.000000
21	102	0.000000	0.000000	0.000000
21	107	0.000000	0.000000	0.000000
21	233	0.000000	0.000000	0.000000
22	31	0.000000	0.000000	0.000000
22	48	0.000000	0.000000	0.000000
22	50	0.000000	0.000000	0.000000
22	54	0.000000	0.000000	0.000000
22	85	0.000000	0.000000	0.000000
22	113	0.000000	0.000000	0.000000
22	114	0.000000	0.000000	0.000000
22	115	0.000000	0.000000	0.000000
22	162	0.000000	0.000000	0.000000
22	233	0.000000	0.000000	0.000000
22	239	0.000000	0.000000	0.000000
22	256	0.000000	0.000000	0.000000
23	46	0.000000	0.000000	0.000000
23	161	0.000000	0.000000	0.000000
23	173	0.000000	0.000000	0.000000
23	206	0.000000	0.000000	0.000000
24	14	0.000000	0.000000	0.000000
24	25	0.000000	0.000000	0.000000
24	52	0.000000	0.000000	0.000000
24	57	0.000000	0.000000	0.000000
24	83	0.000000	0.000000	0.000000
25	37	0.000000	0.000000	0.000000
25	74	0.000000	0.000000	0.000000
25	102	0.000000	0.000000	0.000000
25	164	0.000000	0.000000	0.000000
25	212	0.000000	0.000000	0.000000
25	213	0.000000	0.000000	0.000000
25	220	0.000000	0.000000	0.000000
25	222	0.000000	0.000000	0.000000
25	233	0.000000	0.000000	0.000000
26	35	0.000000	0.000000	0.000000
26	130	0.000000	0.000000	0.000000
26	156	0.000000	0.000000	0.000000
26	187	0.000000	0.000000	0.000000
27	18	0.000000	0.000000	0.000000
27	50	0.000000	0.000000	0.000000
27	112	0.000000	0.000000	0.000000
27	129	0.000000	0.000000	0.000000
27	137	0.000000	0.000000	0.000000
27	164	0.000000	0.000000	0.000000
27	229	0.000000	0.000000	0.000000
27	246	0.000000	0.000000	0.000000
28	66	0.000000	0.000000	0.000000
28	78	0.000000	0.000000	0.000000
28	105	0.000000	0.000000	0.000000
28	132	0.000000	0.000000	0.000000
28	172	0.000000	0.000000	0.000000
28	185	0.000000	0.000000	0.000000
28	241	0.000000	0.000000	0.000000
28	243	0.000000	0.000000	0.000000
29	37	0.000000	0.000000	0.000000
29	119	0.000000	0.000000	0.000000
29	140	0.000000	0.000000	0.000000
29	150	0.000000	0.000000	0.000000
30	29	0.000000	0.000000	0.000000
30	42	0.000000	0.000000	0.000000
30	87	0.000000	0.000000	0.000000
30	88	0.000000	0.000000	0.000000
30	95	0.000000	0.000000	0.000000
30	106	0.000000	0.000000	0.000000
30	152	0.000000	0.000000	0.000000
30	191	0.000000	0.000000	0.000000
30	210	0.000000	0.000000	0.000000
30	215	0.000000	0.000000	0.000000
30	227	0.000000	0.000000	0.000000
31	7	0.000000	0.000000	0.000000
31	26	0.000000	0.000000	0.000000
31	32	0.000000	0.000000	0.000000
31	38	0.000000	0.000000	0.000000
31	53	0.000000	0.000000	0.000000
31	96	0.000000	0.000000	0.000000
31	100	0.000000	0.000000	0.000000
31	140	0.000000	0.000000	0.000000
31	199	0.000000	0.000000	0.000000
31	217	0.000000	0.000000	0.000000
31	236	0.000000	0.000000	0.000000
32	17	0.000000	0.000000	0.000000
32	34	0.000000	0.000000	0.000000
32	52	0.000000	0.000000	0.000000
32	60	0.000000	0.000000	0.000000
32	115	0.000000	0.000000	0.000000
32	159	0.000000	0.000000	0.000000
32	178	0.000000	0.000000	0.000000
32	248	0.000000	0.000000	0.000000
33	27	0.000000	0.000000	0.000000
33	51	0.000000	0.000000	0.000000
33	72	0.000000	0.000000	0.000000
33	157	0.000000	0.000000	0.000000
33	179	0.000000	0.000000	0.000000
33	197	0.000000	0.000000	0.000000
33	206	0.000000	0.000000	0.000000
33	211	0.000000	0.000000	0.000000
33	226	0.000000	0.000000	0.000000
33	247	0.000000	0.000000	0.000000
33	250	0.000000	0.000000	0.000000
34	7	0.000000	0.000000	0.000000
34	20	0.000000	0.000000	0.000000
34	34	0.000000	0.000000	0.000000
34	72	0.000000	0.000000	0.000000
34	137	0.000000	0.000000	0.000000
34	189	0.000000	0.000000	0.000000
34	203	0.000000	0.000000	0.000000
34	217	0.000000	0.000000	0.000000
34	220	0.000000	0.000000	0.000000
34	230	0.000000	0.000000	0.000000
35	136	0.000000	0.000000	0.000000
35	156	0.000000	0.000000	0.000000
36	55	0.000000	0.000000	0.000000
36	129	0.000000	0.000000	0.000000
36	201	0.000000	0.000000	0.000000
36	219	0.000000	0.000000	0.000000
36	222	0.000000	0.000000	0.000000
36	241	0.000000	0.000000	0.000000
36	247	0.000000	0.000000	0.000000
36	248	0.000000	0.000000	0.000000
37	20	0.000000	0.000000	0.000000
37	78	0.000000	0.000000	0.000000
37	89	0.000000	0.000000	0.000000
37	216	0.000000	0.000000	0.000000
37	247	0.000000	0.000000	0.000000
37	250	0.000000	0.000000	0.000000
38	18	0.000000	0.000000	0.000000
38	29	0.000000	0.000000	0.000000
38	53	0.000000	0.000000	0.000000
38	65	0.000000	0.000000	0.000000
38	93	0.000000	0.000000	0.000000
38	94	0.000000	0.000000	0.000000
38	98	0.000000	0.000000	0.000000
38	147	0.000000	0.000000	0.000000
38	157	0.000000	0.000000	0.000000
38	168	0.000000	0.000000	0.000000
38	175	0.000000	0.000000	0.000000
38	204	0.000000	0.000000	0.000000
38	206	0.000000	0.000000	0.000000
39	22	0.000000	0.000000	0.000000
39	31	0.000000	0.000000	0.000000
39	55	0.000000	0.000000	0.000000
39	72	0.000000	0.000000	0.000000
39	110	0.000000	0.000000	0.000000
39	137	0.000000	0.000000	0.000000
39	190	0.000000	0.000000	0.000000
39	196	0.000000	0.000000	0.000000
39	204	0.000000	0.000000	0.000000
39	250	0.000000	0.000000	0.000000
40	1	0.000000	0.000000	0.000000
40	92	0.000000	0.000000	0.000000
40	158	0.000000	0.000000	0.000000
40	223	0.000000	0.000000	0.000000
41	6	0.000000	0.000000	0.000000
41	29	0.000000	0.000000	0.000000
41	76	0.000000	0.000000	0.000000
41	158	0.000000	0.000000	0.000000
41	222	0.000000	0.000000	0.000000
42	3	0.000000	0.000000	0.000000
42	26	0.000000	0.000000	0.000000
42	51	0.000000	0.000000	0.000000
42	73	0.000000	0.000000	0.000000
42	80	0.000000	0.000000	0.000000
42	101	0.000000	0.000000	0.000000
42	105	0.000000	0.000000	0.000000
42	150	0.000000	0.000000	0.000000
42	189	0.000000	0.000000	0.000000
42	225	0.000000	0.000000	0.000000
43	5	0.000000	0.000000	0.000000
43	17	0.000000	0.000000	0.000000
43	30	0.000000	0.000000	0.000000
43	47	0.000000	0.000000	0.000000
43	77	0.000000	0.000000	0.000000
43	87	0.000000	0.000000	0.000000
43	122	0.000000	0.000000	0.000000
43	123	0.000000	0.000000	0.000000
43	190	0.000000	0.000000	0.000000
43	205	0.000000	0.000000	0.000000
44	22	0.000000	0.000000	0.000000
44	40	0.000000	0.000000	0.000000
44	72	0.000000	0.000000	0.000000
44	73	0.000000	0.000000	0.000000
44	104	0.000000	0.000000	0.000000
44	146	0.000000	0.000000	0.000000
44	174	0.000000	0.000000	0.000000
44	240	0.000000	0.000000	0.000000
45	18	0.000000	0.000000	0.000000
45	96	0.000000	0.000000	0.000000
45	97	0.000000	0.000000	0.000000
45	108	0.000000	0.000000	0.000000
45	137	0.000000	0.000000	0.000000
45	143	0.000000	0.000000	0.000000
46	17	0.000000	0.000000	0.000000
46	36	0.000000	0.000000	0.000000
46	57	0.000000	0.000000	0.000000
46	67	0.000000	0.000000	0.000000
46	117	0.000000	0.000000	0.000000
46	140	0.000000	0.000000	0.000000
46	196	0.000000	0.000000	0.000000
46	206	0.000000	0.000000	0.000000
46	209	0.000000	0.000000	0.000000
46	237	0.000000	0.000000	0.000000
46	255	0.000000	0.000000	0.000000
47	28	0.000000	0.000000	0.000000
47	61	0.000000	0.000000	0.000000
47	98	0.000000	0.000000	0.000000
47	153	0.000000	0.000000	0.000000
47	191	0.000000	0.000000	0.000000
47	212	0.000000	0.000000	0.000000
47	220	0.000000	0.000000	0.000000
47	251	0.000000	0.000000	0.000000
48	21	0.000000	0.000000	0.000000
48	35	0.000000	0.000000	0.000000
48	41	0.000000	0.000000	0.000000
48	84	0.000000	0.000000	0.000000
48	136	0.000000	0.000000	0.000000
48	142	0.000000	0.000000	0.000000
48	151	0.000000	0.000000	0.000000
48	160	0.000000	0.000000	0.000000
48	203	0.000000	0.000000	0.000000
48	207	0.000000	0.000000	0.000000
49	6	0.000000	0.000000	0.000000
49	22	0.000000	0.000000	0.000000
49	36	0.000000	0.000000	0.000000
49	39	0.000000	0.000000	0.000000
49	88	0.000000	0.000000	0.000000
49	147	0.000000	0.000000	0.000000
49	153	0.000000	0.000000	0.000000
49	169	0.000000	0.000000	0.000000
49	177	0.000000	0.000000	0.000000
49	218	0.000000	0.000000	0.000000
49	231	0.000000	0.000000	0.000000
49	238	0.000000	0.000000	0.000000
50	82	0.000000	0.000000	0.000000
50	123	0.000000	0.000000	0.000000
50	140	0.000000	0.000000	0.000000
50	179	0.000000	0.000000	0.000000
50	244	0.000000	0.000000	0.000000
51	1	0.000000	0.000000	0.000000
51	41	0.000000	0.000000	0.000000
51	90	0.000000	0.000000	0.000000
51	176	0.000000	0.000000	0.000000
51	227	0.000000	0.000000	0.000000
51	231	0.000000	0.000000	0.000000
51	241	0.000000	0.000000	0.000000
52	25	0.000000	0.000000	0.000000
52	41	0.000000	0.000000	0.000000
52	172	0.000000	0.000000	0.000000
52	182	0.000000	0.000000	0.000000
52	202	0.000000	0.000000	0.000000
53	61	0.000000	0.000000	0.000000
53	108	0.000000	0.000000	0.000000
53	131	0.000000	0.000000	0.000000
53	186	0.000000	0.000000	0.000000
53	251	0.000000	0.000000	0.000000
54	3	0.000000	0.000000	0.000000
54	48	0.000000	0.000000	0.000000
54	50	0.000000	0.000000	0.000000
54	53	0.000000	0.000000	0.000000
54	97	0.000000	0.000000	0.000000
54	127	0.000000	0.000000	0.000000
54	145	0.000000	0.000000	0.000000
54	174	0.000000	0.000000	0.000000
54	184	0.000000	0.000000	0.000000
54	204	0.000000	0.000000	0.000000
54	245	0.000000	0.000000	0.000000
55	41	0.000000	0.000000	0.000000
55	79	0.000000	0.000000	0.000000
55	87	0.000000	0.000000	0.000000
55	145	0.000000	0.000000	0.000000
55	170	0.000000	0.000000	0.000000
55	202	0.000000	0.000000	0.000000
55	203	0.000000	0.000000	0.000000
56	24	0.000000	0.000000	0.000000
56	82	0.000000	0.000000	0.000000
56	110	0.000000	0.000000	0.000000
56	147	0.000000	0.000000	0.000000
56	229	0.000000	0.000000	0.000000
57	17	0.000000	0.000000	0.000000
57	24	0.000000	0.000000	0.000000
57	46	0.000000	0.000000	0.000000
57	65	0.000000	0.000000	0.000000
57	74	0.000000	0.000000	0.000000
57	109	0.000000	0.000000	0.000000
57	134	0.000000	0.000000	0.000000
57	225	0.000000	0.000000	0.000000
58	36	0.000000	0.000000	0.000000
58	85	0.000000	0.000000	0.000000
58	133	0.000000	0.000000	0.000000
58	137	0.000000	0.000000	0.000000
58	196	0.000000	0.000000	0.000000
59	3	0.000000	0.000000	0.000000
59	20	0.000000	0.000000	0.000000
59	28	0.000000	0.000000	0.000000
59	144	0.000000	0.000000	0.000000
59	172	0.000000	0.000000	0.000000
59	184	0.000000	0.000000	0.000000
59	192	0.000000	0.000000	0.000000
59	220	0.000000	0.000000	0.000000
60	10	0.000000	0.000000	0.000000
60	16	0.000000	0.000000	0.000000
60	99	0.000000	0.000000	0.000000
60	128	0.000000	0.000000	0.000000
60	146	0.000000	0.000000	0.000000
60	208	0.000000	0.000000	0.000000
60	240	0.000000	0.000000	0.000000
60	252	0.000000	0.000000	0.000000
61	50	0.000000	0.000000	0.000000
61	100	0.000000	0.000000	0.000000
61	147	0.000000	0.000000	0.000000
61	158	0.000000	0.000000	0.000000
61	197	0.000000	0.000000	0.000000
61	236	0.000000	0.000000	0.000000
61	241	0.000000	0.000000	0.000000
61	245	0.000000	0.000000	0.000000
62	44	0.000000	0.000000	0.000000
62	55	0.000000	0.000000	0.000000
62	75	0.000000	0.000000	0.000000
62	79	0.000000	0.000000	0.000000
62	173	0.000000	0.000000	0.000000
62	202	0.000000	0.000000	0.000000
62	225	0.000000	0.000000	0.000000
62	239	0.000000	0.000000	0.000000
63	46	0.000000	0.000000	0.000000
63	59	0.000000	0.000000	0.000000
63	76	0.000000	0.000000	0.000000
63	161	0.000000	0.000000	0.000000
63	177	0.000000	0.000000	0.000000
63	208	0.000000	0.000000	0.000000
63	223	0.000000	0.000000	0.000000
63	232	0.000000	0.000000	0.000000
64	69	0.000000	0.000000	0.000000
64	95	0.000000	0.000000	0.000000
64	155	0.000000	0.000000	0.000000
64	207	0.000000	0.000000	0.000000
64	215	0.000000	0.000000	0.000000
65	39	0.000000	0.000000	0.000000
65	47	0.000000	0.000000	0.000000
65	52	0.000000	0.000000	0.000000
65	53	0.000000	0.000000	0.000000
65	80	0.000000	0.000000	0.000000
65	140	0.000000	0.000000	0.000000
65	174	0.000000	0.000000	0.000000
65	183	0.000000	0.000000	0.000000
66	47	0.000000	0.000000	0.000000
66	58	0.000000	0.000000	0.000000
66	70	0.000000	0.000000	0.000000
66	156	0.000000	0.000000	0.000000
66	194	0.000000	0.000000	0.000000
66	224	0.000000	0.000000	0.000000
66	226	0.000000	0.000000	0.000000
67	15	0.000000	0.000000	0.000000
67	20	0.000000	0.000000	0.000000
67	28	0.000000	0.000000	0.000000
67	40	0.000000	0.000000	0.000000
67	41	0.000000	0.000000	0.000000
67	42	0.000000	0.000000	0.000000
67	49	0.000000	0.000000	0.000000
67	59	0.000000	0.000000	0.000000
67	67	0.000000	0.000000	0.000000
67	71	0.000000	0.000000	0.000000
67	167	0.000000	0.000000	0.000000
67	220	0.000000	0.000000	0.000000
68	21	0.000000	0.000000	0.000000
68	33	0.000000	0.000000	0.000000
68	95	0.000000	0.000000	0.000000
68	126	0.000000	0.000000	0.000000
68	144	0.000000	0.000000	0.000000
68	177	0.000000	0.000000	0.000000
68	201	0.000000	0.000000	0.000000
68	212	0.000000	0.000000	0.000000
68	241	0.000000	0.000000	0.000000
69	7	0.000000	0.000000	0.000000
69	10	0.000000	0.000000	0.000000
69	99	0.000000	0.000000	0.000000
69	121	0.000000	0.000000	0.000000
69	134	0.000000	0.000000	0.000000
69	185	0.000000	0.000000	0.000000
69	215	0.000000	0.000000	0.000000
69	226	0.000000	0.000000	0.000000
70	17	0.000000	0.000000	0.000000
70	37	0.000000	0.000000	0.000000
70	39	0.000000	0.000000	0.000000
70	60	0.000000	0.000000	0.000000
70	163	0.000000	0.000000	0.000000
70	173	0.000000	0.000000	0.000000
70	247	0.000000	0.000000	0.000000
70	255	0.000000	0.000000	0.000000
71	9	0.000000	0.000000	0.000000
71	128	0.000000	0.000000	0.000000
71	170	0.000000	0.000000	0.000000
71	189	0.000000	0.000000	0.000000
71	204	0.000000	0.000000	0.000000
71	210	0.000000	0.000000	0.000000
71	229	0.000000	0.000000	0.000000
71	248	0.000000	0.000000	0.000000
72	33	0.000000	0.000000	0.000000
72	66	0.000000	0.000000	0.000000
72	89	0.000000	0.000000	0.000000
72	136	0.000000	0.000000	0.000000
72	179	0.000000	0.000000	0.000000
72	226	0.000000	0.000000	0.000000
73	64	0.000000	0.000000	0.000000
73	71	0.000000	0.000000	0.000000
73	165	0.000000	0.000000	0.000000
