u,v,true_S,trial,S_prime,var_hat
52,144,1,0,36.649413,132592.660860
52,144,1,1,41.088153,134064.285034
52,144,1,2,-276.512457,133600.403501
52,144,1,3,85.162379,135519.913293
52,144,1,4,39.377043,133136.521968
52,144,1,5,150.473278,134464.182907
52,144,1,6,-140.079649,134016.297289
52,144,1,7,113.387545,134304.223758
52,144,1,8,-435.893048,134768.105291
52,144,1,9,64.247635,136335.704954
52,144,1,10,295.571866,133968.309544
52,144,1,11,-291.650015,133808.350395
52,144,1,12,416.011561,134128.268694
52,144,1,13,314.809324,135359.954143
52,144,1,14,50.965239,135056.031760
52,144,1,15,650.258209,134592.150227
52,144,1,16,-227.677563,134832.088951
52,144,1,17,8.263284,134656.133886
52,144,1,18,118.131301,132512.681285
52,144,1,19,-273.285024,133168.513798
52,144,1,20,200.985459,133488.432096
52,144,1,21,-149.939824,134592.150227
52,144,1,22,-226.161240,133472.436181
52,144,1,23,132.430215,133408.452522
52,144,1,24,-295.733003,133776.358565
52,144,1,25,-607.700478,135120.015419
52,144,1,26,282.967150,132432.701711
52,144,1,27,192.658519,134272.231928
52,144,1,28,33.116964,136287.717209
52,144,1,29,52.142722,133824.346310
52,144,1,30,31.744693,135231.986824
52,144,1,31,-13.151265,136447.676359
52,144,1,32,-137.512984,135407.941888
52,144,1,33,242.171092,135247.982739
52,144,1,34,-441.365218,132112.783412
52,144,1,35,-244.526231,134112.272779
52,144,1,36,-782.235539,134928.064440
52,144,1,37,250.675908,135183.999079
52,144,1,38,492.393941,134400.199247
52,144,1,39,-357.994345,133680.383075
52,144,1,40,-244.704107,133392.456607
52,144,1,41,-1.952643,133792.354480
52,144,1,42,522.491181,133264.489287
52,144,1,43,95.344482,133248.493372
52,144,1,44,-149.939824,134592.150227
52,144,1,45,139.079869,134832.088951
52,144,1,46,29.000152,133120.526053
52,144,1,47,412.284324,135535.909208
52,144,1,48,-407.506918,132704.632265
52,144,1,49,-106.382313,135455.929633
52,144,1,50,-393.546843,133728.370820
52,144,1,51,167.999626,134928.064440
52,144,1,52,661.312779,134352.211503
52,144,1,53,-612.977861,134752.109376
52,144,1,54,-582.380818,132640.648605
52,144,1,55,-330.091107,134160.260523
52,144,1,56,-214.073240,134416.195162
52,144,1,57,-246.415217,132464.693541
52,144,1,58,186.186741,133568.411671
52,144,1,59,-38.182821,134096.276864
52,144,1,60,-273.107148,133888.329970
52,144,1,61,48.915289,134256.236013
52,144,1,62,63.697096,132608.656775
52,144,1,63,250.997836,133488.432096
52,144,1,64,167.821750,134208.248268
52,144,1,65,573.359113,133728.370820
52,144,1,66,-143.645922,134576.154312
52,144,1,67,255.792327,136399.688614
52,144,1,68,123.425596,134448.186992
52,144,1,69,-185.331359,133792.354480
52,144,1,70,296.427421,134432.191077
52,144,1,71,520.297179,134880.076695
52,144,1,72,335.563104,135391.945973
52,144,1,73,79.707121,134432.191077
52,144,1,74,121.197770,132928.575074
52,144,1,75,-423.821959,134144.264608
52,144,1,76,-184.636767,135104.019504
52,144,1,77,-149.262145,134336.215588
52,144,1,78,295.233026,134096.276864
52,144,1,79,-13.007212,134032.293204
52,144,1,80,-605.650528,135919.811166
52,144,1,81,-497.654586,133696.378990
52,144,1,82,508.548018,133808.350395
52,144,1,83,-770.164450,134304.223758
52,144,1,84,147.406809,134048.289119
52,144,1,85,-396.096597,133904.325885
52,144,1,86,44.332498,135199.994994
52,144,1,87,640.220159,134448.186992
52,144,1,88,346.261923,133712.374905
52,144,1,89,103.349494,134160.260523
52,144,1,90,587.641116,133056.542393
52,144,1,91,-343.695430,134576.154312
52,144,1,92,-104.366187,133120.526053
52,144,1,93,-2.113607,134640.137971
52,144,1,94,233.632452,132176.767072
52,144,1,95,268.041292,136495.664103
52,144,1,96,-714.535850,134544.162482
52,144,1,97,-412.767389,133904.325885
52,144,1,98,-310.887473,132416.705796
52,144,1,99,-535.934714,133200.505628
52,144,1,100,-153.167257,135024.039930
52,144,1,101,215.106498,133664.387161
52,144,1,102,-419.239167,133200.505628
52,144,1,103,-286.872436,135152.007249
52,144,1,104,535.095897,134800.097121
52,144,1,105,-229.227709,133056.542393
52,144,1,106,-468.057149,133536.419841
52,144,1,107,-201.663311,133664.387161
52,144,1,108,154.378391,133776.358565
52,144,1,109,229.066572,134688.125716
52,144,1,110,35.471930,133824.346310
52,144,1,111,403.423757,134160.260523
52,144,1,112,197.241310,133328.472947
52,144,1,113,-404.262573,133840.342225
52,144,1,114,697.026241,133456.440266
52,144,1,115,-480.483990,132720.628180
52,144,1,116,-290.277744,134864.080780
52,144,1,117,115.081743,133664.387161
52,144,1,118,-553.283185,133456.440266
52,144,1,119,-52.642699,134048.289119
52,144,1,120,367.871258,134208.248268
52,144,1,121,-105.026954,134944.060355
52,144,1,122,-27.966894,134960.056270
52,144,1,123,335.385229,134672.129801
52,144,1,124,-285.017273,133664.387161
52,144,1,125,-56.903563,133296.481117
52,144,1,126,15.751581,134976.052185
52,144,1,127,-487.455571,132992.558733
52,144,1,128,-434.376725,133408.452522
52,144,1,129,-563.660076,133440.444351
52,144,1,130,488.149989,135215.990909
52,144,1,131,-445.270331,132800.607754
52,144,1,132,864.572808,132352.722136
52,144,1,133,-339.629354,133040.546478
52,144,1,134,158.639254,134528.166567
52,144,1,135,643.091840,132576.664945
52,144,1,136,-129.897546,131744.877369
52,144,1,137,333.674118,133744.366735
52,144,1,138,56.225711,133856.338140
52,144,1,139,-378.570249,134368.207418
52,144,1,140,306.982187,135168.003164
52,144,1,141,-8.602296,132368.718051
52,144,1,142,358.688763,134528.166567
52,144,1,143,-606.362031,133040.546478
52,144,1,144,244.703934,133504.428011
52,144,1,145,230.582895,133328.472947
52,144,1,146,-583.041586,134464.182907
52,144,1,147,139.062957,133264.489287
52,144,1,148,39.554918,133856.338140
52,144,1,149,-292.683446,132624.652690
52,144,1,150,232.471881,134976.052185
52,144,1,151,-63.680357,135855.827506
52,144,1,152,71.041341,135343.958228
52,144,1,153,-520.780244,134560.158397
52,144,1,154,99.105542,134976.052185
52,144,1,155,212.912495,135279.974569
52,144,1,156,311.404015,135072.027675
52,144,1,157,-121.875622,134224.244183
52,144,1,158,215.962053,134128.268694
52,144,1,159,-323.458365,134016.297289
52,144,1,160,119.842411,133440.444351
52,144,1,161,155.733749,133264.489287
52,144,1,162,-448.158924,133104.530138
52,144,1,163,269.023987,132976.562818
52,144,1,164,338.273822,134368.207418
52,144,1,165,-228.338331,136655.623253
52,144,1,166,322.102833,133392.456607
52,144,1,167,1039.124780,134112.272779
52,144,1,168,92.311837,135967.798911
52,144,1,169,-102.316237,133920.321799
52,144,1,170,1034.025273,134464.182907
52,144,1,171,-461.407496,134960.056270
52,144,1,172,-234.132429,135695.868357
52,144,1,173,-363.432692,134160.260523
52,144,1,174,-252.192404,133072.538308
52,144,1,175,132.074464,131968.820178
52,144,1,176,622.354971,134112.272779
52,144,1,177,-390.997090,133552.415756
52,144,1,178,65.425118,135104.019504
52,144,1,179,-121.197943,133968.309544
52,144,1,180,602.973461,135136.011334
52,144,1,181,873.433376,133728.370820
52,144,1,182,-91.261667,133680.383075
52,144,1,183,-350.683923,133280.485202
52,144,1,184,376.198198,133424.448437
52,144,1,185,-126.992041,133008.554648
52,144,1,186,-70.330011,134432.191077
52,144,1,187,92.955692,132576.664945
52,144,1,188,-72.379961,133632.395331
52,144,1,189,-67.797169,132688.636350
52,144,1,190,-215.767438,135056.031760
52,144,1,191,-73.396480,134016.297289
52,144,1,192,35.294054,133104.530138
52,144,1,193,-579.119561,135343.958228
52,144,1,194,-139.401970,133760.362650
52,144,1,195,154.539354,132928.575074
52,144,1,196,-138.207575,134096.276864
52,144,1,197,-281.095249,134544.162482
52,144,1,198,-275.673814,132496.685370
52,144,1,199,114.565028,133072.538308
52,144,1,200,423.016966,136991.537466
52,144,1,201,275.478853,132112.783412
52,144,1,202,-285.533989,133072.538308
52,144,1,203,362.255035,133968.309544
52,144,1,204,483.050482,135567.901037
52,144,1,205,-17.784792,132688.636350
52,144,1,206,305.770881,133264.489287
52,144,1,207,613.011512,135279.974569
52,144,1,208,577.958817,134352.211503
52,144,1,209,-385.558743,133072.538308
52,144,1,210,526.057454,132704.632265
52,144,1,211,583.752915,135311.966399
52,144,1,212,-257.613839,135120.015419
52,144,1,213,58.936428,132832.599584
52,144,1,214,126.136313,133424.448437
52,144,1,215,-193.997139,134704.121631
52,144,1,216,-404.601413,133968.309544
52,144,1,217,-330.768786,134416.195162
52,144,1,218,439.992775,133728.370820
52,144,1,219,380.298098,135024.039930
52,144,1,220,993.873071,133888.329970
52,144,1,221,364.965753,132944.570989
52,144,1,222,493.232585,133296.481117
52,144,1,223,-295.733003,133776.358565
52,144,1,224,-730.884715,132848.595499
52,144,1,225,-63.019589,134032.293204
52,144,1,226,466.362778,134000.301374
52,144,1,227,-144.340513,133264.489287
52,144,1,228,508.209179,133936.317714
52,144,1,229,-220.866945,135407.941888
52,144,1,230,53.337117,134160.260523
52,144,1,231,181.426073,133792.354480
52,144,1,232,71.879984,134240.240098
52,144,1,233,553.460888,134160.260523
52,144,1,234,171.066095,135343.958228
52,144,1,235,25.933683,132704.632265
52,144,1,236,90.744778,132624.652690
52,144,1,237,672.206385,134960.056270
52,144,1,238,-157.766961,134400.199247
52,144,1,239,-3.646841,134432.191077
52,144,1,240,762.337140,132400.709881
52,144,1,241,-353.555605,135152.007249
52,144,1,242,-617.738529,134976.052185
52,144,1,243,-654.841174,133248.493372
52,144,1,244,-632.376283,134208.248268
52,144,1,245,67.619120,133488.432096
52,144,1,246,-510.598141,132288.738476
52,144,1,247,-33.777905,132432.701711
52,144,1,248,-29.855881,133312.477032
52,144,1,249,-439.976036,134736.113461
52,144,1,250,-129.880635,133312.477032
52,144,1,251,255.241788,132672.640435
52,144,1,252,378.586988,134096.276864
52,144,1,253,307.820831,134064.285034
52,144,1,254,-475.189695,134656.133886
52,144,1,255,-110.660089,133136.521968
52,144,1,256,-585.574427,136207.737635
52,144,1,257,700.092710,133872.334055
52,144,1,258,341.501255,133936.317714
52,144,1,259,-422.610652,136047.778485
52,144,1,260,-252.853171,134896.072610
52,144,1,261,-289.616977,133040.546478
52,144,1,262,-120.681227,134560.158397
52,144,1,263,25.433880,133680.383075
52,144,1,264,332.301848,132688.636350
52,144,1,265,289.438928,133136.521968
52,144,1,266,-211.362522,133392.456607
52,144,1,267,55.353244,131824.856943
52,144,1,268,-874.450068,133552.415756
52,144,1,269,-493.732561,134576.154312
52,144,1,270,389.980397,133728.370820
52,144,1,271,-811.333171,134112.272779
52,144,1,272,1.257878,131792.865113
52,144,1,273,70.685589,133904.325885
52,144,1,274,-98.733052,134928.064440
52,144,1,275,41.604868,134656.133886
52,144,1,276,179.731875,134432.191077
52,144,1,277,-380.975951,132128.779327
52,144,1,278,-163.400095,132592.660860
52,144,1,279,425.693860,132832.599584
52,144,1,280,-318.697698,133792.354480
52,144,1,281,-188.914543,132784.611839
52,144,1,282,-51.287340,133536.419841
52,144,1,283,13.862594,133328.472947
52,144,1,284,-282.628483,134336.215588
52,144,1,285,193.691949,135455.929633
52,144,1,286,204.229804,134624.142056
52,144,1,287,158.300415,134656.133886
52,144,1,288,793.484723,134016.297289
52,144,1,289,-431.649096,133952.313629
52,144,1,290,87.034454,135599.892867
52,144,1,291,-373.114991,135455.929633
52,144,1,292,-321.425327,133248.493372
52,144,1,293,-524.524392,134400.199247
52,144,1,294,583.558128,133024.550563
52,144,1,295,-435.893048,134768.105291
52,144,1,296,-318.020018,133536.419841
52,144,1,297,-305.432214,133504.428011
52,144,1,298,449.514110,133280.485202
52,144,1,299,305.093201,133520.423926
52,144,1,300,-212.040202,133648.391246
52,144,1,301,-113.048878,132464.693541
52,144,1,302,188.753406,134960.056270
52,144,1,303,-74.590875,133680.383075
52,144,1,304,203.018497,132720.628180
52,144,1,305,-580.830672,134416.195162
52,144,1,306,327.541180,132912.579159
52,144,1,307,351.378342,134928.064440
52,144,1,308,-405.456968,133504.428011
52,144,1,309,286.211495,133568.411671
52,144,1,310,-193.336371,132880.587329
52,144,1,311,483.711250,133744.366735
52,144,1,312,-1017.676582,134128.268694
52,144,1,313,-155.217207,134224.244183
52,144,1,314,-505.142883,133376.460692
52,144,1,315,-335.207526,132944.570989
52,144,1,316,64.908402,134512.170652
52,144,1,317,39.571830,135423.937803
52,144,1,318,123.069844,133008.554648
52,144,1,319,-153.861848,133712.374905
52,144,1,320,-660.279521,133728.370820
52,144,1,321,-305.787965,132064.795667
52,144,1,322,151.650761,133232.497457
52,144,1,323,159.139058,133552.415756
52,144,1,324,-37.505141,133840.342225
52,144,1,325,251.514551,134080.280949
52,144,1,326,-361.204866,135679.872442
52,144,1,327,147.067969,134176.256438
52,144,1,328,656.374235,133856.338140
52,144,1,329,730.706666,133328.472947
52,144,1,330,-410.895315,133984.305459
52,144,1,331,18.962102,132976.562818
52,144,1,332,-458.874654,133216.501542
52,144,1,333,-429.260306,134624.142056
52,144,1,334,-118.148386,132816.603669
52,144,1,335,-268.185517,132816.603669
52,144,1,336,125.297670,134528.166567
52,144,1,337,-167.805011,134256.236013
52,144,1,338,-96.344262,135599.892867
52,144,1,339,299.138139,133408.452522
52,144,1,340,-284.856309,132816.603669
52,144,1,341,-580.991636,135263.978654
52,144,1,342,-119.842584,133456.440266
52,144,1,343,-114.048486,134416.195162
52,144,1,344,34.116571,134336.215588
52,144,1,345,337.257303,134752.109376
52,144,1,346,422.288551,132544.673115
52,144,1,347,-206.923783,134864.080780
52,144,1,348,-188.219952,134096.276864
52,144,1,349,-611.605591,135807.839761
52,144,1,350,651.274728,134208.248268
52,144,1,351,-112.871003,133184.509713
52,144,1,352,-254.920033,132528.677200
52,144,1,353,715.052393,132944.570989
52,144,1,354,-215.089759,134800.097121
52,144,1,355,-134.124587,134128.268694
52,144,1,356,402.907041,133568.411671
52,144,1,357,-220.011390,135871.823421
52,144,1,358,208.295880,133088.534223
52,144,1,359,-558.221729,132960.566904
52,144,1,360,559.415950,134272.231928
52,144,1,361,-411.412030,133392.456607
52,144,1,362,104.027174,133904.325885
52,144,1,363,231.955166,134384.203332
52,144,1,364,92.989516,135711.864272
52,144,1,365,5.357778,133392.456607
52,144,1,366,474.689718,133216.501542
52,144,1,367,-41.926969,133936.317714
52,144,1,368,691.249055,134064.285034
52,144,1,369,-98.733052,134928.064440
52,144,1,370,151.150958,134208.248268
52,144,1,371,-185.670198,133920.321799
52,144,1,372,-296.410682,134032.293204
52,144,1,373,44.332498,135199.994994
52,144,1,374,-861.362460,132544.673115
52,144,1,375,10.635161,133760.362650
52,144,1,376,471.640161,134368.207418
52,144,1,377,358.333011,133088.534223
52,144,1,378,803.878525,135599.892867
52,144,1,379,-277.334189,136271.721294
52,144,1,380,152.862068,135136.011334
52,144,1,381,35.649806,134544.162482
52,144,1,382,25.111952,135375.950058
52,144,1,383,-277.706852,133264.489287
52,144,1,384,-72.524013,136047.778485
52,144,1,385,609.267364,135120.015419
52,144,1,386,-487.116731,132864.591414
52,144,1,387,52.659438,134416.195162
52,144,1,388,-539.839826,133888.329970
52,144,1,389,-287.905866,133968.309544
52,144,1,390,-264.424457,134544.162482
52,144,1,391,139.079869,134832.088951
52,144,1,392,270.396258,134032.293204
52,144,1,393,-58.597762,133936.317714
52,144,1,394,189.592050,133856.338140
52,144,1,395,-38.860500,134352.211503
52,144,1,396,-339.968193,133168.513798
52,144,1,397,558.060592,134784.101206
52,144,1,398,10.296322,133888.329970
52,144,1,399,0.436147,134464.182907
52,144,1,400,-163.044344,134032.293204
52,144,1,401,-837.186459,134432.191077
52,144,1,402,-380.603288,135136.011334
52,144,1,403,-397.807707,132976.562818
52,144,1,404,35.649806,134544.162482
52,144,1,405,84.967592,133232.497457
52,144,1,406,-1142.182353,135503.917378
52,144,1,407,-75.946233,134192.252353
52,144,1,408,187.203260,133184.509713
52,144,1,409,-154.683580,136383.692699
52,144,1,410,506.853820,134448.186992
52,144,1,411,-308.820611,134784.101206
52,144,1,412,667.428805,133616.399416
52,144,1,413,-683.066340,134464.182907
52,144,1,414,141.112907,134064.285034
52,144,1,415,424.838305,132368.718051
52,144,1,416,407.328869,133472.436181
52,144,1,417,-39.377216,133760.362650
52,144,1,418,-500.365303,134720.117546
52,144,1,419,-545.955852,134624.142056
52,144,1,420,-117.453794,134128.268694
52,144,1,421,-277.351100,134704.121631
52,144,1,422,396.774103,132736.624094
52,144,1,423,158.283503,133088.534223
52,144,1,424,397.129855,134176.256438
52,144,1,425,455.985888,133984.305459
52,144,1,426,-192.480816,133344.468862
52,144,1,427,219.528325,133568.411671
52,144,1,428,344.372936,132064.795667
52,144,1,429,-147.373159,135983.794826
52,144,1,430,118.825892,133824.346310
52,144,1,431,545.972591,133840.342225
52,144,1,432,287.566854,133056.542393
52,144,1,433,-468.057149,133536.419841
52,144,1,434,-334.512935,134256.236013
52,144,1,435,234.682795,134928.064440
52,144,1,436,739.906073,134576.154312
52,144,1,437,-755.704571,134352.211503
52,144,1,438,144.696092,135072.027675
52,144,1,439,-378.053534,134960.056270
52,144,1,440,153.700711,134032.293204
52,144,1,441,-211.362522,133392.456607
52,144,1,442,-91.244755,135247.982739
52,144,1,443,-573.181411,133888.329970
52,144,1,444,-466.185075,133616.399416
52,144,1,445,-481.661473,133952.313629
52,144,1,446,549.716740,134000.301374
52,144,1,447,570.131680,134160.260523
52,144,1,448,716.924467,133024.550563
52,144,1,449,246.254080,135279.974569
52,144,1,450,-484.050262,133280.485202
52,144,1,451,-97.038854,134288.227843
52,144,1,452,92.633764,134272.231928
52,144,1,453,-470.784779,132992.558733
52,144,1,454,88.034061,133648.391246
52,144,1,455,617.094500,135311.966399
52,144,1,456,-246.237341,133184.509713
52,144,1,457,-450.886553,132560.669030
52,144,1,458,-339.095727,135199.994994
52,144,1,459,-23.561978,133296.481117
52,144,1,460,50.948328,133488.432096
52,144,1,461,437.798772,135343.958228
52,144,1,462,158.139451,135503.917378
52,144,1,463,-47.882032,133824.346310
52,144,1,464,364.482861,135487.921463
52,144,1,465,-56.386848,133888.329970
52,144,1,466,-315.986980,132768.615924
52,144,1,467,465.507223,133536.419841
52,144,1,468,-19.961882,135871.823421
52,144,1,469,394.580101,134352.211503
52,144,1,470,-198.757806,134928.064440
52,144,1,471,-321.942042,132656.644520
52,144,1,472,397.129855,134176.256438
52,144,1,473,398.857877,136671.619168
52,144,1,474,207.829900,137199.484360
52,144,1,475,-417.544969,132560.669030
52,144,1,476,152.684192,134416.195162
52,144,1,477,52.676350,135983.794826
52,144,1,478,236.360082,132720.628180
52,144,1,479,7.424640,135759.852017
52,144,1,480,-251.158973,134256.236013
52,144,1,481,-278.545495,134368.207418
52,144,1,482,-154.378564,133120.526053
52,144,1,483,-336.901724,133584.407586
52,144,1,484,417.383832,135183.999079
52,144,1,485,-227.177759,133856.338140
52,144,1,486,-289.777941,133888.329970
52,144,1,487,-124.603252,133680.383075
52,144,1,488,-711.986097,134368.207418
52,144,1,489,263.441588,135871.823421
52,144,1,490,777.508522,135327.962313
52,144,1,491,176.665406,134016.297289
52,144,1,492,298.299495,134512.170652
52,144,1,493,139.918512,133728.370820
52,144,1,494,42.799263,134992.048100
52,144,1,495,-16.056770,135183.999079
52,144,1,496,129.541622,133712.374905
52,144,1,497,-66.424898,133744.366735
52,144,1,498,27.483830,134480.178822
52,144,1,499,164.077601,134048.289119
52,144,1,500,168.338465,134800.097121
52,144,1,501,137.385670,135471.925548
52,144,1,502,46.365536,134432.191077
52,144,1,503,-587.997041,132400.709881
52,144,1,504,518.230317,132512.681285
52,144,1,505,460.068876,134016.297289
52,144,1,506,-74.412999,134400.199247
52,144,1,507,-234.843932,132816.603669
52,144,1,508,176.487530,133296.481117
52,144,1,509,-215.589562,135775.847932
52,144,1,510,-409.362080,134192.252353
52,144,1,511,9.796518,134864.080780
52,144,1,512,-250.320330,133152.517883
52,144,1,513,-105.187918,135791.843846
52,144,1,514,130.736017,134048.289119
52,144,1,515,117.792461,132640.648605
52,144,1,516,160.494417,133040.546478
52,144,1,517,-495.426760,135215.990909
52,144,1,518,114.581940,134640.137971
52,144,1,519,7.068889,134320.219673
52,144,1,520,-429.971809,131744.877369
52,144,1,521,519.958339,135008.044015
52,144,1,522,467.718137,133488.432096
52,144,1,523,95.022554,134944.060355
52,144,1,524,430.488351,135743.856102
52,144,1,525,446.269765,132144.775242
52,144,1,526,-269.862803,135024.039930
52,144,1,527,-81.045741,134544.162482
52,144,1,528,28.500349,134096.276864
52,144,1,529,659.618580,134992.048100
52,144,1,530,-320.230932,133584.407586
52,144,1,531,55.065139,136655.623253
52,144,1,532,-45.171314,132800.607754
52,144,1,533,359.188566,133552.415756
52,144,1,534,-121.181031,135535.909208
52,144,1,535,38.877239,134112.272779
52,144,1,536,525.218811,133808.350395
52,144,1,537,-58.936601,134064.285034
52,144,1,538,-346.423060,134032.293204
52,144,1,539,270.235294,134880.076695
52,144,1,540,-684.438610,133408.452522
52,144,1,541,-530.979258,135263.978654
52,144,1,542,139.918512,133728.370820
52,144,1,543,-311.726116,133520.423926
52,144,1,544,601.245439,132640.648605
52,144,1,545,-279.578926,133184.509713
52,144,1,546,142.824017,134992.048100
52,144,1,547,-155.217207,134224.244183
52,144,1,548,319.730955,134288.227843
52,144,1,549,-145.678960,135343.958228
52,144,1,550,-725.429456,133936.317714
52,144,1,551,-488.294214,134096.276864
52,144,1,552,26.128471,134992.048100
52,144,1,553,-106.255173,131472.946815
52,144,1,554,-101.816433,132944.570989
52,144,1,555,-80.029222,134160.260523
52,144,1,556,-14.362571,134544.162482
52,144,1,557,575.925779,135120.015419
52,144,1,558,-475.028731,133808.350395
52,144,1,559,-205.407460,133504.428011
52,144,1,560,418.222475,134080.280949
52,144,1,561,-141.612884,133808.350395
52,144,1,562,1301.579682,131792.865113
52,144,1,563,444.931318,134224.244183
52,144,1,564,-841.625199,132960.566904
52,144,1,565,-123.086929,132320.730306
52,144,1,566,9.635554,135711.864272
52,144,1,567,529.640638,133712.374905
52,144,1,568,661.990458,134096.276864
52,144,1,569,171.904738,134240.240098
52,144,1,570,-414.283712,135263.978654
52,144,1,571,-176.631755,136015.786656
52,144,1,572,199.630100,134000.301374
52,144,1,573,-240.265367,134864.080780
52,144,1,574,11.829556,134096.276864
52,144,1,575,404.618152,134496.174737
52,144,1,576,335.207353,133952.313629
52,144,1,577,-314.775673,134672.129801
52,144,1,578,-395.063166,135088.023589
52,144,1,579,46.009784,132992.558733
52,144,1,580,316.164683,134848.084865
52,144,1,581,337.918070,132928.575074
52,144,1,582,541.228835,135631.884697
52,144,1,583,270.396258,134032.293204
52,144,1,584,-212.523093,136191.741720
52,144,1,585,103.688334,134032.293204
52,144,1,586,928.545260,133376.460692
52,144,1,587,408.184424,133936.317714
52,144,1,588,320.747474,133904.325885
52,144,1,589,-33.244277,134592.150227
52,144,1,590,-235.360648,132224.754817
52,144,1,591,-354.589036,133968.309544
52,144,1,592,173.099133,134576.154312
52,144,1,593,371.954246,134240.240098
52,144,1,594,179.731875,134432.191077
52,144,1,595,294.055543,135327.962313
52,144,1,596,-240.943047,135120.015419
52,144,1,597,224.128029,134192.252353
52,144,1,598,88.050973,135215.990909
52,144,1,599,113.226581,135152.007249
52,144,1,600,-186.669806,135871.823421
52,144,1,601,366.676863,133872.334055
52,144,1,602,191.963927,132960.566904
52,144,1,603,-171.032444,134688.125716
52,144,1,604,-68.296972,133664.387161
52,144,1,605,382.669976,134128.268694
52,144,1,606,-603.295562,133456.440266
52,144,1,607,-198.418966,134800.097121
52,144,1,608,9.635554,135711.864272
52,144,1,609,287.761641,135343.958228
52,144,1,610,-2.630322,134048.289119
52,144,1,611,-932.450546,134208.248268
52,144,1,612,404.779116,133648.391246
52,144,1,613,-390.319410,133296.481117
52,144,1,614,-111.320856,134960.056270
52,144,1,615,13.540667,135024.039930
52,144,1,616,-962.369910,136063.774400
52,144,1,617,-111.320856,134960.056270
52,144,1,618,-436.265711,131760.873284
52,144,1,619,229.244448,135407.941888
52,144,1,620,200.146816,134592.150227
52,144,1,621,198.935509,132688.636350
52,144,1,622,-432.665615,134336.215588
52,144,1,623,-29.678005,134032.293204
52,144,1,624,-222.400180,135199.994994
52,144,1,625,-773.552847,135583.896952
52,144,1,626,174.293528,134912.068525
52,144,1,627,101.477420,134080.280949
52,144,1,628,179.892839,133584.407586
52,144,1,629,372.132122,134960.056270
52,144,1,630,-544.278566,132416.705796
52,144,1,631,-284.339594,133408.452522
52,144,1,632,639.525567,133136.521968
52,144,1,633,683.582882,133024.550563
52,144,1,634,-39.538180,134608.146142
52,144,1,635,121.231593,136063.774400
52,144,1,636,141.290783,134784.101206
52,144,1,637,49.110077,136543.651848
52,144,1,638,62.163861,132400.709881
52,144,1,639,171.066095,135343.958228
52,144,1,640,69.491194,133568.411671
52,144,1,641,531.690588,134512.170652
52,144,1,642,-105.543670,134352.211503
52,144,1,643,221.917115,134240.240098
52,144,1,644,-612.139218,133648.391246
52,144,1,645,92.472801,135120.015419
52,144,1,646,-130.736190,132848.595499
52,144,1,647,187.719975,133776.358565
52,144,1,648,-692.265747,133216.501542
52,144,1,649,177.681925,133632.395331
52,144,1,650,-96.361174,134032.293204
52,144,1,651,191.641999,134656.133886
52,144,1,652,383.186692,134720.117546
52,144,1,653,309.337153,132704.632265
52,144,1,654,-34.116744,132560.669030
52,144,1,655,734.967530,134080.280949
52,144,1,656,41.266029,134784.101206
52,144,1,657,-126.136486,133472.436181
52,144,1,658,704.531450,135343.958228
52,144,1,659,-87.873270,132400.709881
52,144,1,660,843.674976,134736.113461
52,144,1,661,-473.834336,134144.264608
52,144,1,662,181.265109,134640.137971
52,144,1,663,-48.703763,136495.664103
52,144,1,664,476.756580,135583.896952
52,144,1,665,4.502223,132928.575074
52,144,1,666,436.765342,134160.260523
52,144,1,667,407.345781,135040.035845
52,144,1,668,175.132171,133808.350395
52,144,1,669,246.415044,134432.191077
52,144,1,670,-339.095727,135199.994994
52,144,1,671,-367.015876,133152.517883
52,144,1,672,-13.346052,134160.260523
52,144,1,673,-192.125064,134784.101206
52,144,1,674,20.173408,134880.076695
52,144,1,675,-128.703152,132080.791582
52,144,1,676,138.885081,132544.673115
52,144,1,677,-8.924224,134064.285034
52,144,1,678,152.667280,132848.595499
52,144,1,679,182.798344,134848.084865
52,144,1,680,60.486575,134608.146142
52,144,1,681,87.695221,133776.358565
52,144,1,682,590.207782,134448.186992
52,144,1,683,202.196766,135391.945973
52,144,1,684,230.083091,134304.223758
52,144,1,685,350.006071,133872.334055
52,144,1,686,470.606730,133184.509713
52,144,1,687,93.811247,133040.546478
52,144,1,688,203.713088,134032.293204
52,144,1,689,-351.344691,135104.019504
52,144,1,690,320.247671,134880.076695
52,144,1,691,87.373293,135471.925548
52,144,1,692,-318.358858,133664.387161
52,144,1,693,337.579231,133056.542393
52,144,1,694,-135.141106,134512.170652
52,144,1,695,-240.248455,136431.680444
52,144,1,696,-444.736703,134960.056270
52,144,1,697,-447.464333,134416.195162
52,144,1,698,-79.368454,132336.726221
52,144,1,699,311.387103,133504.428011
52,144,1,700,216.300892,134000.301374
52,144,1,701,80.740551,135615.888782
52,144,1,702,-553.088398,135743.856102
52,144,1,703,-48.220871,133952.313629
52,144,1,704,434.893267,134080.280949
52,144,1,705,684.777277,133360.464777
52,144,1,706,106.754803,134448.186992
52,144,1,707,-114.209450,135263.978654
52,144,1,708,-137.529896,133840.342225
52,144,1,709,226.482995,131728.881454
52,144,1,710,-466.862754,133872.334055
52,144,1,711,148.601204,134384.203332
52,144,1,712,385.897409,133696.378990
52,144,1,713,134.641129,133360.464777
52,144,1,714,285.372852,134672.129801
52,144,1,715,-280.578533,135136.011334
52,144,1,716,-11.973781,135215.990909
52,144,1,717,314.453572,133920.321799
52,144,1,718,15.056989,133664.387161
52,144,1,719,-216.961833,134720.117546
52,144,1,720,461.424234,133504.428011
52,144,1,721,-68.119097,134384.203332
52,144,1,722,-359.705455,132752.620009
52,144,1,723,-33.921957,134848.084865
52,144,1,724,181.781825,135231.986824
52,144,1,725,223.450350,134448.186992
52,144,1,726,-588.335880,132528.677200
52,144,1,727,182.281628,134256.236013
52,144,1,728,516.536119,133152.517883
52,144,1,729,-683.938807,132432.701711
52,144,1,730,-544.600494,134112.272779
52,144,1,731,153.522835,133312.477032
52,144,1,732,14.184522,131632.905964
52,144,1,733,-108.271299,133808.350395
52,144,1,734,-515.502861,134928.064440
52,144,1,735,14.218346,134768.105291
52,144,1,736,665.056927,134512.170652
52,144,1,737,173.598937,133600.403501
52,144,1,738,-67.441417,134128.268694
52,144,1,739,1029.442481,135407.941888
52,144,1,740,155.928537,135551.905122
52,144,1,741,447.464160,132480.689456
52,144,1,742,-197.758199,132976.562818
52,144,1,743,-195.030570,133520.423926
52,144,1,744,219.706201,134288.227843
52,144,1,745,284.000581,133616.399416
52,144,1,746,690.071572,135295.970484
52,144,1,747,-588.479932,134944.060355
52,144,1,748,192.319679,134400.199247
52,144,1,749,-316.114120,136751.598742
52,144,1,750,323.974907,133472.436181
52,144,1,751,-153.878760,132144.775242
52,144,1,752,125.297670,134528.166567
52,144,1,753,-237.893489,133968.309544
52,144,1,754,-71.702281,133376.460692
52,144,1,755,-611.283663,134112.272779
52,144,1,756,-32.905438,134464.182907
52,144,1,757,501.059721,133488.432096
52,144,1,758,475.562185,135247.982739
52,144,1,759,68.652551,134672.129801
52,144,1,760,-583.736177,133152.517883
52,144,1,761,229.566376,133712.374905
52,144,1,762,-53.820182,135279.974569
52,144,1,763,-156.555654,136303.713124
52,144,1,764,8.619035,136095.766230
52,144,1,765,126.475153,133296.481117
52,144,1,766,965.486941,135951.802996
52,144,1,767,-80.190185,135008.044015
52,144,1,768,279.078949,134688.125716
52,144,1,769,-68.635812,133792.354480
52,144,1,770,-317.342339,133280.485202
52,144,1,771,378.248148,134224.244183
52,144,1,772,772.714030,132416.705796
52,144,1,773,-240.443243,134144.264608
52,144,1,774,-49.237390,134336.215588
52,144,1,775,431.149119,133920.321799
52,144,1,776,-83.790282,132432.701711
52,144,1,777,503.287547,135008.044015
52,144,1,778,456.324727,133856.338140
52,144,1,779,-633.231838,133744.366735
52,144,1,780,-486.066389,135615.888782
52,144,1,781,-237.749437,131552.926390
52,144,1,782,-193.319459,134448.186992
52,144,1,783,122.231201,134112.272779
52,144,1,784,551.910742,132384.713966
52,144,1,785,-502.915057,134896.072610
52,144,1,786,-840.930607,134272.231928
52,144,1,787,-144.518389,132544.673115
52,144,1,788,-153.345133,134304.223758
52,144,1,789,-624.904898,132960.566904
52,144,1,790,54.692476,133648.391246
52,144,1,791,-342.340071,134064.285034
52,144,1,792,-543.084171,132752.620009
52,144,1,793,-132.947104,132896.583244
52,144,1,794,-435.732084,133920.321799
52,144,1,795,-284.000754,133280.485202
52,144,1,796,455.630136,132544.673115
52,144,1,797,-81.562456,133952.313629
52,144,1,798,-419.578007,133328.472947
52,144,1,799,14.879114,132944.570989
52,144,1,800,-410.200724,135295.970484
52,144,1,801,-230.744032,134416.195162
52,144,1,802,89.728259,133008.554648
52,144,1,803,-346.939775,133440.444351
52,144,1,804,-277.368012,133136.521968
52,144,1,805,-291.150211,132832.599584
52,144,1,806,-25.239265,135503.917378
52,144,1,807,451.403096,134928.064440
52,144,1,808,-713.680295,135008.044015
52,144,1,809,-200.274129,136287.717209
52,144,1,810,-132.252513,134208.248268
52,144,1,811,-12.990301,135599.892867
52,144,1,812,377.587381,136047.778485
52,144,1,813,-46.187833,133184.509713
52,144,1,814,433.199069,134720.117546
52,144,1,815,-46.348797,134032.293204
52,144,1,816,-401.518032,135951.802996
52,144,1,817,112.371026,134688.125716
52,144,1,818,23.434665,137583.386319
52,144,1,819,-368.354323,135231.986824
52,144,1,820,-50.753713,135695.868357
52,144,1,821,618.111019,134928.064440
52,144,1,822,123.247720,133728.370820
52,144,1,823,-19.978794,134304.223758
52,144,1,824,193.353110,135583.896952
52,144,1,825,141.646534,136223.733550
52,144,1,826,-466.684879,134592.150227
52,144,1,827,31.727782,133664.387161
52,144,1,828,797.067907,135024.039930
52,144,1,829,-822.904456,133760.362650
52,144,1,830,-35.794031,134768.105291
52,144,1,831,62.536525,135407.941888
52,144,1,832,-251.836652,134512.170652
52,144,1,833,-647.852681,134544.162482
52,144,1,834,-186.686717,134304.223758
52,144,1,835,-264.424457,134544.162482
52,144,1,836,-19.656866,132608.656775
52,144,1,837,-257.952679,135247.982739
52,144,1,838,-219.689462,134176.256438
52,144,1,839,-350.683923,133280.485202
52,144,1,840,29.355904,134560.158397
52,144,1,841,495.977126,135407.941888
52,144,1,842,-484.905817,132816.603669
52,144,1,843,-124.264412,133552.415756
52,144,1,844,-93.133741,133600.403501
52,144,1,845,-788.029637,133968.309544
52,144,1,846,-508.531279,134656.133886
52,144,1,847,-678.127796,134960.056270
52,144,1,848,-82.401099,135056.031760
52,144,1,849,55.387067,134960.056270
52,144,1,850,-304.043032,136127.758060
52,144,1,851,-692.587675,134912.068525
52,144,1,852,-84.273174,134976.052185
52,144,1,853,7.585604,134912.068525
52,144,1,854,92.633764,134272.231928
52,144,1,855,-277.190136,133856.338140
52,144,1,856,361.060641,133632.395331
52,144,1,857,-373.309778,133168.513798
52,144,1,858,-815.255195,133232.497457
52,144,1,859,-365.304766,134080.280949
52,144,1,860,687.504906,133904.325884
52,144,1,861,-39.021464,135199.994994
52,144,1,862,151.811725,132384.713966
52,144,1,863,-101.977397,133792.354480
52,144,1,864,31.566818,134512.170652
52,144,1,865,-280.934285,133696.378990
52,144,1,866,-93.116829,135168.003164
52,144,1,867,-290.438708,135711.864272
52,144,1,868,-80.384973,132720.628180
52,144,1,869,-437.942998,133968.309544
52,144,1,870,-118.826065,133072.538308
52,144,1,871,379.603507,133712.374905
52,144,1,872,-495.782511,133776.358565
52,144,1,873,-145.534908,132928.575074
52,144,1,874,225.161460,135375.950058
52,144,1,875,-635.425840,135359.954143
52,144,1,876,492.766605,137407.431255
52,144,1,877,312.081694,134816.093036
52,144,1,878,-186.170002,134896.072610
52,144,1,879,299.299103,132560.669030
52,144,1,880,157.622735,134912.068525
52,144,1,881,-71.541317,132528.677200
52,144,1,882,-857.779276,133552.415756
52,144,1,883,7.907532,133216.501542
52,144,1,884,440.865242,135759.852017
52,144,1,885,112.692954,132992.558733
52,144,1,886,-353.911356,133712.374905
52,144,1,887,-159.300195,134192.252353
52,144,1,888,-85.806408,134768.105291
52,144,1,889,339.307253,135551.905122
52,144,1,890,187.203260,133184.509713
52,144,1,891,558.399431,134656.133886
52,144,1,892,-408.345561,133808.350395
52,144,1,893,-195.208445,132800.607754
52,144,1,894,-6.874274,134864.080780
52,144,1,895,-177.148471,135423.937803
52,144,1,896,43.798870,133040.546478
52,144,1,897,-167.805011,134256.236013
52,144,1,898,178.020764,133504.428011
52,144,1,899,-240.943047,135120.015419
52,144,1,900,370.099084,135727.860187
52,144,1,901,156.784092,136015.786656
52,144,1,902,-221.883465,135791.843846
52,144,1,903,-557.205210,132576.664945
52,144,1,904,-220.722893,132992.558733
52,144,1,905,422.822179,134704.121631
52,144,1,906,206.440718,134576.154312
52,144,1,907,647.208652,135743.856102
52,144,1,908,108.127074,135503.917378
52,144,1,909,-396.935240,135008.044015
52,144,1,910,35.988646,134416.195162
52,144,1,911,-136.479553,136591.639593
52,144,1,912,35.827682,135263.978654
52,144,1,913,755.882274,133264.489287
52,144,1,914,215.978965,135695.868357
52,144,1,915,-72.379961,133632.395331
52,144,1,916,-40.054895,134016.297289
52,144,1,917,-708.064072,135247.982739
52,144,1,918,614.011119,133328.472947
52,144,1,919,166.627355,133872.334055
52,144,1,920,-332.623949,135903.815251
52,144,1,921,-335.207526,132944.570989
52,144,1,922,68.313711,134800.097121
52,144,1,923,872.594732,134832.088951
52,144,1,924,-388.625212,132656.644520
52,144,1,925,-411.251067,132544.673115
52,144,1,926,529.818514,134432.191077
52,144,1,927,450.547541,134464.182907
52,144,1,928,393.046867,134144.264608
52,144,1,929,-407.506918,132704.632265
52,144,1,930,350.344911,133744.366735
52,144,1,931,353.911183,133184.509713
52,144,1,932,959.870718,135711.864272
52,144,1,933,772.747854,135551.905122
52,144,1,934,-262.052579,133648.391246
52,144,1,935,90.583814,133472.436181
52,144,1,936,-497.476710,134416.195162
52,144,1,937,-588.996648,134352.211503
52,144,1,938,583.575040,134592.150227
52,144,1,939,-434.376725,133408.452522
52,144,1,940,379.103704,134688.125716
52,144,1,941,-406.278700,136175.745805
52,144,1,942,-131.752709,133232.497457
52,144,1,943,-610.783859,133136.521968
52,144,1,944,475.901025,135120.015419
52,144,1,945,-599.873342,135311.966399
52,144,1,946,-323.458365,134016.297289
52,144,1,947,-575.731164,134064.285034
52,144,1,948,701.464981,134928.064440
52,144,1,949,-286.550508,133456.440266
52,144,1,950,-100.444162,134000.301374
52,144,1,951,535.951452,135263.978654
52,144,1,952,-92.617026,134192.252353
52,144,1,953,247.931367,133072.538308
52,144,1,954,250.481120,132896.583244
52,144,1,955,-189.931062,133168.513798
52,144,1,956,463.135345,134432.191077
52,144,1,957,-298.299668,132384.713966
52,144,1,958,-207.440498,134272.231928
52,144,1,959,-673.367129,134736.113461
52,144,1,960,705.353182,132672.640435
52,144,1,961,-836.847619,134304.223758
52,144,1,962,-228.194278,134240.240098
52,144,1,963,-481.144757,134544.162482
52,144,1,964,-192.463904,134912.068525
52,144,1,965,200.146816,134592.150227
52,144,1,966,-6.874274,134864.080780
52,144,1,967,-240.943047,135120.015419
52,144,1,968,-41.926969,133936.317714
52,144,1,969,-608.056230,133680.383075
52,144,1,970,-302.026905,133792.354480
52,144,1,971,-48.381835,134800.097121
52,144,1,972,-555.494099,133504.428011
52,144,1,973,217.817215,132640.648605
52,144,1,974,52.498474,135263.978654
52,144,1,975,201.841014,133952.313629
52,144,1,976,-32.905438,134464.182907
52,144,1,977,-663.329078,134880.076695
52,144,1,978,823.404087,132160.771157
52,144,1,979,-218.850819,133072.538308
52,144,1,980,120.858930,133056.542393
52,144,1,981,987.562257,132336.726221
52,144,1,982,-34.277708,133408.452522
52,144,1,983,-232.455142,133488.432096
52,144,1,984,210.540618,136175.745805
52,144,1,985,-392.335537,135631.884697
52,144,1,986,900.142219,133872.334055
52,144,1,987,216.978572,133744.366735
52,144,1,988,-246.059466,133904.325885
52,144,1,989,-271.573914,134096.276864
52,144,1,990,-182.603729,134336.215588
52,144,1,991,-142.790367,135040.035845
52,144,1,992,-95.344655,133648.391246
52,144,1,993,-54.497862,135535.909208
52,144,1,994,202.357729,134544.162482
52,144,1,995,-587.463413,134560.158397
52,144,1,996,-588.318969,134096.276864
52,144,1,997,-783.268970,133744.366735
52,144,1,998,304.754361,133648.391246
52,144,1,999,118.309176,133232.497457
52,144,1,1000,-149.262145,134336.215588
52,144,1,1001,228.405805,136511.660018
52,144,1,1002,-209.846199,132032.803837
52,144,1,1003,-216.284154,134464.182907
52,144,1,1004,238.926747,134112.272779
52,144,1,1005,-136.335501,134176.256438
52,144,1,1006,217.834127,134208.248268
52,144,1,1007,-396.935240,135008.044015
52,144,1,1008,-193.158495,133600.403501
52,144,1,1009,128.525103,134096.276864
52,144,1,1010,-529.301972,133056.542393
52,144,1,1011,307.498903,135759.852017
52,144,1,1012,197.241310,133328.472947
52,144,1,1013,-195.369409,133648.391246
52,144,1,1014,274.284458,131776.869199
52,144,1,1015,-302.026905,133792.354480
52,144,1,1016,496.976733,133456.440266
52,144,1,1017,-289.261225,134480.178822
52,144,1,1018,-12.490497,134624.142056
52,144,1,1019,190.786444,134192.252353
52,144,1,1020,-425.194229,133088.534223
52,144,1,1021,52.481562,133696.378990
52,144,1,1022,322.280709,134112.272779
52,144,1,1023,-433.521170,133872.334055
52,144,1,1024,396.968891,135024.039930
52,144,1,1025,539.534637,136271.721294
52,144,1,1026,-331.446466,134672.129801
52,144,1,1027,-762.854029,133904.325885
52,144,1,1028,400.874003,134336.215588
52,144,1,1029,375.520519,133680.383075
52,144,1,1030,501.237597,134208.248268
52,144,1,1031,249.464601,133280.485202
52,144,1,1032,140.596192,133472.436181
52,144,1,1033,615.205514,133664.387161
52,144,1,1034,655.713468,135679.872442
52,144,1,1035,7.407728,134192.252353
52,144,1,1036,-449.336407,134336.215588
52,144,1,1037,-234.310305,134976.052185
52,144,1,1038,-750.588152,135567.901037
52,144,1,1039,182.459504,134976.052185
52,144,1,1040,-172.209927,135919.811166
52,144,1,1041,-599.373538,134336.215588
52,144,1,1042,393.046867,134144.264608
52,144,1,1043,-206.923783,134864.080780
52,144,1,1044,830.409492,135024.039930
52,144,1,1045,207.296273,135040.035845
52,144,1,1046,-418.544576,134512.170652
52,144,1,1047,-625.226826,134656.133886
52,144,1,1048,-150.456539,134000.301374
52,144,1,1049,68.152747,135647.880612
52,144,1,1050,360.882765,132912.579159
52,144,1,1051,523.524612,134448.186992
52,144,1,1052,667.089965,133744.366735
52,144,1,1053,-220.705982,134560.158397
52,144,1,1054,-387.574869,135407.941888
52,144,1,1055,104.899641,135935.807081
52,144,1,1056,181.764913,133664.387161
52,144,1,1057,383.847459,132896.583244
52,144,1,1058,436.087662,134416.195162
52,144,1,1059,-175.970987,134192.252353
52,144,1,1060,-515.841701,135056.031760
52,144,1,1061,-309.159451,134912.068525
52,144,1,1062,-205.729388,135199.994994
52,144,1,1063,33.116964,136287.717209
52,144,1,1064,-35.277316,135359.954143
52,144,1,1065,517.425498,136751.598742
52,144,1,1066,594.112894,133760.362650
52,144,1,1067,-356.461110,133888.329970
52,144,1,1068,-826.648605,133600.403501
52,144,1,1069,-225.966453,135759.852017
52,144,1,1070,875.288538,132240.750732
52,144,1,1071,587.480152,133904.325885
52,144,1,1072,346.439798,134432.191077
52,144,1,1073,97.911147,134640.137971
52,144,1,1074,199.469136,134848.084865
52,144,1,1075,-542.567455,133344.468862
52,144,1,1076,129.380658,134560.158397
52,144,1,1077,-428.421663,133520.423926
52,144,1,1078,-399.324030,134336.215588
52,144,1,1079,98.766703,135104.019504
52,144,1,1080,743.633310,133168.513798
52,144,1,1081,-219.689462,134176.256438
52,144,1,1082,-548.683482,134080.280949
52,144,1,1083,-348.456098,134800.097121
52,144,1,1084,-221.061733,133120.526053
52,144,1,1085,210.006990,134016.297289
52,144,1,1086,241.815341,133808.350395
52,144,1,1087,-260.697220,133136.521968
52,144,1,1088,-112.354287,133776.358565
52,144,1,1089,156.767180,134448.186992
52,144,1,1090,88.889616,134112.272779
52,144,1,1091,-9.440940,133472.436181
52,144,1,1092,-86.839839,133584.407586
52,144,1,1093,-621.321714,133968.309544
52,144,1,1094,-41.232378,135247.982739
52,144,1,1095,-175.293308,133936.317714
52,144,1,1096,-700.931527,134128.268694
52,144,1,1097,87.517345,133056.542393
52,144,1,1098,385.397606,134672.129801
52,144,1,1099,255.080824,133520.423926
52,144,1,1100,418.917066,135391.945973
52,144,1,1101,56.903390,133600.403501
52,144,1,1102,161.366884,135072.027675
52,144,1,1103,-115.937472,132768.615924
52,144,1,1104,-87.695394,133120.526053
52,144,1,1105,356.994564,135168.003164
52,144,1,1106,-323.102614,135455.929633
52,144,1,1107,52.642526,132848.595499
52,144,1,1108,427.743810,133632.395331
52,144,1,1109,13.879506,134896.072610
52,144,1,1110,-108.610139,133936.317714
52,144,1,1111,-249.803614,133744.366735
52,144,1,1112,672.011597,132672.640435
52,144,1,1113,-180.570691,133568.411671
52,144,1,1114,-201.841187,132944.570989
52,144,1,1115,-724.074097,133424.448437
52,144,1,1116,128.525103,134096.276864
52,144,1,1117,335.546193,133824.346310
52,144,1,1118,245.559489,133968.309544
52,144,1,1119,4.874887,135935.807081
52,144,1,1120,-130.041599,134160.260523
52,144,1,1121,59.470055,134992.048100
52,144,1,1122,-643.092013,134320.219673
52,144,1,1123,-268.990337,137055.521126
52,144,1,1124,-327.185602,135423.937803
52,144,1,1125,106.399052,133008.554648
52,144,1,1126,-2.274571,135487.921463
52,144,1,1127,315.647967,134256.236013
52,144,1,1128,511.453523,135072.027675
52,144,1,1129,-77.657344,133264.489287
52,144,1,1130,-384.703188,133536.419841
52,144,1,1131,-1014.110309,133568.411671
52,144,1,1132,63.874972,133328.472947
52,144,1,1133,-1303.968645,134432.191077
52,144,1,1134,802.845094,134416.195162
52,144,1,1135,504.143102,135471.925548
52,144,1,1136,619.966182,133440.444351
52,144,1,1137,-286.711472,134304.223758
52,144,1,1138,-142.290563,134064.285034
52,144,1,1139,218.672770,133104.530138
52,144,1,1140,705.708933,134112.272779
52,144,1,1141,216.139928,134848.084865
52,144,1,1142,64.891491,132944.570989
52,144,1,1143,-331.802217,133232.497457
52,144,1,1144,-579.653189,133184.509713
52,144,1,1145,-158.622516,133936.317714
52,144,1,1146,-8.085581,132960.566904
52,144,1,1147,69.669070,134288.227843
52,144,1,1148,597.712990,136335.704954
52,144,1,1149,-102.138361,134640.137971
52,144,1,1150,-289.439101,133760.362650
52,144,1,1151,-9.584992,135887.819336
52,144,1,1152,208.151828,135503.917378
52,144,1,1153,-124.264412,133552.415756
52,144,1,1154,-257.114035,134144.264608
52,144,1,1155,-320.747647,132992.558733
52,144,1,1156,-20.495509,133712.374905
52,144,1,1157,-421.416257,136383.692699
52,144,1,1158,909.680466,134992.048100
52,144,1,1159,-111.998536,135215.990909
52,144,1,1160,-149.084269,135056.031760
52,144,1,1161,-760.287363,135295.970484
52,144,1,1162,-150.973255,133408.452522
52,144,1,1163,-297.427202,134416.195162
52,144,1,1164,-496.654978,131744.877369
52,144,1,1165,559.415950,134272.231928
52,144,1,1166,-95.166779,134368.207418
52,144,1,1167,-35.616155,135487.921463
52,144,1,1168,782.946869,134848.084865
52,144,1,1169,-458.341027,135375.950058
52,144,1,1170,-142.095776,136351.700869
52,144,1,1171,-516.697256,134592.150227
52,144,1,1172,-591.902153,133088.534223
52,144,1,1173,-2.630322,134048.289119
52,144,1,1174,3.163776,135008.044015
52,144,1,1175,-524.185553,134272.231928
52,144,1,1176,71.168481,131360.975410
52,144,1,1177,476.400828,134144.264608
52,144,1,1178,-99.605519,132896.583244
52,144,1,1179,-915.957629,133488.432096
52,144,1,1180,413.461807,134304.223758
52,144,1,1181,166.288515,134000.301374
52,144,1,1182,-458.696778,133936.317714
52,144,1,1183,-263.907741,135136.011334
52,144,1,1184,84.645664,134928.064440
52,144,1,1185,897.592465,134048.289119
52,144,1,1186,131.074856,133920.321799
52,144,1,1187,808.105565,133216.501542
52,144,1,1188,150.456366,132896.583244
52,144,1,1189,120.181251,133312.477032
52,144,1,1190,-227.855439,134112.272779
52,144,1,1191,-570.275906,135152.007249
52,144,1,1192,-1.274963,133536.419841
52,144,1,1193,165.271996,134384.203332
52,144,1,1194,183.298147,133872.334055
52,144,1,1195,-44.332671,131696.889624
52,144,1,1196,-443.364433,136015.786656
52,144,1,1197,-445.075543,135088.023589
52,144,1,1198,372.149034,136527.655933
52,144,1,1199,367.193579,134464.182907
52,144,1,1200,315.309127,134384.203332
52,144,1,1201,-104.865990,134096.276864
52,144,1,1202,-25.095213,133088.534223
52,144,1,1203,-810.316652,133728.370820
52,144,1,1204,458.196801,133936.317714
52,144,1,1205,-552.054967,136927.553807
52,144,1,1206,-451.564233,132816.603669
52,144,1,1207,-562.804520,133904.325885
52,144,1,1208,143.323821,134016.297289
52,144,1,1209,66.958352,135311.966399
52,144,1,1210,-406.151559,132192.762987
52,144,1,1211,527.963352,135919.811166
52,144,1,1212,-164.611402,130689.146983
52,144,1,1213,-590.707758,133424.448437
52,144,1,1214,466.184902,133280.485202
52,144,1,1215,217.156448,134464.182907
52,144,1,1216,215.623213,134256.236013
52,144,1,1217,-206.923783,134864.080780
52,144,1,1218,73.591094,135168.003164
52,144,1,1219,-27.111339,135423.937803
52,144,1,1220,83.967984,135183.999079
52,144,1,1221,-7.213114,134992.048100
52,144,1,1222,-222.594968,132912.579159
52,144,1,1223,426.710379,132448.697626
52,144,1,1224,-14.379483,132976.562818
52,144,1,1225,-341.484516,134528.166567
52,144,1,1226,155.750661,134832.088951
52,144,1,1227,-111.998536,135215.990909
52,144,1,1228,114.903868,132944.570989
52,144,1,1229,508.886858,133680.383075
52,144,1,1230,293.716704,135455.929633
52,144,1,1231,141.468658,135503.917378
52,144,1,1232,-117.792634,134256.236013
52,144,1,1233,163.560886,133456.440266
52,144,1,1234,254.403145,133776.358565
52,144,1,1235,80.723640,134048.289119
52,144,1,1236,79.690209,132864.591414
52,144,1,1237,-144.518389,132544.673115
52,144,1,1238,328.574611,134096.276864
52,144,1,1239,-151.295183,135104.019504
52,144,1,1240,-370.760025,132992.558733
52,144,1,1241,-28.500522,132800.607754
52,144,1,1242,-259.163985,133344.468862
52,144,1,1243,428.938205,133968.309544
52,144,1,1244,-119.664708,134176.256438
52,144,1,1245,38.521487,132672.640435
52,144,1,1246,-371.954419,132656.644520
52,144,1,1247,112.870830,133712.374905
52,144,1,1248,353.928095,134752.109376
52,144,1,1249,-1160.386380,135295.970484
52,144,1,1250,490.005152,133728.370820
52,144,1,1251,32.905265,132432.701711
52,144,1,1252,175.132171,133808.350395
52,144,1,1253,-425.033266,132240.750732
52,144,1,1254,216.995484,135311.966399
52,144,1,1255,9.779606,133296.481117
52,144,1,1256,70.007910,134160.260523
52,144,1,1257,446.625516,133584.407586
52,144,1,1258,-12.507409,133056.542393
52,144,1,1259,135.835524,133696.378990
52,144,1,1260,8.602123,134528.166567
52,144,1,1261,203.035409,134288.227843
52,144,1,1262,-243.348748,132880.587329
52,144,1,1263,296.427421,134432.191077
52,144,1,1264,-450.530802,134000.301374
52,144,1,1265,-458.357938,133808.350395
52,144,1,1266,22.545286,133984.305459
52,144,1,1267,865.284311,135231.986824
52,144,1,1268,175.665798,135967.798911
52,144,1,1269,-49.931982,133024.550563
52,144,1,1270,562.821259,134560.158397
52,144,1,1271,-121.020067,134688.125716
52,144,1,1272,182.281628,134256.236013
52,144,1,1273,-128.491452,135935.807081
52,144,1,1274,106.399052,133008.554648
52,144,1,1275,-416.672502,134592.150227
52,144,1,1276,-168.999406,133920.321799
52,144,1,1277,342.856614,133424.448437
52,144,1,1278,43.476943,134736.113461
52,144,1,1279,20.851088,134624.142056
52,144,1,1280,-466.701791,133024.550563
52,144,1,1281,239.104623,134832.088951
52,144,1,1282,-237.215810,133712.374905
52,144,1,1283,273.284851,133728.370820
52,144,1,1284,545.972591,133840.342225
52,144,1,1285,560.432470,133888.329970
52,144,1,1286,-92.955865,134320.219673
52,144,1,1287,-222.755932,133760.362650
52,144,1,1288,-508.531279,134656.133886
52,144,1,1289,-241.620726,135375.950058
52,144,1,1290,-485.922337,133200.505628
52,144,1,1291,-121.714658,133376.460692
52,144,1,1292,-38.360697,133376.460692
52,144,1,1293,8.068496,132368.718051
52,144,1,1294,-189.575311,134608.146142
52,144,1,1295,177.504049,132912.579159
52,144,1,1296,200.146816,134592.150227
52,144,1,1297,-225.305685,133936.317714
52,144,1,1298,247.948279,134640.137971
52,144,1,1299,60.469663,133040.546478
52,144,1,1300,-37.988033,136383.692699
52,144,1,1301,448.497591,133664.387161
52,144,1,1302,-64.552824,133824.346310
52,144,1,1303,668.978951,135391.945973
52,144,1,1304,-252.709119,132480.689456
52,144,1,1305,151.311921,133360.464777
52,144,1,1306,167.999626,134928.064440
52,144,1,1307,254.581020,134496.174737
52,144,1,1308,108.965717,134400.199247
52,144,1,1309,28.534172,137231.476190
52,144,1,1310,-503.431772,134304.223758
52,144,1,1311,140.435228,134320.219673
52,144,1,1312,179.553999,133712.374905
52,144,1,1313,-283.983842,134848.084865
52,144,1,1314,630.165196,132736.624094
52,144,1,1315,-93.116829,135168.003164
52,144,1,1316,217.156448,134464.182907
52,144,1,1317,-247.253861,133568.411671
52,144,1,1318,113.387545,134304.223758
52,144,1,1319,-439.815072,133888.329970
52,144,1,1320,-294.699572,134960.056270
52,144,1,1321,-69.313492,134048.289119
52,144,1,1322,-8.568473,135503.917378
52,144,1,1323,-359.527579,133472.436181
52,144,1,1324,198.452617,135231.986824
52,144,1,1325,-298.782560,134928.064440
52,144,1,1326,-370.582149,133712.374905
52,144,1,1327,209.507187,134992.048100
52,144,1,1328,360.382961,133888.329970
52,144,1,1329,-250.642257,134848.084865
52,144,1,1330,298.104708,132224.754817
52,144,1,1331,149.278883,134128.268694
52,144,1,1332,34.616375,133360.464777
52,144,1,1333,-14.557359,132256.746647
52,144,1,1334,-124.603252,133680.383075
52,144,1,1335,-502.754093,134048.289119
52,144,1,1336,-331.624341,133952.313629
52,144,1,1337,113.726385,134176.256438
52,144,1,1338,-122.714266,135327.962313
52,144,1,1339,293.344040,132448.697626
52,144,1,1340,-638.331346,134096.276864
52,144,1,1341,308.676386,134528.166567
52,144,1,1342,-744.311162,133984.305459
52,144,1,1343,34.794251,134080.280949
52,144,1,1344,69.830034,133440.444351
52,144,1,1345,584.235807,132768.615924
52,144,1,1346,94.166999,134480.178822
52,144,1,1347,-473.156657,133888.329970
52,144,1,1348,232.471881,134976.052185
52,144,1,1349,198.274741,134512.170652
52,144,1,1350,835.009196,135647.880612
52,144,1,1351,-386.736226,134304.223758
52,144,1,1352,-721.168592,134688.125716
52,144,1,1353,183.636987,133744.366735
52,144,1,1354,-337.935155,132400.709881
52,144,1,1355,295.927618,135407.941888
52,144,1,1356,368.049134,134928.064440
52,144,1,1357,247.948279,134640.137971
52,144,1,1358,421.111068,133776.358565
52,144,1,1359,-110.321249,133008.554648
52,144,1,1360,-138.190663,135663.876527
52,144,1,1361,-177.487310,135551.905122
52,144,1,1362,330.090934,132736.624094
52,144,1,1363,-39.732967,132320.730306
52,144,1,1364,-148.406589,134800.097121
52,144,1,1365,-193.853087,132288.738476
52,144,1,1366,-191.964100,133936.317714
52,144,1,1367,393.580494,136303.713124
52,144,1,1368,-37.166302,133712.374905
52,144,1,1369,-26.272696,134320.219673
52,144,1,1370,70.507713,133184.509713
52,144,1,1371,-421.627957,132528.677200
52,144,1,1372,-900.125480,134592.150227
52,144,1,1373,-609.411589,134192.252353
52,144,1,1374,-124.925180,135375.950058
52,144,1,1375,-426.049785,132624.652690
52,144,1,1376,-296.071843,133904.325885
52,144,1,1377,-535.062247,135231.986824
52,144,1,1378,360.027210,132448.697626
52,144,1,1379,318.197721,134080.280949
52,144,1,1380,572.503558,133264.489287
52,144,1,1381,512.986758,135279.974569
52,144,1,1382,-121.358907,134816.093036
52,144,1,1383,741.939111,133808.350395
52,144,1,1384,-72.879764,134608.146142
52,144,1,1385,223.611314,133600.403501
52,144,1,1386,97.733272,133920.321799
52,144,1,1387,-50.592749,134848.084865
52,144,1,1388,-46.865513,133440.444351
52,144,1,1389,177.520961,134480.178822
52,144,1,1390,-303.898979,133712.374905
52,144,1,1391,197.419186,134048.289119
52,144,1,1392,-36.988426,134432.191077
52,144,1,1393,-148.584465,134080.280949
52,144,1,1394,-48.703763,136495.664103
52,144,1,1395,-390.319410,133296.481117
52,144,1,1396,750.443927,133744.366735
52,144,1,1397,716.602539,134720.117546
52,144,1,1398,-494.749080,134960.056270
52,144,1,1399,302.026732,133104.530138
52,144,1,1400,188.753406,134960.056270
52,144,1,1401,660.457224,133888.329970
52,144,1,1402,-788.690405,135791.843846
52,144,1,1403,-196.047089,133904.325885
52,144,1,1404,-501.559698,134384.203332
52,144,1,1405,43.637906,133888.329970
52,144,1,1406,376.037235,134272.231928
52,144,1,1407,-38.860500,134352.211503
52,144,1,1408,-258.308430,133808.350395
52,144,1,1409,-69.169439,131632.905964
52,144,1,1410,144.857055,134224.244183
52,144,1,1411,-765.403782,134080.280949
52,144,1,1412,78.351762,134944.060355
52,144,1,1413,-47.365316,134416.195162
52,144,1,1414,262.907961,133712.374905
52,144,1,1415,-319.714217,134176.256438
52,144,1,1416,-658.068607,133680.383075
52,144,1,1417,-700.575775,135567.901037
52,144,1,1418,74.751665,132368.718051
52,144,1,1419,-433.343294,134592.150227
52,144,1,1420,84.112037,132768.615924
52,144,1,1421,-412.250674,134496.174737
52,144,1,1422,-457.146632,135711.864272
52,144,1,1423,1329.499832,133840.342225
52,144,1,1424,-187.881112,133968.309544
52,144,1,1425,309.515029,133424.448437
52,144,1,1426,-40.037983,135583.896952
52,144,1,1427,367.710294,135056.031760
52,144,1,1428,-228.355242,135088.023589
52,144,1,1429,-509.369923,135759.852017
52,144,1,1430,307.321027,135040.035845
52,144,1,1431,576.764422,134016.297289
52,144,1,1432,-730.512051,135855.827506
52,144,1,1433,-82.418011,133488.432096
52,144,1,1434,-52.303860,133920.321799
52,144,1,1435,163.721850,132608.656775
52,144,1,1436,705.531057,133392.456607
52,144,1,1437,-209.829288,133600.403501
52,144,1,1438,-191.786225,134656.133886
52,144,1,1439,-538.484467,133376.460692
52,144,1,1440,177.343085,133760.362650
52,144,1,1441,235.860278,133696.378990
52,144,1,1442,-140.757329,134272.231928
52,144,1,1443,-291.489051,132960.566904
52,144,1,1444,556.527357,134576.154312
52,144,1,1445,-157.428121,134272.231928
52,144,1,1446,-349.989332,134592.150227
52,144,1,1447,-625.226826,134656.133886
52,144,1,1448,258.308257,133088.534223
52,144,1,1449,392.530151,133552.415756
52,144,1,1450,-156.233726,134608.146142
52,144,1,1451,331.285329,133072.538308
52,144,1,1452,-53.303467,135871.823421
52,144,1,1453,-284.695345,131968.820178
52,144,1,1454,-192.463904,134912.068525
52,144,1,1455,-263.924653,133568.411671
52,144,1,1456,75.624132,134400.199247
52,144,1,1457,-162.866468,134752.109376
52,144,1,1458,-12.151657,134496.174737
52,144,1,1459,-159.833822,132032.803837
52,144,1,1460,148.940044,134256.236013
52,144,1,1461,-217.639512,134976.052185
52,144,1,1462,-400.679389,134848.084865
52,144,1,1463,39.893758,133728.370820
52,144,1,1464,-208.296053,133808.350395
52,144,1,1465,34.955215,133232.497457
52,144,1,1466,-544.261654,133984.305459
52,144,1,1467,-359.866419,133600.403501
52,144,1,1468,8.924051,132832.599584
52,144,1,1469,-559.060372,134064.285034
52,144,1,1470,569.953805,133440.444351
52,144,1,1471,433.021193,134000.301374
52,144,1,1472,-218.156228,134384.203332
52,144,1,1473,-356.960914,134864.080780
52,144,1,1474,-530.835206,132848.595499
52,144,1,1475,170.210540,134880.076695
52,144,1,1476,-620.305194,133584.407586
52,144,1,1477,-755.187856,134944.060355
52,144,1,1478,-221.061733,133120.526053
52,144,1,1479,335.385229,134672.129801
52,144,1,1480,112.870830,133712.374905
52,144,1,1481,-226.982972,136143.753975
52,144,1,1482,-496.265403,136319.709039
52,144,1,1483,-155.733922,133632.395331
52,144,1,1484,-488.472090,133376.460692
52,144,1,1485,513.486562,134304.223758
52,144,1,1486,-566.209829,133616.399416
52,144,1,1487,215.267462,132816.603669
52,144,1,1488,-400.179585,133872.334055
52,144,1,1489,-453.758235,134432.191077
52,144,1,1490,-266.830158,132304.734391
52,144,1,1491,-9.263064,134192.252353
52,144,1,1492,662.685049,135407.941888
52,144,1,1493,-118.131474,134384.203332
52,144,1,1494,546.472395,132864.591414
52,144,1,1495,685.632832,133824.346310
52,144,1,1496,307.126239,132752.620009
52,144,1,1497,776.458179,132576.664945
52,144,1,1498,52.481562,133696.378990
52,144,1,1499,-185.475411,136207.737635
52,144,1,1500,-378.748125,133648.391246
52,144,1,1501,-445.253419,134368.207418
52,144,1,1502,231.955166,134384.203332
52,144,1,1503,130.236213,135024.039930
52,144,1,1504,-53.998058,134560.158397
52,144,1,1505,-422.627564,134480.178822
52,144,1,1506,-292.488658,134912.068525
52,144,1,1507,-317.520214,132560.669030
52,144,1,1508,281.289863,134640.137971
52,144,1,1509,-401.373980,133536.419841
52,144,1,1510,-522.991158,134608.146142
52,144,1,1511,-40.071807,132448.697626
52,144,1,1512,184.992346,133232.497457
52,144,1,1513,-296.054931,135471.925548
52,144,1,1514,-714.713726,133824.346310
52,144,1,1515,87.212329,136319.709039
52,144,1,1516,439.814899,133008.554648
52,144,1,1517,446.464552,134432.191077
52,144,1,1518,-271.251986,132400.709881
52,144,1,1519,-456.307988,134608.146142
52,144,1,1520,-454.274950,133840.342225
52,144,1,1521,286.228407,135136.011334
52,144,1,1522,767.131631,135311.966399
52,144,1,1523,419.238994,133696.378990
52,144,1,1524,-582.025066,134080.280949
52,144,1,1525,-258.986110,134064.285034
52,144,1,1526,-680.855426,134416.195162
52,144,1,1527,-251.175885,132688.636350
52,144,1,1528,205.085359,135088.023589
52,144,1,1529,48.398574,133664.387161
52,144,1,1530,75.641044,135967.798911
52,144,1,1531,843.141348,132576.664945
52,144,1,1532,152.845156,133568.411671
52,144,1,1533,303.915718,134752.109376
52,144,1,1534,581.863929,133664.387161
52,144,1,1535,34.438499,132640.648605
52,144,1,1536,-96.005423,135471.925548
52,144,1,1537,-8.085581,132960.566904
52,144,1,1538,573.697953,133600.403501
52,144,1,1539,-254.386406,134688.125716
52,144,1,1540,-97.360781,135983.794826
52,144,1,1541,211.540225,134224.244183
52,144,1,1542,497.993252,133072.538308
52,144,1,1543,458.374677,134656.133886
52,144,1,1544,20.673212,133904.325885
52,144,1,1545,101.833172,135519.913293
52,144,1,1546,-598.373931,132384.713966
52,144,1,1547,-624.727022,133680.383075
52,144,1,1548,540.178493,132880.587329
52,144,1,1549,-285.373025,132224.754817
52,144,1,1550,-190.252990,134864.080780
52,144,1,1551,-99.410731,135183.999079
52,144,1,1552,-517.053007,133152.517883
52,144,1,1553,101.816260,133952.313629
52,144,1,1554,251.692427,134800.097121
52,144,1,1555,862.717646,133840.342225
52,144,1,1556,-25.095213,133088.534223
52,144,1,1557,-204.890744,134096.276864
52,144,1,1558,190.269729,133600.403501
52,144,1,1559,336.901551,133312.477032
52,144,1,1560,-772.197488,135072.027675
52,144,1,1561,-146.890267,133440.444351
52,144,1,1562,120.537002,134752.109376
52,144,1,1563,-63.180553,134880.076695
52,144,1,1564,81.028656,130785.122473
52,144,1,1565,-286.533596,135024.039930
52,144,1,1566,559.576914,133424.448437
52,144,1,1567,-408.506525,134656.133886
52,144,1,1568,347.973033,134640.137971
52,144,1,1569,-242.137441,134784.101206
52,144,1,1570,158.800218,133680.383075
52,144,1,1571,-48.220871,133952.313629
52,144,1,1572,417.544796,134336.215588
52,144,1,1573,614.722622,136207.737635
52,144,1,1574,-86.162160,133328.472947
52,144,1,1575,-660.440485,134576.154312
52,144,1,1576,395.757584,133120.526053
52,144,1,1577,-198.435878,133232.497457
52,144,1,1578,-177.682098,133264.489287
52,144,1,1579,-26.611536,134448.186992
52,144,1,1580,277.367839,133760.362650
52,144,1,1581,-574.875609,134528.166567
52,144,1,1582,56.420498,136143.753975
52,144,1,1583,-673.900756,132576.664945
52,144,1,1584,249.642477,134000.301374
52,144,1,1585,314.114733,134048.289119
52,144,1,1586,225.839139,135120.015419
52,144,1,1587,16.090420,134848.084865
52,144,1,1588,-1.274963,133536.419841
52,144,1,1589,-172.904518,134608.146142
52,144,1,1590,175.809850,133552.415756
52,144,1,1591,-209.456624,136607.635508
52,144,1,1592,13.523755,133456.440266
52,144,1,1593,608.928524,135247.982739
52,144,1,1594,4.002420,133904.325885
52,144,1,1595,-508.192440,134528.166567
52,144,1,1596,132.946931,134000.301374
52,144,1,1597,854.390706,134624.142056
52,144,1,1598,399.857484,134720.117546
52,144,1,1599,-513.130983,134032.293204
52,144,1,1600,-15.556966,134208.248268
52,144,1,1601,-222.078252,133504.428011
52,144,1,1602,-156.572566,134736.113461
52,144,1,1603,245.220649,134096.276864
52,144,1,1604,609.089488,134400.199247
52,144,1,1605,-454.596878,135535.909208
52,144,1,1606,188.753406,134960.056270
52,144,1,1607,-292.327694,134064.285034
52,144,1,1608,-125.280931,133936.317714
52,144,1,1609,396.807927,135871.823421
52,144,1,1610,-790.918230,134272.231928
52,144,1,1611,-111.337768,133392.456607
52,144,1,1612,526.929921,134736.113461
52,144,1,1613,-8.068669,134528.166567
52,144,1,1614,-15.040251,134800.097121
52,144,1,1615,-39.538180,134608.146142
52,144,1,1616,-233.988377,133280.485202
52,144,1,1617,-318.841750,136207.737635
52,144,1,1618,215.962053,134128.268694
52,144,1,1619,-384.864151,134384.203332
52,144,1,1620,529.818514,134432.191077
52,144,1,1621,121.053718,135343.958228
52,144,1,1622,-412.250674,134496.174737
52,144,1,1623,-2.630322,134048.289119
52,144,1,1624,65.569170,132688.636350
52,144,1,1625,31.549906,132944.570989
52,144,1,1626,-480.306114,133440.444351
52,144,1,1627,-580.847583,132848.595499
52,144,1,1628,-288.422582,133376.460692
52,144,1,1629,72.396699,134832.088951
52,144,1,1630,290.472359,134320.219673
52,144,1,1631,113.370633,132736.624094
52,144,1,1632,-208.473929,133088.534223
52,144,1,1633,641.431465,136351.700869
52,144,1,1634,-779.863661,134032.293204
52,144,1,1635,-291.472139,134528.166567
52,144,1,1636,214.089978,134048.289119
52,144,1,1637,33.777732,134464.182907
52,144,1,1638,-0.258444,133152.517883
52,144,1,1639,-187.364397,134560.158397
52,144,1,1640,-121.197943,133968.309544
52,144,1,1641,322.797424,134704.121631
52,144,1,1642,-403.390106,135871.823421
52,144,1,1643,-9.085188,134912.068525
52,144,1,1644,169.515948,133568.411671
52,144,1,1645,-550.894396,134128.268694
52,144,1,1646,-68.796776,134640.137971
52,144,1,1647,-655.840781,135199.994994
52,144,1,1648,80.884604,133200.505627
52,144,1,1649,8.635947,137663.365893
52,144,1,1650,-462.584979,136191.741720
52,144,1,1651,65.086278,135231.986824
52,144,1,1652,-118.809153,134640.137971
52,144,1,1653,177.343085,133760.362650
52,144,1,1654,105.560408,134112.272779
52,144,1,1655,-280.934285,133696.378990
52,144,1,1656,-24.222746,135120.015419
52,144,1,1657,-222.061340,135072.027675
52,144,1,1658,434.071536,136751.598742
52,144,1,1659,-542.228616,133216.501542
52,144,1,1660,-497.993425,133824.346310
52,144,1,1661,244.881810,134224.244183
52,144,1,1662,-395.402006,135215.990909
52,144,1,1663,201.824102,132384.713966
52,144,1,1664,-97.733445,132976.562818
52,144,1,1665,-427.388232,134704.121631
52,144,1,1666,68.991391,134544.162482
52,144,1,1667,-42.782524,133472.436181
52,144,1,1668,-234.488181,134256.236013
52,144,1,1669,72.057860,134960.056270
52,144,1,1670,321.247278,132928.575074
52,144,1,1671,229.905216,133584.407586
52,144,1,1672,-68.635812,133792.354480
52,144,1,1673,278.562234,134096.276864
52,144,1,1674,-316.825623,133872.334055
52,144,1,1675,721.202242,135343.958228
52,144,1,1676,118.808980,132256.746647
52,144,1,1677,-602.423095,135487.921463
52,144,1,1678,107.093643,134320.219673
52,144,1,1679,-135.852609,131632.905964
52,144,1,1680,200.129904,133024.550563
52,144,1,1681,-135.141106,134512.170652
52,144,1,1682,423.838698,134320.219673
52,144,1,1683,-267.152086,134000.301374
52,144,1,1684,-208.973733,134064.285034
52,144,1,1685,238.926747,134112.272779
52,144,1,1686,308.659474,132960.566904
52,144,1,1687,-460.230013,133728.370820
52,144,1,1688,-229.905389,133312.477032
52,144,1,1689,-442.186950,134784.101206
52,144,1,1690,-48.398747,133232.497457
52,144,1,1691,119.876235,136575.643678
52,144,1,1692,99.927274,132304.734391
52,144,1,1693,-0.597284,133280.485202
52,144,1,1694,124.958830,134656.133886
52,144,1,1695,743.311382,134864.080780
52,144,1,1696,-305.093374,133376.460692
52,144,1,1697,143.823625,133040.546478
52,144,1,1698,49.237217,132560.669030
52,144,1,1699,-471.962262,134224.244183
52,144,1,1700,-42.443685,133344.468862
52,144,1,1701,290.616411,131904.836518
52,144,1,1702,-141.612884,133808.350395
52,144,1,1703,397.824446,135487.921463
52,144,1,1704,180.070714,134304.223758
52,144,1,1705,-182.942569,134464.182907
52,144,1,1706,-190.430866,134144.264608
52,144,1,1707,-289.600065,134608.146142
52,144,1,1708,471.979000,134240.240098
52,144,1,1709,-685.954933,134768.105291
52,144,1,1710,-402.212623,134640.137971
52,144,1,1711,-175.970987,134192.252353
52,144,1,1712,198.096866,133792.354480
52,144,1,1713,502.592956,133696.378990
52,144,1,1714,76.801615,133168.513798
52,144,1,1715,-524.380340,131984.816093
52,144,1,1716,-163.882987,135136.011334
52,144,1,1717,-235.343736,133792.354480
52,144,1,1718,166.966195,133744.366735
52,144,1,1719,-439.992948,133168.513798
52,144,1,1720,-466.684879,134592.150227
52,144,1,1721,-101.816433,132944.570989
52,144,1,1722,126.314189,134144.264608
52,144,1,1723,-561.093410,134832.088951
52,144,1,1724,179.909750,135152.007249
52,144,1,1725,176.987333,132320.730306
52,144,1,1726,408.023460,134784.101206
52,144,1,1727,344.211973,132912.579159
52,144,1,1728,-264.263493,133696.378990
52,144,1,1729,104.349102,132208.758902
52,144,1,1730,-222.239216,134352.211503
52,144,1,1731,-163.899899,133568.411671
52,144,1,1732,-17.928844,135104.019504
52,144,1,1733,-410.200724,135295.970484
52,144,1,1734,-181.087407,132976.562818
52,144,1,1735,216.478768,134720.117546
52,144,1,1736,-370.743113,134560.158397
52,144,1,1737,-156.055850,135327.962313
52,144,1,1738,-46.026869,132336.726221
52,144,1,1739,150.812118,134336.215588
52,144,1,1740,567.759803,135056.031760
52,144,1,1741,-344.906737,132672.640435
52,144,1,1742,-110.287425,136143.753975
52,144,1,1743,-194.352890,133264.489287
52,144,1,1744,713.536070,134304.223758
52,144,1,1745,127.669548,133632.395331
52,144,1,1746,877.372312,136175.745805
52,144,1,1747,633.087613,135567.901037
52,144,1,1748,78.690601,134816.093036
52,144,1,1749,-406.295611,134608.146142
52,144,1,1750,53.853833,134752.109376
52,144,1,1751,-466.346039,134464.182907
52,144,1,1752,249.659389,135567.901037
52,144,1,1753,597.518203,134048.289119
52,144,1,1754,263.246800,133584.407586
52,144,1,1755,418.578226,135519.913293
52,144,1,1756,-488.988806,132784.611839
52,144,1,1757,-110.304337,134576.154312
52,144,1,1758,-348.633973,134080.280949
52,144,1,1759,484.549893,132640.648605
52,144,1,1760,-383.508793,133872.334055
52,144,1,1761,99.105542,134976.052185
52,144,1,1762,271.751616,133520.423926
52,144,1,1763,35.310966,134672.129801
52,144,1,1764,-317.003499,133152.517883
52,144,1,1765,-116.276311,132896.583244
52,144,1,1766,441.881761,135375.950058
52,144,1,1767,535.934541,133696.378990
52,144,1,1768,527.446636,135327.962313
52,144,1,1769,-25.772892,133344.468862
52,144,1,1770,-326.685798,134448.186992
52,144,1,1771,69.652158,132720.628180
52,144,1,1772,181.104145,135487.921463
52,144,1,1773,-62.003070,133648.391246
52,144,1,1774,-138.707379,135072.027675
52,144,1,1775,-389.819607,132320.730306
52,144,1,1776,629.309641,132272.742561
52,144,1,1777,256.597147,132160.771157
52,144,1,1778,120.198163,134880.076695
52,144,1,1779,-532.012689,134080.280949
52,144,1,1780,426.744203,135583.896952
52,144,1,1781,-91.100703,132832.599584
52,144,1,1782,1034.702952,134208.248268
52,144,1,1783,-71.702281,133376.460692
52,144,1,1784,-289.083349,135199.994994
52,144,1,1785,268.668236,131536.930475
52,144,1,1786,-17.268076,133280.485202
52,144,1,1787,222.933634,133856.338140
52,144,1,1788,-250.981097,134976.052185
52,144,1,1789,198.274741,134512.170652
52,144,1,1790,86.161987,133568.411671
52,144,1,1791,32.939088,135567.901037
52,144,1,1792,39.893758,133728.370820
52,144,1,1793,7.229853,133472.436181
52,144,1,1794,-266.313443,132896.583244
52,144,1,1795,-313.081475,134032.293204
52,144,1,1796,-506.481329,135455.929633
52,144,1,1797,-519.941601,133456.440266
52,144,1,1798,-185.670198,133920.321799
52,144,1,1799,353.750219,134032.293204
52,144,1,1800,193.353110,135583.896952
52,144,1,1801,314.792412,133792.354480
52,144,1,1802,-150.795379,134128.268694
52,144,1,1803,-357.799557,135967.798911
52,144,1,1804,443.076155,135711.864272
52,144,1,1805,-16.073681,133616.399416
52,144,1,1806,-434.537689,134256.236013
52,144,1,1807,-159.799999,135168.003164
52,144,1,1808,-496.265403,136319.709039
52,144,1,1809,421.627784,134368.207418
52,144,1,1810,-61.825195,134368.207418
52,144,1,1811,-137.013180,134432.191077
52,144,1,1812,281.628703,134512.170652
52,144,1,1813,423.161018,134576.154312
52,144,1,1814,262.569121,133840.342225
52,144,1,1815,215.462249,135104.019504
52,144,1,1816,839.075272,134112.272779
52,144,1,1817,298.460459,133664.387161
52,144,1,1818,-311.548240,134240.240098
52,144,1,1819,-65.247415,132512.681285
52,144,1,1820,-359.027776,132496.685370
52,144,1,1821,-590.529882,134144.264608
52,144,1,1822,206.957433,135168.003164
52,144,1,1823,-187.881112,133968.309544
52,144,1,1824,182.442592,133408.452522
52,144,1,1825,415.672721,134256.236013
52,144,1,1826,-87.695394,133120.526053
52,144,1,1827,147.228933,133328.472947
52,144,1,1828,-283.983842,134848.084865
52,144,1,1829,-471.801298,133376.460692
52,144,1,1830,-832.586755,135056.031760
52,144,1,1831,406.668102,135295.970484
52,144,1,1832,258.664009,134528.166567
52,144,1,1833,-597.145712,135855.827506
52,144,1,1834,-156.750442,134016.297289
52,144,1,1835,-500.721055,133280.485202
52,144,1,1836,449.014306,134256.236013
52,144,1,1837,158.300415,134656.133886
52,144,1,1838,2.486097,135263.978654
52,144,1,1839,668.623200,133952.313629
52,144,1,1840,102.688727,135983.794826
52,144,1,1841,-739.050691,132784.611839
52,144,1,1842,-21.367976,131680.893709
52,144,1,1843,-638.009418,132400.709881
52,144,1,1844,-103.510631,133584.407586
52,144,1,1845,484.905644,134080.280949
52,144,1,1846,357.138616,132752.620009
52,144,1,1847,-104.865990,134096.276864
52,144,1,1848,280.773148,134048.289119
52,144,1,1849,60.469663,133040.546478
52,144,1,1850,-215.606474,134208.248268
52,144,1,1851,111.676435,133376.460692
52,144,1,1852,199.113385,133408.452522
52,144,1,1853,-571.809140,134944.060355
52,144,1,1854,-694.620713,135679.872442
52,144,1,1855,-152.328614,133920.321799
52,144,1,1856,36.166521,135136.011334
52,144,1,1857,746.521903,132864.591414
52,144,1,1858,-361.560617,134240.240098
52,144,1,1859,392.708027,134272.231928
52,144,1,1860,85.128556,132384.713966
52,144,1,1861,-638.653273,135791.843846
52,144,1,1862,130.236213,135024.039930
52,144,1,1863,-112.371199,132208.758902
52,144,1,1864,-403.246054,133456.440266
52,144,1,1865,742.616791,133552.415756
52,144,1,1866,-472.140137,133504.428011
52,144,1,1867,119.698359,135855.827506
52,144,1,1868,-122.714266,135327.962313
52,144,1,1869,81.079391,135487.921463
52,144,1,1870,293.199988,134864.080780
52,144,1,1871,345.423279,134816.093036
52,144,1,1872,28.500349,134096.276864
52,144,1,1873,24.773112,135503.917378
52,144,1,1874,275.512677,135247.982739
52,144,1,1875,251.336676,133360.464777
52,144,1,1876,467.057369,135311.966399
52,144,1,1877,-57.920082,133680.383075
52,144,1,1878,-58.580850,135503.917378
52,144,1,1879,-220.028302,134304.223758
52,144,1,1880,-48.559711,134080.280949
52,144,1,1881,538.662170,134240.240098
52,144,1,1882,216.817608,134592.150227
52,144,1,1883,-368.532199,134512.170652
52,144,1,1884,-519.424885,134048.289119
52,144,1,1885,-114.904041,133952.313629
52,144,1,1886,-89.245541,131344.979495
52,144,1,1887,335.546193,133824.346310
52,144,1,1888,-371.437704,133248.493372
52,144,1,1889,-48.203960,135519.913293
52,144,1,1890,72.396699,134832.088951
52,144,1,1891,50.770452,132768.615924
52,144,1,1892,-235.004896,133664.387161
52,144,1,1893,78.334850,133376.460692
52,144,1,1894,4.697011,135215.990909
52,144,1,1895,-270.218555,133584.407586
52,144,1,1896,583.736004,133744.366735
52,144,1,1897,67.974872,134928.064440
52,144,1,1898,77.835046,134352.211503
52,144,1,1899,-296.410682,134032.293204
52,144,1,1900,-22.706423,133760.362650
52,144,1,1901,-28.144770,134240.240098
52,144,1,1902,-368.871039,134640.137971
52,144,1,1903,112.870830,133712.374905
52,144,1,1904,-66.424898,133744.366735
52,144,1,1905,14.735061,135359.954143
52,144,1,1906,176.326566,134144.264608
52,144,1,1907,-386.753138,132736.624094
52,144,1,1908,657.729594,133344.468862
52,144,1,1909,-321.425327,133248.493372
52,144,1,1910,-427.066304,133008.554648
52,144,1,1911,463.474184,134304.223758
52,144,1,1912,-173.760074,134144.264608
52,144,1,1913,218.511806,133952.313629
52,144,1,1914,-646.853073,132592.660860
52,144,1,1915,81.740159,133664.387161
52,144,1,1916,173.776812,134320.219673
52,144,1,1917,416.350401,134000.301374
52,144,1,1918,-662.812363,135471.925548
52,144,1,1919,409.378819,134272.231928
52,144,1,1920,-312.742635,133904.325885
52,144,1,1921,-338.418047,134944.060355
52,144,1,1922,130.558141,133328.472947
52,144,1,1923,601.101387,135056.031760
52,144,1,1924,239.604427,133856.338140
52,144,1,1925,-120.181424,133584.407586
52,144,1,1926,-359.349703,134192.252353
52,144,1,1927,146.890094,133456.440266
52,144,1,1928,429.454920,134560.158397
52,144,1,1929,188.075727,135215.990909
52,144,1,1930,-340.645873,133424.448437
52,144,1,1931,-581.347387,133824.346310
52,144,1,1932,-320.908611,133840.342225
52,144,1,1933,488.294041,132800.607754
52,144,1,1934,206.440718,134576.154312
52,144,1,1935,-315.470264,133360.464777
52,144,1,1936,-43.282328,134448.186992
52,144,1,1937,140.113300,136015.786656
52,144,1,1938,2.308221,134544.162482
52,144,1,1939,555.671802,134112.272779
52,144,1,1940,-185.509234,133072.538308
52,144,1,1941,-80.368061,134288.227843
52,144,1,1942,72.896503,133856.338140
52,144,1,1943,288.422409,133520.423926
52,144,1,1944,88.195025,132800.607754
52,144,1,1945,505.498461,134960.056270
52,144,1,1946,209.329311,134272.231928
52,144,1,1947,-346.939775,133440.444351
52,144,1,1948,-51.965020,133792.354480
52,144,1,1949,603.778281,130897.093877
52,144,1,1950,-434.537689,134256.236013
52,144,1,1951,347.295353,134896.072610
52,144,1,1952,-763.192868,134032.293204
52,144,1,1953,1143.232523,134144.264608
52,144,1,1954,9.974394,135583.896952
52,144,1,1955,105.060605,135088.023589
52,144,1,1956,299.155051,134976.052185
52,144,1,1957,-115.920560,134336.215588
52,144,1,1958,-658.729375,135503.917378
52,144,1,1959,703.320143,133440.444351
52,144,1,1960,-46.365709,132464.693541
52,144,1,1961,-66.924702,134720.117546
52,144,1,1962,-329.735355,135599.892867
52,144,1,1963,49.076253,133408.452522
52,144,1,1964,158.105627,132368.718051
52,144,1,1965,626.615835,134864.080780
52,144,1,1966,-45.832082,134624.142056
52,144,1,1967,-594.434995,134832.088951
52,144,1,1968,-75.090678,134656.133886
52,144,1,1969,413.283932,133584.407586
52,144,1,1970,-363.771531,134288.227843
52,144,1,1971,-519.086045,133920.321799
52,144,1,1972,364.982665,134512.170652
52,144,1,1973,115.598459,134256.236013
52,144,1,1974,-246.915021,133440.444351
52,144,1,1975,437.959736,134496.174737
52,144,1,1976,-38.165909,135663.876527
52,144,1,1977,100.604953,132048.799752
52,144,1,1978,-251.497813,134384.203332
52,144,1,1979,-535.257034,132944.570989
52,144,1,1980,-23.045263,133888.329970
52,144,1,1981,194.369629,135199.994994
52,144,1,1982,-328.058069,133392.456607
52,144,1,1983,-20.317634,134432.191077
52,144,1,1984,-49.931982,133024.550563
52,144,1,1985,-236.716006,132736.624094
52,144,1,1986,-283.822878,134000.301374
52,144,1,1987,249.142674,134976.052185
52,144,1,1988,-375.181852,133088.534223
52,144,1,1989,56.725514,132880.587329
52,144,1,1990,-67.102578,134000.301374
52,144,1,1991,-0.597284,133280.485202
52,144,1,1992,289.955643,133728.370820
52,144,1,1993,-659.940681,133600.403501
52,144,1,1994,-223.950326,133424.448437
52,144,1,1995,-331.980093,132512.681285
52,144,1,1996,211.184473,132784.611839
52,144,1,1997,124.264239,133344.468862
52,144,1,1998,-645.125051,135088.023589
52,144,1,1999,6.891013,133600.403501
52,144,1,2000,50.092773,133024.550563
52,144,1,2001,167.305034,133616.399416
52,144,1,2002,-576.391932,135887.819336
52,144,1,2003,-480.306114,133440.444351
52,144,1,2004,-340.806837,134272.231928
52,144,1,2005,-333.996219,134848.084865
52,144,1,2006,793.145883,134144.264608
52,144,1,2007,-837.008583,135152.007249
52,144,1,2008,-335.724241,132352.722136
52,144,1,2009,82.434750,134976.052185
52,144,1,2010,-195.869213,134624.142056
52,144,1,2011,105.738284,134832.088951
52,144,1,2012,-424.338674,133552.415756
52,144,1,2013,86.339862,134288.227843
52,144,1,2014,504.981745,134368.207418
52,144,1,2015,299.476978,133280.485202
52,144,1,2016,-54.497862,135535.909208
52,144,1,2017,-344.390021,133264.489287
52,144,1,2018,50.626400,135183.999079
52,144,1,2019,-87.017715,132864.591414
52,144,1,2020,443.592871,136303.713124
52,144,1,2021,96.877717,133456.440266
52,144,1,2022,212.234816,135535.909208
52,144,1,2023,18.640174,134672.129801
52,144,1,2024,406.812154,132880.587329
52,144,1,2025,96.699841,132736.624094
52,144,1,2026,405.956599,132416.705796
52,144,1,2027,61.664058,133376.460692
52,144,1,2028,-261.374899,133392.456607
52,144,1,2029,142.146338,135247.982739
52,144,1,2030,656.052308,135551.905122
52,144,1,2031,-78.318111,135088.023589
52,144,1,2032,43.993658,135327.962313
52,144,1,2033,119.859323,135008.044015
52,144,1,2034,-131.252905,132256.746647
52,144,1,2035,143.162857,134864.080780
52,144,1,2036,297.621816,134768.105291
52,144,1,2037,-75.446430,133216.501542
52,144,1,2038,281.611791,132944.570989
52,144,1,2039,-398.646351,134080.280949
52,144,1,2040,469.090407,134544.162482
52,144,1,2041,414.995042,134512.170652
52,144,1,2042,127.686459,135199.994994
52,144,1,2043,155.733749,133264.489287
52,144,1,2044,577.619977,134480.178822
52,144,1,2045,520.619107,133184.509713
52,144,1,2046,177.859800,134352.211503
52,144,1,2047,-170.693604,134560.158397
52,144,1,2048,205.924002,133984.305459
52,144,1,2049,143.662661,133888.329970
52,144,1,2050,771.375583,134496.174737
52,144,1,2051,-468.395989,133664.387161
52,144,1,2052,271.912580,132672.640435
52,144,1,2053,397.663482,136335.704954
52,144,1,2054,138.385278,133520.423926
52,144,1,2055,-400.001709,134592.150227
52,144,1,2056,619.966182,133440.444351
52,144,1,2057,-446.447814,134032.293204
52,144,1,2058,-327.024638,134576.154312
52,144,1,2059,204.746519,135215.990909
52,144,1,2060,158.478291,135375.950058
52,144,1,2061,648.724975,134384.203332
52,144,1,2062,-535.756838,133920.321799
52,144,1,2063,178.715356,134816.093036
52,144,1,2064,-467.396382,131712.885539
52,144,1,2065,-229.210798,134624.142056
52,144,1,2066,-61.130603,135679.872442
52,144,1,2067,97.216556,133328.472947
52,144,1,2068,-31.372203,134672.129801
52,144,1,2069,710.808440,133760.362650
52,144,1,2070,-180.392815,134288.227843
52,144,1,2071,227.516426,132912.579159
52,144,1,2072,197.080346,134176.256438
52,144,1,2073,-313.581278,135008.044015
52,144,1,2074,-537.290072,133712.374905
52,144,1,2075,-348.100346,136239.729465
52,144,1,2076,103.010655,134288.227843
52,144,1,2077,414.978130,132944.570989
52,144,1,2078,-80.884777,133696.378990
52,144,1,2079,602.617710,133696.378990
52,144,1,2080,-9.085188,134912.068525
52,144,1,2081,-111.998536,135215.990909
52,144,1,2082,-192.108153,136351.700869
52,144,1,2083,993.017516,133424.448437
52,144,1,2084,-9.246152,135759.852017
52,144,1,2085,1.291702,134928.064440
52,144,1,2086,-275.995742,134192.252353
52,144,1,2087,-371.420792,134816.093036
52,144,1,2088,-32.583510,132768.615924
52,144,1,2089,-130.202563,135008.044015
52,144,1,2090,240.265194,132032.803837
52,144,1,2091,445.769961,133120.526053
52,144,1,2092,-58.597762,133936.317714
52,144,1,2093,-95.166779,134368.207418
52,144,1,2094,136.691079,134160.260523
52,144,1,2095,-405.440056,135072.027675
52,144,1,2096,-406.795415,135583.896952
52,144,1,2097,508.903770,135247.982739
52,144,1,2098,262.924873,135279.974569
52,144,1,2099,-41.249290,133680.383075
52,144,1,2100,-26.255784,135887.819336
52,144,1,2101,236.521046,131872.844688
52,144,1,2102,-467.201594,134000.301374
52,144,1,2103,-731.384518,133824.346310
52,144,1,2104,411.411857,133504.428011
52,144,1,2105,-246.737145,134160.260523
52,144,1,2106,5.874494,133984.305459
52,144,1,2107,-204.551905,133968.309544
52,144,1,2108,540.534244,134320.219673
52,144,1,2109,-511.936588,134368.207418
52,144,1,2110,28.678224,134816.093036
52,144,1,2111,388.125235,135215.990909
52,144,1,2112,-343.356590,134448.186992
52,144,1,2113,-446.947617,135008.044015
52,144,1,2114,-499.509748,135183.999079
52,144,1,2115,122.409076,134832.088951
52,144,1,2116,-38.877412,132784.611839
52,144,1,2117,-448.480852,134800.097121
52,144,1,2118,365.821308,133408.452522
52,144,1,2119,-175.810024,133344.468862
52,144,1,2120,-98.894016,135775.847932
52,144,1,2121,467.396209,135183.999079
52,144,1,2122,-150.439628,135567.901037
52,144,1,2123,-123.764608,132576.664945
52,144,1,2124,187.042296,134032.293204
52,144,1,2125,-546.311604,133184.509713
52,144,1,2126,-343.178715,135168.003164
52,144,1,2127,-4.180468,132272.742561
52,144,1,2128,-164.577578,133824.346310
52,144,1,2129,515.536512,135104.019504
52,144,1,2130,205.085359,135088.023589
52,144,1,2131,-207.957213,133680.383075
52,144,1,2132,28.483437,132528.677200
52,144,1,2133,491.199546,134064.285034
52,144,1,2134,5.535654,134112.272779
52,144,1,2135,-190.092026,134016.297289
52,144,1,2136,268.168432,132512.681285
52,144,1,2137,-60.986551,133264.489287
52,144,1,2138,-158.266764,135375.950058
52,144,1,2139,-332.674684,131201.016261
52,144,1,2140,-250.659169,133280.485202
52,144,1,2141,-694.637625,134112.272779
52,144,1,2142,-100.605126,134848.084865
52,144,1,2143,-110.304337,134576.154312
52,144,1,2144,335.546193,133824.346310
52,144,1,2145,-4.663360,134816.093036
52,144,1,2146,1.613630,133232.497457
52,144,1,2147,-192.836567,131904.836518
52,144,1,2148,-96.539050,133312.477032
52,144,1,2149,205.263235,135807.839761
52,144,1,2150,430.988155,134768.105291
52,144,1,2151,-294.360732,134832.088951
52,144,1,2152,45.509981,133968.309544
52,144,1,2153,-603.117687,134176.256438
52,144,1,2154,-240.282279,133296.481117
52,144,1,2155,-210.506967,133856.338140
52,144,1,2156,-687.471256,136127.758060
52,144,1,2157,-746.183236,133904.325885
52,144,1,2158,430.132600,134304.223758
52,144,1,2159,518.569157,132384.713966
52,144,1,2160,-52.981539,134176.256438
52,144,1,2161,207.474149,135759.852017
52,144,1,2162,-93.633545,134576.154312
52,144,1,2163,289.616804,133856.338140
52,144,1,2164,-148.762341,133360.464777
52,144,1,2165,-318.875573,133072.538308
52,144,1,2166,466.362778,134000.301374
52,144,1,2167,-684.277646,132560.669030
52,144,1,2168,-0.758248,134128.268694
52,144,1,2169,178.698444,133248.493372
52,144,1,2170,909.485678,132704.632265
52,144,1,2171,179.054195,134688.125716
52,144,1,2172,-232.277267,134208.248268
52,144,1,2173,-599.051610,132640.648605
52,144,1,2174,-434.554601,132688.636350
52,144,1,2175,764.564966,133920.321799
52,144,1,2176,-537.628912,133840.342225
52,144,1,2177,-195.530373,134496.174737
52,144,1,2178,-182.264890,134208.248268
52,144,1,2179,58.453536,135375.950058
52,144,1,2180,192.980446,132576.664945
52,144,1,2181,-420.094722,132736.624094
52,144,1,2182,-181.409334,134672.129801
52,144,1,2183,163.899726,133328.472947
52,144,1,2184,393.885510,133040.546478
52,144,1,2185,485.244484,133952.313629
52,144,1,2186,-496.477103,132464.693541
52,144,1,2187,210.684670,133760.362650
52,144,1,2188,-191.269509,135247.982739
52,144,1,2189,631.715343,134512.170652
52,144,1,2190,270.235294,134880.076695
52,144,1,2191,626.260084,133424.448437
52,144,1,2192,254.403145,133776.358565
52,144,1,2193,648.208259,133792.354480
52,144,1,2194,19.139977,133696.378990
52,144,1,2195,129.736409,135999.790741
52,144,1,2196,-603.990154,132144.775242
52,144,1,2197,491.521474,132368.718051
52,144,1,2198,292.022505,136095.766230
52,144,1,2199,-421.111241,133120.526053
52,144,1,2200,-493.732561,134576.154312
52,144,1,2201,109.999148,135583.896952
52,144,1,2202,12.685111,134560.158397
52,144,1,2203,338.951501,134112.272779
52,144,1,2204,-239.087884,133632.395331
52,144,1,2205,33.100052,134720.117546
52,144,1,2206,-360.044295,132880.587329
52,144,1,2207,-283.822878,134000.301374
52,144,1,2208,211.895976,135663.876527
52,144,1,2209,-346.939775,133440.444351
52,144,1,2210,299.654854,134000.301374
52,144,1,2211,473.995127,131904.836518
52,144,1,2212,416.867116,134592.150227
52,144,1,2213,387.108716,135599.892867
52,144,1,2214,71.735932,136655.623253
52,144,1,2215,-127.830685,134112.272779
52,144,1,2216,302.560359,135263.978654
52,144,1,2217,-137.191056,133712.374905
52,144,1,2218,-155.556047,134352.211503
52,144,1,2219,259.180724,135120.015419
52,144,1,2220,-23.401014,132448.697626
52,144,1,2221,740.067037,133728.370820
52,144,1,2222,435.071143,134800.097121
52,144,1,2223,-167.821923,132688.636350
52,144,1,2224,61.181166,135919.811166
52,144,1,2225,-483.516635,135439.933718
52,144,1,2226,-263.407937,134160.260523
52,144,1,2227,304.576486,132928.575074
52,144,1,2228,45.687856,134688.125716
52,144,1,2229,144.857055,134224.244183
52,144,1,2230,103.171619,133440.444351
52,144,1,2231,-95.844459,134624.142056
52,144,1,2232,609.089488,134400.199247
52,144,1,2233,461.602110,134224.244183
52,144,1,2234,9.940570,132448.697626
52,144,1,2235,-750.461012,131584.918219
52,144,1,2236,-565.710026,132640.648605
52,144,1,2237,-233.471661,133872.334055
52,144,1,2238,-304.076855,132992.558733
52,144,1,2239,147.923525,134640.137971
52,144,1,2240,-40.910450,133552.415756
52,144,1,2241,-422.288724,134352.211503
52,144,1,2242,-463.457446,134160.260523
52,144,1,2243,-166.966368,133152.517883
52,144,1,2244,-29.356077,132336.726221
52,144,1,2245,147.067969,134176.256438
52,144,1,2246,-200.113165,135439.933718
52,144,1,2247,-211.362522,133392.456607
52,144,1,2248,142.129426,133680.383075
52,144,1,2249,-280.934285,133696.378990
52,144,1,2250,229.405412,134560.158397
52,144,1,2251,-372.615187,134480.178822
52,144,1,2252,-405.279092,134224.244183
52,144,1,2253,268.202256,135647.880612
52,144,1,2254,807.944601,134064.285034
52,144,1,2255,-153.667061,135999.790741
52,144,1,2256,-270.896234,133840.342225
52,144,1,2257,-450.708678,133280.485202
52,144,1,2258,-50.076034,135439.933718
52,144,1,2259,-330.446858,132720.628180
52,144,1,2260,-357.316665,133424.448437
52,144,1,2261,-378.570249,134368.207418
52,144,1,2262,-18.106720,134384.203332
52,144,1,2263,289.277964,133984.305459
52,144,1,2264,186.025777,134416.195162
52,144,1,2265,110.304164,132320.730306
52,144,1,2266,27.466918,132912.579159
52,144,1,2267,-55.675345,136767.594657
52,144,1,2268,-86.839839,133584.407586
52,144,1,2269,308.693297,136095.766230
52,144,1,2270,557.704840,133344.468862
52,144,1,2271,-285.017273,133664.387161
52,144,1,2272,171.388023,133648.391246
52,144,1,2273,-414.300624,133696.378990
52,144,1,2274,-608.572945,133088.534223
52,144,1,2275,199.985852,135439.933718
52,144,1,2276,1.274790,133360.464777
52,144,1,2277,87.695221,133776.358565
52,144,1,2278,60.469663,133040.546478
52,144,1,2279,-300.493671,134000.301374
52,144,1,2280,-81.918208,132512.681285
52,144,1,2281,674.222511,132624.652690
52,144,1,2282,270.379346,132464.693541
52,144,1,2283,312.581498,133840.342225
52,144,1,2284,692.087698,132960.566904
52,144,1,2285,-1.097088,134256.236013
52,144,1,2286,229.727340,132864.591414
52,144,1,2287,65.425118,135104.019504
52,144,1,2288,108.449002,133808.350395
52,144,1,2289,322.958388,133856.338140
52,144,1,2290,144.018412,135327.962313
52,144,1,2291,-121.197943,133968.309544
52,144,1,2292,-178.520741,134368.207418
52,144,1,2293,-41.571218,135375.950058
52,144,1,2294,454.986280,135935.807081
52,144,1,2295,439.154131,134832.088951
52,144,1,2296,483.372410,133872.334055
52,144,1,2297,-267.474014,135695.868357
52,144,1,2298,-119.164905,133200.505627
52,144,1,2299,-13.667980,135855.827506
52,144,1,2300,653.290855,131872.844688
52,144,1,2301,-19.800918,135024.039930
52,144,1,2302,-12.151657,134496.174737
52,144,1,2303,-438.959517,134352.211503
52,144,1,2304,370.776763,135471.925548
52,144,1,2305,7.051977,132752.620009
52,144,1,2306,-183.959088,134848.084865
52,144,1,2307,-326.363870,132752.620009
52,144,1,2308,342.356810,134400.199247
52,144,1,2309,550.894223,132768.615924
52,144,1,2310,-60.452924,135423.937803
52,144,1,2311,470.284802,134880.076695
52,144,1,2312,-244.026428,133136.521968
52,144,1,2313,-79.368454,132336.726221
52,144,1,2314,-224.788970,134528.166567
52,144,1,2315,-375.342816,133936.317714
52,144,1,2316,-67.102578,134000.301374
52,144,1,2317,-365.660517,132640.648605
52,144,1,2318,346.261923,133712.374905
52,144,1,2319,-386.058546,134048.289119
52,144,1,2320,-377.070838,131440.954985
52,144,1,2321,-521.457923,134816.093036
52,144,1,2322,-584.752696,133536.419841
52,144,1,2323,587.658028,134624.142056
52,144,1,2324,308.676386,134528.166567
52,144,1,2325,537.645651,134624.142056
52,144,1,2326,-237.393686,132992.558733
52,144,1,2327,-59.275441,134192.252353
52,144,1,2328,-449.319495,135903.815251
52,144,1,2329,-504.465203,133120.526053
52,144,1,2330,289.955643,133728.370820
52,144,1,2331,-162.188788,134496.174737
52,144,1,2332,201.324299,133360.464777
52,144,1,2333,-348.989725,132640.648605
52,144,1,2334,340.823576,134192.252353
52,144,1,2335,-159.655947,132752.620009
52,144,1,2336,597.501291,132480.689456
52,144,1,2337,105.738284,134832.088951
52,144,1,2338,-965.809042,132640.648605
52,144,1,2339,636.459098,132720.628180
52,144,1,2340,622.194007,134960.056270
52,144,1,2341,311.370191,131936.828348
52,144,1,2342,-421.772009,134944.060355
52,144,1,2343,-397.113116,134288.227843
52,144,1,2344,-201.824275,134512.170652
52,144,1,2345,93.650284,133888.329970
52,144,1,2346,-2.113607,134640.137971
52,144,1,2347,-83.273566,133024.550563
52,144,1,2348,-244.331444,136399.688614
52,144,1,2349,158.800218,133680.383075
52,144,1,2350,750.782767,133616.399416
52,144,1,2351,965.114278,132944.570989
52,144,1,2352,-237.554650,133840.342225
52,144,1,2353,-189.736275,135455.929633
52,144,1,2354,-104.705026,133248.493372
52,144,1,2355,432.165638,133536.419841
52,144,1,2356,818.660331,133952.313629
52,144,1,2357,-344.034270,134704.121631
52,144,1,2358,-264.763296,134672.129801
52,144,1,2359,-524.880144,132960.566904
52,144,1,2360,-709.436343,134192.252353
52,144,1,2361,36.844201,134880.076695
52,144,1,2362,-151.989774,133792.354480
52,144,1,2363,89.567295,133856.338140
52,144,1,2364,-147.551034,135263.978654
52,144,1,2365,73.235343,133728.370820
52,144,1,2366,900.337006,136159.749890
52,144,1,2367,536.451256,134288.227843
52,144,1,2368,341.501255,133936.317714
52,144,1,2369,-22.867387,134608.146142
52,144,1,2370,264.280231,134768.105291
52,144,1,2371,246.753884,134304.223758
52,144,1,2372,-53.481343,135152.007249
52,144,1,2373,381.814421,133664.387161
52,144,1,2374,475.545273,133680.383075
52,144,1,2375,130.236213,135024.039930
52,144,1,2376,163.543974,131888.840603
52,144,1,2377,-175.098521,136223.733550
52,144,1,2378,106.932679,135168.003164
52,144,1,2379,22.884126,133856.338140
52,144,1,2380,-283.484039,133872.334055
52,144,1,2381,420.433389,134032.293204
52,144,1,2382,-229.888477,134880.076695
52,144,1,2383,142.485178,135120.015419
52,144,1,2384,-71.507494,135663.876527
52,144,1,2385,-102.655076,134048.289119
52,144,1,2386,-329.913231,134880.076695
52,144,1,2387,161.527848,134224.244183
52,144,1,2388,-68.280061,135231.986824
52,144,1,2389,18.979014,134544.162482
52,144,1,2390,-584.075016,133280.485202
52,144,1,2391,550.411331,135311.966399
52,144,1,2392,308.337546,134656.133886
52,144,1,2393,-513.130983,134032.293204
52,144,1,2394,55.903783,135551.905122
52,144,1,2395,-524.685356,135247.982739
52,144,1,2396,67.974872,134928.064440
52,144,1,2397,255.258700,134240.240098
52,144,1,2398,-319.053449,132352.722136
52,144,1,2399,614.883586,135359.954143
52,144,1,2400,334.868513,134080.280949
52,144,1,2401,290.150431,136015.786656
52,144,1,2402,-226.500080,133600.403501
52,144,1,2403,114.742904,133792.354480
52,144,1,2404,-293.344213,134448.186992
52,144,1,2405,278.401270,134944.060355
52,144,1,2406,-75.929322,135759.852017
52,144,1,2407,-767.614696,134128.268694
52,144,1,2408,222.094991,134960.056270
52,144,1,2409,-556.688494,133168.513798
52,144,1,2410,292.166557,133680.383075
52,144,1,2411,-162.510716,136191.741720
52,144,1,2412,18.962102,132976.562818
52,144,1,2413,-154.878367,134096.276864
52,144,1,2414,-42.799436,131904.836518
52,144,1,2415,-161.333233,134960.056270
52,144,1,2416,-258.808234,134784.101206
52,144,1,2417,718.652489,135519.913293
52,144,1,2418,-294.538608,134112.272779
52,144,1,2419,-82.257047,132640.648605
52,144,1,2420,-169.177282,133200.505628
52,144,1,2421,-54.159022,135407.941888
52,144,1,2422,-47.382228,132848.595499
52,144,1,2423,515.714387,135823.835676
52,144,1,2424,86.678702,134160.260523
52,144,1,2425,-473.673372,133296.481117
52,144,1,2426,-234.149341,134128.268694
52,144,1,2427,-142.290563,134064.285034
52,144,1,2428,305.093201,133520.423926
52,144,1,2429,253.886429,133184.509713
52,144,1,2430,-63.197465,133312.477032
52,144,1,2431,-430.954504,135263.978654
52,144,1,2432,241.137661,134064.285034
52,144,1,2433,65.602994,135823.835676
52,144,1,2434,-443.559220,133728.370820
52,144,1,2435,66.441637,134720.117546
52,144,1,2436,318.858488,132256.746647
52,144,1,2437,-84.112210,134128.268694
52,144,1,2438,3.307828,132592.660860
52,144,1,2439,-304.059943,134560.158397
52,144,1,2440,359.010691,132832.599584
52,144,1,2441,595.840916,136255.725379
52,144,1,2442,-30.499736,136703.610998
52,144,1,2443,-725.946171,133344.468862
52,144,1,2444,669.317791,135263.978654
52,144,1,2445,-54.336898,134688.125716
52,144,1,2446,-319.536341,134896.072610
52,144,1,2447,203.713088,134032.293204
52,144,1,2448,-472.783993,136895.561977
52,144,1,2449,408.506352,132240.750732
52,144,1,2450,-1.274963,133536.419841
52,144,1,2451,-231.438623,133104.530138
52,144,1,2452,89.550384,132288.738476
52,144,1,2453,238.249068,134368.207418
52,144,1,2454,-5.002200,134944.060355
52,144,1,2455,-585.235588,136079.770315
52,144,1,2456,-466.845843,135439.933718
52,144,1,2457,129.380658,134560.158397
52,144,1,2458,184.992346,133232.497457
52,144,1,2459,-282.467519,133488.432096
52,144,1,2460,929.222940,133120.526053
52,144,1,2461,273.962530,133472.436181
52,144,1,2462,373.843232,135887.819336
52,144,1,2463,-382.475362,135056.031760
52,144,1,2464,184.314666,133488.432096
52,144,1,2465,-105.543670,134352.211503
52,144,1,2466,-161.011305,133264.489287
52,144,1,2467,90.100923,136015.786656
52,144,1,2468,102.332975,134544.162482
52,144,1,2469,-28.661486,133648.391246
52,144,1,2470,519.280660,135263.978654
52,144,1,2471,44.671337,135072.027675
52,144,1,2472,319.214240,133696.378990
52,144,1,2473,190.091853,132880.587329
52,144,1,2474,-505.820562,133632.395331
52,144,1,2475,913.246738,134432.191077
52,144,1,2476,-78.140235,135807.839761
52,144,1,2477,722.896441,134704.121631
52,144,1,2478,529.640638,133712.374905
52,144,1,2479,1194.778134,134352.211503
52,144,1,2480,569.098249,132976.562818
52,144,1,2481,-611.622503,134240.240098
52,144,1,2482,351.878145,133952.313629
52,144,1,2483,1148.653958,132096.787497
52,144,1,2484,-516.002665,135903.815251
52,144,1,2485,152.167477,133824.346310
52,144,1,2486,-128.008560,133392.456607
52,144,1,2487,-86.645051,135871.823421
52,144,1,2488,113.548509,133456.440266
52,144,1,2489,247.948279,134640.137971
52,144,1,2490,-780.185589,135727.860187
52,144,1,2491,-252.870083,133328.472947
52,144,1,2492,204.746519,135215.990909
52,144,1,2493,-268.346481,133664.387161
52,144,1,2494,10.474198,134608.146142
52,144,1,2495,192.658519,134272.231928
52,144,1,2496,225.661264,134400.199247
52,144,1,2497,90.566903,131904.836518
52,144,1,2498,-331.963181,134080.280949
52,144,1,2499,402.229362,133824.346310
52,144,1,2500,-236.521219,135024.039930
52,144,1,2501,-70.668850,134560.158397
52,144,1,2502,-416.333662,134464.182907
52,144,1,2503,-561.432250,134960.056270
52,144,1,2504,213.929015,134896.072610
52,144,1,2505,452.919418,133568.411671
52,144,1,2506,327.219252,134608.146142
52,144,1,2507,112.015274,133248.493372
52,144,1,2508,298.299495,134512.170652
52,144,1,2509,-582.863710,135183.999079
52,144,1,2510,450.386577,135311.966399
52,144,1,2511,-562.465681,133776.358565
52,144,1,2512,-127.491845,133984.305459
52,144,1,2513,198.791457,135104.019504
52,144,1,2514,-154.361652,134688.125716
52,144,1,2515,-188.753579,131936.828348
52,144,1,2516,-41.571218,135375.950058
52,144,1,2517,-86.323124,134176.256438
52,144,1,2518,295.233026,134096.276864
52,144,1,2519,-151.634022,135231.986824
52,144,1,2520,-278.367619,135088.023589
52,144,1,2521,70.007910,134160.260523
52,144,1,2522,-44.298847,134832.088951
52,144,1,2523,46.009784,132992.558733
52,144,1,2524,-377.892570,134112.272779
52,144,1,2525,173.776812,134320.219673
52,144,1,2526,3.680492,135599.892867
52,144,1,2527,185.348097,134672.129801
52,144,1,2528,556.866197,134448.186992
52,144,1,2529,17.623655,135056.031760
52,144,1,2530,141.612711,133088.534223
52,144,1,2531,-504.287327,133840.342225
52,144,1,2532,-235.326824,135359.954143
52,144,1,2533,14.218346,134768.105291
52,144,1,2534,447.658947,134768.105291
52,144,1,2535,436.426502,134288.227843
52,144,1,2536,-671.317179,135535.909208
52,144,1,2537,246.254080,135279.974569
52,144,1,2538,-425.533069,133216.501542
52,144,1,2539,56.564550,133728.370820
52,144,1,2540,69.685982,135855.827506
52,144,1,2541,-241.298798,133680.383075
52,144,1,2542,50.431612,132896.583244
52,144,1,2543,-293.699965,133008.554648
52,144,1,2544,106.060212,133136.521968
52,144,1,2545,279.917593,133584.407586
52,144,1,2546,169.354984,134416.195162
52,144,1,2547,37.504968,133056.542393
52,144,1,2548,-639.025937,132784.611839
52,144,1,2549,318.214633,135647.880612
52,144,1,2550,-332.979700,134464.182907
52,144,1,2551,359.527406,133424.448437
52,144,1,2552,-304.381871,136255.725379
52,144,1,2553,703.658983,133312.477032
52,144,1,2554,76.479688,134864.080780
52,144,1,2555,171.210147,132928.575074
52,144,1,2556,155.894713,132416.705796
52,144,1,2557,-507.836688,135967.798911
52,144,1,2558,-447.286457,135136.011334
52,144,1,2559,455.469172,133392.456607
52,144,1,2560,-399.823834,135311.966399
52,144,1,2561,-17.251165,134848.084865
52,144,1,2562,-540.178666,134016.297289
52,144,1,2563,1.952470,133104.530138
52,144,1,2564,-609.750428,134320.219673
52,144,1,2565,121.375646,133648.391246
52,144,1,2566,-555.316224,134224.244183
52,144,1,2567,-132.930192,134464.182907
52,144,1,2568,279.773541,135999.790741
52,144,1,2569,68.830427,135391.945973
52,144,1,2570,-397.968671,133824.346310
52,144,1,2571,-379.247929,134624.142056
52,144,1,2572,-173.082394,133888.329970
52,144,1,2573,58.436625,133808.350395
52,144,1,2574,-76.607001,136015.786656
52,144,1,2575,-138.207575,134096.276864
52,144,1,2576,252.869910,133568.411671
52,144,1,2577,324.152783,134192.252353
52,144,1,2578,494.266016,134480.178822
52,144,1,2579,-233.649537,133152.517883
52,144,1,2580,-426.193837,135040.035845
52,144,1,2581,-418.027860,135104.019504
52,144,1,2582,-528.963132,132928.575074
52,144,1,2583,644.125271,133760.362650
52,144,1,2584,185.864813,135263.978654
52,144,1,2585,-19.817830,133456.440266
52,144,1,2586,-425.177318,134656.133886
52,144,1,2587,203.357337,132592.660860
52,144,1,2588,27.305954,133760.362650
52,144,1,2589,-348.295134,133952.313629
52,144,1,2590,215.978965,135695.868357
52,144,1,2591,624.243957,135759.852017
52,144,1,2592,305.432041,133392.456607
52,144,1,2593,218.172967,134080.280949
52,144,1,2594,-45.848993,133056.542393
52,144,1,2595,-163.899899,133568.411671
52,144,1,2596,-353.216765,135024.039930
52,144,1,2597,-856.262953,132192.762987
52,144,1,2598,274.318282,134912.068525
52,144,1,2599,-202.324079,135487.921463
52,144,1,2600,1.791506,133952.313629
52,144,1,2601,-206.584943,134736.113461
52,144,1,2602,376.215110,134992.048100
52,144,1,2603,255.258700,134240.240098
52,144,1,2604,-120.359300,132864.591414
52,144,1,2605,350.522786,134464.182907
52,144,1,2606,-214.412079,134544.162482
52,144,1,2607,334.529673,134208.248268
52,144,1,2608,183.814863,134464.182907
52,144,1,2609,403.940472,134752.109376
52,144,1,2610,227.355462,133760.362650
52,144,1,2611,281.467739,135359.954143
52,144,1,2612,-242.154353,133216.501542
52,144,1,2613,-182.087014,134928.064440
52,144,1,2614,-590.529882,134144.264608
52,144,1,2615,-382.992077,134464.182907
52,144,1,2616,65.247242,134384.203332
52,144,1,2617,719.169204,136111.762145
52,144,1,2618,-404.601413,133968.309544
52,144,1,2619,-305.254338,134224.244183
52,144,1,2620,32.066621,133536.419841
52,144,1,2621,-462.263051,134496.174737
52,144,1,2622,862.878610,132992.558733
52,144,1,2623,145.890486,135407.941888
52,144,1,2624,155.039158,131952.824263
52,144,1,2625,257.308650,135040.035845
52,144,1,2626,-229.727513,134032.293204
52,144,1,2627,521.135822,133776.358565
52,144,1,2628,184.492542,134208.248268
52,144,1,2629,96.039073,134560.158397
52,144,1,2630,28.856100,135535.909208
52,144,1,2631,105.721372,133264.489287
52,144,1,2632,-8.390597,136223.733550
52,144,1,2633,-262.730258,133904.325885
52,144,1,2634,103.527370,134880.076695
52,144,1,2635,220.739632,135471.925548
52,144,1,2636,-8.229633,135375.950058
52,144,1,2637,98.749791,133536.419841
52,144,1,2638,721.007455,133056.542393
52,144,1,2639,-670.317572,133584.407586
52,144,1,2640,58.097785,133936.317714
52,144,1,2641,-66.247022,134464.182907
52,144,1,2642,323.458192,132880.587329
52,144,1,2643,241.637465,133088.534223
52,144,1,2644,-84.612013,135104.019504
52,144,1,2645,219.867165,133440.444351
52,144,1,2646,-22.011832,135072.027675
52,144,1,2647,-187.703237,134688.125716
52,144,1,2648,188.414566,135088.023589
52,144,1,2649,-53.676130,132864.591414
52,144,1,2650,-262.213543,134496.174737
52,144,1,2651,-74.912802,135375.950058
52,144,1,2652,119.520483,135136.011334
52,144,1,2653,-178.020937,133392.456607
52,144,1,2654,-567.709240,136543.651848
52,144,1,2655,-176.148863,133472.436181
52,144,1,2656,-313.598190,133440.444351
52,144,1,2657,-596.645909,134880.076695
52,144,1,2658,217.817215,132640.648605
52,144,1,2659,-325.991207,135759.852017
52,144,1,2660,28.678224,134816.093036
52,144,1,2661,-33.244277,134592.150227
52,144,1,2662,367.532418,134336.215588
52,144,1,2663,-166.110813,133616.399416
52,144,1,2664,-312.064956,133648.391246
52,144,1,2665,-95.522531,132928.575074
52,144,1,2666,413.961611,133328.472947
52,144,1,2667,-369.904469,133456.440266
52,144,1,2668,-45.154402,134368.207418
52,144,1,2669,-512.436392,135343.958228
52,144,1,2670,332.657599,134128.268694
52,144,1,2671,-352.555998,133200.505628
52,144,1,2672,330.785525,134048.289119
52,144,1,2673,240.637857,135040.035845
52,144,1,2674,256.791934,134448.186992
52,144,1,2675,441.526009,133936.317714
52,144,1,2676,-72.379961,133632.395331
52,144,1,2677,-352.894837,133328.472947
52,144,1,2678,245.203737,132528.677200
52,144,1,2679,201.841014,133952.313629
52,144,1,2680,-181.070495,134544.162482
52,144,1,2681,-67.619293,133408.452522
52,144,1,2682,168.821357,132256.746647
52,144,1,2683,-581.186423,132976.562818
52,144,1,2684,-273.107148,133888.329970
52,144,1,2685,275.656729,132832.599584
52,144,1,2686,175.970814,132704.632265
52,144,1,2687,-323.780293,135711.864272
52,144,1,2688,-215.606474,134208.248268
52,144,1,2689,316.325647,134000.301374
52,144,1,2690,474.350878,133344.468862
52,144,1,2691,-483.016831,134464.182907
52,144,1,2692,-712.536636,130641.159238
52,144,1,2693,54.531512,134496.174737
52,144,1,2694,97.589220,136335.704954
52,144,1,2695,606.056842,137119.504786
52,144,1,2696,-237.021022,135999.790741
52,144,1,2697,137.046831,135599.892867
52,144,1,2698,410.895142,132912.579159
52,144,1,2699,-363.432692,134160.260523
52,144,1,2700,508.742806,136095.766230
52,144,1,2701,418.561315,133952.313629
52,144,1,2702,-306.787573,134016.297289
52,144,1,2703,264.602159,133072.538308
52,144,1,2704,-773.730723,134864.080780
52,144,1,2705,-235.343736,133792.354480
52,144,1,2706,178.376516,134944.060355
52,144,1,2707,54.014797,133904.325885
52,144,1,2708,-354.411160,134688.125716
52,144,1,2709,-231.955339,132512.681285
52,144,1,2710,-180.053976,134160.260523
52,144,1,2711,297.782780,133920.321799
52,144,1,2712,323.813944,134320.219673
52,144,1,2713,438.120700,133648.391246
52,144,1,2714,-9.779779,133600.403501
52,144,1,2715,-153.878760,132144.775242
52,144,1,2716,271.590653,134368.207418
52,144,1,2717,-369.548718,134896.072610
52,144,1,2718,181.925877,132816.603669
52,144,1,2719,134.979969,133232.497457
52,144,1,2720,-396.435437,134032.293204
52,144,1,2721,434.393464,135056.031760
52,144,1,2722,-539.983878,136303.713124
52,144,1,2723,531.334837,133072.538308
52,144,1,2724,-759.465632,132624.652690
52,144,1,2725,-63.536305,133440.444351
52,144,1,2726,-476.384090,134320.219673
52,144,1,2727,142.307302,134400.199247
52,144,1,2728,-389.980571,133168.513798
52,144,1,2729,-277.545888,132416.705796
52,144,1,2730,-146.873355,135008.044015
52,144,1,2731,293.039024,135711.864272
52,144,1,2732,428.243614,132656.644520
52,144,1,2733,165.610836,134256.236013
52,144,1,2734,-228.533118,134368.207418
52,144,1,2735,-61.664231,133520.423926
52,144,1,2736,-300.993474,134976.052185
52,144,1,2737,38.360523,133520.423926
52,144,1,2738,525.913402,135120.015419
52,144,1,2739,-54.853613,134096.276864
52,144,1,2740,-35.794031,134768.105291
52,144,1,2741,93.650284,133888.329970
52,144,1,2742,33.261016,133872.334055
52,144,1,2743,-867.978290,134256.236013
52,144,1,2744,329.769006,134432.191077
52,144,1,2745,-279.900854,134880.076695
52,144,1,2746,167.660786,135056.031760
52,144,1,2747,-35.455191,134640.137971
52,144,1,2748,-383.847632,134000.301374
52,144,1,2749,-751.460619,133536.419841
52,144,1,2750,-205.907263,134480.178822
52,144,1,2751,-228.177367,135807.839761
52,144,1,2752,-116.776115,133872.334055
52,144,1,2753,30.711263,134048.289119
52,144,1,2754,139.935424,135295.970484
52,144,1,2755,-374.665137,133680.383075
52,144,1,2756,305.787792,134832.088951
52,144,1,2757,146.229326,135279.974569
52,144,1,2758,-481.983400,135647.880612
52,144,1,2759,-155.022419,136511.660018
52,144,1,2760,132.091375,133536.419841
52,144,1,2761,-184.314840,133408.452522
52,144,1,2762,-139.579846,133040.546478
52,144,1,2763,129.702586,132864.591414
52,144,1,2764,517.213798,132896.583244
52,144,1,2765,226.338943,134144.264608
52,144,1,2766,-173.760074,134144.264608
52,144,1,2767,-486.583104,135024.039930
52,144,1,2768,49.093165,134976.052185
52,144,1,2769,-396.418525,135599.892867
52,144,1,2770,-311.709204,135088.023589
52,144,1,2771,293.005201,132576.664945
52,144,1,2772,-217.995264,133536.419841
52,144,1,2773,-66.924702,134720.117546
52,144,1,2774,456.824531,132880.587329
52,144,1,2775,430.810279,134048.289119
52,144,1,2776,388.608127,132672.640435
52,144,1,2777,-712.341848,132928.575074
52,144,1,2778,-407.650970,135120.015419
52,144,1,2779,63.375168,134304.223758
52,144,1,2780,-140.257525,133296.481117
52,144,1,2781,-512.614268,134624.142056
52,144,1,2782,-229.888477,134880.076695
52,144,1,2783,220.739632,135471.925548
52,144,1,2784,141.468658,135503.917378
52,144,1,2785,-193.497335,133728.370820
52,144,1,2786,-219.723286,131041.057112
52,144,1,2787,362.432911,134688.125716
52,144,1,2788,782.574205,131840.852858
52,144,1,2789,43.815782,134608.146142
52,144,1,2790,346.600762,133584.407586
52,144,1,2791,-230.066353,134160.260523
52,144,1,2792,112.193150,133968.309544
52,144,1,2793,-209.134696,134912.068525
52,144,1,2794,-330.946662,133696.378990
52,144,1,2795,-113.192930,134880.076695
52,144,1,2796,-47.204352,133568.411671
52,144,1,2797,-439.137392,133632.395331
52,144,1,2798,365.143629,133664.387161
52,144,1,2799,-443.576132,132160.771157
52,144,1,2800,-509.564710,133472.436181
52,144,1,2801,-625.404702,133936.317714
52,144,1,2802,-354.750000,134816.093036
52,144,1,2803,-866.106216,134336.215588
52,144,1,2804,-442.347914,135631.884697
52,144,1,2805,-765.725710,135775.847932
52,144,1,2806,33.100052,134720.117546
52,144,1,2807,187.381136,133904.325885
52,144,1,2808,-221.205785,135535.909208
52,144,1,2809,506.498068,133008.554648
52,144,1,2810,-442.364825,134064.285034
52,144,1,2811,-105.026954,134944.060355
52,144,1,2812,-27.450179,135551.905122
52,144,1,2813,138.724117,133392.456607
52,144,1,2814,13.379703,135871.823421
52,144,1,2815,-296.054931,135471.925548
52,144,1,2816,457.519122,134192.252353
52,144,1,2817,201.485262,132512.681285
52,144,1,2818,-175.310220,132368.718051
52,144,1,2819,307.481991,134192.252353
52,144,1,2820,-239.426724,133760.362650
52,144,1,2821,402.051486,133104.530138
52,144,1,2822,-42.087933,134784.101206
52,144,1,2823,-157.106193,132576.664945
52,144,1,2824,568.081730,133360.464777
52,144,1,2825,-401.196104,134256.236013
52,144,1,2826,598.729509,135951.802996
52,144,1,2827,45.509981,133968.309544
52,144,1,2828,74.590701,133216.501542
52,144,1,2829,-299.993867,133024.550563
52,144,1,2830,598.373758,134512.170652
52,144,1,2831,361.416392,135072.027675
52,144,1,2832,-268.863196,133072.538308
52,144,1,2833,-33.439065,132304.734391
52,144,1,2834,452.063863,133104.530138
52,144,1,2835,230.083091,134304.223758
52,144,1,2836,-87.695394,133120.526053
52,144,1,2837,574.409456,136479.668189
52,144,1,2838,-218.495068,134512.170652
52,144,1,2839,-132.930192,134464.182907
52,144,1,2840,126.653029,134016.297289
52,144,1,2841,-82.079172,133360.464777
52,144,1,2842,-517.552811,134128.268694
52,144,1,2843,-110.482213,133856.338140
52,144,1,2844,173.421061,132880.587329
52,144,1,2845,18.623262,133104.530138
52,144,1,2846,627.954282,132784.611839
52,144,1,2847,353.055628,132720.628180
52,144,1,2848,-217.478549,134128.268694
52,144,1,2849,-244.365267,133264.489287
52,144,1,2850,157.266984,133472.436181
52,144,1,2851,540.356368,133600.403501
52,144,1,2852,-144.840317,134240.240098
52,144,1,2853,-96.539050,133312.477032
52,144,1,2854,370.082172,134160.260523
52,144,1,2855,16.429260,134720.117546
52,144,1,2856,-28.322646,133520.423926
52,144,1,2857,343.890045,134608.146142
52,144,1,2858,-14.540447,133824.346310
52,144,1,2859,-57.903170,135247.982739
52,144,1,2860,606.878574,134448.186992
52,144,1,2861,-646.514234,132464.693541
52,144,1,2862,222.255955,134112.272779
52,144,1,2863,-439.103569,136767.594657
52,144,1,2864,406.829066,134448.186992
52,144,1,2865,-298.282757,133952.313629
52,144,1,2866,34.277535,133488.432096
52,144,1,2867,173.776812,134320.219673
52,144,1,2868,-111.659696,135088.023589
52,144,1,2869,-425.355193,133936.317714
52,144,1,2870,-139.224094,134480.178822
52,144,1,2871,255.936379,133984.305459
52,144,1,2872,-67.424506,135695.868357
52,144,1,2873,413.639683,135024.039930
52,144,1,2874,-317.842142,134256.236013
52,144,1,2875,197.597062,134768.105291
52,144,1,2876,-1.613803,133664.387161
52,144,1,2877,460.585591,134608.146142
52,144,1,2878,-97.360781,135983.794826
52,144,1,2879,-39.877019,134736.113461
52,144,1,2880,121.875449,132672.640435
52,144,1,2881,-218.833907,134640.137971
52,144,1,2882,-749.215882,136623.631423
52,144,1,2883,68.652551,134672.129801
52,144,1,2884,-291.311175,133680.383075
52,144,1,2885,-406.456575,135455.929633
52,144,1,2886,-691.232316,134400.199247
52,144,1,2887,114.404064,133920.321799
52,144,1,2888,289.294876,135551.905122
52,144,1,2889,347.261530,131760.873284
52,144,1,2890,-246.398305,134032.293204
52,144,1,2891,28.322473,133376.460692
52,144,1,2892,-160.850341,132416.705796
52,144,1,2893,-307.626216,135120.015419
52,144,1,2894,-296.410682,134032.293204
52,144,1,2895,273.996354,136607.635508
52,144,1,2896,60.469663,133040.546478
52,144,1,2897,-3.629929,135999.790741
52,144,1,2898,-5.679879,135199.994994
52,144,1,2899,124.603079,133216.501542
52,144,1,2900,-71.863245,134224.244183
52,144,1,2901,-18.623435,133792.354480
52,144,1,2902,87.356381,133904.325885
52,144,1,2903,-113.531770,135008.044015
52,144,1,2904,317.858881,134208.248268
52,144,1,2905,1.825329,137087.512956
52,144,1,2906,14.040470,134048.289119
52,144,1,2907,-183.637160,133152.517883
52,144,1,2908,-281.967716,132512.681285
52,144,1,2909,260.874923,134480.178822
52,144,1,2910,135.657648,132976.562818
52,144,1,2911,-51.126376,132688.636350
52,144,1,2912,936.906024,135727.860187
52,144,1,2913,-228.871958,134496.174737
52,144,1,2914,157.622735,134912.068525
52,144,1,2915,490.860707,134192.252353
52,144,1,2916,1116.845608,132304.734391
52,144,1,2917,581.863929,133664.387161
52,144,1,2918,-0.419408,134000.301374
52,144,1,2919,-208.457017,134656.133886
52,144,1,2920,-73.396480,134016.297289
52,144,1,2921,691.088091,134912.068525
52,144,1,2922,126.136313,133424.448437
52,144,1,2923,-24.561586,135247.982739
52,144,1,2924,-541.212097,132832.599584
52,144,1,2925,105.738284,134832.088951
52,144,1,2926,-31.355291,136239.729465
52,144,1,2927,243.526451,134736.113461
52,144,1,2928,28.322473,133376.460692
52,144,1,2929,-275.656902,134064.285034
52,144,1,2930,-282.628483,134336.215588
52,144,1,2931,-328.219033,134240.240098
52,144,1,2932,605.523215,134960.056270
52,144,1,2933,-123.408857,134016.297289
52,144,1,2934,-344.034270,134704.121631
52,144,1,2935,-142.629403,134192.252353
52,144,1,2936,-533.545924,133872.334055
52,144,1,2937,-421.272205,133968.309544
52,144,1,2938,-345.906344,134624.142056
52,144,1,2939,-0.936124,133408.452522
52,144,1,2940,13.345879,132736.624094
52,144,1,2941,-259.502825,133472.436181
52,144,1,2942,-351.522567,134384.203332
52,144,1,2943,-167.449260,135695.868357
52,144,1,2944,21.028964,135343.958228
52,144,1,2945,-374.326297,133552.415756
52,144,1,2946,-264.246581,135263.978654
52,144,1,2947,125.475546,135247.982739
52,144,1,2948,37.699756,135343.958228
52,144,1,2949,43.460031,133168.513798
52,144,1,2950,-533.706888,134720.117546
52,144,1,2951,-454.274950,133840.342225
52,144,1,2952,-20.317634,134432.191077
52,144,1,2953,66.424725,133152.517883
52,144,1,2954,-553.799901,132864.591414
52,144,1,2955,37.166129,133184.509713
52,144,1,2956,82.256874,134256.236013
52,144,1,2957,185.670025,132976.562818
52,144,1,2958,-388.769264,135072.027675
52,144,1,2959,250.819960,132768.615924
52,144,1,2960,260.358207,133888.329970
52,144,1,2961,-242.315317,134064.285034
52,144,1,2962,326.363697,134144.264608
52,144,1,2963,203.035409,134288.227843
52,144,1,2964,-281.950804,134080.280949
52,144,1,2965,144.518216,134352.211503
52,144,1,2966,-397.307904,132000.812008
52,144,1,2967,192.497555,135120.015419
52,144,1,2968,52.820402,133568.411671
52,144,1,2969,204.390768,133776.358565
52,144,1,2970,-48.720675,134928.064440
52,144,1,2971,207.973952,134784.101206
52,144,1,2972,441.348133,133216.501542
52,144,1,2973,-93.811421,133856.338140
52,144,1,2974,224.644745,134784.101206
52,144,1,2975,-27.467091,133984.305459
52,144,1,2976,82.951465,135567.901037
52,144,1,2977,-400.874176,132560.669030
52,144,1,2978,-253.869691,135279.974569
52,144,1,2979,-172.904518,134608.146142
52,144,1,2980,7.229853,133472.436181
52,144,1,2981,-450.014086,134592.150227
52,144,1,2982,-0.580372,134848.084865
52,144,1,2983,367.532418,134336.215588
52,144,1,2984,-268.346481,133664.387161
52,144,1,2985,342.517774,133552.415756
52,144,1,2986,-128.508364,134368.207418
52,144,1,2987,-6.518523,136303.713124
52,144,1,2988,-235.504700,134640.137971
52,144,1,2989,-212.556917,133056.542393
52,144,1,2990,55.370156,133392.456607
52,144,1,2991,404.118348,135471.925548
52,144,1,2992,-644.108532,134704.121631
52,144,1,2993,-143.984762,134704.121631
52,144,1,2994,865.606239,133536.419841
52,144,1,2995,131.930412,134384.203332
52,144,1,2996,-558.738444,132368.718051
52,144,1,2997,-44.315759,133264.489287
52,144,1,2998,592.257731,135247.982739
52,144,1,2999,557.543876,134192.252353
52,144,1,3000,-378.909089,134496.174737
52,144,1,3001,-172.565679,134480.178822
52,144,1,3002,296.088581,134560.158397
52,144,1,3003,-601.389665,136671.619168
52,144,1,3004,696.526438,134432.191077
52,144,1,3005,-32.710650,136751.598742
52,144,1,3006,1.630542,134800.097121
52,144,1,3007,19.478817,133568.411671
52,144,1,3008,7.602516,136479.668189
52,144,1,3009,-273.107148,133888.329970
52,144,1,3010,309.692905,134144.264608
52,144,1,3011,-298.443721,134800.097121
52,144,1,3012,87.856185,132928.575074
52,144,1,3013,-414.817339,133104.530138
52,144,1,3014,-525.379948,133936.317714
52,144,1,3015,-736.661901,133456.440266
52,144,1,3016,72.218824,134112.272779
52,144,1,3017,-146.873355,135008.044015
52,144,1,3018,-406.295611,134608.146142
52,144,1,3019,-289.083349,135199.994994
52,144,1,3020,313.437053,134304.223758
52,144,1,3021,-201.146596,134256.236013
52,144,1,3022,1062.072563,132528.677200
52,144,1,3023,175.471011,133680.383075
52,144,1,3024,-62.824802,136319.709039
52,144,1,3025,510.581056,133040.546478
52,144,1,3026,-404.262573,133840.342225
52,144,1,3027,-215.928402,135903.815251
52,144,1,3028,168.160590,134080.280949
52,144,1,3029,-157.284069,131856.848773
52,144,1,3030,419.416870,134416.195162
52,144,1,3031,422.644303,133984.305459
52,144,1,3032,5.874494,133984.305459
52,144,1,3033,443.592871,136303.713124
52,144,1,3034,-148.211802,137087.512956
52,144,1,3035,189.431086,134704.121631
52,144,1,3036,202.001978,133104.530138
52,144,1,3037,-681.888857,133232.497457
52,144,1,3038,573.359113,133728.370820
52,144,1,3039,193.319286,132448.697626
52,144,1,3040,-283.484039,133872.334055
52,144,1,3041,108.609966,132960.566904
52,144,1,3042,-385.880671,134768.105291
52,144,1,3043,547.311038,131760.873284
52,144,1,3044,-563.126448,135599.892867
52,144,1,3045,-512.131376,132080.791582
52,144,1,3046,469.784998,135855.827506
52,144,1,3047,172.582417,133984.305459
52,144,1,3048,78.512726,134096.276864
52,144,1,3049,160.011525,135583.896952
52,144,1,3050,78.851565,133968.309544
52,144,1,3051,-207.101658,134144.264608
52,144,1,3052,125.814385,135120.015419
52,144,1,3053,-154.039724,132992.558733
52,144,1,3054,288.761248,133392.456607
52,144,1,3055,-229.032922,135343.958228
52,144,1,3056,-610.089268,134448.186992
52,144,1,3057,-24.595409,132112.783412
52,144,1,3058,-264.585420,135391.945973
52,144,1,3059,143.823625,133040.546478
52,144,1,3060,369.726421,132720.628180
52,144,1,3061,-460.551941,135423.937803
52,144,1,3062,325.186214,135375.950058
52,144,1,3063,-167.449260,135695.868357
52,144,1,3064,-136.513376,133456.440266
52,144,1,3065,99.444382,134848.084865
52,144,1,3066,-135.496857,133072.538308
52,144,1,3067,-225.661437,132496.685370
52,144,1,3068,297.604904,133200.505627
52,144,1,3069,202.340818,132976.562818
52,144,1,3070,-30.016844,134160.260523
52,144,1,3071,362.610787,135407.941888
52,144,1,3072,126.813992,133168.513798
52,144,1,3073,183.137183,134720.117546
52,144,1,3074,195.047308,134944.060355
52,144,1,3075,-299.993867,133024.550563
52,144,1,3076,46.026696,134560.158397
52,144,1,3077,-137.885647,132400.709881
52,144,1,3078,-49.915070,134592.150227
52,144,1,3079,-393.368968,134448.186992
52,144,1,3080,272.446208,134832.088951
52,144,1,3081,-190.947581,133552.415756
52,144,1,3082,-262.374507,135343.958228
52,144,1,3083,8.779999,135247.982739
52,144,1,3084,-102.671988,132480.689456
52,144,1,3085,225.161460,135375.950058
52,144,1,3086,158.317327,136223.733550
52,144,1,3087,12.685111,134560.158397
52,144,1,3088,-275.479026,134784.101206
52,144,1,3089,-115.242880,134080.280949
52,144,1,3090,86.161987,133568.411671
52,144,1,3091,-142.807279,133472.436181
52,144,1,3092,398.824053,133536.419841
52,144,1,3093,-186.025950,132480.689456
52,144,1,3094,435.393071,133104.530138
52,144,1,3095,408.540176,135375.950058
52,144,1,3096,404.440276,133776.358565
52,144,1,3097,577.442102,133760.362650
52,144,1,3098,-75.463342,131648.901879
52,144,1,3099,-803.506035,134304.223758
52,144,1,3100,-8.246545,133808.350395
52,144,1,3101,1317.945459,135056.031760
52,144,1,3102,-172.065875,133504.428011
52,144,1,3103,-254.903121,134096.276864
52,144,1,3104,342.356810,134400.199247
52,144,1,3105,-140.596365,133424.448437
52,144,1,3106,97.589220,136335.704954
52,144,1,3107,384.203211,134336.215588
52,144,1,3108,430.115688,132736.624094
52,144,1,3109,120.003375,132592.660860
52,144,1,3110,168.838269,133824.346310
52,144,1,3111,405.990422,135551.905122
52,144,1,3112,230.100003,135871.823421
52,144,1,3113,-36.488622,133456.440266
52,144,1,3114,-2.969162,134176.256438
52,144,1,3115,-306.109893,133760.362650
52,144,1,3116,-24.917337,133808.350395
52,144,1,3117,336.918463,134880.076695
52,144,1,3118,313.792805,135743.856102
52,144,1,3119,-29.356077,132336.726221
52,144,1,3120,-41.588130,133808.350395
52,144,1,3121,173.776812,134320.219673
52,144,1,3122,362.255035,133968.309544
52,144,1,3123,660.796063,133760.362650
52,144,1,3124,-110.660089,133136.521968
52,144,1,3125,-228.871958,134496.174737
52,144,1,3126,-322.763774,135327.962313
52,144,1,3127,-668.606461,134512.170652
52,144,1,3128,143.840536,134608.146142
52,144,1,3129,-23.045263,133888.329970
52,144,1,3130,663.345817,133584.407586
52,144,1,3131,333.835082,132896.583244
52,144,1,3132,82.934554,134000.301374
52,144,1,3133,-30.872400,133696.378990
52,144,1,3134,-672.528485,133632.395331
52,144,1,3135,227.872178,134352.211503
52,144,1,3136,167.660786,135056.031760
52,144,1,3137,124.459026,135631.884697
52,144,1,3138,-85.806408,134768.105291
52,144,1,3139,-428.599538,132800.607754
52,144,1,3140,258.147293,133936.317714
52,144,1,3141,123.586559,133600.403501
52,144,1,3142,-698.042934,133824.346310
52,144,1,3143,460.568679,133040.546478
52,144,1,3144,-164.077775,132848.595499
52,144,1,3145,327.702144,132064.795667
52,144,1,3146,-269.185124,134768.105291
52,144,1,3147,123.086756,134576.154312
52,144,1,3148,42.799263,134992.048100
52,144,1,3149,581.364126,134640.137971
52,144,1,3150,-567.048473,134720.117546
52,144,1,3151,-18.962275,133920.321799
52,144,1,3152,-167.644047,133408.452522
52,144,1,3153,-429.937985,134880.076695
52,144,1,3154,-439.959124,136303.713124
52,144,1,3155,103.510458,133312.477032
52,144,1,3156,-284.322682,134976.052185
52,144,1,3157,-163.705111,135855.827506
52,144,1,3158,-307.304288,133424.448437
52,144,1,3159,-21.012225,133120.526053
52,144,1,3160,-857.957151,132832.599584
52,144,1,3161,-375.342816,133936.317714
52,144,1,3162,-211.023682,133264.489287
52,144,1,3163,565.692941,132688.636350
52,144,1,3164,509.903377,133296.481117
52,144,1,3165,205.424199,134960.056270
52,144,1,3166,534.579182,134208.248268
52,144,1,3167,469.962874,136575.643678
52,144,1,3168,-494.926956,134240.240098
52,144,1,3169,445.287069,135663.876527
52,144,1,3170,602.795586,134416.195162
52,144,1,3171,148.584292,132816.603669
52,144,1,3172,344.051009,133760.362650
52,144,1,3173,-466.346039,134464.182907
52,144,1,3174,650.741101,132048.799752
52,144,1,3175,-1.774767,134512.170652
52,144,1,3176,424.694253,134784.101206
52,144,1,3177,-27.289215,134704.121631
52,144,1,3178,190.964320,134912.068525
52,144,1,3179,96.699841,132736.624094
52,144,1,3180,117.131693,134464.182907
52,144,1,3181,-340.662785,131856.848773
52,144,1,3182,284.500385,132640.648605
52,144,1,3183,197.258222,134896.072610
52,144,1,3184,-191.125457,132832.599584
52,144,1,3185,628.132158,133504.428011
52,144,1,3186,-157.766961,134400.199247
52,144,1,3187,-394.563362,134112.272779
52,144,1,3188,235.038547,136367.696784
52,144,1,3189,229.566376,133712.374905
52,144,1,3190,-438.959517,134352.211503
52,144,1,3191,-282.289644,134208.248268
52,144,1,3192,-527.573950,135551.905122
52,144,1,3193,-219.689462,134176.256438
52,144,1,3194,446.820304,135871.823421
52,144,1,3195,-30.355684,134288.227843
52,144,1,3196,-264.085617,134416.195162
52,144,1,3197,-294.021893,134704.121631
52,144,1,3198,-37.843981,133968.309544
52,144,1,3199,150.295402,133744.366735
52,144,1,3200,-566.709633,134592.150227
52,144,1,3201,99.249594,132560.669030
52,144,1,3202,-403.407018,134304.223758
52,144,1,3203,205.246323,134240.240098
52,144,1,3204,72.896503,133856.338140
52,144,1,3205,82.256874,134256.236013
52,144,1,3206,385.202818,132384.713966
52,144,1,3207,487.455398,133904.325884
52,144,1,3208,-206.246103,134608.146142
52,144,1,3209,262.569121,133840.342225
52,144,1,3210,518.069353,133360.464777
52,144,1,3211,240.282106,133600.403501
52,144,1,3212,367.371455,135183.999079
52,144,1,3213,86.500826,133440.444351
52,144,1,3214,-203.518474,135152.007249
52,144,1,3215,164.916245,132944.570989
52,144,1,3216,228.549857,134096.276864
52,144,1,3217,-302.382657,132352.722136
52,144,1,3218,397.468694,134048.289119
52,144,1,3219,401.229755,135775.847932
52,144,1,3220,242.493020,133552.415756
52,144,1,3221,-59.453317,133472.436181
52,144,1,3222,182.120664,135104.019504
52,144,1,3223,147.051058,132608.656775
52,144,1,3224,314.487396,137055.521126
52,144,1,3225,53.659045,132464.693541
52,144,1,3226,317.681005,133488.432096
52,144,1,3227,-588.996648,134352.211503
52,144,1,3228,-106.060385,133760.362650
52,144,1,3229,-160.477678,135423.937803
52,144,1,3230,433.681961,132176.767072
52,144,1,3231,610.427935,132320.730306
52,144,1,3232,-515.858612,133488.432096
52,144,1,3233,-363.271728,133312.477032
52,144,1,3234,-250.820133,134128.268694
52,144,1,3235,527.107797,135455.929633
52,144,1,3236,-113.353894,135727.860187
52,144,1,3237,-65.391467,134928.064440
52,144,1,3238,-366.660125,134592.150227
52,144,1,3239,54.353636,133776.358565
52,144,1,3240,-591.046598,133552.415756
52,144,1,3241,-290.794460,134272.231928
52,144,1,3242,-479.984186,131744.877369
52,144,1,3243,-218.994871,135487.921463
52,144,1,3244,375.698395,134400.199247
52,144,1,3245,-105.204830,134224.244183
52,144,1,3246,300.671373,133616.399416
52,144,1,3247,269.896454,135008.044015
52,144,1,3248,-184.992519,133664.387161
52,144,1,3249,-247.253861,133568.411671
52,144,1,3250,-145.162245,135935.807081
52,144,1,3251,443.559047,133168.513798
52,144,1,3252,-107.093816,132576.664945
52,144,1,3253,644.481022,135199.994994
52,144,1,3254,240.121142,134448.186992
52,144,1,3255,347.973033,134640.137971
52,144,1,3256,-312.725723,135471.925548
52,144,1,3257,-33.244277,134592.150227
52,144,1,3258,314.970288,134512.170652
52,144,1,3259,-17.445952,132560.669030
52,144,1,3260,290.955251,131776.869199
52,144,1,3261,214.411906,132352.722136
52,144,1,3262,-330.785698,132848.595499
52,144,1,3263,-488.810930,133504.428011
52,144,1,3264,678.822214,133248.493372
52,144,1,3265,321.586118,132800.607754
52,144,1,3266,-104.527151,133968.309544
52,144,1,3267,88.211937,134368.207418
52,144,1,3268,-591.563313,132960.566904
52,144,1,3269,125.653421,135967.798911
52,144,1,3270,-170.337853,135999.790741
52,144,1,3271,-288.744510,135072.027675
52,144,1,3272,162.400315,136255.725379
52,144,1,3273,-268.702232,132224.754817
52,144,1,3274,83.629145,135311.966399
52,144,1,3275,-1.774767,134512.170652
52,144,1,3276,-425.516157,134784.101206
52,144,1,3277,-14.718323,133104.530138
52,144,1,3278,-125.264019,135503.917378
52,144,1,3279,40.249510,135168.003164
52,144,1,3280,-86.517911,131888.840603
52,144,1,3281,-442.525789,134912.068525
52,144,1,3282,-639.686704,134608.146142
52,144,1,3283,-265.796727,133488.432096
52,144,1,3284,211.718101,134944.060355
52,144,1,3285,-657.729767,133552.415756
52,144,1,3286,7.407728,134192.252353
52,144,1,3287,-141.612884,133808.350395
52,144,1,3288,408.362300,134656.133886
52,144,1,3289,-26.467484,132032.803837
52,144,1,3290,-495.782511,133776.358565
52,144,1,3291,-289.600065,134608.146142
52,144,1,3292,424.855217,133936.317714
52,144,1,3293,-111.854484,132800.607754
52,144,1,3294,440.509490,134320.219673
52,144,1,3295,136.013400,134416.195162
52,144,1,3296,-161.494197,135807.839761
52,144,1,3297,80.206924,133456.440266
52,144,1,3298,174.988119,136223.733550
52,144,1,3299,-15.540054,135775.847932
52,144,1,3300,-238.715221,136639.627338
52,144,1,3301,191.125284,134064.285034
52,144,1,3302,244.204130,134480.178822
52,144,1,3303,-74.252035,133552.415756
52,144,1,3304,-797.034257,135008.044015
52,144,1,3305,-521.635799,134096.276864
52,144,1,3306,322.280709,134112.272779
52,144,1,3307,-488.472090,133376.460692
52,144,1,3308,645.158702,134944.060355
52,144,1,3309,620.499809,135599.892867
52,144,1,3310,177.842889,132784.611839
52,144,1,3311,91.956085,134528.166567
52,144,1,3312,116.454014,134720.117546
52,144,1,3313,-111.820660,135935.807081
52,144,1,3314,-57.920082,133680.383075
52,144,1,3315,234.488008,132640.648605
52,144,1,3316,-379.247929,134624.142056
52,144,1,3317,-435.732084,133920.321799
52,144,1,3318,480.289029,131888.840603
52,144,1,3319,115.259619,134384.203332
52,144,1,3320,836.703394,135008.044015
52,144,1,3321,-17.268076,133280.485202
52,144,1,3322,-525.879751,134912.068525
52,144,1,3323,93.472408,133168.513798
52,144,1,3324,257.308650,135040.035845
52,144,1,3325,463.457273,132736.624094
52,144,1,3326,149.956563,133872.334055
52,144,1,3327,54.353636,133776.358565
52,144,1,3328,-566.370793,134464.182907
52,144,1,3329,480.483816,134176.256438
52,144,1,3330,147.406809,134048.289119
52,144,1,3331,475.367397,132960.566904
52,144,1,3332,-190.947581,133552.415756
52,144,1,3333,-15.379090,134928.064440
52,144,1,3334,-274.106756,135839.831591
52,144,1,3335,308.676386,134528.166567
52,144,1,3336,48.754326,135104.019504
52,144,1,3337,-286.372632,134176.256438
52,144,1,3338,-596.823785,134160.260523
52,144,1,3339,-23.722942,134144.264608
52,144,1,3340,-68.635812,133792.354480
52,144,1,3341,34.277535,133488.432096
52,144,1,3342,119.325696,132848.595499
52,144,1,3343,822.082552,135807.839761
52,144,1,3344,387.769484,133776.358565
52,144,1,3345,-579.975116,134880.076695
52,144,1,3346,101.477420,134080.280949
52,144,1,3347,12.524147,135407.941888
52,144,1,3348,-356.622074,134736.113461
52,144,1,3349,69.508106,135136.011334
52,144,1,3350,-15.218126,134080.280949
52,144,1,3351,354.605775,134496.174737
52,144,1,3352,221.739239,133520.423926
52,144,1,3353,333.174315,134720.117546
52,144,1,3354,539.373673,137119.504786
52,144,1,3355,432.004674,134384.203332
52,144,1,3356,-134.285551,134976.052185
52,144,1,3357,-898.253406,134672.129801
52,144,1,3358,-750.943904,134128.268694
52,144,1,3359,-912.891160,133904.325885
52,144,1,3360,-100.622038,133280.485202
52,144,1,3361,44.315586,133632.395331
52,144,1,3362,-567.904028,134256.236013
52,144,1,3363,-412.767389,133904.325885
52,144,1,3364,-262.213543,134496.174737
52,144,1,3365,344.067920,135327.962313
52,144,1,3366,17.962494,134928.064440
52,144,1,3367,476.222953,133424.448437
52,144,1,3368,517.730514,133488.432096
52,144,1,3369,-52.642699,134048.289119
52,144,1,3370,-366.998964,134720.117546
52,144,1,3371,769.003706,135391.945973
52,144,1,3372,-142.807279,133472.436181
52,144,1,3373,-349.489529,133616.399416
52,144,1,3374,156.572393,132160.771157
52,144,1,3375,75.929148,131137.032601
52,144,1,3376,-623.532627,134016.297289
52,144,1,3377,378.586988,134096.276864
52,144,1,3378,657.068827,135168.003164
52,144,1,3379,-111.320856,134960.056270
52,144,1,3380,-25.078301,134656.133886
52,144,1,3381,-570.648569,132144.775242
52,144,1,3382,339.451305,133136.521968
52,144,1,3383,162.383403,134688.125716
52,144,1,3384,-746.488252,137167.492531
52,144,1,3385,-484.067174,131712.885539
52,144,1,3386,48.576450,134384.203332
52,144,1,3387,-116.081524,135183.999079
52,144,1,3388,-492.199327,134784.101206
52,144,1,3389,-200.629880,134848.084865
52,144,1,3390,257.469614,134192.252353
52,144,1,3391,335.724068,134544.162482
52,144,1,3392,-97.038854,134288.227843
52,144,1,3393,-347.617454,133696.378990
52,144,1,3394,382.509012,134976.052185
52,144,1,3395,-750.283136,132304.734391
52,144,1,3396,-285.678041,135487.921463
52,144,1,3397,323.991819,135040.035845
52,144,1,3398,87.356381,133904.325885
52,144,1,3399,211.184473,132784.611839
52,144,1,3400,-436.570727,135024.039930
52,144,1,3401,-302.026905,133792.354480
52,144,1,3402,-249.125935,133488.432096
52,144,1,3403,-114.743077,133104.530138
52,144,1,3404,296.588385,133584.407586
52,144,1,3405,267.829592,132640.648605
52,144,1,3406,750.460839,135311.966399
52,144,1,3407,-268.524357,132944.570989
52,144,1,3408,-196.385928,134032.293204
52,144,1,3409,638.026156,136063.774400
52,144,1,3410,-793.806824,134576.154312
52,144,1,3411,-555.138348,134944.060355
52,144,1,3412,-392.174573,134784.101206
52,144,1,3413,198.435705,133664.387161
52,144,1,3414,21.511855,132800.607754
52,144,1,3415,284.017493,135183.999079
52,144,1,3416,-72.396872,132064.795667
52,144,1,3417,-372.615187,134480.178822
52,144,1,3418,-365.804569,135056.031760
52,144,1,3419,450.047737,135439.933718
52,144,1,3420,533.401699,135439.933718
52,144,1,3421,-521.635799,134096.276864
52,144,1,3422,-17.445952,132560.669030
52,144,1,3423,-89.906308,133168.513798
52,144,1,3424,255.436576,134960.056270
52,144,1,3425,100.655689,136751.598742
52,144,1,3426,-439.976036,134736.113461
52,144,1,3427,-172.743554,133760.362650
52,144,1,3428,-474.512015,134400.199247
52,144,1,3429,518.747033,133104.530138
52,144,1,3430,84.967592,133232.497457
52,144,1,3431,-680.338710,135008.044015
52,144,1,3432,-718.457874,133664.387161
52,144,1,3433,-37.843981,133968.309544
52,144,1,3434,-489.666485,133040.546478
52,144,1,3435,643.803343,135455.929633
52,144,1,3436,-541.872864,134656.133886
52,144,1,3437,372.970765,133856.338140
52,144,1,3438,-224.966845,133808.350395
52,144,1,3439,-712.324936,134496.174737
52,144,1,3440,-170.015925,134304.223758
52,144,1,3441,237.571388,134624.142056
52,144,1,3442,147.584685,134768.105291
52,144,1,3443,-72.718800,133760.362650
52,144,1,3444,450.208701,134592.150227
52,144,1,3445,223.789189,134320.219673
52,144,1,3446,-99.605519,132896.583244
52,144,1,3447,126.813992,133168.513798
52,144,1,3448,196.402667,134432.191077
52,144,1,3449,-23.545067,134864.080780
52,144,1,3450,-375.164941,134656.133886
52,144,1,3451,-44.459811,135679.872442
52,144,1,3452,-60.825587,132416.705796
52,144,1,3453,-89.889396,134736.113461
52,144,1,3454,534.579182,134208.248268
52,144,1,3455,270.040506,132592.660860
52,144,1,3456,-128.864116,132928.575074
52,144,1,3457,45.332105,133248.493372
52,144,1,3458,-819.482236,135615.888782
52,144,1,3459,-267.152086,134000.301374
52,144,1,3460,-1100.852668,134848.084865
52,144,1,3461,464.507615,135487.921463
52,144,1,3462,-527.074146,134576.154312
52,144,1,3463,169.693824,134288.227843
52,144,1,3464,87.856185,132928.575074
52,144,1,3465,-418.205736,134384.203332
52,144,1,3466,105.560408,134112.272779
52,144,1,3467,-505.464810,135072.027675
52,144,1,3468,-178.342865,135088.023589
52,144,1,3469,331.463204,133792.354480
52,144,1,3470,268.007468,133360.464777
52,144,1,3471,-200.646792,133280.485202
52,144,1,3472,24.417360,134064.285034
52,144,1,3473,692.443450,134400.199247
52,144,1,3474,661.990458,134096.276864
52,144,1,3475,-154.183776,135407.941888
52,144,1,3476,-111.998536,135215.990909
52,144,1,3477,-137.352020,134560.158397
52,144,1,3478,98.427863,135231.986824
52,144,1,3479,15.734669,133408.452522
52,144,1,3480,731.901061,133664.387161
52,144,1,3481,358.333011,133088.534223
52,144,1,3482,313.792805,135743.856102
52,144,1,3483,564.015654,134896.072610
52,144,1,3484,113.387545,134304.223758
52,144,1,3485,504.786958,132080.791582
52,144,1,3486,121.375646,133648.391246
52,144,1,3487,122.731004,133136.521968
52,144,1,3488,110.160112,134736.113461
52,144,1,3489,238.909835,132544.673115
52,144,1,3490,557.526964,132624.652690
52,144,1,3491,199.291260,134128.268694
52,144,1,3492,140.257352,133600.403501
52,144,1,3493,45.188053,135663.876527
52,144,1,3494,195.547112,133968.309544
52,144,1,3495,-227.694475,133264.489287
52,144,1,3496,-223.077859,135455.929633
52,144,1,3497,582.041805,134384.203332
52,144,1,3498,-55.887044,132912.579159
52,144,1,3499,133.107895,133152.517883
52,144,1,3500,-775.958548,133344.468862
52,144,1,3501,19.512641,136703.610998
52,144,1,3502,124.120187,135759.852017
52,144,1,3503,335.901944,135263.978654
52,144,1,3504,-271.057198,134688.125716
52,144,1,3505,97.733272,133920.321799
52,144,1,3506,365.999184,134128.268694
52,144,1,3507,254.064305,133904.325885
52,144,1,3508,-332.141057,133360.464777
52,144,1,3509,113.031793,132864.591414
52,144,1,3510,95.361394,134816.093036
52,144,1,3511,371.437531,133648.391246
52,144,1,3512,-444.059024,134704.121631
52,144,1,3513,99.766310,133152.517883
52,144,1,3514,432.843317,133280.485202
52,144,1,3515,176.148690,133424.448437
52,144,1,3516,183.814863,134464.182907
52,144,1,3517,156.767180,134448.186992
52,144,1,3518,15.573705,134256.236013
52,144,1,3519,142.129426,133680.383075
52,144,1,3520,603.829017,135599.892867
52,144,1,3521,-251.497813,134384.203332
52,144,1,3522,-118.648189,133792.354480
52,144,1,3523,86.517738,135008.044015
52,144,1,3524,447.497983,135615.888782
52,144,1,3525,-335.868294,134768.105291
52,144,1,3526,80.901515,134768.105291
52,144,1,3527,180.231678,133456.440266
52,144,1,3528,26.450399,133296.481117
52,144,1,3529,422.983142,133856.338140
52,144,1,3530,563.143187,132864.591414
52,144,1,3531,-160.333626,133008.554648
52,144,1,3532,115.598459,134256.236013
52,144,1,3533,291.488878,133936.317714
52,144,1,3534,435.570947,133824.346310
52,144,1,3535,-203.196546,133456.440266
52,144,1,3536,-305.432214,133504.428011
52,144,1,3537,82.934554,134000.301374
52,144,1,3538,480.305941,133456.440266
52,144,1,3539,-396.452348,132464.693541
52,144,1,3540,82.951465,135567.901037
52,144,1,3541,-96.860978,135008.044015
52,144,1,3542,-182.942569,134464.182907
52,144,1,3543,-8.246545,133808.350395
52,144,1,3544,-414.122748,134416.195162
52,144,1,3545,589.013387,134112.272779
52,144,1,3546,363.610394,133456.440266
52,144,1,3547,-103.654684,135999.790741
52,144,1,3548,234.327044,133488.432096
52,144,1,3549,98.249987,134512.170652
52,144,1,3550,-305.093374,133376.460692
52,144,1,3551,-161.172269,134112.272779
52,144,1,3552,-241.798602,134656.133886
52,144,1,3553,-122.875230,136175.745805
52,144,1,3554,346.617674,135152.007249
52,144,1,3555,723.735084,133600.403501
52,144,1,3556,-162.866468,134752.109376
52,144,1,3557,-199.757413,136879.566062
52,144,1,3558,-297.266238,133568.411671
52,144,1,3559,-918.668347,134512.170652
52,144,1,3560,469.268283,135263.978654
52,144,1,3561,233.132649,133152.517883
52,144,1,3562,256.597147,132160.771157
52,144,1,3563,129.219694,135407.941888
52,144,1,3564,-351.183727,134256.236013
52,144,1,3565,-37.327266,134560.158397
52,144,1,3566,-443.737096,133008.554648
52,144,1,3567,-325.152564,134656.133886
52,144,1,3568,-35.633067,133920.321799
52,144,1,3569,-8.585385,133936.317714
52,144,1,3570,-164.399702,134544.162482
52,144,1,3571,183.298147,133872.334055
52,144,1,3572,-24.578497,133680.383075
52,144,1,3573,-785.462972,135359.954143
52,144,1,3574,-265.779815,135056.031760
52,144,1,3575,0.758075,132768.615924
52,144,1,3576,224.822620,135503.917378
52,144,1,3577,-4.824324,135663.876527
52,144,1,3578,-539.500986,133760.362650
52,144,1,3579,-68.474848,132944.570989
52,144,1,3580,-558.543657,134656.133886
52,144,1,3581,-305.076462,134944.060355
52,144,1,3582,409.200943,133552.415756
52,144,1,3583,742.955630,133424.448437
52,144,1,3584,650.758013,133616.399416
52,144,1,3585,199.613188,132432.701711
52,144,1,3586,90.067099,132880.587329
52,144,1,3587,-125.619771,134064.285034
52,144,1,3588,121.214682,134496.174737
52,144,1,3589,545.311824,135663.876527
52,144,1,3590,510.936808,134480.178822
52,144,1,3591,-297.943917,133824.346310
52,144,1,3592,-102.138361,134640.137971
52,144,1,3593,141.629622,134656.133886
52,144,1,3594,-368.371235,133664.387161
52,144,1,3595,-156.750442,134016.297289
52,144,1,3596,10.796125,132912.579159
52,144,1,3597,487.616362,133056.542393
52,144,1,3598,70.524625,134752.109376
52,144,1,3599,-139.063130,133632.395331
52,144,1,3600,-144.840317,134240.240098
52,144,1,3601,227.711214,135199.994994
52,144,1,3602,90.422851,134320.219673
52,144,1,3603,-284.517469,132688.636350
52,144,1,3604,-45.349190,132080.791582
52,144,1,3605,-72.363049,135199.994994
52,144,1,3606,390.319237,133600.403501
52,144,1,3607,106.060212,133136.521968
52,144,1,3608,225.322424,134528.166567
52,144,1,3609,-286.889347,133584.407586
52,144,1,3610,-188.558792,134224.244183
52,144,1,3611,-24.561586,135247.982739
52,144,1,3612,840.608507,134320.219673
52,144,1,3613,-185.153483,134512.170652
52,144,1,3614,109.965324,132448.697626
52,144,1,3615,-794.323539,133984.305459
52,144,1,3616,165.610836,134256.236013
52,144,1,3617,35.310966,134672.129801
52,144,1,3618,536.967971,134880.076695
52,144,1,3619,306.109720,133136.521968
52,144,1,3620,-174.759681,136095.766230
52,144,1,3621,-0.063657,135439.933718
52,144,1,3622,-383.491881,135439.933718
52,144,1,3623,125.297670,134528.166567
52,144,1,3624,-256.775196,134016.297289
52,144,1,3625,289.438928,133136.521968
52,144,1,3626,138.918905,135679.872442
52,144,1,3627,-271.429862,131680.893709
52,144,1,3628,204.229804,134624.142056
52,144,1,3629,-376.020496,134192.252353
52,144,1,3630,-49.576230,134464.182907
52,144,1,3631,51.465043,134080.280949
52,144,1,3632,-4.841236,134096.276864
52,144,1,3633,341.840095,133808.350395
52,144,1,3634,475.367397,132960.566904
52,144,1,3635,-60.469836,133856.338140
52,144,1,3636,-118.131474,134384.203332
52,144,1,3637,659.762632,132576.664945
52,144,1,3638,539.001010,134112.272779
52,144,1,3639,127.830512,132784.611839
52,144,1,3640,108.110162,133936.317714
52,144,1,3641,803.006058,133568.411671
52,144,1,3642,79.546157,135279.974569
52,144,1,3643,164.772193,135359.954143
52,144,1,3644,389.980397,133728.370820
52,144,1,3645,-242.476281,134912.068525
52,144,1,3646,313.453965,135871.823421
52,144,1,3647,782.413241,132688.636350
52,144,1,3648,-125.119967,133088.534223
52,144,1,3649,-77.479468,133984.305459
52,144,1,3650,-295.893967,134624.142056
52,144,1,3651,-246.381394,135599.892867
52,144,1,3652,292.683273,134272.231928
52,144,1,3653,694.654364,134352.211503
52,144,1,3654,808.783245,132960.566904
52,144,1,3655,-297.105274,132720.628180
52,144,1,3656,165.094121,133664.387161
52,144,1,3657,377.214718,133040.546478
52,144,1,3658,127.169744,134608.146142
52,144,1,3659,-305.610090,132784.611839
52,144,1,3660,-220.883857,133840.342225
52,144,1,3661,-39.199340,134480.178822
52,144,1,3662,-528.251629,135807.839761
52,144,1,3663,-570.114942,134304.223758
52,144,1,3664,52.659438,134416.195162
52,144,1,3665,-548.200590,131536.930475
52,144,1,3666,55.564943,135679.872442
52,144,1,3667,83.773197,132896.583244
52,144,1,3668,57.242230,133472.436181
52,144,1,3669,-48.559711,134080.280949
52,144,1,3670,-234.488181,134256.236013
52,144,1,3671,969.553018,134416.195162
52,144,1,3672,-567.565188,134128.268694
52,144,1,3673,577.281138,134608.146142
52,144,1,3674,-328.058069,133392.456607
52,144,1,3675,-255.402925,135072.027675
52,144,1,3676,-111.176804,132544.673115
52,144,1,3677,-2.647234,132480.689456
52,144,1,3678,-727.284618,135423.937803
52,144,1,3679,356.816689,134448.186992
52,144,1,3680,-728.495925,133520.423926
52,144,1,3681,480.678604,136463.672274
52,144,1,3682,332.318760,134256.236013
52,144,1,3683,-197.080520,132720.628180
52,144,1,3684,94.505839,134352.211503
52,144,1,3685,-333.818344,135567.901037
52,144,1,3686,-592.901760,135040.035845
52,144,1,3687,-375.520692,133216.501542
52,144,1,3688,84.112037,132768.615924
52,144,1,3689,-229.727513,134032.293204
52,144,1,3690,-21.156277,135535.909208
52,144,1,3691,7.585604,134912.068525
52,144,1,3692,160.689204,135327.962313
52,144,1,3693,856.101816,135551.905122
52,144,1,3694,-117.275919,134848.084865
52,144,1,3695,453.774974,134032.293204
52,144,1,3696,-428.243787,134240.240098
52,144,1,3697,-175.132344,133088.534223
52,144,1,3698,-550.894396,134128.268694
52,144,1,3699,470.784606,133904.325885
52,144,1,3700,312.937250,135279.974569
52,144,1,3701,8.585211,132960.566904
52,144,1,3702,150.973082,133488.432096
52,144,1,3703,-31.550079,133952.313629
52,144,1,3704,-509.547799,135040.035845
52,144,1,3705,140.918119,131776.869199
52,144,1,3706,-64.036109,134416.195162
52,144,1,3707,-205.924175,132912.579159
52,144,1,3708,106.576927,133728.370820
52,144,1,3709,438.137612,135215.990909
52,144,1,3710,110.304164,132320.730306
52,144,1,3711,112.049098,136383.692699
52,144,1,3712,-240.265367,134864.080780
52,144,1,3713,-602.778847,134048.289119
52,144,1,3714,77.818135,132784.611839
52,144,1,3715,297.621816,134768.105291
52,144,1,3716,615.705318,132688.636350
52,144,1,3717,-683.566143,135439.933718
52,144,1,3718,434.893267,134080.280949
52,144,1,3719,47.881859,133072.538308
52,144,1,3720,-73.201692,136303.713124
52,144,1,3721,-339.646266,131472.946815
52,144,1,3722,10.974001,133632.395331
52,144,1,3723,753.332521,133440.444351
52,144,1,3724,-3.646841,134432.191077
52,144,1,3725,500.559918,134464.182907
52,144,1,3726,53.853833,134752.109376
52,144,1,3727,-843.285574,136735.602827
52,144,1,3728,239.087711,133264.489287
52,144,1,3729,24.934076,134656.133886
52,144,1,3730,-529.301972,133056.542393
52,144,1,3731,-74.929714,133808.350395
52,144,1,3732,332.479723,133408.452522
52,144,1,3733,548.022541,134640.137971
52,144,1,3734,-152.150738,134640.137971
52,144,1,3735,-173.243358,134736.113461
52,144,1,3736,158.283503,133088.534223
52,144,1,3737,9.796518,134864.080780
52,144,1,3738,-150.634415,133280.485202
52,144,1,3739,367.532418,134336.215588
52,144,1,3740,-101.638557,133664.387161
52,144,1,3741,-343.712342,133008.554648
52,144,1,3742,500.737793,135183.999079
52,144,1,3743,251.353587,134928.064440
52,144,1,3744,-280.951197,132128.779327
52,144,1,3745,-48.220871,133952.313629
52,144,1,3746,462.457665,134688.125716
52,144,1,3747,-295.394163,133648.391246
52,144,1,3748,-153.362045,132736.624094
52,144,1,3749,-40.554699,134992.048100
52,144,1,3750,74.251862,133344.468862
52,144,1,3751,-389.963659,134736.113461
52,144,1,3752,-45.510154,132928.575074
52,144,1,3753,47.398967,135615.888782
52,144,1,3754,-141.612884,133808.350395
52,144,1,3755,-20.817437,135407.941888
52,144,1,3756,-103.476808,136719.606913
52,144,1,3757,-285.517077,134640.137971
52,144,1,3758,-99.249767,134336.215588
52,144,1,3759,455.985888,133984.305459
52,144,1,3760,590.885461,134192.252353
52,144,1,3761,403.762597,134032.293204
52,144,1,3762,68.118924,132512.681285
52,144,1,3763,-125.297843,132368.718051
52,144,1,3764,-101.621645,135231.986824
52,144,1,3765,-455.291469,134224.244183
52,144,1,3766,435.393071,133104.530138
52,144,1,3767,-450.530802,134000.301374
52,144,1,3768,-342.695823,132624.652690
52,144,1,3769,683.777670,135311.966399
52,144,1,3770,-146.212587,133184.509713
52,144,1,3771,0.935951,133488.432096
52,144,1,3772,-345.067701,133520.423926
52,144,1,3773,-325.508315,133216.501542
52,144,1,3774,1.130738,135775.847932
52,144,1,3775,-66.247022,134464.182907
52,144,1,3776,-219.189659,133200.505627
52,144,1,3777,-56.369936,135455.929633
52,144,1,3778,-350.345084,133152.517883
52,144,1,3779,316.842362,134592.150227
52,144,1,3780,-142.468439,133344.468862
52,144,1,3781,-145.018192,133520.423926
52,144,1,3782,101.638384,133232.497457
52,144,1,3783,-782.608202,131920.832433
52,144,1,3784,680.016609,133584.407586
52,144,1,3785,232.615933,132560.669030
52,144,1,3786,-274.123667,134272.231928
52,144,1,3787,626.454871,135711.864272
52,144,1,3788,709.114242,134400.199247
52,144,1,3789,515.875351,134976.052185
52,144,1,3790,389.285806,132416.705796
52,144,1,3791,180.409554,134176.256438
52,144,1,3792,-547.666963,133696.378990
52,144,1,3793,510.420092,133888.329970
52,144,1,3794,174.454492,134064.285034
52,144,1,3795,-260.519344,133856.338140
52,144,1,3796,504.820782,135215.990909
52,144,1,3797,-394.063559,133136.521968
52,144,1,3798,-848.080065,133824.346310
52,144,1,3799,279.917593,133584.407586
52,144,1,3800,101.138580,134208.248268
52,144,1,3801,158.461379,133808.350395
52,144,1,3802,779.058668,137103.508871
52,144,1,3803,-322.441846,133632.395331
52,144,1,3804,-219.172747,134768.105291
52,144,1,3805,51.981759,134672.129801
52,144,1,3806,187.914763,136063.774400
52,144,1,3807,502.237204,132256.746647
52,144,1,3808,-176.682491,131312.987666
52,144,1,3809,-255.580801,134352.211503
52,144,1,3810,-393.208004,133600.403501
52,144,1,3811,526.574169,133296.481117
52,144,1,3812,371.437531,133648.391246
52,144,1,3813,330.268810,133456.440266
52,144,1,3814,-208.778945,136351.700869
52,144,1,3815,329.091327,134688.125716
52,144,1,3816,-495.782511,133776.358565
52,144,1,3817,480.483816,134176.256438
52,144,1,3818,-259.502825,133472.436181
52,144,1,3819,-441.331395,135247.982739
52,144,1,3820,-781.396895,133824.346310
52,144,1,3821,-52.481735,133200.505627
52,144,1,3822,-590.191043,134016.297289
52,144,1,3823,148.745256,131968.820178
52,144,1,3824,315.825843,134976.052185
52,144,1,3825,-512.453304,133776.358565
52,144,1,3826,118.487052,133952.313629
52,144,1,3827,-915.601877,134928.064440
52,144,1,3828,-282.594660,137471.414914
52,144,1,3829,-304.576659,133968.309544
52,144,1,3830,-532.707281,132768.615924
52,144,1,3831,-188.736667,133504.428011
52,144,1,3832,605.523215,134960.056270
52,144,1,3833,-227.677563,134832.088951
52,144,1,3834,-363.932495,135136.011334
52,144,1,3835,17.462691,135903.815251
52,144,1,3836,1178.607145,133376.460692
52,144,1,3837,344.228884,134480.178822
52,144,1,3838,201.663138,133232.497457
52,144,1,3839,119.503571,133568.411671
52,144,1,3840,-86.145248,134896.072610
52,144,1,3841,443.220208,133296.481117
52,144,1,3842,-199.113558,133488.432096
52,144,1,3843,399.340769,134128.268694
52,144,1,3844,-18.284595,133664.387161
52,144,1,3845,246.398132,132864.591414
52,144,1,3846,95.861197,133840.342225
52,144,1,3847,-241.137834,132832.599584
52,144,1,3848,213.590175,135024.039930
52,144,1,3849,-446.430902,135599.892867
52,144,1,3850,-446.430902,135599.892867
52,144,1,3851,33.955607,135183.999079
52,144,1,3852,368.904689,135391.945973
52,144,1,3853,-413.267193,134880.076695
52,144,1,3854,369.582368,135136.011334
52,144,1,3855,198.435705,133664.387161
52,144,1,3856,-622.516108,133632.395331
52,144,1,3857,-28.822450,134496.174737
52,144,1,3858,345.745207,133120.526053
52,144,1,3859,272.785047,134704.121631
52,144,1,3860,-355.088839,134944.060355
52,144,1,3861,108.787841,133680.383075
52,144,1,3862,364.127110,134048.289119
52,144,1,3863,298.494283,136799.586487
52,144,1,3864,-597.518376,132848.595499
52,144,1,3865,168.660393,133104.530138
52,144,1,3866,-62.164034,134496.174737
52,144,1,3867,145.178983,132528.677200
52,144,1,3868,338.256910,132800.607754
52,144,1,3869,-206.085139,133760.362650
52,144,1,3870,399.018841,135823.835676
52,144,1,3871,9.957482,134016.297289
52,144,1,3872,-390.819214,134272.231928
52,144,1,3873,235.182599,133952.313629
52,144,1,3874,-64.374948,134544.162482
52,144,1,3875,-217.122797,135567.901037
52,144,1,3876,496.460018,132864.591414
52,144,1,3877,-456.324900,133040.546478
52,144,1,3878,143.679572,135455.929633
52,144,1,3879,-190.269902,133296.481117
52,144,1,3880,538.162366,135215.990909
52,144,1,3881,307.304115,133472.436181
52,144,1,3882,107.254607,133472.436181
52,144,1,3883,255.953291,135551.905122
52,144,1,3884,72.540752,132416.705796
52,144,1,3885,83.790109,134464.182907
52,144,1,3886,-138.546415,134224.244183
52,144,1,3887,-704.675675,133968.309544
52,144,1,3888,802.862006,135983.794826
52,144,1,3889,182.298540,135823.835676
52,144,1,3890,423.677734,135168.003164
52,144,1,3891,115.598459,134256.236013
52,144,1,3892,-304.415695,133120.526053
52,144,1,3893,-1037.574807,134560.158397
52,144,1,3894,-133.624783,133152.517883
52,144,1,3895,-306.270857,134608.146142
52,144,1,3896,-36.827462,133584.407586
52,144,1,3897,-665.218064,133232.497457
52,144,1,3898,257.452702,132624.652690
52,144,1,3899,-247.592700,133696.378990
52,144,1,3900,325.686018,134400.199247
52,144,1,3901,155.589697,135679.872442
52,144,1,3902,318.375597,134800.097121
52,144,1,3903,-1016.998902,133872.334055
52,144,1,3904,-39.555091,133040.546478
52,144,1,3905,-461.763247,133520.423926
52,144,1,3906,-426.532676,135168.003164
52,144,1,3907,-744.988842,134240.240098
52,144,1,3908,264.619071,134640.137971
52,144,1,3909,-341.662392,133808.350395
52,144,1,3910,69.669070,134288.227843
52,144,1,3911,-22.884299,133040.546478
52,144,1,3912,-8.212721,136943.549722
52,144,1,3913,411.589733,134224.244183
52,144,1,3914,181.764913,133664.387161
52,144,1,3915,-10.118619,133728.370820
52,144,1,3916,-153.700884,132864.591414
52,144,1,3917,-24.578497,133680.383075
52,144,1,3918,-82.578975,134336.215588
52,144,1,3919,-395.579881,134496.174737
52,144,1,3920,540.695208,133472.436181
52,144,1,3921,-657.196140,135711.864272
52,144,1,3922,103.832386,131616.910049
52,144,1,3923,-353.733481,134432.191077
52,144,1,3924,-613.477665,135727.860187
52,144,1,3925,-124.247500,135120.015419
52,144,1,3926,-691.749031,133808.350395
52,144,1,3927,-84.612013,135104.019504
52,144,1,3928,204.229804,134624.142056
52,144,1,3929,-98.749964,133360.464777
52,144,1,3930,965.969833,133408.452522
52,144,1,3931,-440.670627,133424.448437
52,144,1,3932,44.832301,134224.244183
52,144,1,3933,112.015274,133248.493372
52,144,1,3934,-314.953549,133952.313629
52,144,1,3935,165.771800,133408.452522
52,144,1,3936,155.233946,134240.240098
52,144,1,3937,40.232598,133600.403501
52,144,1,3938,-228.533118,134368.207418
52,144,1,3939,196.563631,133584.407586
52,144,1,3940,-127.652809,134832.088951
52,144,1,3941,299.637942,132432.701711
52,144,1,3942,-246.220430,134752.109376
52,144,1,3943,345.262315,135663.876527
52,144,1,3944,-58.081046,134528.166567
52,144,1,3945,72.057860,134960.056270
52,144,1,3946,309.354065,134272.231928
52,144,1,3947,-103.866383,132144.775242
52,144,1,3948,-111.854484,132800.607754
52,144,1,3949,-27.467091,133984.305459
52,144,1,3950,181.426073,133792.354480
52,144,1,3951,165.449872,135104.019504
52,144,1,3952,-155.056243,133376.460692
52,144,1,3953,356.994564,135168.003164
52,144,1,3954,-268.168605,134384.203332
52,144,1,3955,549.877703,133152.517883
52,144,1,3956,-189.914150,134736.113461
52,144,1,3957,391.013828,134912.068525
52,144,1,3958,-132.269424,132640.648605
52,144,1,3959,23.739681,134320.219673
52,144,1,3960,391.530544,135503.917378
52,144,1,3961,-91.956258,132368.718051
52,144,1,3962,-304.237819,133840.342225
52,144,1,3963,-874.949872,134528.166567
52,144,1,3964,-44.476723,134112.272779
52,144,1,3965,-313.098387,132464.693541
52,144,1,3966,-21.672992,134944.060355
52,144,1,3967,69.652158,132720.628180
52,144,1,3968,56.386675,133008.554648
52,144,1,3969,304.398610,132208.758902
52,144,1,3970,-412.750477,135471.925548
52,144,1,3971,-278.918159,131360.975410
52,144,1,3972,-249.447863,135183.999079
52,144,1,3973,167.305034,133616.399416
52,144,1,3974,246.093116,136127.758060
52,144,1,3975,606.683786,132160.771157
52,144,1,3976,121.375646,133648.391246
52,144,1,3977,32.422373,134976.052185
52,144,1,3978,361.221605,132784.611839
52,144,1,3979,475.562185,135247.982739
52,144,1,3980,2.808025,133568.411671
52,144,1,3981,157.283896,135040.035845
52,144,1,3982,-80.723813,132848.595499
52,144,1,3983,87.034454,135599.892867
52,144,1,3984,120.359126,134032.293204
52,144,1,3985,-135.996661,134048.289119
52,144,1,3986,523.168861,133008.554648
52,144,1,3987,473.173395,134576.154312
52,144,1,3988,132.946931,134000.301374
52,144,1,3989,391.513632,133936.317714
52,144,1,3990,-9.102100,133344.468862
52,144,1,3991,-101.799521,134512.170652
52,144,1,3992,-35.455191,134640.137971
52,144,1,3993,-525.058020,132240.750732
52,144,1,3994,533.579574,136159.749890
52,144,1,3995,250.819960,132768.615924
52,144,1,3996,-129.702759,134032.293204
52,144,1,3997,1110.924369,135327.962313
52,144,1,3998,42.282548,134400.199247
52,144,1,3999,92.811640,134992.048100
52,144,1,4000,-102.155273,133072.538308
52,144,1,4001,-510.936981,132416.705796
52,144,1,4002,-42.248897,135631.884697
52,144,1,4003,535.934541,133696.378990
52,144,1,4004,247.609439,134768.105291
52,144,1,4005,153.700711,134032.293204
52,144,1,4006,-324.491796,132832.599584
52,144,1,4007,262.730085,132992.558733
52,144,1,4008,-156.606389,131600.914134
52,144,1,4009,-457.324508,134992.048100
52,144,1,4010,144.162464,132912.579159
52,144,1,4011,245.898329,133840.342225
52,144,1,4012,4.697011,135215.990909
52,144,1,4013,-81.045741,134544.162482
52,144,1,4014,227.355462,133760.362650
52,144,1,4015,314.453572,133920.321799
52,144,1,4016,-834.119990,134848.084865
52,144,1,4017,228.727733,134816.093036
52,144,1,4018,-112.532163,133056.542393
52,144,1,4019,340.662612,135040.035845
52,144,1,4020,169.871700,135008.044015
52,144,1,4021,17.267903,133616.399416
52,144,1,4022,-177.665186,134832.088951
52,144,1,4023,-53.515166,132016.807923
52,144,1,4024,488.471917,133520.423926
52,144,1,4025,-722.879702,133760.362650
52,144,1,4026,-270.718359,134560.158397
52,144,1,4027,-65.408379,133360.464777
52,144,1,4028,-350.311260,136287.717209
52,144,1,4029,372.293086,134112.272779
52,144,1,4030,-1.613803,133664.387161
52,144,1,4031,119.325696,132848.595499
52,144,1,4032,-446.108974,133904.325885
52,144,1,4033,70.846553,133056.542393
52,144,1,4034,509.403573,134272.231928
52,144,1,4035,-58.597762,133936.317714
52,144,1,4036,510.936808,134480.178822
52,144,1,4037,-67.619293,133408.452522
52,144,1,4038,-1.435927,134384.203332
52,144,1,4039,-193.480423,135295.970484
52,144,1,4040,747.538422,132480.689456
52,144,1,4041,178.554392,135663.876527
52,144,1,4042,-101.121842,134256.236013
52,144,1,4043,-540.339630,134864.080780
52,144,1,4044,856.584708,133008.554648
52,144,1,4045,-228.194278,134240.240098
52,144,1,4046,-195.547285,132928.575074
52,144,1,4047,-689.538118,133760.362650
52,144,1,4048,-15.556966,134208.248268
52,144,1,4049,8.102320,135503.917378
52,144,1,4050,-161.172269,134112.272779
52,144,1,4051,-193.141583,135168.003164
52,144,1,4052,-285.339201,135359.954143
52,144,1,4053,-431.310256,133824.346310
52,144,1,4054,-321.747255,134944.060355
52,144,1,4055,-196.885732,135008.044015
52,144,1,4056,-516.180540,135183.999079
52,144,1,4057,-91.261667,133680.383075
52,144,1,4058,457.036230,136735.602827
52,144,1,4059,188.897458,132544.673115
52,144,1,4060,-604.811885,134816.093036
52,144,1,4061,-444.736703,134960.056270
52,144,1,4062,171.066095,135343.958228
52,144,1,4063,363.449430,134304.223758
52,144,1,4064,-34.438672,134256.236013
52,144,1,4065,596.840523,134304.223758
52,144,1,4066,-10.796298,133984.305459
52,144,1,4067,-336.723849,134304.223758
52,144,1,4068,-324.652760,133680.383075
52,144,1,4069,-150.117700,133872.334055
52,144,1,4070,227.016622,133888.329970
52,144,1,4071,137.546634,134624.142056
52,144,1,4072,100.621865,133616.399416
52,144,1,4073,-42.943488,134320.219673
52,144,1,4074,-588.318969,134096.276864
52,144,1,4075,-325.169475,133088.534223
52,144,1,4076,-1.969555,132224.754817
52,144,1,4077,-60.808676,133984.305459
52,144,1,4078,510.597968,134608.146142
52,144,1,4079,98.249987,134512.170652
52,144,1,4080,-571.809140,134944.060355
52,144,1,4081,1031.458608,133072.538308
52,144,1,4082,235.182599,133952.313629
52,144,1,4083,-234.149341,134128.268694
52,144,1,4084,216.478768,134720.117546
52,144,1,4085,-471.462458,133248.493372
52,144,1,4086,84.984504,134800.097121
52,144,1,4087,16.590224,133872.334055
52,144,1,4088,266.152306,134848.084865
52,144,1,4089,-82.079172,133360.464777
52,144,1,4090,-479.789398,134032.293204
52,144,1,4091,-205.907263,134480.178822
52,144,1,4092,281.806579,135231.986824
52,144,1,4093,642.253197,133680.383075
52,144,1,4094,-785.302008,134512.170652
52,144,1,4095,366.659952,132304.734391
52,144,1,4096,304.415522,133776.358565
52,144,1,4097,980.412800,131888.840603
52,144,1,4098,298.460459,133664.387161
52,144,1,4099,98.749791,133536.419841
52,144,1,4100,281.789667,133664.387161
52,144,1,4101,-525.718787,134064.285034
52,144,1,4102,-148.728517,136495.664103
52,144,1,4103,209.151435,133552.415756
52,144,1,4104,-81.206705,135391.945973
52,144,1,4105,-75.963145,132624.652690
52,144,1,4106,65.230330,132816.603669
52,144,1,4107,189.913977,132160.771157
52,144,1,4108,541.389799,134784.101206
52,144,1,4109,-477.061769,134576.154312
52,144,1,4110,508.387054,134656.133886
52,144,1,4111,796.212352,134560.158397
52,144,1,4112,167.821750,134208.248268
52,144,1,4113,-319.875181,135024.039930
52,144,1,4114,88.906528,135679.872442
52,144,1,4115,-285.339201,135359.954143
52,144,1,4116,253.708553,132464.693541
52,144,1,4117,-342.661999,135759.852017
52,144,1,4118,-590.030079,133168.513798
52,144,1,4119,377.231629,134608.146142
52,144,1,4120,417.205956,134464.182907
52,144,1,4121,-1.274963,133536.419841
52,144,1,4122,-11.990693,133648.391246
52,144,1,4123,-141.790759,133088.534223
52,144,1,4124,64.052847,134048.289119
52,144,1,4125,452.224827,132256.746647
52,144,1,4126,-36.971514,135999.790741
52,144,1,4127,-437.604158,133840.342225
52,144,1,4128,-22.011832,135072.027675
52,144,1,4129,289.633715,135423.937803
52,144,1,4130,316.842362,134592.150227
52,144,1,4131,96.699841,132736.624094
52,144,1,4132,231.616326,134512.170652
52,144,1,4133,203.035409,134288.227843
52,144,1,4134,55.903783,135551.905122
52,144,1,4135,466.023938,134128.268694
52,144,1,4136,-567.887116,135823.835676
52,144,1,4137,340.145896,134448.186992
52,144,1,4138,99.283418,135695.868357
52,144,1,4139,-375.359728,132368.718051
52,144,1,4140,-198.258003,133952.313629
52,144,1,4141,410.412250,135455.929633
52,144,1,4142,106.060212,133136.521968
52,144,1,4143,-174.259877,135120.015419
52,144,1,4144,-123.070017,133888.329970
52,144,1,4145,353.733308,132464.693541
52,144,1,4146,-70.668850,134560.158397
52,144,1,4147,454.308601,136191.741720
52,144,1,4148,-169.854961,133456.440266
52,144,1,4149,-363.610567,133440.444351
52,144,1,4150,-72.185173,135919.811166
52,144,1,4151,-20.995313,134688.125716
52,144,1,4152,-97.894409,133824.346310
52,144,1,4153,117.987249,134928.064440
52,144,1,4154,-1181.673788,133104.530138
52,144,1,4155,-527.929701,134112.272779
52,144,1,4156,218.317019,131664.897794
52,144,1,4157,-81.384580,134672.129801
52,144,1,4158,75.285293,134528.166567
52,144,1,4159,790.596129,134320.219673
52,144,1,4160,460.924431,134480.178822
52,144,1,4161,321.425154,133648.391246
52,144,1,4162,572.181630,134960.056270
52,144,1,4163,147.584685,134768.105291
52,144,1,4164,-113.531770,135008.044015
52,144,1,4165,-2.613410,135615.888782
52,144,1,4166,164.594317,134640.137971
52,144,1,4167,300.315622,132176.767072
52,144,1,4168,-422.805440,133760.362650
52,144,1,4169,65.763958,134976.052185
52,144,1,4170,-16.734449,135439.933718
52,144,1,4171,452.402703,132976.562818
52,144,1,4172,-591.385438,133680.383075
52,144,1,4173,394.241261,134480.178822
52,144,1,4174,32.405461,133408.452522
52,144,1,4175,184.848294,135647.880612
52,144,1,4176,288.083569,133648.391246
52,144,1,4177,-20.656473,134560.158397
52,144,1,4178,278.740110,134816.093036
52,144,1,4179,297.105101,134176.256438
52,144,1,4180,-156.750442,134016.297289
52,144,1,4181,214.767658,133792.354480
52,144,1,4182,38.538399,134240.240098
52,144,1,4183,-97.538657,135263.978654
52,144,1,4184,-156.572566,134736.113461
52,144,1,4185,-321.247451,133968.309544
52,144,1,4186,-229.549637,134752.109376
52,144,1,4187,-221.383661,134816.093036
52,144,1,4188,-34.777512,134384.203332
52,144,1,4189,-43.282328,134448.186992
52,144,1,4190,-584.752696,133536.419841
52,144,1,4191,-345.228665,134368.207418
52,144,1,4192,207.618201,133344.468862
52,144,1,4193,-1132.516966,132640.648605
52,144,1,4194,352.555825,133696.378990
52,144,1,4195,-336.562885,133456.440266
52,144,1,4196,-90.406112,134144.264608
52,144,1,4197,-575.909040,133344.468862
52,144,1,4198,412.267413,133968.309544
52,144,1,4199,283.822705,132896.583244
52,144,1,4200,-123.230981,134736.113461
52,144,1,4201,129.880462,133584.407586
52,144,1,4202,438.459540,133520.423926
52,144,1,4203,-436.570727,135024.039930
52,144,1,4204,119.681447,134288.227843
52,144,1,4205,-429.438182,133904.325885
52,144,1,4206,363.110591,134432.191077
52,144,1,4207,-338.934763,134352.211503
52,144,1,4208,669.478755,134416.195162
52,144,1,4209,-79.334630,135471.925548
52,144,1,4210,473.529147,136015.786656
52,144,1,4211,-641.219939,134400.199247
52,144,1,4212,-24.061782,134272.231928
52,144,1,4213,-21.173189,133968.309544
52,144,1,4214,-40.715663,135839.831591
52,144,1,4215,355.444418,133392.456607
52,144,1,4216,272.107368,134960.056270
52,144,1,4217,218.156055,132512.681285
52,144,1,4218,70.329838,132464.693541
52,144,1,4219,-248.592307,135647.880612
52,144,1,4220,259.002848,134400.199247
52,144,1,4221,513.130810,132864.591414
52,144,1,4222,249.625565,132432.701711
52,144,1,4223,658.263222,135503.917378
52,144,1,4224,342.712562,135839.831591
52,144,1,4225,-164.238738,133696.378990
52,144,1,4226,516.553031,134720.117546
52,144,1,4227,-175.115432,134656.133886
52,144,1,4228,-358.333184,133808.350395
52,144,1,4229,180.909358,133200.505628
52,144,1,4230,-499.704536,132896.583244
52,144,1,4231,318.214633,135647.880612
52,144,1,4232,-307.126412,134144.264608
52,144,1,4233,-377.214891,133856.338140
52,144,1,4234,-140.935204,133552.415756
52,144,1,4235,85.145468,133952.313629
52,144,1,4236,388.286199,134368.207418
52,144,1,4237,215.978965,135695.868357
52,144,1,4238,-460.213101,135295.970484
52,144,1,4239,-656.357497,134608.146142
52,144,1,4240,173.615848,135168.003164
52,144,1,4241,180.070714,134304.223758
52,144,1,4242,394.419137,135199.994994
52,144,1,4243,-375.520692,133216.501542
52,144,1,4244,126.153225,134992.048100
52,144,1,4245,88.050973,135215.990909
52,144,1,4246,12.685111,134560.158397
52,144,1,4247,-102.993916,134176.256438
52,144,1,4248,-13.346052,134160.260523
52,144,1,4249,310.887300,134480.178822
52,144,1,4250,-139.562934,134608.146142
52,144,1,4251,-382.831113,133616.399416
52,144,1,4252,-519.602761,133328.472947
52,144,1,4253,140.774067,134192.252353
52,144,1,4254,186.169829,132000.812008
52,144,1,4255,203.196373,133440.444351
52,144,1,4256,-233.310698,133024.550563
52,144,1,4257,-600.745809,133280.485202
52,144,1,4258,-645.819643,133776.358565
52,144,1,4259,-77.140628,133856.338140
52,144,1,4260,237.893316,132928.575074
52,144,1,4261,329.752094,132864.591414
52,144,1,4262,483.033570,134000.301374
52,144,1,4263,104.188138,133056.542393
52,144,1,4264,-812.527566,133776.358565
52,144,1,4265,748.749729,134384.203332
52,144,1,4266,-34.277708,133408.452522
52,144,1,4267,-239.926528,134736.113461
52,144,1,4268,-535.240122,134512.170652
52,144,1,4269,180.926270,134768.105291
52,144,1,4270,285.194976,133952.313629
52,144,1,4271,412.445288,134688.125716
52,144,1,4272,160.511329,134608.146142
52,144,1,4273,491.555298,135503.917378
52,144,1,4274,136.352239,134288.227843
52,144,1,4275,-4.536220,130833.110218
52,144,1,4276,-335.012738,135231.986824
52,144,1,4277,-390.124623,135583.896952
52,144,1,4278,-624.710111,135247.982739
52,144,1,4279,-7.907705,133680.383075
52,144,1,4280,358.866639,135247.982739
52,144,1,4281,388.625039,134240.240098
52,144,1,4282,523.007897,133856.338140
52,144,1,4283,-33.439065,132304.734391
52,144,1,4284,-188.058988,133248.493372
52,144,1,4285,-182.442765,133488.432096
52,144,1,4286,358.688763,134528.166567
52,144,1,4287,330.251898,131888.840603
52,144,1,4288,-415.850770,131920.832433
52,144,1,4289,76.818527,134736.113461
52,144,1,4290,371.098691,133776.358565
52,144,1,4291,-194.014050,133136.521968
52,144,1,4292,586.785561,132592.660860
52,144,1,4293,-383.669757,134720.117546
52,144,1,4294,-50.609661,133280.485202
52,144,1,4295,167.482910,134336.215588
52,144,1,4296,113.531597,131888.840603
52,144,1,4297,-27.145163,132288.738476
52,144,1,4298,78.673690,133248.493372
52,144,1,4299,121.214682,134496.174737
52,144,1,4300,-38.326873,136511.660018
52,144,1,4301,369.048741,132976.562818
52,144,1,4302,510.597968,134608.146142
52,144,1,4303,-33.905045,136415.684529
52,144,1,4304,462.440754,133120.526053
52,144,1,4305,576.603458,134864.080780
52,144,1,4306,77.140455,133040.546478
52,144,1,4307,301.865768,133952.313629
52,144,1,4308,888.409970,134368.207418
52,144,1,4309,-47.865120,135391.945973
52,144,1,4310,-131.252905,132256.746647
52,144,1,4311,-36.132871,134896.072610
52,144,1,4312,86.161987,133568.411671
52,144,1,4313,87.178506,133184.509713
52,144,1,4314,-512.970019,133184.509713
52,144,1,4315,-115.403844,134928.064440
52,144,1,4316,33.083140,133152.517883
52,144,1,4317,222.611706,135551.905122
52,144,1,4318,272.946011,133856.338140
52,144,1,4319,601.101387,135056.031760
52,144,1,4320,400.696127,133616.399416
52,144,1,4321,54.692476,133648.391246
52,144,1,4322,120.342215,132464.693541
52,144,1,4323,-870.189204,134304.223758
52,144,1,4324,36.149610,133568.411671
52,144,1,4325,-225.822401,133344.468862
52,144,1,4326,86.678702,134160.260523
52,144,1,4327,-147.728910,134544.162482
52,144,1,4328,-146.034712,133904.325885
52,144,1,4329,218.850646,133824.346310
52,144,1,4330,113.582333,136591.639593
52,144,1,4331,-864.928733,133104.530138
52,144,1,4332,-207.084746,135711.864272
52,144,1,4333,-191.964100,133936.317714
52,144,1,4334,231.260574,133072.538308
52,144,1,4335,-59.953120,134448.186992
52,144,1,4336,383.330744,132304.734391
52,144,1,4337,488.310953,134368.207418
52,144,1,4338,635.959295,133696.378990
52,144,1,4339,416.511365,133152.517883
52,144,1,4340,-595.968229,134624.142056
52,144,1,4341,72.379788,133264.489287
52,144,1,4342,102.349887,136111.762145
52,144,1,4343,-86.145248,134896.072610
52,144,1,4344,68.813515,133824.346310
52,144,1,4345,-218.334104,133664.387161
52,144,1,4346,279.417789,134560.158397
52,144,1,4347,106.415963,134576.154312
52,144,1,4348,1202.427395,133824.346310
52,144,1,4349,79.884996,135152.007249
52,144,1,4350,-493.732561,134576.154312
52,144,1,4351,-126.458414,135168.003164
52,144,1,4352,41.232205,131648.901879
52,144,1,4353,-225.839312,131776.869199
52,144,1,4354,259.002848,134400.199247
52,144,1,4355,-63.019589,134032.293204
52,144,1,4356,636.992726,134880.076695
52,144,1,4357,-284.856309,132816.603669
52,144,1,4358,27.322866,135327.962313
52,144,1,4359,268.007468,133360.464777
52,144,1,4360,112.015274,133248.493372
52,144,1,4361,13.201827,135152.007249
52,144,1,4362,33.938696,133616.399416
52,144,1,4363,-293.683053,134576.154312
52,144,1,4364,755.899186,134832.088951
52,144,1,4365,-35.971907,134048.289119
52,144,1,4366,-129.363919,133904.325885
52,144,1,4367,151.167869,135775.847932
52,144,1,4368,-162.527628,134624.142056
52,144,1,4369,-207.423586,135839.831591
52,144,1,4370,-414.961391,135519.913293
52,144,1,4371,-253.530851,135152.007249
52,144,1,4372,23.400841,134448.186992
52,144,1,4373,-272.751397,135327.962313
52,144,1,4374,80.901515,134768.105291
52,144,1,4375,-246.415217,132464.693541
52,144,1,4376,155.928537,135551.905122
52,144,1,4377,-593.740404,136143.753975
52,144,1,4378,-298.460632,133232.497457
52,144,1,4379,637.653493,133056.542393
52,144,1,4380,-194.852694,134240.240098
52,144,1,4381,-806.411540,133040.546478
52,144,1,4382,-222.078252,133504.428011
52,144,1,4383,-49.237390,134336.215588
52,144,1,4384,-9.601904,134320.219673
52,144,1,4385,-179.732048,132464.693541
52,144,1,4386,143.840536,134608.146142
52,144,1,4387,446.125713,134560.158397
52,144,1,4388,-42.943488,134320.219673
52,144,1,4389,310.548460,134608.146142
52,144,1,4390,-274.801347,134528.166567
52,144,1,4391,78.834654,132400.709881
52,144,1,4392,11.685504,136511.660018
52,144,1,4393,-1016.160259,132768.615924
52,144,1,4394,-35.794031,134768.105291
52,144,1,4395,-168.143851,134384.203332
52,144,1,4396,121.714485,133520.423926
52,144,1,4397,157.444860,134192.252353
52,144,1,4398,-68.796776,134640.137971
52,144,1,4399,-83.595494,134720.117546
52,144,1,4400,455.308208,134240.240098
52,144,1,4401,-1.952643,133792.354480
52,144,1,4402,-85.467568,134640.137971
52,144,1,4403,232.649757,135695.868357
52,144,1,4404,-774.781065,132112.783412
52,144,1,4405,525.040935,133088.534223
52,144,1,4406,-234.666056,133536.419841
52,144,1,4407,284.356332,135056.031760
52,144,1,4408,-70.507886,133712.374905
52,144,1,4409,-375.359728,132368.718051
52,144,1,4410,55.708995,133264.489287
52,144,1,4411,57.581069,133344.468862
52,144,1,4412,271.929492,134240.240098
52,144,1,4413,-506.659205,134736.113461
52,144,1,4414,-45.332278,133648.391246
52,144,1,4415,196.419579,135999.790741
52,144,1,4416,1174.185318,133472.436181
52,144,1,4417,-5.874667,132912.579159
52,144,1,4418,529.818514,134432.191077
52,144,1,4419,-108.432263,134656.133886
52,144,1,4420,585.785954,134544.162482
52,144,1,4421,23.739681,134320.219673
52,144,1,4422,136.868955,134880.076695
52,144,1,4423,-495.087920,135088.023589
52,144,1,4424,256.453095,134576.154312
52,144,1,4425,-434.198849,134128.268694
52,144,1,4426,616.738749,133872.334055
52,144,1,4427,-124.264412,133552.415756
52,144,1,4428,718.813453,134672.129801
52,144,1,4429,-100.283198,133152.517883
52,144,1,4430,-107.415744,134272.231928
52,144,1,4431,-231.421712,134672.129801
52,144,1,4432,16.590224,133872.334055
52,144,1,4433,366.659952,132304.734391
52,144,1,4434,666.073446,134128.268694
52,144,1,4435,-341.823356,134656.133886
52,144,1,4436,124.925006,131520.934560
52,144,1,4437,-154.039724,132992.558733
52,144,1,4438,168.499429,133952.313629
52,144,1,4439,-762.854029,133904.325885
52,144,1,4440,-444.236900,133984.305459
52,144,1,4441,-184.458892,135823.835676
52,144,1,4442,-244.881983,132672.640435
52,144,1,4443,-264.763296,134672.129801
52,144,1,4444,-39.538180,134608.146142
52,144,1,4445,76.462776,133296.481117
52,144,1,4446,118.343000,136367.696784
52,144,1,4447,14.718150,133792.354480
52,144,1,4448,-181.765086,133232.497457
52,144,1,4449,199.274349,132560.669030
52,144,1,4450,357.672244,134912.068525
52,144,1,4451,369.404493,134416.195162
52,144,1,4452,-321.942042,132656.644520
52,144,1,4453,568.081730,133360.464777
52,144,1,4454,-198.579930,135647.880612
52,144,1,4455,-456.646828,134736.113461
52,144,1,4456,378.426024,134944.060355
52,144,1,4457,-260.341468,134576.154312
52,144,1,4458,-489.827449,133888.329970
52,144,1,4459,117.970337,133360.464777
52,144,1,4460,99.266506,134128.268694
52,144,1,4461,-84.967765,133664.387161
52,144,1,4462,181.748001,132096.787497
52,144,1,4463,-61.325391,133392.456607
52,144,1,4464,269.540703,133568.411671
52,144,1,4465,862.878610,132992.558733
52,144,1,4466,-114.209450,135263.978654
52,144,1,4467,-331.963181,134080.280949
52,144,1,4468,-471.962262,134224.244183
52,144,1,4469,8.085408,133936.317714
52,144,1,4470,-108.093423,134528.166567
52,144,1,4471,52.981366,132720.628180
52,144,1,4472,641.592429,135503.917378
52,144,1,4473,-300.332707,133152.517883
52,144,1,4474,304.237646,133056.542393
52,144,1,4475,128.025299,135072.027675
52,144,1,4476,142.146338,135247.982739
52,144,1,4477,132.430215,133408.452522
52,144,1,4478,-42.765613,135040.035845
52,144,1,4479,182.781432,133280.485202
52,144,1,4480,-446.447814,134032.293204
52,144,1,4481,191.963927,132960.566904
52,144,1,4482,-139.562934,134608.146142
52,144,1,4483,-505.803650,135199.994994
52,144,1,4484,-106.899028,134864.080780
52,144,1,4485,299.832730,134720.117546
52,144,1,4486,180.409554,134176.256438
52,144,1,4487,355.444418,133392.456607
52,144,1,4488,339.307253,135551.905122
52,144,1,4489,-38.860500,134352.211503
52,144,1,4490,119.342607,134416.195162
52,144,1,4491,-157.766961,134400.199247
52,144,1,4492,80.545764,133328.472947
52,144,1,4493,25.095040,133808.350395
52,144,1,4494,-738.195136,133248.493372
52,144,1,4495,680.550237,135743.856102
52,144,1,4496,165.094121,133664.387161
52,144,1,4497,37.344004,133904.325885
52,144,1,4498,-44.298847,134832.088951
52,144,1,4499,252.370107,134544.162482
52,144,1,4500,57.936821,134784.101206
52,144,1,4501,700.109622,135439.933718
52,144,1,4502,236.876797,133312.477032
52,144,1,4503,385.041854,133232.497457
52,144,1,4504,-437.265318,133712.374905
52,144,1,4505,253.047786,134288.227843
52,144,1,4506,-59.631193,132752.620009
52,144,1,4507,-258.969198,135631.884697
52,144,1,4508,-588.996648,134352.211503
52,144,1,4509,-609.750428,134320.219673
52,144,1,4510,131.074856,133920.321799
52,144,1,4511,91.956085,134528.166567
52,144,1,4512,-62.003070,133648.391246
52,144,1,4513,-489.310733,134480.178822
52,144,1,4514,117.970337,133360.464777
52,144,1,4515,886.520984,132720.628180
52,144,1,4516,158.605431,131392.967240
52,144,1,4517,145.712611,134688.125716
52,144,1,4518,-413.445069,134160.260523
52,144,1,4519,280.629096,136463.672274
52,144,1,4520,107.949198,134784.101206
52,144,1,4521,134.996881,134800.097121
52,144,1,4522,-169.838049,135024.039930
52,144,1,4523,-610.783859,133136.521968
52,144,1,4524,79.207317,135407.941888
52,144,1,4525,381.492493,135359.954143
52,144,1,4526,567.920766,134208.248268
52,144,1,4527,-121.875622,134224.244183
52,144,1,4528,-14.201607,133696.378990
52,144,1,4529,-402.212623,134640.137971
52,144,1,4530,521.135822,133776.358565
52,144,1,4531,-295.893967,134624.142056
52,144,1,4532,-416.850377,133872.334055
52,144,1,4533,-258.630358,135503.917378
52,144,1,4534,-854.373967,133840.342225
52,144,1,4535,510.420092,133888.329970
52,144,1,4536,-414.961391,135519.913293
52,144,1,4537,169.854788,133440.444351
52,144,1,4538,343.890045,134608.146142
52,144,1,4539,288.261445,134368.207418
52,144,1,4540,133.607698,132176.767072
52,144,1,4541,410.734178,133760.362650
52,144,1,4542,169.194020,135263.978654
52,144,1,4543,330.785525,134048.289119
52,144,1,4544,-239.426724,133760.362650
52,144,1,4545,348.811676,133536.419841
52,144,1,4546,390.480201,132752.620009
52,144,1,4547,188.558619,132672.640435
52,144,1,4548,-90.905915,135120.015419
52,144,1,4549,344.389848,133632.395331
52,144,1,4550,-220.545018,133712.374905
52,144,1,4551,-51.787144,134512.170652
52,144,1,4552,167.110247,131328.983580
52,144,1,4553,-1324.222622,133424.448437
52,144,1,4554,-234.327217,133408.452522
52,144,1,4555,-159.139231,133344.468862
52,144,1,4556,298.816211,135104.019504
52,144,1,4557,52.854226,136703.610998
52,144,1,4558,585.269238,133952.313629
52,144,1,4559,170.371504,134032.293204
52,144,1,4560,153.878587,134752.109376
52,144,1,4561,-576.247880,133472.436181
52,144,1,4562,-66.086059,133616.399416
52,144,1,4563,-161.688985,133520.423926
52,144,1,4564,480.644780,133328.472947
52,144,1,4565,422.678126,137119.504786
52,144,1,4566,424.016573,135040.035845
52,144,1,4567,-368.210271,132816.603669
52,144,1,4568,-260.697220,133136.521968
52,144,1,4569,18.462298,133952.313629
52,144,1,4570,-6.018719,135327.962313
52,144,1,4571,218.689682,134672.129801
52,144,1,4572,-233.310698,133024.550563
52,144,1,4573,596.823611,132736.624094
52,144,1,4574,205.085359,135088.023589
52,144,1,4575,541.034048,133344.468862
52,144,1,4576,441.026205,134912.068525
52,144,1,4577,-53.659218,134432.191077
52,144,1,4578,-597.179536,132720.628180
52,144,1,4579,414.478326,133920.321799
52,144,1,4580,420.933193,133056.542393
52,144,1,4581,-424.482726,135967.798911
52,144,1,4582,103.010655,134288.227843
52,144,1,4583,-20.495509,133712.374905
52,144,1,4584,-23.223139,133168.513798
52,144,1,4585,300.476586,131328.983580
52,144,1,4586,-59.970032,132880.587329
52,144,1,4587,40.571437,133472.436181
52,144,1,4588,57.581069,133344.468862
52,144,1,4589,492.571817,135120.015419
52,144,1,4590,-181.409334,134672.129801
52,144,1,4591,188.058815,133648.391246
52,144,1,4592,-923.445926,133168.513798
52,144,1,4593,-337.240564,133712.374905
52,144,1,4594,453.436134,134160.260523
52,144,1,4595,-414.800427,134672.129801
52,144,1,4596,-107.254780,133424.448437
52,144,1,4597,-171.193408,135535.909208
52,144,1,4598,-309.854042,133600.403501
52,144,1,4599,-272.768309,133760.362650
52,144,1,4600,-109.270906,135759.852017
52,144,1,4601,-223.111683,132320.730306
52,144,1,4602,-42.604649,134192.252353
52,144,1,4603,-409.201117,133344.468862
52,144,1,4604,8.424248,133808.350395
52,144,1,4605,258.164205,135503.917378
52,144,1,4606,324.491623,134064.285034
52,144,1,4607,92.811640,134992.048100
52,144,1,4608,208.634720,132960.566904
52,144,1,4609,-736.644989,135024.039930
52,144,1,4610,489.988240,132160.771157
52,144,1,4611,-928.384469,132672.640435
52,144,1,4612,211.523313,132656.644520
52,144,1,4613,253.386626,134160.260523
52,144,1,4614,-16.751361,133872.334055
52,144,1,4615,273.462727,134448.186992
52,144,1,4616,608.072969,134784.101206
52,144,1,4617,-43.460204,133728.370820
52,144,1,4618,-265.280012,134080.280949
52,144,1,4619,171.388023,133648.391246
52,144,1,4620,-411.733958,135088.023589
52,144,1,4621,-62.680750,133904.325885
52,144,1,4622,10.474198,134608.146142
52,144,1,4623,356.994564,135168.003164
52,144,1,4624,-691.071352,133552.415756
52,144,1,4625,481.500336,133792.354480
52,144,1,4626,-206.745907,135583.896952
52,144,1,4627,-182.103926,133360.464777
52,144,1,4628,704.870290,135215.990909
52,144,1,4629,874.272019,132624.652690
52,144,1,4630,-90.406112,134144.264608
52,144,1,4631,-279.578926,133184.509713
52,144,1,4632,648.369223,132944.570989
52,144,1,4633,56.225711,133856.338140
52,144,1,4634,-99.766483,133744.366735
52,144,1,4635,-470.945743,133840.342225
52,144,1,4636,283.322902,133872.334055
52,144,1,4637,-273.107148,133888.329970
52,144,1,4638,-76.623913,134448.186992
52,144,1,4639,-233.488573,132304.734391
52,144,1,4640,35.971734,132848.595499
52,144,1,4641,285.355940,133104.530138
52,144,1,4642,195.564024,135535.909208
52,144,1,4643,313.098214,134432.191077
52,144,1,4644,-85.289693,135359.954143
52,144,1,4645,723.591032,136015.786656
52,144,1,4646,-637.653666,133840.342225
52,144,1,4647,-34.955388,133664.387161
52,144,1,4648,269.718578,134288.227843
52,144,1,4649,56.242622,135423.937803
52,144,1,4650,-417.866896,134256.236013
52,144,1,4651,-18.284595,133664.387161
52,144,1,4652,-919.523902,134048.289119
52,144,1,4653,-331.624341,133952.313629
52,144,1,4654,-653.485815,132736.624094
52,144,1,4655,230.921735,133200.505628
52,144,1,4656,324.330659,134912.068525
52,144,1,4657,167.643874,133488.432096
52,144,1,4658,150.989994,135056.031760
52,144,1,4659,390.497113,134320.219673
52,144,1,4660,-41.249290,133680.383075
52,144,1,4661,129.363746,132992.558733
52,144,1,4662,-278.884335,134496.174737
52,144,1,4663,-24.400622,134400.199247
52,144,1,4664,-12.151657,134496.174737
52,144,1,4665,673.722707,133600.403501
52,144,1,4666,305.432041,133392.456607
52,144,1,4667,-450.869642,134128.268694
52,144,1,4668,-334.673899,135104.019504
52,144,1,4669,398.502125,135231.986824
52,144,1,4670,-261.197024,134112.272779
52,144,1,4671,338.595750,132672.640435
52,144,1,4672,207.957040,133216.501542
52,144,1,4673,649.563618,133280.485202
52,144,1,4674,141.451747,133936.317714
52,144,1,4675,-640.203420,134016.297289
52,144,1,4676,71.702108,133520.423926
52,144,1,4677,512.825794,136127.758060
52,144,1,4678,-255.419837,133504.428011
52,144,1,4679,-91.956258,132368.718051
52,144,1,4680,-5.019112,133376.460692
52,144,1,4681,635.264703,132384.713966
52,144,1,4682,-421.111241,133120.526053
52,144,1,4683,1.308614,136495.664103
52,144,1,4684,259.841492,133296.481117
52,144,1,4685,-79.190578,133056.542393
52,144,1,4686,421.949712,132672.640435
52,144,1,4687,-237.198898,135279.974569
52,144,1,4688,-596.662821,133312.477032
52,144,1,4689,352.056021,134672.129801
52,144,1,4690,296.766261,134304.223758
52,144,1,4691,-796.373489,133184.509713
52,144,1,4692,-400.679389,134848.084865
52,144,1,4693,15.412741,135104.019504
52,144,1,4694,-468.734829,133792.354480
52,144,1,4695,-241.637638,133808.350395
52,144,1,4696,-487.455571,132992.558733
52,144,1,4697,83.790109,134464.182907
52,144,1,4698,-219.172747,134768.105291
52,144,1,4699,1157.158774,132032.803837
52,144,1,4700,-118.470313,134512.170652
52,144,1,4701,-277.528976,133984.305459
52,144,1,4702,108.449002,133808.350395
52,144,1,4703,-118.987029,133920.321799
52,144,1,4704,97.733272,133920.321799
52,144,1,4705,-248.126327,131536.930475
52,144,1,4706,-64.552824,133824.346310
52,144,1,4707,511.631399,135791.843846
52,144,1,4708,-380.442324,134288.227843
52,144,1,4709,333.335279,133872.334055
52,144,1,4710,-344.550985,134112.272779
52,144,1,4711,-440.314875,134864.080780
52,144,1,4712,-333.835255,134000.301374
52,144,1,4713,-49.754106,133744.366735
52,144,1,4714,55.886871,133984.305459
52,144,1,4715,492.232977,135247.982739
52,144,1,4716,-71.007690,134688.125716
52,144,1,4717,765.759361,134256.236013
52,144,1,4718,-141.274044,133680.383075
52,144,1,4719,-59.792156,133600.403501
52,144,1,4720,704.353574,134624.142056
52,144,1,4721,-553.782989,134432.191077
52,144,1,4722,103.866210,134752.109376
52,144,1,4723,255.419664,133392.456607
52,144,1,4724,23.739681,134320.219673
52,144,1,4725,-423.466207,135583.896952
52,144,1,4726,-355.622467,132784.611839
52,144,1,4727,17.945583,133360.464777
52,144,1,4728,-650.224559,135439.933718
52,144,1,4729,104.882729,134368.207418
52,144,1,4730,-32.227758,134208.248268
52,144,1,4731,59.470055,134992.048100
52,144,1,4732,117.114782,132896.583244
52,144,1,4733,465.862974,134976.052185
52,144,1,4734,-313.081475,134032.293204
52,144,1,4735,381.492493,135359.954143
52,144,1,4736,738.550714,135088.023589
52,144,1,4737,-692.943426,133472.436181
52,144,1,4738,134.480165,134208.248268
52,144,1,4739,-376.003584,135759.852017
52,144,1,4740,394.063386,133760.362650
52,144,1,4741,399.679608,134000.301374
52,144,1,4742,-464.973768,135519.913293
52,144,1,4743,-304.915498,134096.276864
52,144,1,4744,398.985017,132688.636350
52,144,1,4745,47.221091,134896.072610
52,144,1,4746,-225.822401,133344.468862
52,144,1,4747,111.498559,132656.644520
52,144,1,4748,236.055066,135983.794826
52,144,1,4749,-559.238248,133344.468862
52,144,1,4750,107.415571,132624.652690
52,144,1,4751,38.538399,134240.240098
52,144,1,4752,-728.462101,136655.623253
52,144,1,4753,170.727255,135471.925548
52,144,1,4754,230.405019,132608.656775
52,144,1,4755,113.565421,135024.039930
52,144,1,4756,69.313318,132848.595499
52,144,1,4757,571.326075,134496.174737
52,144,1,4758,-216.622993,134592.150227
52,144,1,4759,-209.312572,134192.252353
52,144,1,4760,9.779606,133296.481117
52,144,1,4761,-38.343785,134944.060355
52,144,1,4762,-204.712869,134816.093036
52,144,1,4763,24.417360,134064.285034
52,144,1,4764,-361.221778,134112.272779
52,144,1,4765,666.234410,133280.485202
52,144,1,4766,-143.146118,133600.403501
52,144,1,4767,-795.517934,133648.391246
52,144,1,4768,-127.474933,135551.905122
52,144,1,4769,-113.370806,134160.260523
52,144,1,4770,-66.585862,134592.150227
52,144,1,4771,325.846982,133552.415756
52,144,1,4772,463.135345,134432.191077
52,144,1,4773,-662.473523,135343.958228
52,144,1,4774,544.956072,134224.244183
52,144,1,4775,210.684670,133760.362650
52,144,1,4776,-48.915463,132640.648605
52,144,1,4777,483.889125,134464.182907
52,144,1,4778,357.155528,134320.219673
52,144,1,4779,-192.463904,134912.068525
52,144,1,4780,257.808453,134064.285034
52,144,1,4781,496.121178,132992.558733
52,144,1,4782,346.100959,134560.158397
52,144,1,4783,674.239423,134192.252353
52,144,1,4784,-78.157147,134240.240098
52,144,1,4785,258.664009,134528.166567
52,144,1,4786,-4.824324,135663.876527
52,144,1,4787,-153.683972,134432.191077
52,144,1,4788,236.537957,133440.444351
52,144,1,4789,-82.917815,134464.182907
52,144,1,4790,-64.874752,135519.913293
52,144,1,4791,-12.668373,133904.325885
52,144,1,4792,97.411344,135615.888782
52,144,1,4793,210.540618,136175.745805
52,144,1,4794,-55.209365,132656.644520
52,144,1,4795,145.695699,133120.526053
52,144,1,4796,377.231629,134608.146142
52,144,1,4797,85.518131,136959.545636
52,144,1,4798,-156.928317,133296.481117
52,144,1,4799,-611.122699,133264.489287
52,144,1,4800,-1.469751,131249.004006
52,144,1,4801,-91.261667,133680.383075
52,144,1,4802,464.668579,134640.137971
52,144,1,4803,244.737757,136639.627338
52,144,1,4804,718.813453,134672.129801
52,144,1,4805,21.012052,133776.358565
52,144,1,4806,215.945141,132560.669030
52,144,1,4807,-173.921037,134992.048100
52,144,1,4808,282.128507,133536.419841
52,144,1,4809,30.050495,135871.823421
52,144,1,4810,116.809766,136159.749890
52,144,1,4811,44.332498,135199.994994
52,144,1,4812,-21.850868,134224.244183
52,144,1,4813,210.701582,135327.962313
52,144,1,4814,938.066595,132928.575074
52,144,1,4815,-162.527628,134624.142056
52,144,1,4816,369.582368,135136.011334
52,144,1,4817,129.024906,133120.526053
52,144,1,4818,117.826285,135775.847932
52,144,1,4819,270.396258,134032.293204
52,144,1,4820,-120.520263,133712.374905
52,144,1,4821,285.694779,132976.562818
52,144,1,4822,-426.015961,135759.852017
52,144,1,4823,-229.549637,134752.109376
52,144,1,4824,41.249117,133216.501542
52,144,1,4825,260.519171,133040.546478
52,144,1,4826,439.137219,133264.489287
52,144,1,4827,311.387103,133504.428011
52,144,1,4828,-436.748603,134304.223758
52,144,1,4829,270.718186,132336.726221
52,144,1,4830,151.311921,133360.464777
52,144,1,4831,6.730049,134448.186992
52,144,1,4832,173.776812,134320.219673
52,144,1,4833,-821.049294,132272.742561
52,144,1,4834,-129.880635,133312.477032
52,144,1,4835,-342.501035,134912.068525
52,144,1,4836,325.846982,133552.415756
52,144,1,4837,638.864800,134960.056270
52,144,1,4838,-468.734829,133792.354480
52,144,1,4839,74.446649,135631.884697
52,144,1,4840,-368.015483,135104.019504
52,144,1,4841,623.032651,133856.338140
52,144,1,4842,294.199595,132912.579159
52,144,1,4843,-169.499210,134896.072610
52,144,1,4844,-339.968193,133168.513798
52,144,1,4845,394.724153,131936.828348
52,144,1,4846,87.373293,135471.925548
52,144,1,4847,-104.027347,132992.558733
52,144,1,4848,243.009735,134144.264608
52,144,1,4849,53.659045,132464.693541
52,144,1,4850,440.865242,135759.852017
52,144,1,4851,-323.297401,133168.513798
52,144,1,4852,-148.584465,134080.280949
52,144,1,4853,-526.718395,136015.786656
52,144,1,4854,-98.411124,133232.497457
52,144,1,4855,-50.592749,134848.084865
52,144,1,4856,-1.613803,133664.387161
52,144,1,4857,-286.550508,133456.440266
52,144,1,4858,-438.976429,132784.611839
52,144,1,4859,32.583337,134128.268694
52,144,1,4860,-285.872828,133200.505628
52,144,1,4861,-232.938034,136031.782570
52,144,1,4862,170.710343,133904.325885
52,144,1,4863,-107.593620,133552.415756
52,144,1,4864,368.582761,137087.512956
52,144,1,4865,-22.206620,132784.611839
52,144,1,4866,-498.848980,133360.464777
52,144,1,4867,-537.095285,135999.790741
52,144,1,4868,372.293086,134112.272779
52,144,1,4869,-666.056708,134336.215588
52,144,1,4870,381.153654,135487.921463
52,144,1,4871,-535.595874,133072.538308
52,144,1,4872,-38.504749,135791.843846
52,144,1,4873,113.726385,134176.256438
52,144,1,4874,-54.497862,135535.909208
52,144,1,4875,-356.122270,133760.362650
52,144,1,4876,-546.811407,134160.260523
52,144,1,4877,45.509981,133968.309544
52,144,1,4878,-39.377216,133760.362650
52,144,1,4879,-100.783002,134128.268694
52,144,1,4880,-1.596891,135231.986824
52,144,1,4881,-553.782989,134432.191077
52,144,1,4882,750.960643,134336.215588
52,144,1,4883,-305.771054,133632.395331
52,144,1,4884,-122.570213,132912.579159
52,144,1,4885,-98.894016,135775.847932
52,144,1,4886,412.767216,132992.558733
52,144,1,4887,-299.993867,133024.550563
52,144,1,4888,1.969381,134672.129801
52,144,1,4889,-519.424885,134048.289119
52,144,1,4890,496.476929,134432.191077
52,144,1,4891,-77.657344,133264.489287
52,144,1,4892,182.781432,133280.485202
52,144,1,4893,423.338894,135295.970484
52,144,1,4894,-454.258038,135407.941888
52,144,1,4895,-353.072713,132608.656775
52,144,1,4896,3.646668,132464.693541
52,144,1,4897,-127.991649,134960.056270
52,144,1,4898,495.282535,134096.276864
52,144,1,4899,-33.083314,133744.366735
52,144,1,4900,-74.590875,133680.383075
52,144,1,4901,346.778638,134304.223758
52,144,1,4902,790.596129,134320.219673
52,144,1,4903,-194.191926,132416.705796
52,144,1,4904,-773.747634,133296.481117
52,144,1,4905,883.810266,133744.366735
52,144,1,4906,366.177060,134848.084865
52,144,1,4907,504.820782,135215.990909
52,144,1,4908,434.715392,133360.464777
52,144,1,4909,763.192695,132864.591414
52,144,1,4910,461.957862,135663.876527
52,144,1,4911,-160.655554,134704.121631
52,144,1,4912,23.206054,132160.771157
52,144,1,4913,292.505397,133552.415756
52,144,1,4914,-9.796691,132032.803837
52,144,1,4915,-534.740319,133536.419841
52,144,1,4916,639.686531,132288.738476
52,144,1,4917,63.197292,133584.407586
52,144,1,4918,288.261445,134368.207418
52,144,1,4919,-604.650921,133968.309544
52,144,1,4920,658.940901,135247.982739
52,144,1,4921,-141.968635,132368.718051
52,144,1,4922,105.382533,133392.456607
52,144,1,4923,-52.303860,133920.321799
52,144,1,4924,-400.857264,134128.268694
52,144,1,4925,-485.727549,135487.921463
52,144,1,4926,152.845156,133568.411671
52,144,1,4927,258.664009,134528.166567
52,144,1,4928,-895.381724,132800.607754
52,144,1,4929,-61.842106,132800.607754
52,144,1,4930,-958.642673,134656.133886
52,144,1,4931,-385.541831,134640.137971
52,144,1,4932,59.114304,133552.415756
52,144,1,4933,-107.254780,133424.448437
52,144,1,4934,54.692476,133648.391246
52,144,1,4935,-344.889825,134240.240098
52,144,1,4936,-219.511587,134896.072610
52,144,1,4937,438.298576,134368.207418
52,144,1,4938,79.690209,132864.591414
52,144,1,4939,434.554428,134208.248268
52,144,1,4940,781.591510,135359.954143
52,144,1,4941,-259.646877,135887.819336
52,144,1,4942,-462.601891,134624.142056
52,144,1,4943,498.332092,132944.570989
52,144,1,4944,831.070260,133200.505627
52,144,1,4945,620.499809,135599.892867
52,144,1,4946,-857.084684,134864.080780
52,144,1,4947,99.944186,133872.334055
52,144,1,4948,373.165553,136143.753975
52,144,1,4949,300.171570,134592.150227
52,144,1,4950,274.479246,134064.285034
52,144,1,4951,98.766703,135104.019504
52,144,1,4952,206.262842,133856.338140
52,144,1,4953,-43.782132,135423.937803
52,144,1,4954,27.305954,133760.362650
52,144,1,4955,-343.517554,135295.970484
52,144,1,4956,-181.231459,135391.945973
52,144,1,4957,273.784655,132752.620009
52,144,1,4958,-29.855881,133312.477032
52,144,1,4959,297.799692,135487.921463
52,144,1,4960,-23.206227,134736.113461
52,144,1,4961,-206.246103,134608.146142
52,144,1,4962,-11.990693,133648.391246
52,144,1,4963,-188.914543,132784.611839
52,144,1,4964,-290.133692,132448.697626
52,144,1,4965,-227.338723,134704.121631
52,144,1,4966,192.319679,134400.199247
52,144,1,4967,-37.505141,133840.342225
52,144,1,4968,-105.721545,133632.395331
52,144,1,4969,307.304115,133472.436181
52,144,1,4970,-258.647270,133936.317714
52,144,1,4971,428.438401,134944.060355
52,144,1,4972,169.177109,133696.378990
52,144,1,4973,-482.872779,132048.799752
52,144,1,4974,-107.415744,134272.231928
52,144,1,4975,-114.065397,132848.595499
52,144,1,4976,-18.284595,133664.387161
52,144,1,4977,-342.856787,133472.436181
52,144,1,4978,-595.290550,134368.207418
52,144,1,4979,63.536132,133456.440266
52,144,1,4980,-182.264890,134208.248268
52,144,1,4981,247.448475,135615.888782
52,144,1,4982,255.758503,133264.489287
52,144,1,4983,609.072576,132832.599584
52,144,1,4984,-252.853171,134896.072610
52,144,1,4985,-447.803172,134544.162482
52,144,1,4986,-514.664218,133824.346310
52,144,1,4987,101.816260,133952.313629
52,144,1,4988,-466.684879,134592.150227
52,144,1,4989,454.630529,134496.174737
52,144,1,4990,91.778209,133808.350395
52,144,1,4991,88.050973,135215.990909
52,144,1,4992,-72.879764,134608.146142
52,144,1,4993,-301.671154,135231.986824
52,144,1,4994,-426.176925,136607.635508
52,144,1,4995,-1173.829739,134864.080780
52,144,1,4996,-610.445020,133008.554648
52,144,1,4997,403.940472,134752.109376
52,144,1,4998,-10.457459,133856.338140
52,144,1,4999,-357.460717,135839.831591
50,67,1,0,-127.669721,133264.489287
50,67,1,1,521.991378,134240.240098
50,67,1,2,-285.356113,133792.354480
50,67,1,3,-72.024209,135072.027675
50,67,1,4,297.427028,132480.689456
50,67,1,5,34.633287,134928.064440
50,67,1,6,185.881725,136831.578317
50,67,1,7,219.367362,134416.195162
50,67,1,8,179.037283,133120.526053
50,67,1,9,313.581105,131888.840603
50,67,1,10,163.721850,132608.656775
50,67,1,11,118.343000,136367.696784
50,67,1,12,-353.055801,134176.256438
50,67,1,13,416.011561,134128.268694
50,67,1,14,-574.875609,134528.166567
50,67,1,15,-640.703223,134992.048100
50,67,1,16,-712.163972,133648.391246
50,67,1,17,310.387496,135455.929633
50,67,1,18,-80.884777,133696.378990
50,67,1,19,114.581940,134640.137971
50,67,1,20,-376.876051,133728.370820
50,67,1,21,356.638813,133728.370820
50,67,1,22,276.012480,134272.231928
50,67,1,23,-334.851774,134384.203332
50,67,1,24,393.885510,133040.546478
50,67,1,25,790.257290,134448.186992
50,67,1,26,17.073116,131328.983580
50,67,1,27,17.801531,135775.847932
50,67,1,28,365.999184,134128.268694
50,67,1,29,-354.927876,134096.276864
50,67,1,30,-317.181375,132432.701711
50,67,1,31,60.825414,134480.178822
50,67,1,32,-95.844459,134624.142056
50,67,1,33,370.937727,134624.142056
50,67,1,34,368.032222,133360.464777
50,67,1,35,-59.597369,135887.819336
50,67,1,36,-87.178679,133712.374905
50,67,1,37,-1448.567429,133952.313629
50,67,1,38,411.428769,135072.027675
50,67,1,39,152.345352,134544.162482
50,67,1,40,-708.758663,133936.317714
50,67,1,41,-519.585849,134896.072610
50,67,1,42,-116.081524,135183.999079
50,67,1,43,-160.299802,136143.753975
50,67,1,44,-849.791175,132896.583244
50,67,1,45,-764.048424,133568.411671
50,67,1,46,-138.046611,133248.493372
50,67,1,47,-57.403367,134272.231928
50,67,1,48,-119.308957,135615.888782
50,67,1,49,474.028950,135040.035845
50,67,1,50,365.838220,134976.052185
50,67,1,51,5.552566,135679.872442
50,67,1,52,-149.956736,133024.550563
50,67,1,53,-337.740368,134688.125716
50,67,1,54,274.640210,133216.501542
50,67,1,55,936.389309,135136.011334
50,67,1,56,-259.646877,135887.819336
50,67,1,57,-312.564759,134624.142056
50,67,1,58,918.846049,133104.530138
50,67,1,59,-424.160799,134272.231928
50,67,1,60,373.843232,135887.819336
50,67,1,61,500.898757,134336.215588
50,67,1,62,197.774938,135487.921463
50,67,1,63,238.748871,133392.456607
50,67,1,64,325.008338,134656.133886
50,67,1,65,-544.083778,134704.121631
50,67,1,66,18.818050,135391.945973
50,67,1,67,530.479282,132608.656775
50,67,1,68,-116.598239,134592.150227
50,67,1,69,-100.960878,133408.452522
50,67,1,70,-392.530324,133344.468862
50,67,1,71,132.269251,134256.236013
50,67,1,72,-88.017322,134816.093036
50,67,1,73,-506.142490,135327.962313
50,67,1,74,-248.575396,137215.480275
50,67,1,75,263.763516,134176.256438
50,67,1,76,106.771715,136015.786656
50,67,1,77,321.941869,134240.240098
50,67,1,78,-76.301985,132752.620009
50,67,1,79,-159.478071,133472.436181
50,67,1,80,-6.179683,136175.745805
50,67,1,81,-512.453304,133776.358565
50,67,1,82,145.551647,135535.909208
50,67,1,83,365.838220,134976.052185
50,67,1,84,59.808895,134864.080780
50,67,1,85,-227.372547,131568.922304
50,67,1,86,-242.315317,134064.285034
50,67,1,87,39.554918,133856.338140
50,67,1,88,-230.566156,135136.011334
50,67,1,89,-134.963230,135231.986824
50,67,1,90,-462.440927,133776.358565
50,67,1,91,171.210147,132928.575074
50,67,1,92,558.382520,133088.534223
50,67,1,93,106.737891,132880.587329
50,67,1,94,344.923476,135791.843846
50,67,1,95,-33.066402,135311.966399
50,67,1,96,292.344433,134400.199247
50,67,1,97,346.100959,134560.158397
50,67,1,98,-544.244742,135551.905122
50,67,1,99,696.170686,132992.558733
50,67,1,100,-547.666963,133696.378990
50,67,1,101,166.127551,134848.084865
50,67,1,102,-75.429518,134784.101206
50,67,1,103,-336.046169,134048.289119
50,67,1,104,190.286641,135168.003164
50,67,1,105,-459.747121,131185.020346
50,67,1,106,214.767658,133792.354480
50,67,1,107,-452.047125,135359.954143
50,67,1,108,-120.520263,133712.374905
50,67,1,109,-627.793491,133264.489287
50,67,1,110,-117.775722,135823.835676
50,67,1,111,18.140370,135647.880612
50,67,1,112,-79.690382,134032.293204
50,67,1,113,-209.134696,134912.068525
50,67,1,114,698.398512,134512.170652
50,67,1,115,82.773590,134848.084865
50,67,1,116,-49.915070,134592.150227
50,67,1,117,98.927667,134256.236013
50,67,1,118,786.013338,135263.978654
50,67,1,119,-72.557836,132912.579159
50,67,1,120,-693.087478,135887.819336
50,67,1,121,-489.132858,135199.994994
50,67,1,122,351.039502,135056.031760
50,67,1,123,-17.234253,136415.684529
50,67,1,124,-903.869628,134432.191077
50,67,1,125,-498.654193,135647.880612
50,67,1,126,272.801959,136271.721294
50,67,1,127,109.465521,133424.448437
50,67,1,128,-736.484025,134176.256438
50,67,1,129,-671.334091,133968.309544
50,67,1,130,-652.113545,133792.354480
50,67,1,131,-905.724791,135919.811166
50,67,1,132,-13.007212,134032.293204
50,67,1,133,107.432483,134192.252353
50,67,1,134,-250.481294,134000.301374
50,67,1,135,-258.630358,135503.917378
50,67,1,136,-108.610139,133936.317714
50,67,1,137,491.538386,133936.317714
50,67,1,138,347.795157,133920.321799
50,67,1,139,-263.424849,132592.660860
50,67,1,140,-511.419873,134960.056270
50,67,1,141,-374.665137,133680.383075
50,67,1,142,-679.677943,133184.509713
50,67,1,143,198.613581,134384.203332
50,67,1,144,126.830904,134736.113461
50,67,1,145,413.106056,132864.591414
50,67,1,146,-289.777941,133888.329970
50,67,1,147,410.573214,134608.146142
50,67,1,148,2.647061,134416.195162
50,67,1,149,-668.623373,132944.570989
50,67,1,150,-61.147515,134112.272779
50,67,1,151,143.484785,133168.513798
50,67,1,152,161.333060,131936.828348
50,67,1,153,218.333931,133232.497457
50,67,1,154,263.424676,134304.223758
50,67,1,155,-22.689511,135327.962313
50,67,1,156,-68.779864,136207.737635
50,67,1,157,-904.030592,135279.974569
50,67,1,158,-792.773393,135759.852017
50,67,1,159,-99.783395,132176.767072
50,67,1,160,1121.962027,133520.423926
50,67,1,161,943.521854,134016.297289
50,67,1,162,177.165209,133040.546478
50,67,1,163,94.488927,132784.611839
50,67,1,164,550.911134,134336.215588
50,67,1,165,91.100530,134064.285034
50,67,1,166,-273.945792,134992.048100
50,67,1,167,-715.230441,133232.497457
50,67,1,168,-298.265845,135519.913293
50,67,1,169,122.392165,133264.489287
50,67,1,170,-84.612013,135104.019504
50,67,1,171,22.384322,134832.088951
50,67,1,172,-62.680750,133904.325885
50,67,1,173,-47.865120,135391.945973
50,67,1,174,-94.827940,134240.240098
50,67,1,175,58.775464,133680.383075
50,67,1,176,-200.790844,135695.868357
50,67,1,177,-82.062260,134928.064440
50,67,1,178,418.061511,134928.064440
50,67,1,179,553.977603,134752.109376
50,67,1,180,495.960214,133840.342225
50,67,1,181,-278.562407,132800.607754
50,67,1,182,-387.591781,133840.342225
50,67,1,183,270.235294,134880.076695
50,67,1,184,-224.450130,134400.199247
50,67,1,185,969.536106,132848.595499
50,67,1,186,-281.256213,135391.945973
50,67,1,187,-371.937508,134224.244183
50,67,1,188,485.600236,135391.945973
50,67,1,189,-466.168163,135183.999079
50,67,1,190,165.771800,133408.452522
50,67,1,191,-428.421663,133520.423926
50,67,1,192,-193.319459,134448.186992
50,67,1,193,-166.449652,133744.366735
50,67,1,194,719.491132,134416.195162
50,67,1,195,177.715748,136767.594657
50,67,1,196,-682.549624,135056.031760
50,67,1,197,-202.146203,136207.737635
50,67,1,198,-6.213507,133040.546478
50,67,1,199,-6.374471,133888.329970
50,67,1,200,42.960227,134144.264608
50,67,1,201,265.135786,135231.986824
50,67,1,202,-5.163164,135791.843846
50,67,1,203,115.598459,134256.236013
50,67,1,204,122.070237,134960.056270
50,67,1,205,-97.733445,132976.562818
50,67,1,206,-73.896283,134992.048100
50,67,1,207,327.380216,133760.362650
50,67,1,208,63.891883,134896.072610
50,67,1,209,192.141803,133680.383075
50,67,1,210,67.813908,135775.847932
50,67,1,211,-26.789411,133728.370820
50,67,1,212,-300.832510,134128.268694
50,67,1,213,91.261494,133216.501542
50,67,1,214,-62.003070,133648.391246
50,67,1,215,442.203688,133680.383075
50,67,1,216,-372.276347,134352.211503
50,67,1,217,167.999626,134928.064440
50,67,1,218,-439.315268,132912.579159
50,67,1,219,-760.465239,134576.154312
50,67,1,220,-149.939824,134592.150227
50,67,1,221,-503.787524,132864.591414
50,67,1,222,-55.675345,136767.594657
50,67,1,223,213.429211,135871.823421
50,67,1,224,518.425105,134800.097121
50,67,1,225,291.666754,134656.133886
50,67,1,226,-147.745822,132976.562818
50,67,1,227,585.091362,133232.497457
50,67,1,228,-333.157576,133744.366735
50,67,1,229,-222.239216,134352.211503
50,67,1,230,-457.841223,134400.199247
50,67,1,231,-1016.321223,133616.399416
50,67,1,232,51.465043,134080.280949
50,67,1,233,-260.180504,133728.370820
50,67,1,234,-145.856836,134624.142056
50,67,1,235,-222.594968,132912.579159
50,67,1,236,-268.507445,134512.170652
50,67,1,237,-57.225491,134992.048100
50,67,1,238,-215.945314,134336.215588
50,67,1,239,-106.738064,134016.297289
50,67,1,240,-5.518915,134352.211503
50,67,1,241,220.222917,134880.076695
50,67,1,242,953.559905,134160.260523
50,67,1,243,-416.316750,136031.782570
50,67,1,244,167.305034,133616.399416
50,67,1,245,-421.966796,132656.644520
50,67,1,246,147.567773,133200.505627
50,67,1,247,361.916196,134096.276864
50,67,1,248,233.471488,133024.550563
50,67,1,249,127.491672,132912.579159
50,67,1,250,282.145419,135104.019504
50,67,1,251,499.187647,133408.452522
50,67,1,252,524.719007,134784.101206
50,67,1,253,372.970765,133856.338140
50,67,1,254,477.595223,134480.178822
50,67,1,255,-652.613348,134768.105291
50,67,1,256,36.505361,135008.044015
50,67,1,257,-566.031953,134336.215588
50,67,1,258,-451.047517,133408.452522
50,67,1,259,573.037186,135423.937803
50,67,1,260,239.943266,133728.370820
50,67,1,261,-23.384103,134016.297289
50,67,1,262,188.236691,134368.207418
50,67,1,263,206.262842,133856.338140
50,67,1,264,348.133997,133792.354480
50,67,1,265,-213.895364,135136.011334
50,67,1,266,199.486048,136415.684529
50,67,1,267,323.974907,133472.436181
50,67,1,268,71.202305,134496.174737
50,67,1,269,-207.440498,134272.231928
50,67,1,270,-520.085653,135871.823421
50,67,1,271,-420.916454,135407.941888
50,67,1,272,297.122012,135743.856102
50,67,1,273,617.933144,134208.248268
50,67,1,274,-185.331359,133792.354480
50,67,1,275,-55.192453,134224.244183
50,67,1,276,231.116522,135487.921463
50,67,1,277,292.005593,134528.166567
50,67,1,278,322.958388,133856.338140
50,67,1,279,-360.366222,134576.154312
50,67,1,280,79.385193,136127.758060
50,67,1,281,-92.117222,133216.501542
50,67,1,282,136.335328,132720.628180
50,67,1,283,-87.517518,133840.342225
50,67,1,284,-452.902680,134896.072610
50,67,1,285,-257.452875,134272.231928
50,67,1,286,137.368759,133904.325885
50,67,1,287,-792.629341,133344.468862
50,67,1,288,-321.764167,133376.460692
50,67,1,289,750.799679,135183.999079
50,67,1,290,409.539783,133424.448437
50,67,1,291,545.311824,135663.876527
50,67,1,292,602.473658,136111.762145
50,67,1,293,483.533374,133024.550563
50,67,1,294,-506.481329,135455.929633
50,67,1,295,-532.724192,131201.016261
50,67,1,296,173.954688,135040.035845
50,67,1,297,-249.109023,135056.031760
50,67,1,298,22.045483,134960.056270
50,67,1,299,327.719056,133632.395331
50,67,1,300,-154.022812,134560.158397
50,67,1,301,-425.338282,135503.917378
50,67,1,302,-288.939297,132784.611839
50,67,1,303,-335.690418,135487.921463
50,67,1,304,254.420057,135343.958228
50,67,1,305,-346.084220,133904.325885
50,67,1,306,72.718627,133136.521968
50,67,1,307,8.102320,135503.917378
50,67,1,308,586.124793,134416.195162
50,67,1,309,120.858930,133056.542393
50,67,1,310,78.334850,133376.460692
50,67,1,311,186.186741,133568.411671
50,67,1,312,252.031267,134672.129801
50,67,1,313,375.164768,132240.750732
50,67,1,314,510.259128,134736.113461
50,67,1,315,70.168874,133312.477032
50,67,1,316,-178.004026,134960.056270
50,67,1,317,-148.423501,133232.497457
50,67,1,318,-86.128336,136463.672274
50,67,1,319,68.652551,134672.129801
50,67,1,320,229.405412,134560.158397
50,67,1,321,120.714878,135471.925548
50,67,1,322,322.975300,135423.937803
50,67,1,323,343.390241,135583.896952
50,67,1,324,585.946918,133696.378990
50,67,1,325,332.818563,133280.485202
50,67,1,326,-23.028351,135455.929633
50,67,1,327,-442.542701,133344.468862
50,67,1,328,-407.506918,132704.632265
50,67,1,329,-591.546402,134528.166567
50,67,1,330,84.128948,134336.215588
50,67,1,331,121.731397,135088.023589
50,67,1,332,-226.127417,136607.635508
50,67,1,333,-25.755981,134912.068525
50,67,1,334,-42.604649,134192.252353
50,67,1,335,-53.998058,134560.158397
50,67,1,336,188.236691,134368.207418
50,67,1,337,-248.092504,134672.129801
50,67,1,338,-104.544062,132400.709881
50,67,1,339,72.040948,133392.456607
50,67,1,340,546.455483,131296.991751
50,67,1,341,10.829949,136047.778485
50,67,1,342,-8.229633,135375.950058
50,67,1,343,214.428818,133920.321799
50,67,1,344,-171.032444,134688.125716
50,67,1,345,245.076597,136511.660018
50,67,1,346,-268.668409,135359.954143
50,67,1,347,239.782302,134576.154312
50,67,1,348,120.731790,137039.525211
50,67,1,349,-104.527151,133968.309544
50,67,1,350,-449.853122,133744.366735
50,67,1,351,359.527406,133424.448437
50,67,1,352,-571.131461,134688.125716
50,67,1,353,-223.433611,134016.297289
50,67,1,354,-256.258480,134608.146142
50,67,1,355,-133.963623,133280.485202
50,67,1,356,-393.851859,136991.537466
50,67,1,357,-77.140628,133856.338140
50,67,1,358,-138.724290,133504.428011
50,67,1,359,402.585113,135263.978654
50,67,1,360,544.456268,135199.994994
50,67,1,361,325.186214,135375.950058
50,67,1,362,141.079083,130929.085707
50,67,1,363,473.173395,134576.154312
50,67,1,364,-386.736226,134304.223758
50,67,1,365,-532.512493,135056.031760
50,67,1,366,186.864420,133312.477032
50,67,1,367,-181.926050,134080.280949
50,67,1,368,478.289814,135791.843846
50,67,1,369,-261.696827,135088.023589
50,67,1,370,-143.146118,133600.403501
50,67,1,371,716.263699,134848.084865
50,67,1,372,419.433782,135983.794826
50,67,1,373,-50.092946,133872.334055
50,67,1,374,259.341688,134272.231928
50,67,1,375,621.872080,136655.623253
50,67,1,376,-162.866468,134752.109376
50,67,1,377,250.320157,133744.366735
50,67,1,378,-991.628506,136095.766230
50,67,1,379,277.528803,132912.579159
50,67,1,380,39.199167,132416.705796
50,67,1,381,842.480581,134400.199247
50,67,1,382,-318.197894,132816.603669
50,67,1,383,59.131216,135120.015419
50,67,1,384,81.579195,134512.170652
50,67,1,385,607.573165,135759.852017
50,67,1,386,344.228884,134480.178822
50,67,1,387,64.213811,133200.505627
50,67,1,388,-493.554686,135295.970484
50,67,1,389,-185.848074,133200.505627
50,67,1,390,-131.574833,133952.313629
50,67,1,391,79.868084,133584.407586
50,67,1,392,-60.147908,132160.771157
50,67,1,393,-506.998045,134864.080780
50,67,1,394,-256.775196,134016.297289
50,67,1,395,72.362876,131696.889624
50,67,1,396,-235.326824,135359.954143
50,67,1,397,489.666312,133856.338140
50,67,1,398,-246.737145,134160.260523
50,67,1,399,677.483768,135327.962313
50,67,1,400,-290.294656,133296.481117
50,67,1,401,222.094991,134960.056270
50,67,1,402,-52.981539,134176.256438
50,67,1,403,348.167820,136927.553807
50,67,1,404,391.869384,135375.950058
50,67,1,405,-86.500999,133456.440266
50,67,1,406,-716.069085,134336.215588
50,67,1,407,-50.787537,132560.669030
50,67,1,408,-32.244670,132640.648605
50,67,1,409,510.936808,134480.178822
50,67,1,410,-56.564723,133168.513798
50,67,1,411,-80.384973,132720.628180
50,67,1,412,107.093643,134320.219673
50,67,1,413,272.785047,134704.121631
50,67,1,414,-532.690369,134336.215588
50,67,1,415,-950.654573,134000.301374
50,67,1,416,-13.007212,134032.293204
50,67,1,417,451.564060,134080.280949
50,67,1,418,-203.179634,135024.039930
50,67,1,419,80.884604,133200.505627
50,67,1,420,585.447114,134672.129801
50,67,1,421,-225.127809,134656.133886
50,67,1,422,386.075285,134416.195162
50,67,1,423,-308.159843,132960.566904
50,67,1,424,15.056989,133664.387161
50,67,1,425,175.115259,132240.750732
50,67,1,426,-232.099391,134928.064440
50,67,1,427,675.255942,133808.350395
50,67,1,428,-51.465216,132816.603669
50,67,1,429,231.616326,134512.170652
50,67,1,430,485.244484,133952.313629
50,67,1,431,90.439762,135887.819336
50,67,1,432,384.558962,135775.847932
50,67,1,433,341.340291,134784.101206
50,67,1,434,-169.677085,134176.256438
50,67,1,435,348.506660,136799.586487
50,67,1,436,-28.127858,135807.839761
50,67,1,437,208.795684,132112.783412
50,67,1,438,42.604476,132704.632265
50,67,1,439,659.262829,133552.415756
50,67,1,440,-182.425854,135056.031760
50,67,1,441,151.845549,135519.913293
50,67,1,442,-82.079172,133360.464777
50,67,1,443,-548.878269,131792.865114
50,67,1,444,-38.199733,132528.677200
50,67,1,445,-0.063657,135439.933718
50,67,1,446,-232.954946,134464.182907
50,67,1,447,-405.279092,134224.244183
50,67,1,448,276.351320,134144.264608
50,67,1,449,-49.898158,136159.749890
50,67,1,450,-648.369396,133952.313629
50,67,1,451,-298.282757,133952.313629
50,67,1,452,345.067528,133376.460692
50,67,1,453,-187.025557,134432.191077
50,67,1,454,-110.660089,133136.521968
50,67,1,455,-512.953107,134752.109376
50,67,1,456,-75.768358,134912.068525
50,67,1,457,2.130345,133824.346310
50,67,1,458,142.646142,134272.231928
50,67,1,459,-235.843539,134768.105291
50,67,1,460,-51.965020,133792.354480
50,67,1,461,226.000103,134272.231928
50,67,1,462,-16.912325,134720.117546
50,67,1,463,42.604476,132704.632265
50,67,1,464,-430.454701,134288.227843
50,67,1,465,764.404002,134768.105291
50,67,1,466,-219.011783,133920.321799
50,67,1,467,-58.064134,136095.766230
50,67,1,468,-402.034747,135359.954143
50,67,1,469,-450.530802,134000.301374
50,67,1,470,660.313172,136303.713124
50,67,1,471,-813.010458,136319.709039
50,67,1,472,515.858439,133408.452522
50,67,1,473,-691.588067,132960.566904
50,67,1,474,1276.260022,134272.231928
50,67,1,475,285.178064,132384.713966
50,67,1,476,-10.296495,133008.554648
50,67,1,477,-299.638115,134464.182907
50,67,1,478,211.201385,134352.211503
50,67,1,479,-685.793969,133920.321799
50,67,1,480,67.424332,131201.016261
50,67,1,481,205.924002,133984.305459
50,67,1,482,-213.734400,134288.227843
50,67,1,483,-565.354274,134080.280949
50,67,1,484,-188.397828,133376.460692
50,67,1,485,104.543889,134496.174737
50,67,1,486,-216.123190,133616.399416
50,67,1,487,156.250465,133856.338140
50,67,1,488,785.835462,134544.162482
50,67,1,489,288.422409,133520.423926
50,67,1,490,-933.628029,135439.933718
50,67,1,491,-314.242046,136831.578317
50,67,1,492,-177.326346,134704.121631
50,67,1,493,-8.746348,134784.101206
50,67,1,494,-358.155309,134528.166567
50,67,1,495,-108.110335,132960.566904
50,67,1,496,-364.288247,133696.378990
50,67,1,497,411.928573,134096.276864
50,67,1,498,171.066095,135343.958228
50,67,1,499,-478.095200,133392.456607
50,67,1,500,517.586461,135903.815251
50,67,1,501,90.566903,131904.836518
50,67,1,502,-137.868735,133968.309544
50,67,1,503,-354.589036,133968.309544
50,67,1,504,225.822228,133552.415756
50,67,1,505,80.901515,134768.105291
50,67,1,506,-90.406112,134144.264608
50,67,1,507,75.607221,132832.599584
50,67,1,508,-174.615629,133680.383075
50,67,1,509,464.829543,133792.354480
50,67,1,510,289.616804,133856.338140
50,67,1,511,-416.672502,134592.150227
50,67,1,512,-595.790354,135343.958228
50,67,1,513,370.421012,134032.293204
50,67,1,514,322.458585,134832.088951
50,67,1,515,-216.445118,135311.966399
50,67,1,516,681.549844,133792.354480
50,67,1,517,-59.436405,135040.035845
50,67,1,518,-88.017322,134816.093036
50,67,1,519,-240.782083,134272.231928
50,67,1,520,538.484294,133520.423926
50,67,1,521,823.759838,133600.403501
50,67,1,522,-325.686191,132496.685371
50,67,1,523,-280.756409,134416.195162
50,67,1,524,173.954688,135040.035845
50,67,1,525,-186.508842,135024.039930
50,67,1,526,-181.231459,135391.945973
50,67,1,527,-152.684365,132480.689456
50,67,1,528,321.958781,135807.839761
50,67,1,529,-511.258909,134112.272779
50,67,1,530,55.886871,133984.305459
50,67,1,531,-814.221765,134416.195162
50,67,1,532,346.100959,134560.158397
50,67,1,533,824.454430,134912.068525
50,67,1,534,151.972689,131536.930475
50,67,1,535,-150.278664,134720.117546
50,67,1,536,-109.965497,134448.186992
50,67,1,537,241.654377,134656.133886
50,67,1,538,562.821259,134560.158397
50,67,1,539,-557.188298,134144.264608
50,67,1,540,156.767180,134448.186992
50,67,1,541,-220.206178,133584.407586
50,67,1,542,86.339862,134288.227843
50,67,1,543,12.685111,134560.158397
50,67,1,544,-511.081033,134832.088951
50,67,1,545,-319.214413,133200.505628
50,67,1,546,269.218775,135263.978654
50,67,1,547,-556.510618,133888.329970
50,67,1,548,326.541573,134864.080780
50,67,1,549,-60.808676,133984.305459
50,67,1,550,128.186263,134224.244183
50,67,1,551,-30.516648,135136.011334
50,67,1,552,-627.615616,133984.305459
50,67,1,553,532.190392,133536.419841
50,67,1,554,229.405412,134560.158397
50,67,1,555,-341.645480,135375.950058
50,67,1,556,84.128948,134336.215588
50,67,1,557,-57.759118,132832.599584
50,67,1,558,331.802044,133664.387161
50,67,1,559,-80.867865,135263.978654
50,67,1,560,111.676435,133376.460692
50,67,1,561,-549.877877,133744.366735
50,67,1,562,-347.956294,133824.346310
50,67,1,563,-74.412999,134400.199247
50,67,1,564,249.981317,133872.334055
50,67,1,565,-449.853122,133744.366735
50,67,1,566,156.250465,133856.338140
50,67,1,567,-448.480852,134800.097121
50,67,1,568,-447.820084,132976.562818
50,67,1,569,387.235856,131616.910049
50,67,1,570,-394.902202,134240.240098
50,67,1,571,350.700662,135183.999079
50,67,1,572,330.624561,134896.072610
50,67,1,573,339.468217,134704.121631
50,67,1,574,-269.701840,134176.256438
50,67,1,575,-160.994394,134832.088951
50,67,1,576,-248.770183,134928.064440
50,67,1,577,245.559489,133968.309544
50,67,1,578,95.861197,133840.342225
50,67,1,579,-303.382264,134304.223758
50,67,1,580,-85.645444,133920.321799
50,67,1,581,-330.091107,134160.260523
50,67,1,582,601.101387,135056.031760
50,67,1,583,420.077637,132592.660860
50,67,1,584,243.026647,135711.864272
50,67,1,585,-201.324472,133536.419841
50,67,1,586,403.084917,134288.227843
50,67,1,587,124.281151,134912.068525
50,67,1,588,-12.651461,135471.925548
50,67,1,589,-620.305194,133584.407586
50,67,1,590,107.093643,134320.219673
50,67,1,591,202.340818,132976.562818
50,67,1,592,-81.901296,134080.280949
50,67,1,593,398.324250,134512.170652
50,67,1,594,-83.773370,134000.301374
50,67,1,595,191.802963,133808.350395
50,67,1,596,-46.170921,134752.109376
50,67,1,597,-496.621155,134880.076695
50,67,1,598,288.439321,135088.023589
50,67,1,599,-195.191533,134368.207418
50,67,1,600,667.606681,134336.215588
50,67,1,601,319.730955,134288.227843
50,67,1,602,150.634242,133616.399416
50,67,1,603,37.682844,133776.358565
50,67,1,604,0.097307,134592.150227
50,67,1,605,-109.643570,132752.620009
50,67,1,606,470.090014,132592.660860
50,67,1,607,-737.678420,133840.342225
50,67,1,608,-74.929714,133808.350395
50,67,1,609,-664.006758,135136.011334
50,67,1,610,-41.071414,134400.199247
50,67,1,611,18.818050,135391.945973
50,67,1,612,177.681925,133632.395331
50,67,1,613,-686.471648,134176.256438
50,67,1,614,8.424248,133808.350395
50,67,1,615,-694.993376,132672.640435
50,67,1,616,-637.314827,133712.374905
50,67,1,617,-135.302070,135359.954143
50,67,1,618,-347.439579,134416.195162
50,67,1,619,-276.834385,135295.970484
50,67,1,620,-313.242439,134880.076695
50,67,1,621,-150.778467,135695.868357
50,67,1,622,18.462298,133952.313629
50,67,1,623,-89.711521,135455.929633
50,67,1,624,-744.472126,134832.088951
50,67,1,625,347.456317,134048.289119
50,67,1,626,269.040899,134544.162482
50,67,1,627,-65.408379,133360.464777
50,67,1,628,-463.118606,134032.293204
50,67,1,629,-169.516121,133328.472947
50,67,1,630,-367.159928,135567.901037
50,67,1,631,99.427470,133280.485202
50,67,1,632,-485.405621,133792.354480
50,67,1,633,186.364616,134288.227843
50,67,1,634,-33.777905,132432.701711
50,67,1,635,-943.327240,135168.003164
50,67,1,636,-35.311139,132224.754817
50,67,1,637,-417.206129,132432.701711
50,67,1,638,-501.559698,134384.203332
50,67,1,639,499.721274,135567.901037
50,67,1,640,-121.197943,133968.309544
50,67,1,641,1106.163701,135551.905122
50,67,1,642,221.400400,133648.391246
50,67,1,643,-118.114562,135951.802996
50,67,1,644,673.222904,134576.154312
50,67,1,645,645.658506,133968.309544
50,67,1,646,-23.401014,132448.697626
50,67,1,647,107.771322,134064.285034
50,67,1,648,645.319666,134096.276864
50,67,1,649,98.072111,133792.354480
50,67,1,650,-45.993046,135471.925548
50,67,1,651,-381.975558,134080.280949
50,67,1,652,248.126154,135359.954143
50,67,1,653,-41.571218,135375.950058
50,67,1,654,472.139964,133392.456607
50,67,1,655,-264.763296,134672.129801
50,67,1,656,-267.168998,132432.701711
50,67,1,657,-173.065482,135455.929633
50,67,1,658,-351.522567,134384.203332
50,67,1,659,-447.464333,134416.195162
50,67,1,660,179.892839,133584.407586
50,67,1,661,164.077601,134048.289119
50,67,1,662,-124.425376,134400.199247
50,67,1,663,230.066180,132736.624094
50,67,1,664,-63.180553,134880.076695
50,67,1,665,37.682844,133776.358565
50,67,1,666,194.869433,134224.244183
50,67,1,667,360.721801,133760.362650
50,67,1,668,-377.553730,133984.305459
50,67,1,669,-555.333135,132656.644520
50,67,1,670,199.130296,134976.052185
50,67,1,671,394.241261,134480.178822
50,67,1,672,438.815292,134960.056270
50,67,1,673,103.866210,134752.109376
50,67,1,674,185.187133,135519.913293
50,67,1,675,105.916160,135551.905122
50,67,1,676,-183.959088,134848.084865
50,67,1,677,-341.984320,135503.917378
50,67,1,678,-149.101181,133488.432096
50,67,1,679,-160.155750,133728.370820
50,67,1,680,153.700711,134032.293204
50,67,1,681,-415.495019,133360.464777
50,67,1,682,-85.645444,133920.321799
50,67,1,683,232.277094,132688.636350
50,67,1,684,629.165589,134688.125716
50,67,1,685,71.702108,133520.423926
50,67,1,686,-173.743162,135711.864272
50,67,1,687,-364.466122,132976.562818
50,67,1,688,49.415093,133280.485202
50,67,1,689,129.880462,133584.407586
50,67,1,690,77.335243,135327.962313
50,67,1,691,292.022505,136095.766230
50,67,1,692,74.446649,135631.884697
50,67,1,693,52.676350,135983.794826
50,67,1,694,-179.359384,135471.925548
50,67,1,695,-347.617454,133696.378990
50,67,1,696,93.989123,133760.362650
50,67,1,697,528.785083,133248.493372
50,67,1,698,43.460031,133168.513798
50,67,1,699,-19.995706,132736.624094
50,67,1,700,-438.442801,134944.060355
50,67,1,701,79.851173,132016.807923
50,67,1,702,-218.156228,134384.203332
50,67,1,703,298.282584,132944.570989
50,67,1,704,29.694743,134432.191077
50,67,1,705,251.692427,134800.097121
50,67,1,706,266.457322,131584.918219
50,67,1,707,492.216066,133680.383075
50,67,1,708,628.809837,133248.493372
50,67,1,709,298.477371,135231.986824
50,67,1,710,-16.073681,133616.399416
50,67,1,711,-108.610139,133936.317714
50,67,1,712,-15.379090,134928.064440
50,67,1,713,-385.719707,133920.321799
50,67,1,714,35.310966,134672.129801
50,67,1,715,359.705282,134144.264608
50,67,1,716,-28.161682,132672.640435
50,67,1,717,-657.213052,134144.264608
50,67,1,718,255.080824,133520.423926
50,67,1,719,-85.111817,136079.770315
50,67,1,720,-138.690467,136639.627338
50,67,1,721,-78.673863,133648.391246
50,67,1,722,-405.956772,134480.178822
50,67,1,723,228.922520,137103.508871
50,67,1,724,-12.990301,135599.892867
50,67,1,725,94.505839,134352.211503
50,67,1,726,328.591523,135663.876527
50,67,1,727,320.069795,134160.260523
50,67,1,728,-239.731740,137023.529296
50,67,1,729,-599.051610,132640.648605
50,67,1,730,-393.191092,135168.003164
50,67,1,731,-577.442275,133136.521968
50,67,1,732,-299.477152,133616.399416
50,67,1,733,14.718150,133792.354480
50,67,1,734,172.404542,133264.489287
50,67,1,735,35.150002,135519.913293
50,67,1,736,65.586082,134256.236013
50,67,1,737,-448.819692,134928.064440
50,67,1,738,-214.412079,134544.162482
50,67,1,739,-306.609697,134736.113461
50,67,1,740,80.384800,134176.256438
50,67,1,741,417.722671,135056.031760
50,67,1,742,-322.103006,133504.428011
50,67,1,743,251.175712,134208.248268
50,67,1,744,-44.493635,132544.673115
50,67,1,745,-537.256249,136847.574232
50,67,1,746,219.172574,132128.779327
50,67,1,747,591.063337,134912.068525
50,67,1,748,-279.401050,133904.325885
50,67,1,749,301.510017,132512.681285
50,67,1,750,-389.624819,134608.146142
50,67,1,751,-195.013658,135088.023589
50,67,1,752,97.055592,134176.256438
50,67,1,753,-57.064527,134144.264608
50,67,1,754,103.705246,135599.892867
50,67,1,755,24.934076,134656.133886
50,67,1,756,726.623678,133296.481117
50,67,1,757,63.375168,134304.223758
50,67,1,758,-595.112674,135088.023589
50,67,1,759,-456.468952,135455.929633
50,67,1,760,-133.269032,134592.150227
50,67,1,761,-791.612822,132960.566904
50,67,1,762,409.039980,134400.199247
50,67,1,763,-8.924224,134064.285034
50,67,1,764,305.093201,133520.423926
50,67,1,765,-197.580323,133696.378990
50,67,1,766,130.913892,134768.105291
50,67,1,767,-235.165860,134512.170652
50,67,1,768,-84.434138,135823.835676
50,67,1,769,230.921735,133200.505627
50,67,1,770,-295.877055,136191.741720
50,67,1,771,641.414553,134784.101206
50,67,1,772,409.539783,133424.448437
50,67,1,773,-405.795808,133632.395331
50,67,1,774,183.298147,133872.334055
50,67,1,775,645.480630,133248.493372
50,67,1,776,-326.541746,132032.803837
50,67,1,777,-338.434959,133376.460692
50,67,1,778,342.534686,135120.015419
50,67,1,779,24.595236,134784.101206
50,67,1,780,-147.068142,132720.628180
50,67,1,781,-516.519380,135311.966399
50,67,1,782,466.362778,134000.301374
50,67,1,783,138.918905,135679.872442
50,67,1,784,300.527321,136031.782570
50,67,1,785,195.047308,134944.060355
50,67,1,786,373.843232,135887.819336
50,67,1,787,-382.314398,134208.248268
50,67,1,788,284.873048,135647.880612
50,67,1,789,511.436612,133504.428011
50,67,1,790,247.787315,135487.921463
50,67,1,791,279.239913,133840.342225
50,67,1,792,322.458585,134832.088951
50,67,1,793,-112.015447,133648.391246
50,67,1,794,1020.581914,134032.293204
50,67,1,795,64.925314,136079.770315
50,67,1,796,164.916245,132944.570989
50,67,1,797,802.506254,134544.162482
50,67,1,798,181.087233,133920.321799
50,67,1,799,-373.648618,133296.481117
50,67,1,800,495.282535,134096.276864
50,67,1,801,-610.766948,134704.121631
50,67,1,802,-180.409727,132720.628180
50,67,1,803,-58.097958,132960.566904
50,67,1,804,-17.767880,134256.236013
50,67,1,805,-372.793063,133760.362650
50,67,1,806,-501.737574,133664.387161
50,67,1,807,368.726813,134672.129801
50,67,1,808,139.062957,133264.489287
50,67,1,809,-169.677085,134176.256438
50,67,1,810,24.934076,134656.133886
50,67,1,811,526.607993,136431.680444
50,67,1,812,-393.885683,133856.338140
50,67,1,813,17.945583,133360.464777
50,67,1,814,732.078936,134384.203332
50,67,1,815,89.245367,135551.905122
50,67,1,816,-571.648176,134096.276864
50,67,1,817,-524.685356,135247.982739
50,67,1,818,-206.085139,133760.362650
50,67,1,819,74.268774,134912.068525
50,67,1,820,143.679572,135455.929633
50,67,1,821,235.521438,133824.346310
50,67,1,822,-728.817853,135215.990909
50,67,1,823,-149.262145,134336.215588
50,67,1,824,-311.870168,135935.807081
50,67,1,825,-28.322646,133520.423926
50,67,1,826,-234.488181,134256.236013
50,67,1,827,-544.744546,136527.655933
50,67,1,828,-234.666056,133536.419841
50,67,1,829,386.930840,134880.076695
50,67,1,830,-137.368932,132992.558733
50,67,1,831,-465.329520,134080.280949
50,67,1,832,-255.419837,133504.428011
50,67,1,833,114.759816,135359.954143
50,67,1,834,-409.006329,135631.884697
50,67,1,835,440.687366,135040.035845
50,67,1,836,-920.540421,134432.191077
50,67,1,837,-427.743983,133264.489287
50,67,1,838,364.304985,134768.105291
50,67,1,839,52.481562,133696.378990
50,67,1,840,-568.225956,135951.802996
50,67,1,841,125.458634,133680.383075
50,67,1,842,-193.997139,134704.121631
50,67,1,843,122.392165,133264.489287
50,67,1,844,69.830034,133440.444351
50,67,1,845,414.300451,133200.505627
50,67,1,846,-147.728910,134544.162482
50,67,1,847,-195.691337,135343.958228
50,67,1,848,235.199511,135519.913293
50,67,1,849,-496.782119,135727.860187
50,67,1,850,479.967101,133584.407586
50,67,1,851,-417.384005,131712.885539
50,67,1,852,494.088140,133760.362650
50,67,1,853,736.000961,135263.978654
50,67,1,854,647.869419,133920.321799
50,67,1,855,552.266493,133824.346310
50,67,1,856,297.782780,133920.321799
50,67,1,857,-304.398783,134688.125716
50,67,1,858,126.136313,133424.448437
50,67,1,859,-150.990167,131840.852858
50,67,1,860,-54.692649,133248.493372
50,67,1,861,-551.927827,132944.570989
50,67,1,862,1.130738,135775.847932
50,67,1,863,360.221997,134736.113461
50,67,1,864,-752.299263,134640.137971
50,67,1,865,164.933157,134512.170652
50,67,1,866,48.915289,134256.236013
50,67,1,867,55.548031,134112.272779
50,67,1,868,-477.561573,135551.905122
50,67,1,869,-719.652269,133328.472947
50,67,1,870,-108.271299,133808.350395
50,67,1,871,-688.860438,133504.428011
50,67,1,872,609.250452,133552.415756
50,67,1,873,110.321076,133888.329970
50,67,1,874,-527.429898,133136.521968
50,67,1,875,-200.130077,133872.334055
50,67,1,876,-117.131867,132432.701711
50,67,1,877,121.731397,135088.023589
50,67,1,878,-7.907705,133680.383075
50,67,1,879,-294.699572,134960.056270
50,67,1,880,-552.249754,134640.137971
50,67,1,881,69.508106,135136.011334
50,67,1,882,807.766725,133344.468862
50,67,1,883,-223.077859,135455.929633
50,67,1,884,-149.279056,132768.615924
50,67,1,885,-60.469836,133856.338140
50,67,1,886,-438.781641,135072.027675
50,67,1,887,-602.279043,133072.538308
50,67,1,888,-286.194756,134896.072610
50,67,1,889,-172.904518,134608.146142
50,67,1,890,128.525103,134096.276864
50,67,1,891,90.956478,136479.668189
50,67,1,892,-430.471613,132720.628180
50,67,1,893,281.467739,135359.954143
50,67,1,894,267.524576,135903.815251
50,67,1,895,-356.605162,136303.713124
50,67,1,896,-523.685749,133296.481117
50,67,1,897,410.734178,133760.362650
50,67,1,898,-481.500509,133104.530138
50,67,1,899,-91.744559,136223.733550
50,67,1,900,-159.461159,135040.035845
50,67,1,901,174.971207,134656.133886
50,67,1,902,124.780954,133936.317714
50,67,1,903,-302.865548,134896.072610
50,67,1,904,171.565898,134368.207418
50,67,1,905,-60.808676,133984.305459
50,67,1,906,77.996010,133504.428011
50,67,1,907,-295.716091,135343.958228
50,67,1,908,422.322375,135679.872442
50,67,1,909,-34.099833,134128.268694
50,67,1,910,-122.375426,135199.994994
50,67,1,911,339.112465,133264.489287
50,67,1,912,272.785047,134704.121631
50,67,1,913,262.230281,133968.309544
50,67,1,914,199.113385,133408.452522
50,67,1,915,-23.528155,136431.680444
50,67,1,916,205.940914,135551.905122
50,67,1,917,489.827276,133008.554648
50,67,1,918,509.564537,133424.448437
50,67,1,919,-357.299753,134992.048100
50,67,1,920,223.450350,134448.186992
50,67,1,921,-155.572958,132784.611839
50,67,1,922,-611.961342,134368.207418
50,67,1,923,-109.626658,134320.219673
50,67,1,924,-18.945363,135487.921463
50,67,1,925,210.879457,136047.778485
50,67,1,926,-17.767880,134256.236013
50,67,1,927,657.585542,135759.852017
50,67,1,928,0.080395,133024.550563
50,67,1,929,428.794153,136383.692699
50,67,1,930,207.812988,135631.884697
50,67,1,931,-668.928389,136207.737635
50,67,1,932,668.284360,134080.280949
50,67,1,933,54.370548,135343.958228
50,67,1,934,174.293528,134912.068525
50,67,1,935,122.070237,134960.056270
50,67,1,936,674.739226,133216.501542
50,67,1,937,89.745171,134576.154312
50,67,1,938,453.419222,132592.660860
50,67,1,939,-352.539086,134768.105291
50,67,1,940,545.794715,133120.526053
50,67,1,941,-345.728468,135343.958228
50,67,1,942,85.840059,135263.978654
50,67,1,943,137.529722,133056.542393
50,67,1,944,-208.651805,132368.718051
50,67,1,945,-422.788528,135327.962313
50,67,1,946,720.846491,133904.325885
50,67,1,947,-102.638164,135615.888782
50,67,1,948,166.627355,133872.334055
50,67,1,949,4.857975,134368.207418
50,67,1,950,-84.628925,133536.419841
50,67,1,951,165.271996,134384.203332
50,67,1,952,366.532811,136287.717209
50,67,1,953,203.696176,132464.693541
50,67,1,954,-529.285060,134624.142056
50,67,1,955,491.894138,135375.950058
50,67,1,956,-395.418917,133648.391246
50,67,1,957,-143.129206,135168.003164
50,67,1,958,64.391687,133920.321799
50,67,1,959,-143.645922,134576.154312
50,67,1,960,406.812154,132880.587329
50,67,1,961,294.216507,134480.178822
50,67,1,962,-42.748701,136607.635508
50,67,1,963,126.492065,134864.080780
50,67,1,964,207.279361,133472.436181
50,67,1,965,-565.015434,133952.313629
50,67,1,966,-141.612884,133808.350395
50,67,1,967,-18.123631,132816.603669
50,67,1,968,158.639254,134528.166567
50,67,1,969,508.387054,134656.133886
50,67,1,970,-301.865941,132944.570989
50,67,1,971,-1332.015935,136367.696784
50,67,1,972,223.128422,136143.753975
50,67,1,973,339.612269,132288.738476
50,67,1,974,-119.147993,134768.105291
50,67,1,975,191.819875,135375.950058
50,67,1,976,-95.166779,134368.207418
50,67,1,977,-110.160285,132160.771157
50,67,1,978,129.363746,132992.558733
50,67,1,979,252.031267,134672.129801
50,67,1,980,-113.548682,133440.444351
50,67,1,981,29.516868,133712.374905
50,67,1,982,165.094121,133664.387161
50,67,1,983,460.407715,133888.329970
50,67,1,984,304.432434,135343.958228
50,67,1,985,170.032664,134160.260523
50,67,1,986,-552.605506,133200.505628
50,67,1,987,-401.534944,134384.203332
50,67,1,988,-1081.970961,134800.097121
50,67,1,989,-14.362571,134544.162482
50,67,1,990,95.005642,133376.460692
50,67,1,991,-295.733003,133776.358565
50,67,1,992,694.493400,135199.994994
50,67,1,993,-80.706901,134416.195162
50,67,1,994,1006.105123,132416.705796
50,67,1,995,959.354003,135120.015419
50,67,1,996,592.740623,132704.632265
50,67,1,997,164.577405,133072.538308
50,67,1,998,-421.255293,135535.909208
50,67,1,999,-285.178237,134512.170652
50,67,1,1000,-759.609684,135040.035845
50,67,1,1001,61.003290,135199.994994
50,67,1,1002,-28.466698,135935.807081
50,67,1,1003,-280.773321,132848.595499
50,67,1,1004,51.981759,134672.129801
50,67,1,1005,145.178983,132528.677200
50,67,1,1006,100.621865,133616.399416
50,67,1,1007,178.715356,134816.093036
50,67,1,1008,-291.150211,132832.599584
50,67,1,1009,246.914848,133456.440266
50,67,1,1010,11.668592,134944.060355
50,67,1,1011,496.832681,135871.823421
50,67,1,1012,-194.319067,136399.688614
50,67,1,1013,676.111497,134272.231928
50,67,1,1014,-59.453317,133472.436181
50,67,1,1015,458.713517,134528.166567
50,67,1,1016,-27.289215,134704.121631
50,67,1,1017,-193.997139,134704.121631
50,67,1,1018,79.546157,135279.974569
50,67,1,1019,5.035851,135088.023589
50,67,1,1020,13.023951,134432.191077
50,67,1,1021,221.239436,134496.174737
50,67,1,1022,150.634242,133616.399416
50,67,1,1023,526.235330,133424.448437
50,67,1,1024,90.422851,134320.219673
50,67,1,1025,383.703407,135311.966399
50,67,1,1026,-376.020496,134192.252353
50,67,1,1027,-26.628447,132880.587329
50,67,1,1028,326.024857,134272.231928
50,67,1,1029,-189.736275,135455.929633
50,67,1,1030,823.954626,135887.819336
50,67,1,1031,68.974479,132976.562818
50,67,1,1032,24.595236,134784.101206
50,67,1,1033,-54.514773,133968.309544
50,67,1,1034,112.531990,133840.342225
50,67,1,1035,307.803919,132496.685370
50,67,1,1036,-202.002151,133792.354480
50,67,1,1037,407.506745,134192.252353
50,67,1,1038,434.554428,134208.248268
50,67,1,1039,-335.351578,135359.954143
50,67,1,1040,80.901515,134768.105291
50,67,1,1041,335.546193,133824.346310
50,67,1,1042,664.895963,135359.954143
50,67,1,1043,146.407202,135999.790741
50,67,1,1044,427.938598,135919.811166
50,67,1,1045,178.359604,133376.460692
50,67,1,1046,-950.832448,133280.485202
50,67,1,1047,81.757071,135231.986824
50,67,1,1048,-297.766041,134544.162482
50,67,1,1049,476.383917,132576.664945
50,67,1,1050,157.283896,135040.035845
50,67,1,1051,708.258687,133936.317714
50,67,1,1052,485.939075,135263.978654
50,67,1,1053,517.247622,136031.782570
50,67,1,1054,-41.232378,135247.982739
50,67,1,1055,-397.096204,135855.827506
50,67,1,1056,-276.334581,134320.219673
50,67,1,1057,-539.839826,133888.329970
50,67,1,1058,165.255084,132816.603669
50,67,1,1059,-31.389115,133104.530138
50,67,1,1060,227.177586,133040.546478
50,67,1,1061,120.875842,134624.142056
50,67,1,1062,435.071143,134800.097121
50,67,1,1063,-205.373636,136639.627338
50,67,1,1064,-355.105751,133376.460692
50,67,1,1065,-222.239216,134352.211503
50,67,1,1066,363.449430,134304.223758
50,67,1,1067,514.342117,134768.105291
50,67,1,1068,787.707536,134624.142056
50,67,1,1069,182.764520,131712.885539
50,67,1,1070,88.728652,134960.056270
50,67,1,1071,-177.004418,133008.554648
50,67,1,1072,67.619120,133488.432096
50,67,1,1073,-31.372203,134672.129801
50,67,1,1074,-346.423060,134032.293204
50,67,1,1075,-470.928831,135407.941888
50,67,1,1076,29.872619,135152.007249
50,67,1,1077,41.765832,133808.350395
50,67,1,1078,291.133126,132496.685370
50,67,1,1079,-419.044380,135487.921463
50,67,1,1080,341.323379,133216.501542
50,67,1,1081,-257.952679,135247.982739
50,67,1,1082,914.068470,131760.873284
50,67,1,1083,476.400828,134144.264608
50,67,1,1084,-100.960878,133408.452522
50,67,1,1085,673.900583,134320.219673
50,67,1,1086,147.406809,134048.289119
50,67,1,1087,-699.220417,135056.031760
50,67,1,1088,-425.871909,133344.468862
50,67,1,1089,315.808931,133408.452522
50,67,1,1090,43.460031,133168.513798
50,67,1,1091,-72.540925,134480.178822
50,67,1,1092,-514.308466,135263.978654
50,67,1,1093,-747.377631,133568.411671
50,67,1,1094,339.823968,136143.753975
50,67,1,1095,-255.580801,134352.211503
50,67,1,1096,-142.790367,135040.035845
50,67,1,1097,609.106400,135967.798911
50,67,1,1098,343.212365,134864.080780
50,67,1,1099,525.557650,133680.383075
50,67,1,1100,-68.796776,134640.137971
50,67,1,1101,318.875400,133824.346310
50,67,1,1102,154.717230,133648.391246
50,67,1,1103,-152.311702,135487.921463
50,67,1,1104,244.221042,136047.778485
50,67,1,1105,-805.539073,135072.027675
50,67,1,1106,-269.879715,133456.440266
50,67,1,1107,346.084047,132992.558733
50,67,1,1108,-210.523879,132288.738476
50,67,1,1109,375.147856,130673.151068
50,67,1,1110,-254.386406,134688.125716
50,67,1,1111,-149.440020,133616.399416
50,67,1,1112,60.486575,134608.146142
50,67,1,1113,-515.858612,133488.432096
50,67,1,1114,211.701189,133376.460692
50,67,1,1115,-448.497764,133232.497457
50,67,1,1116,541.211924,134064.285034
50,67,1,1117,424.177537,134192.252353
50,67,1,1118,210.845634,132912.579159
50,67,1,1119,6.713137,132880.587329
50,67,1,1120,524.363255,133344.468862
50,67,1,1121,980.463535,136591.639593
50,67,1,1122,575.231188,133808.350395
50,67,1,1123,-21.689904,133376.460692
50,67,1,1124,216.139928,134848.084865
50,67,1,1125,-635.070089,136799.586487
50,67,1,1126,17.445779,134336.215588
50,67,1,1127,-400.679389,134848.084865
50,67,1,1128,-142.790367,135040.035845
50,67,1,1129,-108.610139,133936.317714
50,67,1,1130,-51.448304,134384.203332
50,67,1,1131,-49.076426,133488.432096
50,67,1,1132,-32.566598,134336.215588
50,67,1,1133,87.873097,134496.174737
50,67,1,1134,-285.178237,134512.170652
50,67,1,1135,-208.973733,134064.285034
50,67,1,1136,236.715833,134160.260523
50,67,1,1137,45.349017,134816.093036
50,67,1,1138,-143.468046,135295.970484
50,67,1,1139,596.145932,132992.558733
50,67,1,1140,424.516377,134064.285034
50,67,1,1141,-195.191533,134368.207418
50,67,1,1142,-503.431772,134304.223758
50,67,1,1143,-86.484088,135024.039930
50,67,1,1144,-497.815550,134544.162482
50,67,1,1145,-219.689462,134176.256438
50,67,1,1146,601.245439,132640.648605
50,67,1,1147,-22.511636,136047.778485
50,67,1,1148,-392.691288,134192.252353
50,67,1,1149,235.360474,134672.129801
50,67,1,1150,-24.900425,135375.950058
50,67,1,1151,-99.071892,135056.031760
50,67,1,1152,-488.294214,134096.276864
50,67,1,1153,267.007861,135311.966399
50,67,1,1154,-75.268554,133936.317714
50,67,1,1155,8.441159,135375.950058
50,67,1,1156,-531.157134,134544.162482
50,67,1,1157,241.137661,134064.285034
50,67,1,1158,54.514600,132928.575074
50,67,1,1159,345.406367,133248.493372
50,67,1,1160,342.356810,134400.199247
50,67,1,1161,-142.485351,131776.869199
50,67,1,1162,237.910228,134496.174737
50,67,1,1163,251.353587,134928.064440
50,67,1,1164,400.196324,134592.150227
50,67,1,1165,-99.766483,133744.366735
50,67,1,1166,-253.708727,134432.191077
50,67,1,1167,-259.663789,134320.219673
50,67,1,1168,375.342643,132960.566904
50,67,1,1169,84.128948,134336.215588
50,67,1,1170,-342.340071,134064.285034
50,67,1,1171,-58.081046,134528.166567
50,67,1,1172,353.428292,135727.860187
50,67,1,1173,593.096375,134144.264608
50,67,1,1174,-359.705455,132752.620009
50,67,1,1175,347.456317,134048.289119
50,67,1,1176,-871.205723,134688.125716
50,67,1,1177,-281.772928,134800.097121
50,67,1,1178,-145.534908,132928.575074
50,67,1,1179,-141.240220,136815.582402
50,67,1,1180,315.470091,133536.419841
50,67,1,1181,-286.694560,135871.823421
50,67,1,1182,20.156497,133312.477032
50,67,1,1183,-352.877926,134896.072610
50,67,1,1184,-79.368454,132336.726221
50,67,1,1185,-425.533069,133216.501542
50,67,1,1186,322.619549,133984.305459
50,67,1,1187,-291.650015,133808.350395
50,67,1,1188,-250.998009,133408.452522
50,67,1,1189,147.728737,132352.722136
50,67,1,1190,-236.538131,133456.440266
50,67,1,1191,342.873526,134992.048100
50,67,1,1192,198.952421,134256.236013
50,67,1,1193,-339.968193,133168.513798
50,67,1,1194,190.786444,134192.252353
50,67,1,1195,-511.081033,134832.088951
50,67,1,1196,-251.480901,135951.802996
50,67,1,1197,-482.178188,133360.464777
50,67,1,1198,343.712169,133888.329970
50,67,1,1199,154.217427,134624.142056
50,67,1,1200,-275.479026,134784.101206
50,67,1,1201,-188.219952,134096.276864
50,67,1,1202,22.562198,135551.905122
50,67,1,1203,-284.322682,134976.052185
50,67,1,1204,71.541144,134368.207418
50,67,1,1205,71.879984,134240.240098
50,67,1,1206,-134.819178,132816.603669
50,67,1,1207,-371.098864,133120.526053
50,67,1,1208,-25.595017,134064.285034
50,67,1,1209,363.754446,131041.057112
50,67,1,1210,820.015690,133440.444351
50,67,1,1211,-624.371271,135120.015419
50,67,1,1212,67.796996,134208.248268
50,67,1,1213,29.000152,133120.526053
50,67,1,1214,714.035873,133328.472947
50,67,1,1215,294.021720,132192.762987
50,67,1,1216,-892.654095,133344.468862
50,67,1,1217,-275.495938,133216.501542
50,67,1,1218,100.460901,134464.182907
50,67,1,1219,-293.683053,134576.154312
50,67,1,1220,-29.500129,134752.109376
50,67,1,1221,90.600726,135040.035845
50,67,1,1222,-26.611536,134448.186992
50,67,1,1223,337.951894,136063.774400
50,67,1,1224,-169.321334,135615.888782
50,67,1,1225,318.036757,134928.064440
50,67,1,1226,-392.852252,135040.035845
50,67,1,1227,122.070237,134960.056270
50,67,1,1228,246.431956,135999.790741
50,67,1,1229,-472.800905,135327.962313
50,67,1,1230,-273.623864,133296.481117
50,67,1,1231,55.031316,133520.423926
50,67,1,1232,252.014355,133104.530138
50,67,1,1233,-555.494099,133504.428011
50,67,1,1234,124.103275,134192.252353
50,67,1,1235,450.030825,133872.334055
50,67,1,1236,78.690601,134816.093036
50,67,1,1237,-25.417141,134784.101206
50,67,1,1238,632.071094,135951.802996
50,67,1,1239,-536.951233,133584.407586
50,67,1,1240,-574.892521,132960.566904
50,67,1,1241,-856.745845,134736.113461
50,67,1,1242,133.107895,133152.517883
50,67,1,1243,-186.686717,134304.223758
50,67,1,1244,-381.458843,134672.129801
50,67,1,1245,-228.566942,131233.008091
50,67,1,1246,-37.843981,133968.309544
50,67,1,1247,-592.240993,133216.501542
50,67,1,1248,482.694730,134128.268694
50,67,1,1249,-229.371762,135471.925548
50,67,1,1250,291.150038,134064.285034
50,67,1,1251,-43.960007,134704.121631
50,67,1,1252,347.134389,135743.856102
50,67,1,1253,-304.915498,134096.276864
50,67,1,1254,-229.549637,134752.109376
50,67,1,1255,-287.905866,133968.309544
50,67,1,1256,171.066095,135343.958228
50,67,1,1257,107.932286,133216.501542
50,67,1,1258,503.448511,134160.260523
50,67,1,1259,334.012958,133616.399416
50,67,1,1260,-156.394690,135455.929633
50,67,1,1261,-262.730258,133904.325885
50,67,1,1262,59.791983,133296.481117
50,67,1,1263,134.141325,134336.215588
50,67,1,1264,238.570996,132672.640435
50,67,1,1265,560.415558,132320.730306
50,67,1,1266,79.512333,132144.775242
50,67,1,1267,121.731397,135088.023589
50,67,1,1268,-42.926577,135887.819336
50,67,1,1269,20.690124,135471.925548
50,67,1,1270,-646.658286,134880.076695
50,67,1,1271,-420.933366,133840.342225
50,67,1,1272,-70.507886,133712.374905
50,67,1,1273,481.839175,133664.387161
50,67,1,1274,-400.179585,133872.334055
50,67,1,1275,-566.531757,135311.966399
50,67,1,1276,376.875878,133168.513798
50,67,1,1277,-31.872007,135647.880612
50,67,1,1278,50.948328,133488.432096
50,67,1,1279,-134.107675,135695.868357
50,67,1,1280,-13.684892,134288.227843
50,67,1,1281,597.535115,135615.888782
50,67,1,1282,-175.793112,134912.068525
50,67,1,1283,266.652109,133872.334055
50,67,1,1284,-574.697733,135247.982739
50,67,1,1285,12.862987,135279.974569
50,67,1,1286,-500.721055,133280.485202
50,67,1,1287,327.896932,134352.211503
50,67,1,1288,99.444382,134848.084865
50,67,1,1289,-161.672073,135088.023589
50,67,1,1290,-305.593178,134352.211503
50,67,1,1291,-657.729767,133552.415756
50,67,1,1292,644.802950,133504.428011
50,67,1,1293,627.471390,135327.962313
50,67,1,1294,117.487445,135903.815251
50,67,1,1295,22.723162,134704.121631
50,67,1,1296,-58.775637,133216.501542
50,67,1,1297,121.553521,134368.207418
50,67,1,1298,227.872178,134352.211503
50,67,1,1299,-12.490497,134624.142056
50,67,1,1300,-70.668850,134560.158397
50,67,1,1301,115.615371,135823.835676
50,67,1,1302,368.227010,135647.880612
50,67,1,1303,340.984539,133344.468862
50,67,1,1304,495.621374,133968.309544
50,67,1,1305,-574.020054,134992.048100
50,67,1,1306,547.505826,134048.289119
50,67,1,1307,-256.775196,134016.297289
50,67,1,1308,-350.844887,134128.268694
50,67,1,1309,-100.605126,134848.084865
50,67,1,1310,359.722194,135711.864272
50,67,1,1311,113.209669,133584.407586
50,67,1,1312,272.090456,133392.456607
50,67,1,1313,-132.930192,134464.182907
50,67,1,1314,-606.006280,134480.178822
50,67,1,1315,270.896061,133056.542393
50,67,1,1316,-9.601904,134320.219673
50,67,1,1317,16.607136,135439.933718
50,67,1,1318,-143.984762,134704.121631
50,67,1,1319,56.064747,134704.121631
50,67,1,1320,15.412741,135104.019504
50,67,1,1321,348.489748,135231.986824
50,67,1,1322,700.448462,135311.966399
50,67,1,1323,508.725894,134528.166567
50,67,1,1324,685.471868,134672.129801
50,67,1,1325,-11.812818,134368.207418
50,67,1,1326,494.426979,133632.395331
50,67,1,1327,553.122048,134288.227843
50,67,1,1328,-303.382264,134304.223758
50,67,1,1329,306.626436,133728.370820
50,67,1,1330,234.843759,134080.280949
50,67,1,1331,200.485655,134464.182907
50,67,1,1332,76.657563,135583.896952
50,67,1,1333,33.100052,134720.117546
50,67,1,1334,-448.125100,136239.729465
50,67,1,1335,-36.810550,135152.007249
50,67,1,1336,-42.943488,134320.219673
50,67,1,1337,7.568692,133344.468862
50,67,1,1338,-285.694952,133920.321799
50,67,1,1339,-415.655983,134208.248268
50,67,1,1340,643.981219,136175.745805
50,67,1,1341,62.697489,134560.158397
50,67,1,1342,-96.683102,135727.860187
50,67,1,1343,-689.199278,133632.395331
50,67,1,1344,-246.898109,135008.044015
50,67,1,1345,-575.714253,135631.884697
50,67,1,1346,96.039073,134560.158397
50,67,1,1347,-142.790367,135040.035845
50,67,1,1348,-271.912753,134224.244183
50,67,1,1349,-18.640347,132224.754817
50,67,1,1350,-316.486784,133744.366735
50,67,1,1351,359.705282,134144.264608
50,67,1,1352,289.100088,133264.489287
50,67,1,1353,155.056070,133520.423926
50,67,1,1354,8.957875,135967.798911
50,67,1,1355,-821.710062,134096.276864
50,67,1,1356,-426.727464,132880.587329
50,67,1,1357,510.259128,134736.113461
50,67,1,1358,-311.209401,134112.272779
50,67,1,1359,261.391638,135072.027675
50,67,1,1360,-284.161718,134128.268694
50,67,1,1361,-653.307939,133456.440266
50,67,1,1362,-155.911798,132912.579159
50,67,1,1363,18.284422,133232.497457
50,67,1,1364,187.381136,133904.325885
50,67,1,1365,678.178359,136639.627338
50,67,1,1366,438.298576,134368.207418
50,67,1,1367,-37.522053,132272.742561
50,67,1,1368,115.793246,136543.651848
50,67,1,1369,-55.709168,133632.395331
50,67,1,1370,-362.915976,134752.109376
50,67,1,1371,-350.844887,134128.268694
50,67,1,1372,-235.343736,133792.354480
50,67,1,1373,-215.106671,133232.497457
50,67,1,1374,189.608961,135423.937803
50,67,1,1375,395.757584,133120.526053
50,67,1,1376,355.605382,132544.673115
50,67,1,1377,82.773590,134848.084865
50,67,1,1378,-22.011832,135072.027675
50,67,1,1379,212.556744,133840.342225
50,67,1,1380,744.344813,136047.778485
50,67,1,1381,-112.515251,134624.142056
50,67,1,1382,-493.071794,132752.620009
50,67,1,1383,385.736445,134544.162482
50,67,1,1384,507.192659,134320.219673
50,67,1,1385,-499.704536,132896.583244
50,67,1,1386,494.943695,134224.244183
50,67,1,1387,366.498988,133152.517883
50,67,1,1388,346.439798,134432.191077
50,67,1,1389,350.861626,134336.215588
50,67,1,1390,89.601119,136991.537466
50,67,1,1391,48.415486,135231.986824
50,67,1,1392,-148.745429,134928.064440
50,67,1,1393,-310.192881,133728.370820
50,67,1,1394,-215.089759,134800.097121
50,67,1,1395,-241.442850,136095.766230
50,67,1,1396,427.066131,133888.329970
50,67,1,1397,568.937286,133824.346310
50,67,1,1398,465.507223,133536.419841
50,67,1,1399,-605.650528,135919.811166
50,67,1,1400,458.874481,133680.383075
50,67,1,1401,-399.146154,135056.031760
50,67,1,1402,-79.851346,134880.076695
50,67,1,1403,219.867165,133440.444351
50,67,1,1404,379.230844,130705.142898
50,67,1,1405,329.946882,135152.007249
50,67,1,1406,151.328833,134928.064440
50,67,1,1407,624.227046,134192.252353
50,67,1,1408,3.146865,133440.444351
50,67,1,1409,48.398574,133664.387161
50,67,1,1410,-35.472103,133072.538308
50,67,1,1411,385.397606,134672.129801
50,67,1,1412,124.797866,135503.917378
50,67,1,1413,-295.555127,134496.174737
50,67,1,1414,295.410902,134816.093036
50,67,1,1415,-174.437753,134400.199247
50,67,1,1416,-364.288247,133696.378990
50,67,1,1417,-19.284203,135615.888782
50,67,1,1418,-308.820611,134784.101206
50,67,1,1419,-946.910424,134160.260523
50,67,1,1420,576.620370,136431.680444
50,67,1,1421,627.132551,135455.929633
50,67,1,1422,-442.542701,133344.468862
50,67,1,1423,-290.277744,134864.080780
50,67,1,1424,494.266016,134480.178822
50,67,1,1425,-143.984762,134704.121631
50,67,1,1426,-484.727942,133536.419841
50,67,1,1427,632.215146,133536.419841
50,67,1,1428,559.754790,134144.264608
50,67,1,1429,-141.951723,133936.317714
50,67,1,1430,-265.779815,135056.031760
50,67,1,1431,607.556253,134192.252353
50,67,1,1432,163.222046,133584.407586
50,67,1,1433,-249.109023,135056.031760
50,67,1,1434,-186.864593,133584.407586
50,67,1,1435,-24.739461,134528.166567
50,67,1,1436,484.050089,133616.399416
50,67,1,1437,568.420570,133232.497457
50,67,1,1438,-17.073289,135567.901037
50,67,1,1439,-179.876100,134880.076695
50,67,1,1440,-745.666521,134496.174737
50,67,1,1441,-268.524357,132944.570989
50,67,1,1442,1021.420557,132928.575074
50,67,1,1443,0.597111,133616.399416
50,67,1,1444,544.939160,132656.644520
50,67,1,1445,-84.451049,134256.236013
50,67,1,1446,-181.070495,134544.162482
50,67,1,1447,134.302289,133488.432096
50,67,1,1448,-309.176362,133344.468862
50,67,1,1449,133.124806,134720.117546
50,67,1,1450,-577.942078,134112.272779
50,67,1,1451,-111.320856,134960.056270
50,67,1,1452,295.055151,133376.460692
50,67,1,1453,-558.365781,135375.950058
50,67,1,1454,591.063337,134912.068525
50,67,1,1455,-150.456539,134000.301374
50,67,1,1456,419.594746,135136.011334
50,67,1,1457,105.899248,133984.305459
50,67,1,1458,120.537002,134752.109376
50,67,1,1459,-129.541795,133184.509713
50,67,1,1460,156.767180,134448.186992
50,67,1,1461,-533.368048,134592.150227
50,67,1,1462,206.940521,133600.403501
50,67,1,1463,-514.825182,134672.129801
50,67,1,1464,-454.113986,132992.558733
50,67,1,1465,27.661705,135199.994994
50,67,1,1466,324.491623,134064.285034
50,67,1,1467,223.272474,133728.370820
50,67,1,1468,-229.371762,135471.925548
50,67,1,1469,-288.422582,133376.460692
50,67,1,1470,-650.902238,135695.868357
50,67,1,1471,-280.934285,133696.378990
50,67,1,1472,-974.119071,134992.048100
50,67,1,1473,274.640210,133216.501542
50,67,1,1474,834.831320,134928.064440
50,67,1,1475,495.943302,132272.742561
50,67,1,1476,740.583752,134320.219673
50,67,1,1477,-112.176411,134496.174737
50,67,1,1478,-124.086536,134272.231928
50,67,1,1479,224.822620,135503.917378
50,67,1,1480,-457.358331,131856.848773
50,67,1,1481,-180.037064,135727.860187
50,67,1,1482,44.154622,134480.178822
50,67,1,1483,84.112037,132768.615924
50,67,1,1484,-79.012702,133776.358565
50,67,1,1485,173.099133,134576.154312
50,67,1,1486,97.767095,137055.521126
50,67,1,1487,353.428292,135727.860187
50,67,1,1488,165.610836,134256.236013
50,67,1,1489,355.639205,135679.872442
50,67,1,1490,-141.790759,133088.534223
50,67,1,1491,-36.827462,133584.407586
50,67,1,1492,-275.995742,134192.252353
50,67,1,1493,170.388415,135599.892867
50,67,1,1494,-760.643115,133856.338140
50,67,1,1495,-192.802744,135040.035845
50,67,1,1496,-749.232794,135056.031760
50,67,1,1497,10.313234,135455.929633
50,67,1,1498,228.532945,132528.677200
50,67,1,1499,-328.041157,134960.056270
50,67,1,1500,131.252732,134640.137971
50,67,1,1501,-139.224094,134480.178822
50,67,1,1502,-358.155309,134528.166567
50,67,1,1503,478.433867,133376.460692
50,67,1,1504,-321.230539,135535.909208
50,67,1,1505,709.969797,134864.080780
50,67,1,1506,-207.762426,135967.798911
50,67,1,1507,-198.774718,133360.464777
50,67,1,1508,-347.439579,134416.195162
50,67,1,1509,-528.768345,135215.990909
50,67,1,1510,833.975765,134464.182907
50,67,1,1511,173.776812,134320.219673
50,67,1,1512,234.149168,132768.615924
50,67,1,1513,-273.767916,135711.864272
50,67,1,1514,65.069366,133664.387161
50,67,1,1515,-277.512064,135551.905122
50,67,1,1516,572.503558,133264.489287
50,67,1,1517,-227.838527,135679.872442
50,67,1,1518,10.652073,135327.962313
50,67,1,1519,-316.825623,133872.334055
50,67,1,1520,-180.748567,132848.595499
50,67,1,1521,-286.194756,134896.072610
50,67,1,1522,-211.523486,134240.240098
50,67,1,1523,699.415031,134128.268694
50,67,1,1524,86.839666,133312.477032
50,67,1,1525,159.316934,134272.231928
50,67,1,1526,-103.688507,132864.591414
50,67,1,1527,-248.448255,133232.497457
50,67,1,1528,43.476943,134736.113461
50,67,1,1529,521.813502,133520.423926
50,67,1,1530,-826.453817,135887.819336
50,67,1,1531,395.918548,132272.742561
50,67,1,1532,-321.069575,134688.125716
50,67,1,1533,-279.401050,133904.325885
50,67,1,1534,707.741971,133344.468862
50,67,1,1535,160.689204,135327.962313
50,67,1,1536,272.607172,133984.305459
50,67,1,1537,-231.260748,133824.346310
50,67,1,1538,659.101865,134400.199247
50,67,1,1539,429.793760,134432.191077
50,67,1,1540,-478.095200,133392.456607
50,67,1,1541,447.980875,133072.538308
50,67,1,1542,505.142709,133520.423926
50,67,1,1543,-33.083314,133744.366735
50,67,1,1544,-228.871958,134496.174737
50,67,1,1545,406.973118,132032.803837
50,67,1,1546,271.268725,136063.774400
50,67,1,1547,617.933144,134208.248268
50,67,1,1548,136.852043,133312.477032
50,67,1,1549,-108.610139,133936.317714
50,67,1,1550,-64.713788,134672.129801
50,67,1,1551,-117.453794,134128.268694
50,67,1,1552,-124.798039,131392.967240
50,67,1,1553,391.191704,135631.884697
50,67,1,1554,-153.844936,135279.974569
50,67,1,1555,-695.654144,134496.174737
50,67,1,1556,-366.321285,134464.182907
50,67,1,1557,-4.324521,134688.125716
50,67,1,1558,-481.144757,134544.162482
50,67,1,1559,-352.039282,133792.354480
50,67,1,1560,272.946011,133856.338140
50,67,1,1561,-617.382778,136415.684529
50,67,1,1562,-335.529454,134640.137971
50,67,1,1563,-657.196140,135711.864272
50,67,1,1564,101.655296,134800.097121
50,67,1,1565,69.508106,135136.011334
50,67,1,1566,-174.420841,135967.798911
50,67,1,1567,-41.910057,135503.917378
50,67,1,1568,-66.069147,135183.999079
50,67,1,1569,65.069366,133664.387161
50,67,1,1570,-19.995706,132736.624094
50,67,1,1571,-491.182808,134400.199247
50,67,1,1572,92.955692,132576.664945
50,67,1,1573,-95.683495,133776.358565
50,67,1,1574,273.428903,131312.987666
50,67,1,1575,-245.042947,133520.423926
50,67,1,1576,-85.306605,133792.354480
50,67,1,1577,27.644794,133632.395331
50,67,1,1578,127.847423,134352.211503
50,67,1,1579,81.401319,133792.354480
50,67,1,1580,-9.923832,136015.786656
50,67,1,1581,-345.067701,133520.423926
50,67,1,1582,65.763958,134976.052185
50,67,1,1583,-639.686704,134608.146142
50,67,1,1584,348.311872,134512.170652
50,67,1,1585,22.884126,133856.338140
50,67,1,1586,443.736923,133888.329970
50,67,1,1587,-439.815072,133888.329970
50,67,1,1588,342.517774,133552.415756
50,67,1,1589,-271.573914,134096.276864
50,67,1,1590,150.668066,136751.598742
50,67,1,1591,294.055543,135327.962313
50,67,1,1592,172.921257,133856.338140
50,67,1,1593,244.365094,133632.395331
50,67,1,1594,-392.674376,135759.852017
50,67,1,1595,321.069402,132208.758902
50,67,1,1596,451.047344,133488.432096
50,67,1,1597,-299.976955,134592.150227
50,67,1,1598,-337.062688,134432.191077
50,67,1,1599,-311.548240,134240.240098
50,67,1,1600,-163.044344,134032.293204
50,67,1,1601,-131.396957,134672.129801
50,67,1,1602,-231.599587,133952.313629
50,67,1,1603,-71.024602,133120.526053
50,67,1,1604,-924.979160,132960.566904
50,67,1,1605,-411.928746,132800.607754
50,67,1,1606,-491.521647,134528.166567
50,67,1,1607,232.133041,135104.019504
50,67,1,1608,-41.926969,133936.317714
50,67,1,1609,1.969381,134672.129801
50,67,1,1610,-26.772500,135295.970484
50,67,1,1611,443.042332,132576.664945
50,67,1,1612,-442.009074,135503.917378
50,67,1,1613,148.779080,135104.019504
50,67,1,1614,41.604868,134656.133886
50,67,1,1615,-400.001709,134592.150227
50,67,1,1616,-263.230062,134880.076695
50,67,1,1617,-1656.444074,133760.362650
50,67,1,1618,-228.194278,134240.240098
50,67,1,1619,239.621338,135423.937803
50,67,1,1620,-338.240171,135663.876527
50,67,1,1621,244.720846,135072.027675
50,67,1,1622,-377.037015,134576.154312
50,67,1,1623,-400.001709,134592.150227
50,67,1,1624,-329.752267,134032.293204
50,67,1,1625,117.309569,135183.999079
50,67,1,1626,471.140357,135343.958228
50,67,1,1627,693.121129,134144.264608
50,67,1,1628,-253.369887,134304.223758
50,67,1,1629,503.465423,135727.860187
50,67,1,1630,-631.520728,134672.129801
50,67,1,1631,-113.387718,132592.660860
50,67,1,1632,508.031303,133216.501542
50,67,1,1633,-281.451000,133104.530138
50,67,1,1634,54.531512,134496.174737
50,67,1,1635,-769.681558,131760.873284
50,67,1,1636,-174.954468,133808.350395
50,67,1,1637,88.711740,133392.456607
50,67,1,1638,-568.581707,134512.170652
50,67,1,1639,-202.163115,134640.137971
50,67,1,1640,428.777241,134816.093036
50,67,1,1641,-886.165405,135615.888782
50,67,1,1642,621.660380,132800.607754
50,67,1,1643,-88.872877,134352.211503
50,67,1,1644,247.270599,134896.072610
50,67,1,1645,-85.128729,134512.170652
50,67,1,1646,-325.652367,135631.884697
50,67,1,1647,-252.175492,134640.137971
50,67,1,1648,515.180760,133664.387161
50,67,1,1649,355.461330,134960.056270
50,67,1,1650,227.016622,133888.329970
50,67,1,1651,-204.551905,133968.309544
50,67,1,1652,-511.597749,134240.240098
50,67,1,1653,130.913892,134768.105291
50,67,1,1654,337.934982,134496.174737
50,67,1,1655,606.183983,133136.521968
50,67,1,1656,157.106020,134320.219673
50,67,1,1657,-326.863674,133728.370820
50,67,1,1658,392.047259,136095.766230
50,67,1,1659,-584.913660,134384.203332
50,67,1,1660,332.818563,133280.485202
50,67,1,1661,-233.793589,135567.901037
50,67,1,1662,-190.252990,134864.080780
50,67,1,1663,-341.484516,134528.166567
50,67,1,1664,-92.278186,134064.285034
50,67,1,1665,-171.032444,134688.125716
50,67,1,1666,244.881810,134224.244183
50,67,1,1667,-155.894886,134480.178822
50,67,1,1668,529.801602,132864.591414
50,67,1,1669,441.204081,135631.884697
50,67,1,1670,965.647905,135104.019504
50,67,1,1671,-219.511587,134896.072610
50,67,1,1672,471.979000,134240.240098
50,67,1,1673,-430.276825,135008.044015
50,67,1,1674,-82.401099,135056.031760
50,67,1,1675,70.507713,133184.509713
50,67,1,1676,-452.563840,134768.105291
50,67,1,1677,372.309998,135679.872442
50,67,1,1678,108.626877,134528.166567
50,67,1,1679,603.989981,134752.109376
50,67,1,1680,73.913022,133472.436181
50,67,1,1681,605.506303,133392.456607
50,67,1,1682,791.968400,135375.950058
50,67,1,1683,-406.134647,133760.362650
50,67,1,1684,301.332141,131792.865113
50,67,1,1685,-7.907705,133680.383075
50,67,1,1686,177.343085,133760.362650
50,67,1,1687,-58.936601,134064.285034
50,67,1,1688,-229.210798,134624.142056
50,67,1,1689,-218.672943,133792.354480
50,67,1,1690,-518.391454,135231.986824
50,67,1,1691,415.156006,133664.387161
50,67,1,1692,67.796996,134208.248268
50,67,1,1693,-563.482200,134160.260523
50,67,1,1694,227.372374,135327.962313
50,67,1,1695,-172.921430,133040.546478
50,67,1,1696,-620.804998,134560.158397
50,67,1,1697,-469.429420,132480.689456
50,67,1,1698,47.043215,134176.256438
50,67,1,1699,23.062002,134576.154312
50,67,1,1700,676.450337,134144.264608
50,67,1,1701,7.051977,132752.620009
50,67,1,1702,-31.211239,133824.346310
50,67,1,1703,-457.841223,134400.199247
50,67,1,1704,616.061069,134128.268694
50,67,1,1705,-65.569343,134208.248268
50,67,1,1706,787.012945,133312.477032
50,67,1,1707,85.823147,133696.378990
50,67,1,1708,433.537909,134592.150227
50,67,1,1709,-420.077810,134304.223758
50,67,1,1710,-489.649573,134608.146142
50,67,1,1711,600.567760,132896.583244
50,67,1,1712,49.931809,133872.334055
50,67,1,1713,-45.493242,134496.174737
50,67,1,1714,52.159634,135391.945973
50,67,1,1715,-691.749031,133808.350395
50,67,1,1716,98.944578,135823.835676
50,67,1,1717,-407.667882,133552.415756
50,67,1,1718,155.233946,134240.240098
50,67,1,1719,222.255955,134112.272779
50,67,1,1720,-380.103484,134160.260523
50,67,1,1721,437.443021,133904.325885
50,67,1,1722,931.967481,135231.986824
50,67,1,1723,63.197292,133584.407586
50,67,1,1724,-37.327266,134560.158397
50,67,1,1725,-221.383661,134816.093036
50,67,1,1726,-217.139709,134000.301374
50,67,1,1727,123.764435,134320.219673
50,67,1,1728,-296.732610,135727.860187
50,67,1,1729,-222.239216,134352.211503
50,67,1,1730,-276.334581,134320.219673
50,67,1,1731,-255.080997,133376.460692
50,67,1,1732,-421.094330,134688.125716
50,67,1,1733,-325.152564,134656.133886
50,67,1,1734,-1094.736641,134112.272779
50,67,1,1735,-138.190663,135663.876527
50,67,1,1736,241.315537,134784.101206
50,67,1,1737,95.005642,133376.460692
50,67,1,1738,509.742413,134144.264608
50,67,1,1739,532.707107,134128.268694
50,67,1,1740,-135.496857,133072.538308
50,67,1,1741,-346.584023,134880.076695
50,67,1,1742,388.963878,134112.272779
50,67,1,1743,-183.264497,136159.749890
50,67,1,1744,518.941820,135391.945973
50,67,1,1745,-728.462101,136655.623253
50,67,1,1746,-458.196975,132960.566904
50,67,1,1747,278.384358,133376.460692
50,67,1,1748,150.812118,134336.215588
50,67,1,1749,547.150074,132608.656775
50,67,1,1750,337.579231,133056.542393
50,67,1,1751,11.846468,135663.876527
50,67,1,1752,313.276089,135152.007249
50,67,1,1753,515.536512,135104.019504
50,67,1,1754,597.696078,134768.105291
50,67,1,1755,18.462298,133952.313629
50,67,1,1756,-155.911798,132912.579159
50,67,1,1757,-180.731655,134416.195162
50,67,1,1758,542.762070,135839.831591
50,67,1,1759,185.670025,132976.562818
50,67,1,1760,196.741507,134304.223758
50,67,1,1761,-451.725197,133664.387161
50,67,1,1762,841.464062,134784.101206
50,67,1,1763,230.599807,134896.072610
50,67,1,1764,1169.941365,134288.227843
50,67,1,1765,1071.449846,134496.174737
50,67,1,1766,-450.191962,133872.334055
50,67,1,1767,175.310047,134528.166567
50,67,1,1768,132.430215,133408.452522
50,67,1,1769,-139.224094,134480.178822
50,67,1,1770,-933.306101,133744.366735
50,67,1,1771,372.631926,133984.305459
50,67,1,1772,478.950582,133968.309544
50,67,1,1773,-374.682049,132112.783412
50,67,1,1774,474.028950,135040.035845
50,67,1,1775,-380.603288,135136.011334
50,67,1,1776,261.391638,135072.027675
50,67,1,1777,-346.922863,135008.044015
50,67,1,1778,-284.322682,134976.052185
50,67,1,1779,379.264668,133840.342225
50,67,1,1780,-277.368012,133136.521968
50,67,1,1781,10.474198,134608.146142
50,67,1,1782,314.953376,132944.570989
50,67,1,1783,-114.726165,134672.129801
50,67,1,1784,-127.313969,134704.121631
50,67,1,1785,-90.228236,134864.080780
50,67,1,1786,159.316934,134272.231928
50,67,1,1787,-112.176411,134496.174737
50,67,1,1788,72.752451,136271.721294
50,67,1,1789,-65.052628,134800.097121
50,67,1,1790,-196.707856,135727.860187
50,67,1,1791,178.359604,133376.460692
50,67,1,1792,-571.309336,133968.309544
50,67,1,1793,-277.012261,134576.154312
50,67,1,1794,-215.784350,133488.432096
50,67,1,1795,539.500813,133136.521968
50,67,1,1796,-289.777941,133888.329970
50,67,1,1797,-53.481343,135152.007249
50,67,1,1798,423.499858,134448.186992
50,67,1,1799,241.815341,133808.350395
50,67,1,1800,11.329753,135072.027675
50,67,1,1801,0.436147,134464.182907
50,67,1,1802,-723.718346,134864.080780
50,67,1,1803,64.230723,134768.105291
50,67,1,1804,-254.564282,133968.309544
50,67,1,1805,-159.977875,134448.186992
50,67,1,1806,96.216949,135279.974569
50,67,1,1807,364.482861,135487.921463
50,67,1,1808,153.378783,135727.860187
50,67,1,1809,47.221091,134896.072610
50,67,1,1810,-328.718836,135215.990909
50,67,1,1811,326.524661,133296.481117
50,67,1,1812,-101.977397,133792.354480
50,67,1,1813,-127.864508,130977.073452
50,67,1,1814,92.294925,134400.199247
50,67,1,1815,-62.003070,133648.391246
50,67,1,1816,-155.750834,132064.795667
50,67,1,1817,224.627833,133216.501542
50,67,1,1818,-99.749571,135311.966399
50,67,1,1819,-751.621583,134384.203332
50,67,1,1820,-174.293701,131984.816093
50,67,1,1821,609.767167,134144.264608
50,67,1,1822,701.803821,134800.097121
50,67,1,1823,9.618642,134144.264608
50,67,1,1824,-340.112246,135583.896952
50,67,1,1825,-308.159843,132960.566904
50,67,1,1826,-528.446417,133520.423926
50,67,1,1827,-647.691717,133696.378990
50,67,1,1828,-273.445988,134016.297289
50,67,1,1829,-285.517077,134640.137971
50,67,1,1830,-93.455669,135295.970484
50,67,1,1831,395.774496,134688.125716
50,67,1,1832,392.691115,132704.632265
50,67,1,1833,10.618250,132192.762987
50,67,1,1834,-124.603252,133680.383075
50,67,1,1835,-623.371664,133168.513798
50,67,1,1836,-124.603252,133680.383075
50,67,1,1837,24.756200,133936.317714
50,67,1,1838,-84.772977,135951.802996
50,67,1,1839,536.129328,135983.794826
50,67,1,1840,-200.824668,132560.669030
50,67,1,1841,-24.061782,134272.231928
50,67,1,1842,-93.972384,134704.121631
50,67,1,1843,346.939602,133456.440266
50,67,1,1844,-258.113643,136095.766230
50,67,1,1845,85.340255,136239.729465
50,67,1,1846,-504.109452,134560.158397
50,67,1,1847,-228.016403,134960.056270
50,67,1,1848,151.811725,132384.713966
50,67,1,1849,-272.929273,134608.146142
50,67,1,1850,296.071670,132992.558733
50,67,1,1851,-662.668311,133056.542393
50,67,1,1852,286.745122,135727.860187
50,67,1,1853,146.729130,134304.223758
50,67,1,1854,-95.344655,133648.391246
50,67,1,1855,-333.513327,132304.734391
50,67,1,1856,-249.464774,133616.399416
50,67,1,1857,-223.950326,133424.448437
50,67,1,1858,85.162379,135519.913293
50,67,1,1859,-175.293308,133936.317714
50,67,1,1860,817.821688,135056.031760
50,67,1,1861,-923.268050,133888.329970
50,67,1,1862,81.740159,133664.387161
50,67,1,1863,557.366000,133472.436181
50,67,1,1864,250.320157,133744.366735
50,67,1,1865,-407.329042,133424.448437
50,67,1,1866,-456.824704,134016.297289
50,67,1,1867,-359.188739,133344.468862
50,67,1,1868,-147.212195,135136.011334
50,67,1,1869,-229.727513,134032.293204
50,67,1,1870,-393.707807,134576.154312
50,67,1,1871,-512.114464,133648.391246
50,67,1,1872,-504.448291,134688.125716
50,67,1,1873,-131.219082,135391.945973
50,67,1,1874,361.399480,133504.428011
50,67,1,1875,286.550335,133440.444351
50,67,1,1876,633.570505,133024.550563
50,67,1,1877,-251.336849,133536.419841
50,67,1,1878,-150.617503,134848.084865
50,67,1,1879,-41.427166,132960.566904
50,67,1,1880,-561.627037,132672.640435
50,67,1,1881,27.983633,133504.428011
50,67,1,1882,262.924873,135279.974569
50,67,1,1883,-67.102578,134000.301374
50,67,1,1884,-107.754584,134400.199247
50,67,1,1885,-195.369409,133648.391246
50,67,1,1886,113.726385,134176.256438
50,67,1,1887,586.463633,134288.227843
50,67,1,1888,-382.814201,135183.999079
50,67,1,1889,864.073005,133328.472947
50,67,1,1890,-13.007212,134032.293204
50,67,1,1891,-147.567946,133696.378990
50,67,1,1892,231.277486,134640.137971
50,67,1,1893,343.695257,132320.730306
50,67,1,1894,450.869468,132768.615924
50,67,1,1895,-655.535765,131936.828348
50,67,1,1896,273.123887,134576.154312
50,67,1,1897,-638.136558,136383.692699
50,67,1,1898,-215.428599,134928.064440
50,67,1,1899,-743.616571,135295.970484
50,67,1,1900,588.496671,133520.423926
50,67,1,1901,652.807963,134416.195162
50,67,1,1902,-150.617503,134848.084865
50,67,1,1903,129.219694,135407.941888
50,67,1,1904,221.078472,135343.958228
50,67,1,1905,264.441195,133920.321799
50,67,1,1906,75.607221,132832.599584
50,67,1,1907,22.884126,133856.338140
50,67,1,1908,-82.418011,133488.432096
50,67,1,1909,112.032186,134816.093036
50,67,1,1910,-12.490497,134624.142056
50,67,1,1911,12.507236,133840.342225
50,67,1,1912,-3.985681,134560.158397
50,67,1,1913,-102.816040,134896.072610
50,67,1,1914,104.027174,133904.325885
50,67,1,1915,-957.804030,133552.415756
50,67,1,1916,228.227929,135791.843846
50,67,1,1917,301.365965,134928.064440
50,67,1,1918,-87.500607,135407.941888
50,67,1,1919,-319.714217,134176.256438
50,67,1,1920,-470.268063,133584.407586
50,67,1,1921,-165.755061,135056.031760
50,67,1,1922,-163.738935,132720.628180
50,67,1,1923,-163.882987,135136.011334
50,67,1,1924,-908.774348,137071.517041
50,67,1,1925,-6.357559,135455.929633
50,67,1,1926,584.930398,134080.280949
50,67,1,1927,-463.118606,134032.293204
50,67,1,1928,-69.491367,133328.472947
50,67,1,1929,664.701176,133072.538308
50,67,1,1930,168.499429,133952.313629
50,67,1,1931,-96.700014,134160.260523
50,67,1,1932,-146.017800,135471.925548
50,67,1,1933,-514.647306,135391.945973
50,67,1,1934,89.745171,134576.154312
50,67,1,1935,-306.270857,134608.146142
50,67,1,1936,209.829115,133296.481117
50,67,1,1937,-3.985681,134560.158397
50,67,1,1938,83.095518,133152.517883
50,67,1,1939,-212.040202,133648.391246
50,67,1,1940,-139.063130,133632.395331
50,67,1,1941,314.792412,133792.354480
50,67,1,1942,-518.908170,134640.137971
50,67,1,1943,-140.579453,134992.048100
50,67,1,1944,195.724988,134688.125716
50,67,1,1945,410.734178,133760.362650
50,67,1,1946,-144.323601,134832.088951
50,67,1,1947,335.046389,134800.097121
50,67,1,1948,-224.111290,134272.231928
50,67,1,1949,196.063827,134560.158397
50,67,1,1950,-4.841236,134096.276864
50,67,1,1951,261.052798,135199.994994
50,67,1,1952,-46.526673,133312.477032
50,67,1,1953,-218.495068,134512.170652
50,67,1,1954,-297.105274,132720.628180
50,67,1,1955,-134.819178,132816.603669
50,67,1,1956,183.814863,134464.182907
50,67,1,1957,19.656693,134288.227843
50,67,1,1958,63.070152,137567.390404
50,67,1,1959,66.263761,134000.301374
50,67,1,1960,-3.130126,135024.039930
50,67,1,1961,18.962102,132976.562818
50,67,1,1962,-506.515153,132320.730306
50,67,1,1963,257.647490,134912.068525
50,67,1,1964,-325.508315,133216.501542
50,67,1,1965,-436.426675,132608.656775
50,67,1,1966,-152.667453,134048.289119
50,67,1,1967,-168.482691,134512.170652
50,67,1,1968,-567.582100,132560.669030
50,67,1,1969,-273.445988,134016.297289
50,67,1,1970,335.724068,134544.162482
50,67,1,1971,597.679167,133200.505627
50,67,1,1972,280.806972,137183.488446
50,67,1,1973,56.225711,133856.338140
50,67,1,1974,-675.594955,133216.501542
50,67,1,1975,-659.940681,133600.403501
50,67,1,1976,183.120272,133152.517883
50,67,1,1977,485.049696,131664.897794
50,67,1,1978,-395.241042,134368.207418
50,67,1,1979,-285.000361,135231.986824
50,67,1,1980,369.938120,136575.643678
50,67,1,1981,-199.774325,135311.966399
50,67,1,1982,435.249019,135519.913293
50,67,1,1983,198.952421,134256.236013
50,67,1,1984,251.353587,134928.064440
50,67,1,1985,677.644731,134480.178822
50,67,1,1986,-524.719180,132112.783412
50,67,1,1987,151.667673,134800.097121
50,67,1,1988,-185.992126,135615.888782
50,67,1,1989,166.983107,135311.966399
50,67,1,1990,40.571437,133472.436181
50,67,1,1991,-217.317585,133280.485202
50,67,1,1992,-92.617026,134192.252353
50,67,1,1993,-166.610616,134592.150227
50,67,1,1994,-621.821517,134944.060355
50,67,1,1995,8.407336,132240.750732
50,67,1,1996,60.130823,133168.513798
50,67,1,1997,432.004674,134384.203332
50,67,1,1998,-2.469358,133200.505627
50,67,1,1999,-44.637687,134960.056270
50,67,1,2000,434.037712,133616.399416
50,67,1,2001,536.129328,135983.794826
50,67,1,2002,287.922605,134496.174737
50,67,1,2003,-544.100690,133136.521968
50,67,1,2004,169.194020,135263.978654
50,67,1,2005,-162.527628,134624.142056
50,67,1,2006,-54.514773,133968.309544
50,67,1,2007,-493.071794,132752.620009
50,67,1,2008,-403.940645,132144.775242
50,67,1,2009,-590.368919,133296.481117
50,67,1,2010,507.870339,134064.285034
50,67,1,2011,-273.107148,133888.329970
50,67,1,2012,-548.683482,134080.280949
50,67,1,2013,-194.657906,136527.655933
50,67,1,2014,-414.961391,135519.913293
50,67,1,2015,112.371026,134688.125716
50,67,1,2016,-443.737096,133008.554648
50,67,1,2017,-297.088362,134288.227843
50,67,1,2018,622.371883,135679.872442
50,67,1,2019,-287.872043,137103.508871
50,67,1,2020,-469.768260,132608.656775
50,67,1,2021,165.271996,134384.203332
50,67,1,2022,-364.110371,134416.195162
50,67,1,2023,313.081302,132864.591414
50,67,1,2024,80.223836,135024.039930
50,67,1,2025,239.265587,133984.305459
50,67,1,2026,49.271041,135695.868357
50,67,1,2027,80.723640,134048.289119
50,67,1,2028,-381.280967,135391.945973
50,67,1,2029,-163.722023,134288.227843
50,67,1,2030,114.903868,132944.570989
50,67,1,2031,221.366576,130513.191919
50,67,1,2032,992.678676,133552.415756
50,67,1,2033,24.078521,134192.252353
50,67,1,2034,-260.036452,131312.987666
50,67,1,2035,-242.476281,134912.068525
50,67,1,2036,142.646142,134272.231928
50,67,1,2037,-160.316714,134576.154312
50,67,1,2038,-909.824691,134320.219673
50,67,1,2039,545.472787,134816.093036
50,67,1,2040,-315.470264,133360.464777
50,67,1,2041,-344.212146,133984.305459
50,67,1,2042,566.565408,134720.117546
50,67,1,2043,166.288515,134000.301374
50,67,1,2044,-85.628532,135487.921463
50,67,1,2045,-57.564331,135120.015419
50,67,1,2046,716.941379,134592.150227
50,67,1,2047,145.373771,134816.093036
50,67,1,2048,364.982665,134512.170652
50,67,1,2049,121.892361,134240.240098
50,67,1,2050,935.516842,133104.530138
50,67,1,2051,-142.790367,135040.035845
50,67,1,2052,-118.792241,136207.737635
50,67,1,2053,-273.268112,134736.113461
50,67,1,2054,-693.265354,135168.003164
50,67,1,2055,-28.127858,135807.839761
50,67,1,2056,-102.816040,134896.072610
50,67,1,2057,230.421931,134176.256438
50,67,1,2058,-118.631277,135359.954143
50,67,1,2059,137.724510,135343.958228
50,67,1,2060,64.052847,134048.289119
50,67,1,2061,30.550299,134896.072610
50,67,1,2062,-302.721496,132480.689456
50,67,1,2063,50.431612,132896.583244
50,67,1,2064,111.337595,133504.428011
50,67,1,2065,-250.981097,134976.052185
50,67,1,2066,443.753835,135455.929633
50,67,1,2067,-894.348293,133984.305459
50,67,1,2068,231.794202,135231.986824
50,67,1,2069,-94.328136,133264.489287
50,67,1,2070,545.811627,134688.125716
50,67,1,2071,344.906564,134224.244183
50,67,1,2072,-413.267193,134880.076695
50,67,1,2073,41.765832,133808.350395
50,67,1,2074,51.803883,133952.313629
50,67,1,2075,282.984062,134000.301374
50,67,1,2076,-335.868294,134768.105291
50,67,1,2077,538.823134,133392.456607
50,67,1,2078,-637.975594,135535.909208
50,67,1,2079,-376.876051,133728.370820
50,67,1,2080,-281.933892,135647.880612
50,67,1,2081,385.592393,136959.545636
50,67,1,2082,-670.817375,134560.158397
50,67,1,2083,506.337104,133856.338140
50,67,1,2084,89.228456,133984.305459
50,67,1,2085,287.761641,135343.958228
50,67,1,2086,-203.357510,134304.223758
50,67,1,2087,-262.908134,133184.509713
50,67,1,2088,-297.943917,133824.346310
50,67,1,2089,256.453095,134576.154312
50,67,1,2090,-434.698653,135104.019504
50,67,1,2091,-268.185517,132816.603669
50,67,1,2092,-415.816947,135056.031760
50,67,1,2093,-16.412521,133744.366735
50,67,1,2094,467.557173,134336.215588
50,67,1,2095,-176.970595,136143.753975
50,67,1,2096,-146.551427,133312.477032
50,67,1,2097,354.766739,133648.391246
50,67,1,2098,378.265060,135791.843846
50,67,1,2099,331.818956,135231.986824
50,67,1,2100,-845.869151,133776.358565
50,67,1,2101,13.184915,133584.407586
50,67,1,2102,139.401797,133136.521968
50,67,1,2103,374.326124,133344.468862
50,67,1,2104,-153.506097,135152.007249
50,67,1,2105,-162.671680,137039.525211
50,67,1,2106,-144.518389,132544.673115
50,67,1,2107,-110.998928,133264.489287
50,67,1,2108,-197.580323,133696.378990
50,67,1,2109,300.171570,134592.150227
50,67,1,2110,-415.139267,134800.097121
50,67,1,2111,-136.674340,134304.223758
50,67,1,2112,254.581020,134496.174737
50,67,1,2113,48.737414,133536.419841
50,67,1,2114,269.896454,135008.044015
50,67,1,2115,-93.133741,133600.403501
50,67,1,2116,379.264668,133840.342225
50,67,1,2117,-218.334104,133664.387161
50,67,1,2118,-706.386786,133040.546478
50,67,1,2119,-331.285502,133824.346310
50,67,1,2120,-185.509234,133072.538308
50,67,1,2121,597.696078,134768.105291
50,67,1,2122,-116.953991,133152.517883
50,67,1,2123,-397.290992,133568.411671
50,67,1,2124,294.733223,135072.027675
50,67,1,2125,50.109684,134592.150227
50,67,1,2126,325.186214,135375.950058
50,67,1,2127,206.779557,134448.186992
50,67,1,2128,-364.949014,135519.913293
50,67,1,2129,-97.394605,132848.595499
50,67,1,2130,96.377913,134432.191077
50,67,1,2131,38.182648,132800.607754
50,67,1,2132,1177.268698,135455.929633
50,67,1,2133,4.502223,132928.575074
50,67,1,2134,248.448082,133664.387161
50,67,1,2135,121.214682,134496.174737
50,67,1,2136,471.462285,133648.391246
50,67,1,2137,-6.018719,135327.962313
50,67,1,2138,-172.904518,134608.146142
50,67,1,2139,-91.956258,132368.718051
50,67,1,2140,151.134046,132640.648605
50,67,1,2141,369.243529,135263.978654
50,67,1,2142,622.371883,135679.872442
50,67,1,2143,26.984026,135455.929633
50,67,1,2144,-102.316237,133920.321799
50,67,1,2145,67.280280,133616.399416
50,67,1,2146,-858.101203,135247.982739
50,67,1,2147,-205.424372,131936.828348
50,67,1,2148,-377.697782,136399.688614
50,67,1,2149,-700.092884,133024.550563
50,67,1,2150,-146.034712,133904.325885
50,67,1,2151,108.271126,133088.534223
50,67,1,2152,118.487052,133952.313629
50,67,1,2153,36.666325,134160.260523
50,67,1,2154,-271.912753,134224.244183
50,67,1,2155,124.941918,133088.534223
50,67,1,2156,-262.213543,134496.174737
50,67,1,2157,-458.002187,135247.982739
50,67,1,2158,454.113813,133904.325885
50,67,1,2159,-424.177710,132704.632265
50,67,1,2160,209.668151,134144.264608
50,67,1,2161,-234.166253,132560.669030
50,67,1,2162,285.694779,132976.562818
50,67,1,2163,248.287118,134512.170652
50,67,1,2164,294.216507,134480.178822
50,67,1,2165,-40.910450,133552.415756
50,67,1,2166,-363.610567,133440.444351
50,67,1,2167,165.788712,134976.052185
50,67,1,2168,-284.339594,133408.452522
50,67,1,2169,160.172489,134736.113461
50,67,1,2170,166.805231,134592.150227
50,67,1,2171,-66.069147,135183.999079
50,67,1,2172,137.207795,134752.109376
50,67,1,2173,-171.210320,133968.309544
50,67,1,2174,425.727684,135967.798911
50,67,1,2175,-278.884335,134496.174737
50,67,1,2176,52.998278,134288.227843
50,67,1,2177,521.491574,135215.990909
50,67,1,2178,497.332485,134896.072610
50,67,1,2179,-479.789398,134032.293204
50,67,1,2180,179.393035,134560.158397
50,67,1,2181,-93.633545,134576.154312
50,67,1,2182,122.570040,133984.305459
50,67,1,2183,452.919418,133568.411671
50,67,1,2184,164.238565,133200.505627
50,67,1,2185,-316.503695,132176.767072
50,67,1,2186,15.751581,134976.052185
50,67,1,2187,-35.116352,134512.170652
50,67,1,2188,-196.885732,135008.044015
50,67,1,2189,-471.784386,134944.060355
50,67,1,2190,-18.606523,135359.954143
50,67,1,2191,-71.024602,133120.526053
50,67,1,2192,-298.604685,135647.880612
50,67,1,2193,-151.473058,134384.203332
50,67,1,2194,-134.285551,134976.052185
50,67,1,2195,175.487923,135247.982739
50,67,1,2196,592.757535,134272.231928
50,67,1,2197,103.866210,134752.109376
50,67,1,2198,-21.528940,132528.677200
50,67,1,2199,-167.805011,134256.236013
50,67,1,2200,270.752009,135471.925548
50,67,1,2201,-159.156143,131776.869199
50,67,1,2202,-246.881197,136575.643678
50,67,1,2203,-256.097516,133760.362650
50,67,1,2204,32.244497,134256.236013
50,67,1,2205,804.861220,132080.791582
50,67,1,2206,273.106975,133008.554648
50,67,1,2207,58.114697,135503.917378
50,67,1,2208,-24.934249,132240.750732
50,67,1,2209,-84.967765,133664.387161
50,67,1,2210,364.804789,133792.354480
50,67,1,2211,-61.825195,134368.207418
50,67,1,2212,65.052455,132096.787497
50,67,1,2213,-239.265760,132912.579159
50,67,1,2214,722.040886,134240.240098
50,67,1,2215,519.780464,134288.227843
50,67,1,2216,-331.802217,133232.497457
50,67,1,2217,133.107895,133152.517883
50,67,1,2218,-386.558350,135024.039930
50,67,1,2219,126.669940,135583.896952
50,67,1,2220,173.260097,133728.370820
50,67,1,2221,414.978130,132944.570989
50,67,1,2222,101.316456,134928.064440
50,67,1,2223,-12.829337,134752.109376
50,67,1,2224,-58.758726,134784.101206
50,67,1,2225,143.323821,134016.297289
50,67,1,2226,-56.386848,133888.329970
50,67,1,2227,167.127159,132896.583244
50,67,1,2228,-1.063264,137391.435340
50,67,1,2229,64.213811,133200.505627
50,67,1,2230,669.995471,135008.044015
50,67,1,2231,176.504442,134864.080780
50,67,1,2232,372.115210,133392.456607
50,67,1,2233,647.869419,133920.321799
50,67,1,2234,-405.279092,134224.244183
50,67,1,2235,184.492542,134208.248268
50,67,1,2236,54.353636,133776.358565
50,67,1,2237,168.855181,135391.945973
50,67,1,2238,-128.508364,134368.207418
50,67,1,2239,144.518216,134352.211503
50,67,1,2240,-42.604649,134192.252353
50,67,1,2241,-253.369887,134304.223758
50,67,1,2242,38.038596,135215.990909
50,67,1,2243,-105.543670,134352.211503
50,67,1,2244,147.762561,135487.921463
50,67,1,2245,-70.490975,135279.974569
50,67,1,2246,185.365009,136239.729465
50,67,1,2247,-35.311139,132224.754817
50,67,1,2248,27.500741,136047.778485
50,67,1,2249,129.541622,133712.374905
50,67,1,2250,344.051009,133760.362650
50,67,1,2251,266.330181,135567.901037
50,67,1,2252,-180.231851,133440.444351
50,67,1,2253,5.213726,135807.839761
50,67,1,2254,442.559440,135120.015419
50,67,1,2255,-545.777977,135343.958228
50,67,1,2256,-188.719756,135072.027675
50,67,1,2257,127.847423,134352.211503
50,67,1,2258,-636.442360,135743.856102
50,67,1,2259,-256.775196,134016.297289
50,67,1,2260,-450.369838,133152.517883
50,67,1,2261,130.058337,134304.223758
50,67,1,2262,-123.925572,133424.448437
50,67,1,2263,378.942740,135535.909208
50,67,1,2264,377.392593,133760.362650
50,67,1,2265,-418.544576,134512.170652
50,67,1,2266,133.802486,134464.182907
50,67,1,2267,-447.803172,134544.162482
50,67,1,2268,-167.466171,134128.268694
50,67,1,2269,273.623691,133600.403501
50,67,1,2270,246.770796,135871.823421
50,67,1,2271,87.678309,132208.758902
50,67,1,2272,52.981366,132720.628180
50,67,1,2273,-132.252513,134208.248268
50,67,1,2274,466.540654,134720.117546
50,67,1,2275,239.087711,133264.489287
50,67,1,2276,396.113336,134560.158397
50,67,1,2277,-142.451527,134912.068525
50,67,1,2278,367.693382,133488.432096
50,67,1,2279,-380.442324,134288.227843
50,67,1,2280,-229.049834,133776.358565
50,67,1,2281,-536.239730,136463.672274
50,67,1,2282,122.764828,136271.721294
50,67,1,2283,49.271041,135695.868357
50,67,1,2284,-149.600984,134464.182907
50,67,1,2285,-173.065482,135455.929633
50,67,1,2286,613.333440,133584.407586
50,67,1,2287,392.708027,134272.231928
50,67,1,2288,-706.530838,135455.929633
50,67,1,2289,-306.076070,136895.561977
50,67,1,2290,377.409505,135327.962313
50,67,1,2291,-792.951269,135040.035845
50,67,1,2292,-421.949885,134224.244183
50,67,1,2293,-949.621142,135183.999079
50,67,1,2294,708.097723,134784.101206
50,67,1,2295,-767.436821,134848.084865
50,67,1,2296,-408.345561,133808.350395
50,67,1,2297,509.920289,134864.080780
50,67,1,2298,-25.772892,133344.468862
50,67,1,2299,171.921650,135807.839761
50,67,1,2300,58.614500,134528.166567
50,67,1,2301,-298.265845,135519.913293
50,67,1,2302,254.064305,133904.325885
50,67,1,2303,-199.096646,135056.031760
50,67,1,2304,-554.621632,135535.909208
50,67,1,2305,-331.963181,134080.280949
50,67,1,2306,-298.121793,133104.530138
50,67,1,2307,272.251420,132544.673115
50,67,1,2308,89.584207,135423.937803
50,67,1,2309,-514.325378,133696.378990
50,67,1,2310,-138.368539,134944.060355
50,67,1,2311,-556.849458,134016.297289
50,67,1,2312,392.708027,134272.231928
50,67,1,2313,-453.597271,133584.407586
50,67,1,2314,128.863942,133968.309544
50,67,1,2315,279.739717,132864.591414
50,67,1,2316,-122.909053,133040.546478
50,67,1,2317,-543.406099,134448.186992
50,67,1,2318,-36.666498,132736.624094
50,67,1,2319,-37.843981,133968.309544
50,67,1,2320,182.959308,134000.301374
50,67,1,2321,-73.930107,131856.848773
50,67,1,2322,161.189008,134352.211503
50,67,1,2323,-249.447863,135183.999079
50,67,1,2324,-573.876002,132576.664945
50,67,1,2325,252.869910,133568.411671
50,67,1,2326,57.403194,132624.652690
50,67,1,2327,-136.852216,133584.407586
50,67,1,2328,11.151877,134352.211503
50,67,1,2329,-26.094820,135040.035845
50,67,1,2330,-270.023767,135871.823421
50,67,1,2331,526.413205,134144.264608
50,67,1,2332,270.718186,132336.726221
50,67,1,2333,-333.835255,134000.301374
50,67,1,2334,412.267413,133968.309544
50,67,1,2335,-126.814166,133728.370820
50,67,1,2336,-309.515202,133472.436181
50,67,1,2337,-626.743149,136015.786656
50,67,1,2338,-239.926528,134736.113461
50,67,1,2339,526.574169,133296.481117
50,67,1,2340,498.365916,136079.770315
50,67,1,2341,-60.275048,136143.753975
50,67,1,2342,-569.259386,134768.105291
50,67,1,2343,-3.130126,135024.039930
50,67,1,2344,-427.405143,133136.521968
50,67,1,2345,264.102356,134048.289119
50,67,1,2346,-40.893538,135120.015419
50,67,1,2347,-459.535421,135040.035845
50,67,1,2348,155.911625,133984.305459
50,67,1,2349,-178.181901,134240.240098
50,67,1,2350,346.278834,135279.974569
50,67,1,2351,-432.665615,134336.215588
50,67,1,2352,899.481451,135695.868357
50,67,1,2353,-482.339152,134208.248268
50,67,1,2354,-228.194278,134240.240098
50,67,1,2355,575.908867,133552.415756
50,67,1,2356,50.431612,132896.583244
50,67,1,2357,256.969810,135168.003164
50,67,1,2358,-298.943524,135775.847932
50,67,1,2359,311.548067,132656.644520
50,67,1,2360,-43.604256,136143.753975
50,67,1,2361,-680.677550,135136.011334
50,67,1,2362,113.048705,134432.191077
50,67,1,2363,-628.810010,133648.391246
50,67,1,2364,10.152270,136303.713124
50,67,1,2365,-439.459320,135327.962313
50,67,1,2366,-148.245625,133952.313629
50,67,1,2367,-57.420279,132704.632265
50,67,1,2368,-402.212623,134640.137971
50,67,1,2369,83.290305,135439.933718
50,67,1,2370,-134.302463,133408.452522
50,67,1,2371,-12.151657,134496.174737
50,67,1,2372,-121.020067,134688.125716
50,67,1,2373,562.804347,132992.558733
50,67,1,2374,595.307289,134096.276864
50,67,1,2375,24.578324,133216.501542
50,67,1,2376,-58.775637,133216.501542
50,67,1,2377,-166.271777,134464.182907
50,67,1,2378,384.381087,135056.031760
50,67,1,2379,502.931795,133568.411671
50,67,1,2380,-246.737145,134160.260523
50,67,1,2381,-240.959958,133552.415756
50,67,1,2382,149.973475,135439.933718
50,67,1,2383,318.019845,133360.464777
50,67,1,2384,316.342558,135567.901037
50,67,1,2385,-35.116352,134512.170652
50,67,1,2386,-795.678898,134496.174737
50,67,1,2387,-476.883893,135295.970484
50,67,1,2388,64.213811,133200.505627
50,67,1,2389,-184.831555,132816.603669
50,67,1,2390,-114.582113,132256.746647
50,67,1,2391,614.866674,133792.354480
50,67,1,2392,288.083569,133648.391246
50,67,1,2393,42.621387,134272.231928
50,67,1,2394,-708.419824,133808.350395
50,67,1,2395,290.989074,134912.068525
50,67,1,2396,29.338992,132992.558733
50,67,1,2397,-481.144757,134544.162482
50,67,1,2398,95.700234,134688.125716
50,67,1,2399,121.714485,133520.423926
50,67,1,2400,-351.022763,133408.452522
50,67,1,2401,157.427948,132624.652690
50,67,1,2402,-0.580372,134848.084865
50,67,1,2403,-60.647712,133136.521968
50,67,1,2404,254.242181,134624.142056
50,67,1,2405,-66.407986,135311.966399
50,67,1,2406,-72.896676,133040.546478
50,67,1,2407,-522.508266,132064.795667
50,67,1,2408,78.173886,134224.244183
50,67,1,2409,-449.175443,133488.432096
50,67,1,2410,-978.896650,133648.391246
50,67,1,2411,368.193186,132512.681285
50,67,1,2412,232.666669,137263.468020
50,67,1,2413,-441.009467,133552.415756
50,67,1,2414,41.765832,133808.350395
50,67,1,2415,-186.864593,133584.407586
50,67,1,2416,292.005593,134528.166567
50,67,1,2417,742.777755,132704.632265
50,67,1,2418,17.606743,133488.432096
50,67,1,2419,-271.379126,136383.692699
50,67,1,2420,476.739668,134016.297289
50,67,1,2421,418.544403,132384.713966
50,67,1,2422,420.594353,133184.509713
50,67,1,2423,-721.863183,133376.460692
50,67,1,2424,-498.671105,134080.280949
50,67,1,2425,155.394910,133392.456607
50,67,1,2426,86.500826,133440.444351
50,67,1,2427,56.742426,134448.186992
50,67,1,2428,90.922654,133344.468862
50,67,1,2429,-938.227732,134816.093036
50,67,1,2430,-374.131510,135839.831591
50,67,1,2431,-20.317634,134432.191077
50,67,1,2432,-28.339558,131952.824263
50,67,1,2433,32.422373,134976.052185
50,67,1,2434,-230.083265,132592.660860
50,67,1,2435,163.577798,135024.039930
50,67,1,2436,438.815292,134960.056270
50,67,1,2437,-29.694917,132464.693541
50,67,1,2438,-431.471220,134672.129801
50,67,1,2439,-393.368968,134448.186992
50,67,1,2440,89.550384,132288.738476
50,67,1,2441,39.749706,136143.753975
50,67,1,2442,-257.114035,134144.264608
50,67,1,2443,-532.173653,134928.064440
50,67,1,2444,678.678162,135663.876527
50,67,1,2445,1026.697940,133296.481117
50,67,1,2446,-522.152515,133504.428011
50,67,1,2447,-43.960007,134704.121631
50,67,1,2448,-186.186914,133328.472947
50,67,1,2449,193.497162,133168.513798
50,67,1,2450,-387.930621,133968.309544
50,67,1,2451,144.001500,133760.362650
50,67,1,2452,-480.789006,135983.794826
50,67,1,2453,354.266935,134624.142056
50,67,1,2454,-139.918685,133168.513798
50,67,1,2455,-379.747732,135599.892867
50,67,1,2456,-133.768835,135567.901037
50,67,1,2457,237.910228,134496.174737
50,67,1,2458,177.520961,134480.178822
50,67,1,2459,306.287596,133856.338140
50,67,1,2460,258.164205,135503.917378
50,67,1,2461,267.490753,132768.615924
50,67,1,2462,-846.529918,135599.892867
50,67,1,2463,575.925779,135120.015419
50,67,1,2464,-1150.187365,134592.150227
50,67,1,2465,414.478326,133920.321799
50,67,1,2466,-167.965975,135104.019504
50,67,1,2467,-29.500129,134752.109376
50,67,1,2468,363.627306,135024.039930
50,67,1,2469,95.344482,133248.493372
50,67,1,2470,386.253161,135136.011334
50,67,1,2471,60.664450,135327.962313
50,67,1,2472,-132.752316,135183.999079
50,67,1,2473,580.508571,134176.256438
50,67,1,2474,-294.716484,133392.456607
50,67,1,2475,-207.101658,134144.264608
50,67,1,2476,289.794679,134576.154312
50,67,1,2477,-363.949407,133568.411671
50,67,1,2478,171.404934,135215.990909
50,67,1,2479,-189.075507,133632.395331
50,67,1,2480,-385.558743,133072.538308
50,67,1,2481,-326.346958,134320.219673
50,67,1,2482,-807.089219,133296.481117
50,67,1,2483,-231.099784,132976.562818
50,67,1,2484,502.415080,132976.562818
50,67,1,2485,-527.929701,134112.272779
50,67,1,2486,122.392165,133264.489287
50,67,1,2487,6.552173,133728.370820
50,67,1,2488,-80.884777,133696.378990
50,67,1,2489,267.168825,134464.182907
50,67,1,2490,-294.521696,135679.872442
50,67,1,2491,-428.243787,134240.240098
50,67,1,2492,-187.864200,135535.909208
50,67,1,2493,-55.370329,133504.428011
50,67,1,2494,685.971672,133696.378990
50,67,1,2495,294.733223,135072.027675
50,67,1,2496,1232.380583,135104.019504
50,67,1,2497,1280.021082,135999.790741
50,67,1,2498,48.898378,132688.636350
50,67,1,2499,29.194940,135407.941888
50,67,1,2500,-172.921430,133040.546478
50,67,1,2501,40.749313,134192.252353
50,67,1,2502,200.646619,133616.399416
50,67,1,2503,-310.175970,135295.970484
50,67,1,2504,366.854739,134592.150227
50,67,1,2505,683.921722,132896.583244
50,67,1,2506,-66.069147,135183.999079
50,67,1,2507,-227.677563,134832.088951
50,67,1,2508,106.576927,133728.370820
50,67,1,2509,-225.110898,136223.733550
50,67,1,2510,320.069795,134160.260523
50,67,1,2511,-71.524405,134096.276864
50,67,1,2512,-144.128814,137119.504786
50,67,1,2513,-457.663347,135120.015419
50,67,1,2514,-393.030128,134320.219673
50,67,1,2515,172.243578,134112.272779
50,67,1,2516,-505.981526,134480.178822
50,67,1,2517,175.843674,136687.615083
50,67,1,2518,422.983142,133856.338140
50,67,1,2519,-146.551427,133312.477032
50,67,1,2520,-96.039246,132336.726221
50,67,1,2521,-149.600984,134464.182907
50,67,1,2522,412.089537,133248.493372
50,67,1,2523,-241.620726,135375.950058
50,67,1,2524,-451.386357,133536.419841
50,67,1,2525,583.058324,134000.301374
50,67,1,2526,-336.706937,135871.823421
50,67,1,2527,-240.282279,133296.481117
50,67,1,2528,-123.925572,133424.448437
50,67,1,2529,83.773197,132896.583244
50,67,1,2530,166.110640,133280.485202
50,67,1,2531,-456.485864,133888.329970
50,67,1,2532,-533.029208,134464.182907
50,67,1,2533,-244.187391,133984.305459
50,67,1,2534,-193.853087,132288.738476
50,67,1,2535,-41.054502,135967.798911
50,67,1,2536,311.759767,136511.660018
50,67,1,2537,-912.874248,135471.925548
50,67,1,2538,-426.193837,135040.035845
50,67,1,2539,238.748871,133392.456607
50,67,1,2540,-446.253026,136319.709039
50,67,1,2541,-167.449260,135695.868357
50,67,1,2542,405.295831,134240.240098
50,67,1,2543,-126.297450,134320.219673
50,67,1,2544,59.791983,133296.481117
50,67,1,2545,16.268296,135567.901037
50,67,1,2546,172.065702,133392.456607
50,67,1,2547,-133.607871,134720.117546
50,67,1,2548,-781.396895,133824.346310
50,67,1,2549,-55.853220,136047.778485
50,67,1,2550,500.204166,133024.550563
50,67,1,2551,-31.389115,133104.530138
50,67,1,2552,261.552602,134224.244183
50,67,1,2553,153.683799,132464.693541
50,67,1,2554,353.750219,134032.293204
50,67,1,2555,33.760820,132896.583244
50,67,1,2556,139.596584,135423.937803
50,67,1,2557,-235.521611,133072.538308
50,67,1,2558,120.697966,133904.325885
50,67,1,2559,-156.750442,134016.297289
50,67,1,2560,50.431612,132896.583244
50,67,1,2561,-188.558792,134224.244183
50,67,1,2562,-325.330439,133936.317714
50,67,1,2563,-224.289166,133552.415756
50,67,1,2564,-101.816433,132944.570989
50,67,1,2565,-178.181901,134240.240098
50,67,1,2566,-359.527579,133472.436181
50,67,1,2567,-278.384531,133520.423926
50,67,1,2568,-285.694952,133920.321799
50,67,1,2569,126.653029,134016.297289
50,67,1,2570,369.226617,133696.378990
50,67,1,2571,507.192659,134320.219673
50,67,1,2572,-16.573485,134592.150227
50,67,1,2573,-350.472224,137135.500701
50,67,1,2574,360.382961,133888.329970
50,67,1,2575,5.535654,134112.272779
50,67,1,2576,-194.869606,132672.640435
50,67,1,2577,12.168396,133968.309544
50,67,1,2578,397.256995,130193.273620
50,67,1,2579,-156.250638,133040.546478
50,67,1,2580,493.944088,136175.745805
50,67,1,2581,-117.470706,132560.669030
50,67,1,2582,221.917115,134240.240098
50,67,1,2583,711.841871,134944.060355
50,67,1,2584,34.455411,134208.248268
50,67,1,2585,-431.310256,133824.346310
50,67,1,2586,499.526487,133280.485202
50,67,1,2587,-194.496942,135679.872442
50,67,1,2588,355.622294,134112.272779
50,67,1,2589,-563.143360,134032.293204
50,67,1,2590,-294.021893,134704.121631
50,67,1,2591,371.276567,134496.174737
50,67,1,2592,747.233406,135743.856102
50,67,1,2593,70.685589,133904.325885
50,67,1,2594,306.287596,133856.338140
50,67,1,2595,-358.494148,134656.133886
50,67,1,2596,-919.346026,134768.105291
50,67,1,2597,-223.433611,134016.297289
50,67,1,2598,318.036757,134928.064440
50,67,1,2599,137.029919,134032.293204
50,67,1,2600,-266.135567,133616.399416
50,67,1,2601,-100.783002,134128.268694
50,67,1,2602,-36.310747,134176.256438
50,67,1,2603,-432.504651,133488.432096
50,67,1,2604,-899.625676,133616.399416
50,67,1,2605,-248.431344,134800.097121
50,67,1,2606,191.125284,134064.285034
50,67,1,2607,-214.750919,134672.129801
50,67,1,2608,283.322902,133872.334055
50,67,1,2609,-203.179634,135024.039930
50,67,1,2610,136.513203,133440.444351
50,67,1,2611,624.049170,133472.436181
50,67,1,2612,-20.834349,133840.342225
50,67,1,2613,51.626007,133232.497457
50,67,1,2614,44.154622,134480.178822
50,67,1,2615,815.077147,132944.570989
50,67,1,2616,625.065689,133088.534223
50,67,1,2617,3.485704,133312.477032
50,67,1,2618,142.129426,133680.383075
50,67,1,2619,-531.834814,134800.097121
50,67,1,2620,-92.244362,137199.484360
50,67,1,2621,568.937286,133824.346310
50,67,1,2622,-473.156657,133888.329970
50,67,1,2623,-507.175921,134144.264608
50,67,1,2624,-171.193408,135535.909208
50,67,1,2625,366.177060,134848.084865
50,67,1,2626,-309.854042,133600.403501
50,67,1,2627,204.373856,132208.758902
50,67,1,2628,354.105971,135471.925548
50,67,1,2629,-203.696349,134432.191077
50,67,1,2630,-0.580372,134848.084865
50,67,1,2631,54.709388,135215.990909
50,67,1,2632,-71.185566,133968.309544
50,67,1,2633,77.157367,134608.146142
50,67,1,2634,-25.595017,134064.285034
50,67,1,2635,770.520028,134032.293204
50,67,1,2636,-52.786751,136463.672274
50,67,1,2637,-621.143838,134688.125716
50,67,1,2638,382.170173,135104.019504
50,67,1,2639,-218.012176,131968.820178
50,67,1,2640,-149.423109,135183.999079
50,67,1,2641,800.956108,132768.615924
50,67,1,2642,68.652551,134672.129801
50,67,1,2643,-182.442765,133488.432096
50,67,1,2644,-367.515680,134128.268694
50,67,1,2645,463.474184,134304.223758
50,67,1,2646,385.914321,135263.978654
50,67,1,2647,410.039587,132448.697626
50,67,1,2648,-168.499602,132944.570989
50,67,1,2649,92.294925,134400.199247
50,67,1,2650,-186.686717,134304.223758
50,67,1,2651,17.445779,134336.215588
50,67,1,2652,749.766248,134000.301374
50,67,1,2653,-29.322253,135471.925548
50,67,1,2654,831.747939,132944.570989
50,67,1,2655,-79.173666,134624.142056
50,67,1,2656,282.323294,135823.835676
50,67,1,2657,274.818086,133936.317714
50,67,1,2658,503.092759,132720.628180
50,67,1,2659,187.719975,133776.358565
50,67,1,2660,390.852864,135759.852017
50,67,1,2661,-25.256177,133936.317714
50,67,1,2662,297.765868,132352.722136
50,67,1,2663,-229.549637,134752.109376
50,67,1,2664,-483.194707,133744.366735
50,67,1,2665,-356.283234,134608.146142
50,67,1,2666,246.576008,133584.407586
50,67,1,2667,-128.330488,135088.023589
50,67,1,2668,-201.146596,134256.236013
50,67,1,2669,284.161545,132768.615924
50,67,1,2670,-272.768309,133760.362650
50,67,1,2671,-353.394641,134304.223758
50,67,1,2672,584.930398,134080.280949
50,67,1,2673,398.307338,132944.570989
50,67,1,2674,736.500764,134288.227843
50,67,1,2675,-95.844459,134624.142056
50,67,1,2676,418.578226,135519.913293
50,67,1,2677,40.766225,135759.852017
50,67,1,2678,-181.748174,134800.097121
50,67,1,2679,21.528767,134368.207418
50,67,1,2680,419.078030,134544.162482
50,67,1,2681,524.879971,133936.317714
50,67,1,2682,-323.297401,133168.513798
50,67,1,2683,290.972162,133344.468862
50,67,1,2684,297.443940,134048.289119
50,67,1,2685,-638.492310,134944.060355
50,67,1,2686,-31.550079,133952.313629
50,67,1,2687,-106.721153,135583.896952
50,67,1,2688,502.254116,133824.346310
50,67,1,2689,-83.595494,134720.117546
50,67,1,2690,161.333060,131936.828348
50,67,1,2691,233.827240,134464.182907
50,67,1,2692,265.135786,135231.986824
50,67,1,2693,138.080262,136783.590572
50,67,1,2694,-16.768273,132304.734391
50,67,1,2695,-570.275906,135152.007249
50,67,1,2696,-459.035618,134064.285034
50,67,1,2697,-617.577565,134128.268694
50,67,1,2698,73.574182,133600.403501
50,67,1,2699,96.716753,134304.223758
50,67,1,2700,189.092246,134832.088951
50,67,1,2701,-708.436736,132240.750732
50,67,1,2702,-242.654157,134192.252353
50,67,1,2703,-6.569258,131600.914134
50,67,1,2704,-323.119525,133888.329970
50,67,1,2705,13.184915,133584.407586
50,67,1,2706,-509.742586,132752.620009
50,67,1,2707,-100.266287,134720.117546
50,67,1,2708,-29.855881,133312.477032
50,67,1,2709,-299.121400,135056.031760
50,67,1,2710,17.606743,133488.432096
50,67,1,2711,-189.058595,135199.994994
50,67,1,2712,110.837791,134480.178822
50,67,1,2713,-56.208972,134608.146142
50,67,1,2714,-613.850328,132720.628180
50,67,1,2715,-303.399176,132736.624094
50,67,1,2716,402.568202,133696.378990
50,67,1,2717,71.541144,134368.207418
50,67,1,2718,-189.253383,132912.579159
50,67,1,2719,-404.618325,132400.709881
50,67,1,2720,477.417347,133760.362650
50,67,1,2721,-93.955473,136271.721294
50,67,1,2722,-557.349262,134992.048100
50,67,1,2723,106.077124,134704.121631
50,67,1,2724,669.995471,135008.044015
50,67,1,2725,810.655319,133040.546478
50,67,1,2726,109.126681,133552.415756
50,67,1,2727,-260.841272,135551.905122
50,67,1,2728,20.173408,134880.076695
50,67,1,2729,605.506303,133392.456607
50,67,1,2730,166.288515,134000.301374
50,67,1,2731,-155.395083,133504.428011
50,67,1,2732,328.896539,132400.709881
50,67,1,2733,7.585604,134912.068525
50,67,1,2734,-55.209365,132656.644520
50,67,1,2735,95.039466,136511.660018
50,67,1,2736,-882.082417,135647.880612
50,67,1,2737,369.921208,135008.044015
50,67,1,2738,456.341639,135423.937803
50,67,1,2739,-705.014515,134096.276864
50,67,1,2740,186.042689,135983.794826
50,67,1,2741,753.154645,132720.628180
50,67,1,2742,-316.469872,135311.966399
50,67,1,2743,-306.448733,133888.329970
50,67,1,2744,275.173837,135375.950058
50,67,1,2745,373.826321,134320.219673
50,67,1,2746,110.854703,136047.778485
50,67,1,2747,-73.913195,133424.448437
50,67,1,2748,27.644794,133632.395331
50,67,1,2749,236.182206,132000.812008
50,67,1,2750,-95.666583,135343.958228
50,67,1,2751,315.148164,135231.986824
50,67,1,2752,-45.120579,137503.406744
50,67,1,2753,127.525496,136047.778485
50,67,1,2754,230.083091,134304.223758
50,67,1,2755,-48.203960,135519.913293
50,67,1,2756,-301.010386,133408.452522
50,67,1,2757,153.023032,134288.227843
50,67,1,2758,321.586118,132800.607754
50,67,1,2759,-265.280012,134080.280949
50,67,1,2760,-2.469358,133200.505627
50,67,1,2761,145.712611,134688.125716
50,67,1,2762,863.234361,134432.191077
50,67,1,2763,-227.338723,134704.121631
50,67,1,2764,595.307289,134096.276864
50,67,1,2765,-255.580801,134352.211503
50,67,1,2766,-597.162624,134288.227843
50,67,1,2767,329.785918,135999.790741
50,67,1,2768,-47.543192,133696.378990
50,67,1,2769,-99.266679,132768.615924
50,67,1,2770,281.967543,134384.203332
50,67,1,2771,-838.719694,134224.244183
50,67,1,2772,-170.532641,133712.374905
50,67,1,2773,-675.417079,133936.317714
50,67,1,2774,845.902801,136255.725379
50,67,1,2775,-725.412544,135503.917378
50,67,1,2776,-235.148948,136079.770315
50,67,1,2777,21.689731,133520.423926
50,67,1,2778,94.166999,134480.178822
50,67,1,2779,270.396258,134032.293204
50,67,1,2780,-213.734400,134288.227843
50,67,1,2781,100.138973,136159.749890
50,67,1,2782,486.100039,134416.195162
50,67,1,2783,386.414125,134288.227843
50,67,1,2784,-749.571633,135183.999079
50,67,1,2785,147.406809,134048.289119
50,67,1,2786,27.644794,133632.395331
50,67,1,2787,114.243100,134768.105291
50,67,1,2788,526.929921,134736.113461
50,67,1,2789,195.386148,134816.093036
50,67,1,2790,-264.619244,132256.746647
50,67,1,2791,68.135835,134080.280949
50,67,1,2792,431.326995,134640.137971
50,67,1,2793,119.181643,135263.978654
50,67,1,2794,-520.636192,132144.775242
50,67,1,2795,-391.319018,135247.982739
50,67,1,2796,179.553999,133712.374905
50,67,1,2797,-460.890780,135551.905122
50,67,1,2798,-14.523535,135391.945973
50,67,1,2799,200.807583,132768.615924
50,67,1,2800,90.084011,134448.186992
50,67,1,2801,-534.045728,134848.084865
50,67,1,2802,105.043693,133520.423926
50,67,1,2803,-67.085666,135567.901037
50,67,1,2804,-311.887080,134368.207418
50,67,1,2805,-164.077775,132848.595499
50,67,1,2806,-545.439137,135215.990909
50,67,1,2807,20.351284,135599.892867
50,67,1,2808,43.138103,134864.080780
50,67,1,2809,-164.060863,134416.195162
50,67,1,2810,-3.485877,133584.407586
50,67,1,2811,-158.783480,134784.101206
50,67,1,2812,-258.130554,134528.166567
50,67,1,2813,-100.960878,133408.452522
50,67,1,2814,122.070237,134960.056270
50,67,1,2815,258.486133,133808.350395
50,67,1,2816,-368.337411,136799.586487
50,67,1,2817,-189.770098,132320.730306
50,67,1,2818,-176.470791,135168.003164
50,67,1,2819,200.307779,133744.366735
50,67,1,2820,-219.172747,134768.105291
50,67,1,2821,-665.878832,135056.031760
50,67,1,2822,-76.962752,134576.154312
50,67,1,2823,28.339385,134944.060355
50,67,1,2824,-785.818723,133920.321799
50,67,1,2825,-168.982494,135487.921463
50,67,1,2826,721.202242,135343.958228
50,67,1,2827,-187.381309,132992.558733
50,67,1,2828,-50.092946,133872.334055
50,67,1,2829,747.555334,134048.289119
50,67,1,2830,9.796518,134864.080780
50,67,1,2831,-83.256655,134592.150227
50,67,1,2832,-174.437753,134400.199247
50,67,1,2833,-121.697746,134944.060355
50,67,1,2834,529.640638,133712.374905
50,67,1,2835,-200.291041,134720.117546
50,67,1,2836,-343.356590,134448.186992
50,67,1,2837,287.727818,132208.758902
50,67,1,2838,406.668102,135295.970484
50,67,1,2839,-339.112638,133632.395331
50,67,1,2840,99.944186,133872.334055
50,67,1,2841,-129.186043,134624.142056
50,67,1,2842,-89.567468,133040.546478
50,67,1,2843,188.770318,136527.655933
50,67,1,2844,-220.528106,135279.974569
50,67,1,2845,-194.852694,134240.240098
50,67,1,2846,-149.440020,133616.399416
50,67,1,2847,165.449872,135104.019504
50,67,1,2848,15.734669,133408.452522
50,67,1,2849,238.765783,134960.056270
50,67,1,2850,473.851075,134320.219673
50,67,1,2851,-306.431821,135455.929633
50,67,1,2852,-666.573423,133744.366735
50,67,1,2853,59.808895,134864.080780
50,67,1,2854,218.317019,131664.897794
50,67,1,2855,278.901074,133968.309544
50,67,1,2856,-155.894886,134480.178822
50,67,1,2857,85.323343,134672.129801
50,67,1,2858,-746.200148,132336.726221
50,67,1,2859,293.894579,136175.745805
50,67,1,2860,-215.945314,134336.215588
50,67,1,2861,297.443940,134048.289119
50,67,1,2862,196.046916,132992.558733
50,67,1,2863,-503.448684,132736.624094
50,67,1,2864,-453.758235,134432.191077
50,67,1,2865,-708.580788,134656.133886
50,67,1,2866,-423.838871,132576.664945
50,67,1,2867,-39.199340,134480.178822
50,67,1,2868,-573.342375,134736.113461
50,67,1,2869,257.130774,134320.219673
50,67,1,2870,-94.328136,133264.489287
50,67,1,2871,-317.164463,134000.301374
50,67,1,2872,-292.327694,134064.285034
50,67,1,2873,538.323330,134368.207418
50,67,1,2874,-293.699965,133008.554648
50,67,1,2875,452.936330,135136.011334
50,67,1,2876,-192.125064,134784.101206
50,67,1,2877,-135.496857,133072.538308
50,67,1,2878,-480.111326,135727.860187
50,67,1,2879,611.317314,135919.811166
50,67,1,2880,-131.413869,133104.530138
50,67,1,2881,-358.333184,133808.350395
50,67,1,2882,-17.429040,134128.268694
50,67,1,2883,-330.252071,135008.044015
50,67,1,2884,-174.937557,135375.950058
50,67,1,2885,-101.638557,133664.387161
50,67,1,2886,826.470556,132576.664945
50,67,1,2887,-373.148814,132320.730306
50,67,1,2888,3.324740,134160.260523
50,67,1,2889,478.433867,133376.460692
50,67,1,2890,186.186741,133568.411671
50,67,1,2891,-55.014577,134944.060355
50,67,1,2892,373.148641,134576.154312
50,67,1,2893,-80.046133,132592.660860
50,67,1,2894,-528.768345,135215.990909
50,67,1,2895,-558.204817,134528.166567
50,67,1,2896,179.553999,133712.374905
50,67,1,2897,824.098678,133472.436181
50,67,1,2898,122.731004,133136.521968
50,67,1,2899,-120.181424,133584.407586
50,67,1,2900,962.081632,135663.876527
50,67,1,2901,30.533387,133328.472947
50,67,1,2902,-361.577529,132672.640435
50,67,1,2903,730.384738,135024.039930
50,67,1,2904,-472.123226,135072.027675
50,67,1,2905,-166.966368,133152.517883
50,67,1,2906,-197.563411,135263.978654
50,67,1,2907,111.871222,135663.876527
50,67,1,2908,512.114291,133248.493372
50,67,1,2909,-8.763260,133216.501542
50,67,1,2910,-7.390990,134272.231928
50,67,1,2911,-280.078730,134160.260523
50,67,1,2912,-48.559711,134080.280949
50,67,1,2913,116.792854,134592.150227
50,67,1,2914,-407.151167,134144.264608
50,67,1,2915,131.591572,134512.170652
50,67,1,2916,538.518118,136655.623253
50,67,1,2917,-128.686240,133648.391246
50,67,1,2918,164.238565,133200.505628
50,67,1,2919,-271.734878,134944.060355
50,67,1,2920,-217.139709,134000.301374
50,67,1,2921,-94.650064,134960.056270
50,67,1,2922,80.045960,134304.223758
50,67,1,2923,72.752451,136271.721294
50,67,1,2924,-403.567982,135152.007249
50,67,1,2925,16.090420,134848.084865
50,67,1,2926,-587.641289,133840.342225
50,67,1,2927,-62.680750,133904.325885
50,67,1,2928,351.039502,135056.031760
50,67,1,2929,-288.939297,132784.611839
50,67,1,2930,-77.801396,135679.872442
50,67,1,2931,-337.740368,134688.125716
50,67,1,2932,117.292657,133616.399416
50,67,1,2933,-211.345610,134960.056270
50,67,1,2934,-658.763198,132368.718051
50,67,1,2935,88.000237,130513.191919
50,67,1,2936,80.740551,135615.888782
50,67,1,2937,-237.181986,136847.574232
50,67,1,2938,-143.146118,133600.403501
50,67,1,2939,346.439798,134432.191077
50,67,1,2940,81.257267,136207.737635
50,67,1,2941,161.866687,134096.276864
50,67,1,2942,312.581498,133840.342225
50,67,1,2943,43.620995,132320.730306
50,67,1,2944,266.491145,134720.117546
50,67,1,2945,476.417740,135711.864272
50,67,1,2946,-339.434566,135327.962313
50,67,1,2947,74.251862,133344.468862
50,67,1,2948,613.511316,134304.223758
50,67,1,2949,-60.630800,134704.121631
50,67,1,2950,269.040899,134544.162482
50,67,1,2951,409.023068,132832.599584
50,67,1,2952,-898.592245,134800.097121
50,67,1,2953,39.216079,133984.305459
50,67,1,2954,426.210576,133424.448437
50,67,1,2955,420.755317,132336.726221
50,67,1,2956,-724.201237,137407.431255
50,67,1,2957,539.161974,133264.489287
50,67,1,2958,481.356283,136207.737635
50,67,1,2959,640.220159,134448.186992
50,67,1,2960,231.099611,133920.321799
50,67,1,2961,255.758503,133264.489287
50,67,1,2962,-262.730258,133904.325885
50,67,1,2963,-418.722452,133792.354480
50,67,1,2964,361.950019,137231.476190
50,67,1,2965,147.762561,135487.921463
50,67,1,2966,732.756616,134128.268694
50,67,1,2967,-427.227268,133856.338140
50,67,1,2968,210.184866,134736.113461
50,67,1,2969,297.266065,133328.472947
50,67,1,2970,-568.242867,134384.203332
50,67,1,2971,-696.153947,135471.925548
50,67,1,2972,107.432483,134192.252353
50,67,1,2973,-146.534515,134880.076695
50,67,1,2974,369.065653,134544.162482
50,67,1,2975,290.472359,134320.219673
50,67,1,2976,-42.943488,134320.219673
50,67,1,2977,-162.544540,133056.542393
50,67,1,2978,-488.133250,133248.493372
50,67,1,2979,-270.040679,134304.223758
50,67,1,2980,161.527848,134224.244183
50,67,1,2981,-277.884728,132544.673115
50,67,1,2982,-345.584416,132928.575074
50,67,1,2983,461.424234,133504.428011
50,67,1,2984,111.159719,132784.611839
50,67,1,2985,167.482910,134336.215588
50,67,1,2986,11.829556,134096.276864
50,67,1,2987,131.074856,133920.321799
50,67,1,2988,-399.163066,133488.432096
50,67,1,2989,123.781347,135887.819336
50,67,1,2990,-341.662392,133808.350395
50,67,1,2991,71.219216,136063.774400
50,67,1,2992,725.785034,134400.199247
50,67,1,2993,79.190405,133840.342225
50,67,1,2994,344.728688,133504.428011
50,67,1,2995,277.223787,136175.745805
50,67,1,2996,-879.888415,134032.293204
50,67,1,2997,270.912973,134624.142056
50,67,1,2998,46.348624,132864.591414
50,67,1,2999,-392.174573,134784.101206
50,67,1,3000,1113.635086,134304.223758
50,67,1,3001,288.956036,135679.872442
50,67,1,3002,422.805267,133136.521968
50,67,1,3003,-27.644967,133264.489287
50,67,1,3004,-332.479897,133488.432096
50,67,1,3005,298.138531,135359.954143
50,67,1,3006,9.440767,133424.448437
50,67,1,3007,18.801138,133824.346310
50,67,1,3008,104.366013,133776.358565
50,67,1,3009,-118.470313,134512.170652
50,67,1,3010,434.215588,134336.215588
50,67,1,3011,139.596584,135423.937803
50,67,1,3012,230.599807,134896.072610
50,67,1,3013,287.083962,135599.892867
50,67,1,3014,-195.530373,134496.174737
50,67,1,3015,174.793331,133936.317714
50,67,1,3016,-79.012702,133776.358565
50,67,1,3017,-40.376823,135711.864272
50,67,1,3018,105.577320,135679.872442
50,67,1,3019,399.018841,135823.835676
50,67,1,3020,-8.568473,135503.917378
50,67,1,3021,-378.570249,134368.207418
50,67,1,3022,831.586975,133792.354480
50,67,1,3023,-87.873270,132400.709881
50,67,1,3024,253.564501,134880.076695
50,67,1,3025,362.771751,134560.158397
50,67,1,3026,2.985901,134288.227843
50,67,1,3027,-163.027432,135599.892867
50,67,1,3028,-165.094294,133232.497457
50,67,1,3029,574.536596,132496.685370
50,67,1,3030,176.182514,136559.647763
50,67,1,3031,-776.636228,133600.403501
50,67,1,3032,-45.332278,133648.391246
50,67,1,3033,492.571817,135120.015419
50,67,1,3034,-298.960436,134208.248268
50,67,1,3035,-434.359813,134976.052185
50,67,1,3036,322.119745,134960.056270
50,67,1,3037,-53.498254,133584.407586
50,67,1,3038,653.502554,135727.860187
50,67,1,3039,-122.553302,134480.178822
50,67,1,3040,38.699363,133392.456607
50,67,1,3041,-449.836211,135311.966399
50,67,1,3042,-140.079649,134016.297289
50,67,1,3043,-548.327730,135519.913293
50,67,1,3044,-447.964136,135391.945973
50,67,1,3045,-39.555091,133040.546478
50,67,1,3046,294.555347,134352.211503
50,67,1,3047,207.118397,134320.219673
50,67,1,3048,-97.199818,135136.011334
50,67,1,3049,419.933585,135008.044015
50,67,1,3050,-178.876493,132928.575074
50,67,1,3051,474.884506,135503.917378
50,67,1,3052,566.726372,133872.334055
50,67,1,3053,-5.518915,134352.211503
50,67,1,3054,171.565898,134368.207418
50,67,1,3055,-150.278664,134720.117546
50,67,1,3056,-135.996661,134048.289119
50,67,1,3057,637.848281,135343.958228
50,67,1,3058,-570.275906,135152.007249
50,67,1,3059,240.299018,135168.003164
50,67,1,3060,289.972555,135295.970484
50,67,1,3061,-194.319067,136399.688614
50,67,1,3062,37.005165,134032.293204
50,67,1,3063,462.796505,134560.158397
50,67,1,3064,-117.309742,131712.885539
50,67,1,3065,128.364139,134944.060355
50,67,1,3066,-207.279534,133424.448437
50,67,1,3067,-177.165382,133856.338140
50,67,1,3068,411.767609,134944.060355
50,67,1,3069,-372.437311,135199.994994
50,67,1,3070,207.457237,134192.252353
50,67,1,3071,-196.546892,134880.076695
50,67,1,3072,-327.024638,134576.154312
50,67,1,3073,-56.547812,134736.113461
50,67,1,3074,-77.301592,134704.121631
50,67,1,3075,138.885081,132544.673115
50,67,1,3076,127.508584,134480.178822
50,67,1,3077,-251.853564,132944.570989
50,67,1,3078,378.248148,134224.244183
50,67,1,3079,-83.078779,135311.966399
50,67,1,3080,-338.934763,134352.211503
50,67,1,3081,-545.100297,135088.023589
50,67,1,3082,388.980790,135679.872442
50,67,1,3083,55.031316,133520.423926
50,67,1,3084,348.294961,132944.570989
50,67,1,3085,-492.521255,136479.668189
50,67,1,3086,27.805757,132784.611839
50,67,1,3087,-842.624806,134912.068525
50,67,1,3088,-558.543657,134656.133886
50,67,1,3089,-969.197439,133920.321799
50,67,1,3090,-455.274558,135791.843846
50,67,1,3091,-106.899028,134864.080780
50,67,1,3092,-53.837094,133712.374905
50,67,1,3093,29.855707,133584.407586
50,67,1,3094,-268.685320,133792.354480
50,67,1,3095,-350.328172,134720.117546
50,67,1,3096,366.160148,133280.485202
50,67,1,3097,236.715833,134160.260523
50,67,1,3098,156.267377,135423.937803
50,67,1,3099,192.980446,132576.664945
50,67,1,3100,-637.670578,132272.742561
50,67,1,3101,145.212807,135663.876527
50,67,1,3102,1073.160956,135423.937803
50,67,1,3103,714.586413,137055.521126
50,67,1,3104,-532.512493,135056.031760
50,67,1,3105,167.000018,136879.566062
50,67,1,3106,-116.598239,134592.150227
50,67,1,3107,-332.640860,134336.215588
50,67,1,3108,246.076204,134560.158397
50,67,1,3109,-162.188788,134496.174737
50,67,1,3110,-319.553253,133328.472947
50,67,1,3111,-351.844495,136079.770315
50,67,1,3112,-388.608300,134224.244183
50,67,1,3113,616.238945,134848.084865
50,67,1,3114,-380.798075,132848.595499
50,67,1,3115,-564.676595,133824.346310
50,67,1,3116,-198.258003,133952.313629
50,67,1,3117,-235.699487,132352.722136
50,67,1,3118,-480.467078,134288.227843
50,67,1,3119,-201.985239,135359.954143
50,67,1,3120,-206.423979,133888.329970
50,67,1,3121,75.785096,133552.415756
50,67,1,3122,187.736887,135343.958228
50,67,1,3123,-333.140664,135311.966399
50,67,1,3124,-130.719278,134416.195162
50,67,1,3125,89.745171,134576.154312
50,67,1,3126,-286.355720,135743.856102
50,67,1,3127,-90.245148,133296.481117
50,67,1,3128,-230.066353,134160.260523
50,67,1,3129,-327.185602,135423.937803
50,67,1,3130,112.870830,133712.374905
50,67,1,3131,566.548496,133152.517883
50,67,1,3132,-28.144770,134240.240098
50,67,1,3133,-257.130947,132576.664945
50,67,1,3134,444.770354,135072.027675
50,67,1,3135,79.029441,134688.125716
50,67,1,3136,-109.804534,133600.403501
50,67,1,3137,142.984981,134144.264608
50,67,1,3138,642.092233,134528.166567
50,67,1,3139,-182.764693,135183.999079
50,67,1,3140,-449.353319,132768.615924
50,67,1,3141,295.732830,133120.526053
50,67,1,3142,-336.029257,135615.888782
50,67,1,3143,-446.269938,134752.109376
50,67,1,3144,-366.643213,136159.749890
50,67,1,3145,-3.130126,135024.039930
50,67,1,3146,210.184866,134736.113461
50,67,1,3147,-633.070874,132896.583244
50,67,1,3148,-85.645444,133920.321799
50,67,1,3149,528.801995,134816.093036
50,67,1,3150,305.609917,134112.272779
50,67,1,3151,144.840144,132656.644520
50,67,1,3152,150.151350,136159.749890
50,67,1,3153,-39.377216,133760.362650
50,67,1,3154,-49.737194,135311.966399
50,67,1,3155,147.567773,133200.505628
50,67,1,3156,121.197770,132928.575074
50,67,1,3157,18.818050,135391.945973
50,67,1,3158,204.390768,133776.358565
50,67,1,3159,-526.574342,133600.403501
50,67,1,3160,-178.359777,133520.423926
50,67,1,3161,129.719498,134432.191077
50,67,1,3162,-113.709646,134288.227843
50,67,1,3163,905.063850,132800.607754
50,67,1,3164,-356.960914,134864.080780
50,67,1,3165,180.909358,133200.505627
50,67,1,3166,250.498032,134464.182907
50,67,1,3167,774.958768,135503.917378
50,67,1,3168,183.476023,134592.150227
50,67,1,3169,-211.362522,133392.456607
50,67,1,3170,865.961991,134976.052185
50,67,1,3171,495.977126,135407.941888
50,67,1,3172,-331.802217,133232.497457
50,67,1,3173,-159.478071,133472.436181
50,67,1,3174,-300.654635,134848.084865
50,67,1,3175,-411.572994,134240.240098
50,67,1,3176,-616.722010,134592.150227
50,67,1,3177,-875.966391,134912.068525
50,67,1,3178,409.912446,136431.680444
50,67,1,3179,81.934946,135951.802996
50,67,1,3180,622.693811,133984.305459
50,67,1,3181,-312.564759,134624.142056
50,67,1,3182,185.509061,133824.346310
50,67,1,3183,-344.195234,135551.905122
50,67,1,3184,147.567773,133200.505627
50,67,1,3185,138.385278,133520.423926
50,67,1,3186,-13.007212,134032.293204
50,67,1,3187,-22.689511,135327.962313
50,67,1,3188,-874.094316,134992.048100
50,67,1,3189,-337.062688,134432.191077
50,67,1,3190,373.309605,133728.370820
50,67,1,3191,-109.626658,134320.219673
50,67,1,3192,6.052370,134704.121631
50,67,1,3193,-768.292376,134384.203332
50,67,1,3194,-339.968193,133168.513798
50,67,1,3195,-384.008596,134848.084865
50,67,1,3196,0.419235,132896.583244
50,67,1,3197,40.749313,134192.252353
50,67,1,3198,-550.199804,135439.933718
50,67,1,3199,-76.801788,133728.370820
50,67,1,3200,-446.964529,133440.444351
50,67,1,3201,105.399444,134960.056270
50,67,1,3202,-152.828417,134896.072610
50,67,1,3203,-230.727120,135983.794826
50,67,1,3204,-1070.594464,132864.591414
50,67,1,3205,652.291247,133824.346310
50,67,1,3206,478.433867,133376.460692
50,67,1,3207,668.284360,134080.280949
50,67,1,3208,573.536989,134448.186992
50,67,1,3209,300.688285,135183.999079
50,67,1,3210,-309.337326,134192.252353
50,67,1,3211,-10.974174,133264.489287
50,67,1,3212,267.168825,134464.182907
50,67,1,3213,70.007910,134160.260523
50,67,1,3214,106.576927,133728.370820
50,67,1,3215,480.627869,131760.873284
50,67,1,3216,-52.981539,134176.256438
50,67,1,3217,-818.804556,135359.954143
50,67,1,3218,-384.347436,134976.052185
50,67,1,3219,-391.835733,134656.133886
50,67,1,3220,556.510445,133008.554648
50,67,1,3221,-938.566572,134944.060355
50,67,1,3222,-403.068178,134176.256438
50,67,1,3223,-97.733445,132976.562818
50,67,1,3224,-371.759632,134944.060355
50,67,1,3225,943.022050,134992.048100
50,67,1,3226,28.322473,133376.460692
50,67,1,3227,446.464552,134432.191077
50,67,1,3228,436.587466,133440.444351
50,67,1,3229,-111.337768,133392.456607
50,67,1,3230,382.153261,133536.419841
50,67,1,3231,228.727733,134816.093036
50,67,1,3232,-499.509748,135183.999079
50,67,1,3233,203.890964,134752.109376
50,67,1,3234,-391.852645,133088.534223
50,67,1,3235,439.332007,135551.905122
50,67,1,3236,-114.565201,133824.346310
50,67,1,3237,-327.041550,133008.554648
50,67,1,3238,4.857975,134368.207418
50,67,1,3239,560.593433,133040.546478
50,67,1,3240,-69.474455,134896.072610
50,67,1,3241,-181.426246,133104.530138
50,67,1,3242,97.394432,134048.289119
50,67,1,3243,-72.701889,135327.962313
50,67,1,3244,-403.601806,132016.807923
50,67,1,3245,118.148213,134080.280949
50,67,1,3246,-129.558707,131616.910049
50,67,1,3247,-315.614317,135775.847932
50,67,1,3248,487.277522,133184.509713
50,67,1,3249,20.851088,134624.142056
50,67,1,3250,337.918070,132928.575074
50,67,1,3251,11.685504,136511.660018
50,67,1,3252,-183.815036,132432.701711
50,67,1,3253,-491.843575,136223.733550
50,67,1,3254,-491.165896,135967.798911
50,67,1,3255,120.359126,134032.293204
50,67,1,3256,17.979406,136495.664103
50,67,1,3257,-219.172747,134768.105291
50,67,1,3258,-271.912753,134224.244183
50,67,1,3259,530.674069,134896.072610
50,67,1,3260,-166.966368,133152.517883
50,67,1,3261,182.620468,134128.268694
50,67,1,3262,37.682844,133776.358565
50,67,1,3263,890.959723,134192.252353
50,67,1,3264,582.202769,133536.419841
50,67,1,3265,868.333869,134080.280949
50,67,1,3266,-225.305685,133936.317714
50,67,1,3267,61.325218,133504.428011
50,67,1,3268,233.488400,134592.150227
50,67,1,3269,-123.908660,134992.048100
50,67,1,3270,-40.571610,133424.448437
50,67,1,3271,209.829115,133296.481117
50,67,1,3272,-124.425376,134400.199247
50,67,1,3273,72.057860,134960.056270
50,67,1,3274,-528.251629,135807.839761
50,67,1,3275,-172.226839,134352.211503
50,67,1,3276,-780.363464,135008.044015
50,67,1,3277,144.001500,133760.362650
50,67,1,3278,-35.971907,134048.289119
50,67,1,3279,408.184424,133936.317714
50,67,1,3280,-544.583582,135679.872442
50,67,1,3281,84.806628,134080.280949
50,67,1,3282,289.455840,134704.121631
50,67,1,3283,214.250942,133200.505628
50,67,1,3284,-512.614268,134624.142056
50,67,1,3285,261.035886,133632.395331
50,67,1,3286,-164.060863,134416.195162
50,67,1,3287,279.256825,135407.941888
50,67,1,3288,-278.028780,134960.056270
50,67,1,3289,194.386541,136767.594657
50,67,1,3290,242.687807,135839.831591
50,67,1,3291,466.184902,133280.485202
50,67,1,3292,138.741029,134960.056270
50,67,1,3293,-467.040630,133152.517883
50,67,1,3294,16.429260,134720.117546
50,67,1,3295,-412.572602,136191.741720
50,67,1,3296,69.169266,135263.978654
50,67,1,3297,-478.933843,134496.174737
50,67,1,3298,293.199988,134864.080780
50,67,1,3299,26.967114,133888.329970
50,67,1,3300,206.101878,134704.121631
50,67,1,3301,-378.909089,134496.174737
50,67,1,3302,98.249987,134512.170652
50,67,1,3303,488.149989,135215.990909
50,67,1,3304,-66.763738,133872.334055
50,67,1,3305,-621.499589,133248.493372
50,67,1,3306,448.514502,135231.986824
50,67,1,3307,535.239949,132384.713966
50,67,1,3308,-22.189708,134352.211503
50,67,1,3309,-52.464823,134768.105291
50,67,1,3310,-32.388722,135056.031760
50,67,1,3311,-160.833430,133984.305459
50,67,1,3312,-560.237855,135295.970484
50,67,1,3313,162.205527,133968.309544
50,67,1,3314,148.618116,135951.802996
50,67,1,3315,200.824495,134336.215588
50,67,1,3316,-196.208053,134752.109376
50,67,1,3317,17.428867,132768.615924
50,67,1,3318,-147.889874,135391.945973
50,67,1,3319,27.128078,133040.546478
50,67,1,3320,270.574133,134752.109376
50,67,1,3321,138.063350,135215.990909
50,67,1,3322,25.611755,134400.199247
50,67,1,3323,-199.630273,132896.583244
50,67,1,3324,681.532932,132224.754817
50,67,1,3325,-329.057676,135343.958228
50,67,1,3326,-51.270429,135104.019504
50,67,1,3327,602.956550,133568.411671
50,67,1,3328,220.561756,134752.109376
50,67,1,3329,-516.697256,134592.150227
50,67,1,3330,77.996010,133504.428011
50,67,1,3331,34.794251,134080.280949
50,67,1,3332,300.349445,135311.966399
50,67,1,3333,86.678702,134160.260523
50,67,1,3334,-84.451049,134256.236013
50,67,1,3335,-139.546022,136175.745805
50,67,1,3336,-109.804534,133600.403501
50,67,1,3337,621.516328,135215.990909
50,67,1,3338,151.506709,135647.880612
50,67,1,3339,66.780477,134592.150227
50,67,1,3340,402.746077,134416.195162
50,67,1,3341,-53.303467,135871.823421
50,67,1,3342,-152.328614,133920.321799
50,67,1,3343,-39.716055,133888.329970
50,67,1,3344,337.757106,133776.358565
50,67,1,3345,321.763994,133520.423926
50,67,1,3346,-115.242880,134080.280949
50,67,1,3347,541.567675,135503.917378
50,67,1,3348,-250.981097,134976.052185
50,67,1,3349,234.504919,134208.248268
50,67,1,3350,-302.848637,136463.672274
50,67,1,3351,407.862496,135631.884697
50,67,1,3352,-523.329998,134736.113461
50,67,1,3353,-13.862768,133568.411671
50,67,1,3354,-128.830292,136063.774400
50,67,1,3355,49.787756,136287.717209
50,67,1,3356,493.766212,135455.929633
50,67,1,3357,566.031780,132560.669030
50,67,1,3358,-158.427728,136223.733550
50,67,1,3359,-154.700492,134816.093036
50,67,1,3360,279.239913,133840.342225
50,67,1,3361,-465.312608,135647.880612
50,67,1,3362,121.392557,135215.990909
50,67,1,3363,-177.326346,134704.121631
50,67,1,3364,262.746997,134560.158397
50,67,1,3365,-572.486820,135199.994994
50,67,1,3366,94.166999,134480.178822
50,67,1,3367,-126.814166,133728.370820
50,67,1,3368,-2.630322,134048.289119
50,67,1,3369,235.699314,134544.162482
50,67,1,3370,86.178898,135136.011334
50,67,1,3371,178.698444,133248.493372
50,67,1,3372,-192.980620,134320.219673
50,67,1,3373,140.435228,134320.219673
50,67,1,3374,-133.946711,134848.084865
50,67,1,3375,-160.121927,136863.570147
50,67,1,3376,173.793724,135887.819336
50,67,1,3377,-105.882509,134480.178822
50,67,1,3378,891.154511,136479.668189
50,67,1,3379,-676.077846,135759.852017
50,67,1,3380,773.230746,133008.554648
50,67,1,3381,348.311872,134512.170652
50,67,1,3382,32.422373,134976.052185
50,67,1,3383,146.390290,134432.191077
50,67,1,3384,282.806186,133280.485202
50,67,1,3385,-795.340058,134368.207418
50,67,1,3386,167.160982,136031.782570
50,67,1,3387,226.838747,133168.513798
50,67,1,3388,-52.642699,134048.289119
50,67,1,3389,186.525580,133440.444351
50,67,1,3390,-348.278222,135519.913293
50,67,1,3391,372.631926,133984.305459
50,67,1,3392,-489.827449,133888.329970
50,67,1,3393,27.322866,135327.962313
50,67,1,3394,284.356332,135056.031760
50,67,1,3395,-314.953549,133952.313629
50,67,1,3396,-108.271299,133808.350395
50,67,1,3397,-376.020496,134192.252353
50,67,1,3398,24.078521,134192.252353
50,67,1,3399,-356.622074,134736.113461
50,67,1,3400,317.181202,134464.182907
50,67,1,3401,-114.226361,133696.378990
50,67,1,3402,25.433880,133680.383075
50,67,1,3403,-700.092884,133024.550563
50,67,1,3404,-849.757351,136031.782570
50,67,1,3405,-180.392815,134288.227843
50,67,1,3406,548.344469,132944.570989
50,67,1,3407,596.840523,134304.223758
50,67,1,3408,744.666741,134352.211503
50,67,1,3409,544.439357,133632.395331
50,67,1,3410,32.244497,134256.236013
50,67,1,3411,46.204572,135279.974569
50,67,1,3412,296.588385,133584.407586
50,67,1,3413,432.504478,133408.452522
50,67,1,3414,349.667231,134000.301374
50,67,1,3415,-44.298847,134832.088951
50,67,1,3416,126.136313,133424.448437
50,67,1,3417,320.069795,134160.260523
50,67,1,3418,-17.606916,133408.452522
50,67,1,3419,-520.102565,134304.223758
50,67,1,3420,-482.483204,136623.631423
50,67,1,3421,-188.203040,135663.876527
50,67,1,3422,40.232598,133600.403501
50,67,1,3423,567.920766,134208.248268
50,67,1,3424,526.252241,134992.048100
50,67,1,3425,-572.664695,134480.178822
50,67,1,3426,68.474675,133952.313629
50,67,1,3427,76.979491,133888.329970
50,67,1,3428,805.572723,134960.056270
50,67,1,3429,-78.656951,135215.990909
50,67,1,3430,153.878587,134752.109376
50,67,1,3431,-125.264019,135503.917378
50,67,1,3432,-414.105836,135983.794826
50,67,1,3433,-408.345561,133808.350395
50,67,1,3434,203.535212,133312.477032
50,67,1,3435,122.248113,135679.872442
50,67,1,3436,433.876748,134464.182907
50,67,1,3437,-89.389593,133760.362650
50,67,1,3438,472.995520,133856.338140
50,67,1,3439,-220.883857,133840.342225
50,67,1,3440,247.770403,133920.321799
50,67,1,3441,-773.925510,132576.664945
50,67,1,3442,-1215.193248,132384.713966
50,67,1,3443,-841.608287,134528.166567
50,67,1,3444,173.776812,134320.219673
50,67,1,3445,-199.435486,135183.999079
50,67,1,3446,-592.063117,133936.317714
50,67,1,3447,756.559954,133008.554648
50,67,1,3448,-474.334140,135120.015419
50,67,1,3449,-349.150689,133488.432096
50,67,1,3450,-1.935731,135359.954143
50,67,1,3451,300.154658,133024.550563
50,67,1,3452,-194.852694,134240.240098
50,67,1,3453,-8.941136,132496.685370
50,67,1,3454,85.645271,132976.562818
50,67,1,3455,7.585604,134912.068525
50,67,1,3456,187.203260,133184.509713
50,67,1,3457,-320.230932,133584.407586
50,67,1,3458,648.564011,135231.986824
50,67,1,3459,536.612220,133440.444351
50,67,1,3460,-589.157612,135199.994994
50,67,1,3461,146.551254,133584.407586
50,67,1,3462,-181.248370,133824.346310
50,67,1,3463,-540.517505,134144.264608
50,67,1,3464,-659.229178,136479.668189
50,67,1,3465,-294.555520,132544.673115
50,67,1,3466,-725.429456,133936.317714
50,67,1,3467,-370.209485,136719.606913
50,67,1,3468,574.892348,133936.317714
50,67,1,3469,389.802522,133008.554648
50,67,1,3470,-332.302021,134208.248268
50,67,1,3471,-277.706852,133264.489287
50,67,1,3472,150.812118,134336.215588
50,67,1,3473,-85.789496,136335.704954
50,67,1,3474,-537.628912,133840.342225
50,67,1,3475,-373.792670,135711.864272
50,67,1,3476,247.948279,134640.137971
50,67,1,3477,-613.511489,132592.660860
50,67,1,3478,36.505361,135008.044015
50,67,1,3479,183.636987,133744.366735
50,67,1,3480,-731.545482,134672.129801
50,67,1,3481,517.213798,132896.583244
50,67,1,3482,269.040899,134544.162482
50,67,1,3483,-1039.624757,133760.362650
50,67,1,3484,247.787315,135487.921463
50,67,1,3485,198.613581,134384.203332
50,67,1,3486,23.400841,134448.186992
50,67,1,3487,633.248577,134720.117546
50,67,1,3488,27.483830,134480.178822
50,67,1,3489,50.609488,133616.399416
50,67,1,3490,438.298576,134368.207418
50,67,1,3491,-242.992997,134320.219673
50,67,1,3492,373.648445,133600.403501
50,67,1,3493,245.898329,133840.342225
50,67,1,3494,273.445815,132880.587329
50,67,1,3495,617.966967,137343.447595
50,67,1,3496,374.182072,135759.852017
50,67,1,3497,602.439834,132976.562818
50,67,1,3498,465.346259,134384.203332
50,67,1,3499,686.844139,135727.860187
50,67,1,3500,438.298576,134368.207418
50,67,1,3501,253.725465,134032.293204
50,67,1,3502,-269.185124,134768.105291
50,67,1,3503,158.122539,133936.317714
50,67,1,3504,79.529245,133712.374905
50,67,1,3505,-464.329913,132128.779327
50,67,1,3506,213.090371,135999.790741
50,67,1,3507,-264.085617,134416.195162
50,67,1,3508,-174.437753,134400.199247
50,67,1,3509,-262.552382,134624.142056
50,67,1,3510,-115.242880,134080.280949
50,67,1,3511,-299.138312,133488.432096
50,67,1,3512,387.786395,135343.958228
50,67,1,3513,107.093643,134320.219673
50,67,1,3514,637.331565,134752.109376
50,67,1,3515,-183.120445,133744.366735
50,67,1,3516,-63.197465,133312.477032
50,67,1,3517,-436.570727,135024.039930
50,67,1,3518,-6.357559,135455.929633
50,67,1,3519,410.039587,132448.697626
50,67,1,3520,482.533766,134976.052185
50,67,1,3521,212.056940,134816.093036
50,67,1,3522,-235.343736,133792.354480
50,67,1,3523,431.005067,136335.704954
50,67,1,3524,275.512677,135247.982739
50,67,1,3525,262.069317,134816.093036
50,67,1,3526,-424.677514,133680.383075
50,67,1,3527,-337.918243,133968.309544
50,67,1,3528,191.303160,134784.101206
50,67,1,3529,-292.166730,133216.501542
50,67,1,3530,280.273344,135024.039930
50,67,1,3531,-147.229106,133568.411671
50,67,1,3532,-290.277744,134864.080780
50,67,1,3533,-460.052137,134448.186992
50,67,1,3534,-398.985190,134208.248268
50,67,1,3535,292.683273,134272.231928
50,67,1,3536,-315.292389,134080.280949
50,67,1,3537,416.511365,133152.517883
50,67,1,3538,530.995997,133200.505627
50,67,1,3539,66.619513,135439.933718
50,67,1,3540,-150.956343,134976.052185
50,67,1,3541,-134.124587,134128.268694
50,67,1,3542,281.450827,133792.354480
50,67,1,3543,872.399945,132544.673115
50,67,1,3544,690.249447,136015.786656
50,67,1,3545,-198.097039,133104.530138
50,67,1,3546,-246.898109,135008.044015
50,67,1,3547,184.848294,135647.880612
50,67,1,3548,505.320585,134240.240098
50,67,1,3549,-301.671154,135231.986824
50,67,1,3550,124.298062,136479.668189
50,67,1,3551,223.111510,134576.154312
50,67,1,3552,485.939075,135263.978654
50,67,1,3553,528.302191,135791.843846
50,67,1,3554,-198.596842,134080.280949
50,67,1,3555,31.888746,132816.603669
50,67,1,3556,-693.604194,135295.970484
50,67,1,3557,-73.235516,133168.513798
50,67,1,3558,-200.485828,132432.701711
50,67,1,3559,-46.009957,133904.325885
50,67,1,3560,-625.921417,133344.468862
50,67,1,3561,353.589255,134880.076695
50,67,1,3562,223.772278,132752.620009
50,67,1,3563,558.043680,133216.501542
50,67,1,3564,-682.905376,133616.399416
50,67,1,3565,-47.526280,135263.978654
50,67,1,3566,9.618642,134144.264608
50,67,1,3567,-667.073227,134720.117546
50,67,1,3568,181.442985,135359.954143
50,67,1,3569,425.710772,134400.199247
50,67,1,3570,-599.390450,132768.615924
50,67,1,3571,-404.923341,135663.876527
50,67,1,3572,-161.350145,133392.456607
50,67,1,3573,485.761200,134544.162482
50,67,1,3574,743.116594,132576.664945
50,67,1,3575,4.519135,134496.174737
50,67,1,3576,196.063827,134560.158397
50,67,1,3577,-499.865499,133744.366735
50,67,1,3578,11.329753,135072.027675
50,67,1,3579,-246.059466,133904.325885
50,67,1,3580,239.782302,134576.154312
50,67,1,3581,528.962959,133968.309544
50,67,1,3582,-442.364825,134064.285034
50,67,1,3583,-609.911392,135168.003164
50,67,1,3584,633.426453,135439.933718
50,67,1,3585,-223.950326,133424.448437
50,67,1,3586,17.962494,134928.064440
50,67,1,3587,-527.590862,133984.305459
50,67,1,3588,-668.945301,134640.137971
50,67,1,3589,67.458156,134336.215588
50,67,1,3590,-66.247022,134464.182907
50,67,1,3591,-32.583510,132768.615924
50,67,1,3592,-565.887901,131920.832433
50,67,1,3593,-1132.161214,134080.280949
50,67,1,3594,-23.367191,135583.896952
50,67,1,3595,-378.053534,134960.056270
50,67,1,3596,-200.113165,135439.933718
50,67,1,3597,-148.245625,133952.313629
50,67,1,3598,-789.901711,133888.329970
50,67,1,3599,520.796983,133904.325885
50,67,1,3600,177.520961,134480.178822
50,67,1,3601,328.930363,135535.909208
50,67,1,3602,-365.660517,132640.648605
50,67,1,3603,-464.634929,135391.945973
50,67,1,3604,59.453144,133424.448437
50,67,1,3605,319.070188,136111.762145
50,67,1,3606,561.787828,133376.460692
50,67,1,3607,-9.263064,134192.252353
50,67,1,3608,160.155577,133168.513798
50,67,1,3609,232.827633,136415.684529
50,67,1,3610,-136.496465,135024.039930
50,67,1,3611,108.948805,132832.599584
50,67,1,3612,158.800218,133680.383075
50,67,1,3613,-428.921466,134496.174737
50,67,1,3614,88.034061,133648.391246
50,67,1,3615,-413.927960,136703.610998
50,67,1,3616,307.837742,135631.884697
50,67,1,3617,-482.000312,134080.280949
50,67,1,3618,349.167428,134976.052185
50,67,1,3619,159.833649,134864.080780
50,67,1,3620,-634.426233,133408.452522
50,67,1,3621,540.695208,133472.436181
50,67,1,3622,-727.123654,134576.154312
50,67,1,3623,-443.042505,134320.219673
50,67,1,3624,-456.985668,134864.080780
50,67,1,3625,-398.629439,135647.880612
50,67,1,3626,-15.023339,136367.696784
50,67,1,3627,70.346749,134032.293204
50,67,1,3628,163.222046,133584.407586
50,67,1,3629,-0.241532,134720.117546
50,67,1,3630,-397.435044,135983.794826
50,67,1,3631,352.572736,135263.978654
50,67,1,3632,-153.539920,132016.807923
50,67,1,3633,-637.492702,132992.558733
50,67,1,3634,-328.058069,133392.456607
50,67,1,3635,156.089501,134704.121631
50,67,1,3636,-628.987886,132928.575074
50,67,1,3637,75.641044,135967.798911
50,67,1,3638,25.256004,132960.566904
50,67,1,3639,403.101829,135855.827506
50,67,1,3640,84.467788,134208.248268
50,67,1,3641,638.187120,135215.990909
50,67,1,3642,-201.985239,135359.954143
50,67,1,3643,272.785047,134704.121631
50,67,1,3644,-514.486342,134544.162482
50,67,1,3645,-149.101181,133488.432096
50,67,1,3646,-11.990693,133648.391246
50,67,1,3647,343.034489,134144.264608
50,67,1,3648,449.514110,133280.485202
50,67,1,3649,-204.390941,133120.526053
50,67,1,3650,-205.585336,132784.611839
50,67,1,3651,-458.180063,134528.166567
50,67,1,3652,128.525103,134096.276864
50,67,1,3653,117.631497,133488.432096
50,67,1,3654,-133.446907,133872.334055
50,67,1,3655,294.716311,133504.428011
50,67,1,3656,-453.241519,135024.039930
50,67,1,3657,245.576401,135535.909208
50,67,1,3658,-408.862277,133216.501542
50,67,1,3659,-385.541831,134640.137971
50,67,1,3660,-190.608742,133424.448437
50,67,1,3661,444.431514,135199.994994
50,67,1,3662,783.785512,133744.366735
50,67,1,3663,-820.854506,134560.158397
50,67,1,3664,612.655761,133840.342225
50,67,1,3665,-656.857300,135583.896952
50,67,1,3666,-337.740368,134688.125716
50,67,1,3667,188.914370,134112.272779
50,67,1,3668,51.803883,133952.313629
50,67,1,3669,-158.461552,133088.534223
50,67,1,3670,646.014257,135407.941888
50,67,1,3671,-106.060385,133760.362650
50,67,1,3672,172.599329,135551.905122
50,67,1,3673,291.666754,134656.133886
50,67,1,3674,322.458585,134832.088951
50,67,1,3675,148.940044,134256.236013
50,67,1,3676,90.422851,134320.219673
50,67,1,3677,820.549317,135599.892867
50,67,1,3678,310.014833,132448.697626
50,67,1,3679,-560.593607,133856.338140
50,67,1,3680,-355.088839,134944.060355
50,67,1,3681,-207.457410,132704.632265
50,67,1,3682,-377.714694,134832.088951
50,67,1,3683,-510.242390,133728.370820
50,67,1,3684,-385.042027,133664.387161
50,67,1,3685,-541.178273,135967.798911
50,67,1,3686,-96.183298,134752.109376
50,67,1,3687,-532.173653,134928.064440
50,67,1,3688,179.215159,133840.342225
50,67,1,3689,700.931354,132768.615924
50,67,1,3690,66.085885,133280.485202
50,67,1,3691,565.531977,133536.419841
50,67,1,3692,-493.215846,135168.003164
50,67,1,3693,36.505361,135008.044015
50,67,1,3694,655.874432,134832.088951
50,67,1,3695,-552.927434,134896.072610
50,67,1,3696,262.408157,134688.125716
50,67,1,3697,-307.126412,134144.264608
50,67,1,3698,-476.401001,132752.620009
