u,v,true_S,trial,S_prime,var_hat
52,144,1,0,-0.035281,266.090288
52,144,1,1,-8.803638,288.194493
52,144,1,2,-1.861790,284.153940
52,144,1,3,23.131481,289.145212
52,144,1,4,-25.107890,295.087203
52,144,1,5,2.191627,293.423445
52,144,1,6,-15.939753,282.490182
52,144,1,7,-2.443975,290.808969
52,144,1,8,-10.493344,294.136484
52,144,1,9,4.086846,287.243775
52,144,1,10,11.519676,284.629299
52,144,1,11,-34.824475,284.391619
52,144,1,12,5.502948,305.545106
52,144,1,13,5.365526,281.777143
52,144,1,14,12.923913,277.023551
52,144,1,15,-3.540251,280.113386
52,144,1,16,-6.759752,295.800241
52,144,1,17,3.024925,282.490182
52,144,1,18,-17.938039,270.843881
52,144,1,19,-17.081630,275.835153
52,144,1,20,-12.548476,296.513280
52,144,1,21,21.692889,290.808969
52,144,1,22,12.318619,267.754045
52,144,1,23,19.683358,289.145212
52,144,1,24,-14.637963,292.948086
52,144,1,25,-3.916922,286.530736
52,144,1,26,-24.343303,272.269958
52,144,1,27,-33.922466,285.342338
52,144,1,28,7.283856,291.522008
52,144,1,29,-14.683564,296.988640
52,144,1,30,1.586333,284.153940
52,144,1,31,0.924192,288.907532
52,144,1,32,-0.480045,296.513280
52,144,1,33,12.444795,301.504553
52,144,1,34,-13.553551,277.736590
52,144,1,35,-21.705368,299.127756
52,144,1,36,10.937492,291.284329
52,144,1,37,-1.747479,291.997367
52,144,1,38,39.835514,291.759688
52,144,1,39,35.085601,281.301784
52,144,1,40,17.262800,287.956814
52,144,1,41,16.144032,297.226319
52,144,1,42,23.222683,281.064105
52,144,1,43,11.805146,286.293056
52,144,1,44,6.553005,284.391619
52,144,1,45,-12.959503,296.988640
52,144,1,46,-24.228991,280.113386
52,144,1,47,-9.465778,292.948086
52,144,1,48,10.903137,285.342338
52,144,1,49,-25.302158,285.342338
52,144,1,50,-23.258272,292.948086
52,144,1,51,36.501702,299.603115
52,144,1,52,14.876598,292.710406
52,144,1,53,8.848005,287.719134
52,144,1,54,-9.625691,289.145212
52,144,1,55,2.202872,283.440901
52,144,1,56,1.917403,281.777143
52,144,1,57,-28.727172,301.266873
52,144,1,58,-2.740690,299.127756
52,144,1,59,-3.357848,263.951171
52,144,1,60,-6.097611,291.046649
52,144,1,61,21.247507,285.342338
52,144,1,62,-13.393639,281.539464
52,144,1,63,-2.900602,295.324882
52,144,1,64,13.323694,286.530736
52,144,1,65,18.861305,290.095930
52,144,1,66,8.448224,278.211949
52,144,1,67,19.808915,287.006095
52,144,1,68,4.532228,292.710406
52,144,1,69,-1.850545,274.171395
52,144,1,70,25.803152,286.055377
52,144,1,71,-0.799869,288.907532
52,144,1,72,-3.722655,296.275601
52,144,1,73,-0.879825,287.006095
52,144,1,74,5.376772,271.794599
52,144,1,75,-3.071760,301.504553
52,144,1,76,21.339327,313.150854
52,144,1,77,12.376084,289.620571
52,144,1,78,30.016482,299.127756
52,144,1,79,-10.847524,280.588745
52,144,1,80,-6.303124,291.284329
52,144,1,81,-20.997627,290.333610
52,144,1,82,-23.749254,291.522008
52,144,1,83,-10.642011,280.351066
52,144,1,84,-3.482786,301.979912
52,144,1,85,2.202872,283.440901
52,144,1,86,-9.431423,298.890077
52,144,1,87,5.674105,299.365436
52,144,1,88,20.950792,293.661125
52,144,1,89,-16.636249,281.301784
52,144,1,90,-16.030955,290.571290
52,144,1,91,15.915410,281.539464
52,144,1,92,-3.620207,278.211949
52,144,1,93,7.340702,277.498910
52,144,1,94,-10.801923,276.548192
52,144,1,95,16.520704,290.808969
52,144,1,96,6.358737,274.646755
52,144,1,97,19.261086,299.603115
52,144,1,98,10.628913,273.696036
52,144,1,99,-6.542993,285.580017
52,144,1,100,11.451584,308.634941
52,144,1,101,24.318959,291.759688
52,144,1,102,-1.907391,288.194493
52,144,1,103,32.037258,290.808969
52,144,1,104,-13.039459,295.087203
52,144,1,105,13.243738,284.629299
52,144,1,106,30.404399,282.727862
52,144,1,107,19.317932,285.580017
52,144,1,108,4.874544,280.351066
52,144,1,109,-22.961557,284.629299
52,144,1,110,13.620409,278.211949
52,144,1,111,-13.713463,273.933716
52,144,1,112,12.729646,267.278686
52,144,1,113,-22.607377,298.177038
52,144,1,114,-1.119694,281.301784
52,144,1,115,0.718679,289.145212
52,144,1,116,-25.621364,313.626214
52,144,1,117,9.955527,288.432173
52,144,1,118,-12.468520,298.414717
52,144,1,119,-15.037744,283.440901
52,144,1,120,3.972535,279.400347
52,144,1,121,-20.814605,310.061019
52,144,1,122,11.805146,286.293056
52,144,1,123,-22.527421,300.078475
52,144,1,124,-25.415851,313.388534
52,144,1,125,23.884823,276.310512
52,144,1,126,-11.372862,273.220677
52,144,1,127,18.016142,275.122114
52,144,1,128,-7.285089,288.432173
52,144,1,129,-7.273844,278.449629
52,144,1,130,-4.304839,302.930630
52,144,1,131,-0.914181,281.064105
52,144,1,132,26.921920,276.785871
52,144,1,133,21.612932,288.907532
52,144,1,134,-15.380060,295.800241
52,144,1,135,1.551978,278.211949
52,144,1,136,11.450966,272.745318
52,144,1,137,-20.803359,300.078475
52,144,1,138,12.878313,281.064105
52,144,1,139,-4.921379,303.643669
52,144,1,140,18.324721,292.710406
52,144,1,141,35.736496,286.530736
52,144,1,142,19.945717,274.884434
52,144,1,143,-23.167070,284.866979
52,144,1,144,-1.210896,289.382892
52,144,1,145,40.052273,281.539464
52,144,1,146,-5.526673,294.374164
52,144,1,147,-18.109196,277.023551
52,144,1,148,-0.834225,282.965542
52,144,1,149,-23.212671,288.907532
52,144,1,150,-5.892098,290.808969
52,144,1,151,-8.814884,298.177038
52,144,1,152,-17.058521,291.759688
52,144,1,153,-7.090822,298.177038
52,144,1,154,-12.366073,280.351066
52,144,1,155,-14.980279,305.307427
52,144,1,156,-6.131967,285.104658
52,144,1,157,33.623899,267.041007
52,144,1,158,-16.521937,289.145212
52,144,1,159,-13.633507,275.835153
52,144,1,160,8.539426,270.130842
52,144,1,161,13.141291,302.692951
52,144,1,162,-2.352773,282.727862
52,144,1,163,-8.814884,298.177038
52,144,1,164,-19.947570,269.180123
52,144,1,165,1.495131,292.235047
52,144,1,166,-9.089107,286.530736
52,144,1,167,3.299149,294.136484
52,144,1,168,20.813989,305.782786
52,144,1,169,16.977331,286.293056
52,144,1,170,-4.807686,275.597473
52,144,1,171,-17.298389,286.055377
52,144,1,172,-15.563082,276.072832
52,144,1,173,15.698651,291.759688
52,144,1,174,-12.982612,281.064105
52,144,1,175,13.369295,282.490182
52,144,1,176,-8.643726,291.997367
52,144,1,177,-4.853287,279.638027
52,144,1,178,13.769076,291.997367
52,144,1,179,-1.576321,285.817697
52,144,1,180,7.672391,311.011738
52,144,1,181,6.952785,293.898804
52,144,1,182,16.942975,280.351066
52,144,1,183,3.390351,286.055377
52,144,1,184,-0.217685,282.252503
52,144,1,185,16.988576,276.310512
52,144,1,186,21.658533,284.866979
52,144,1,187,-2.307172,278.687308
52,144,1,188,11.793900,296.275601
52,144,1,189,-24.776820,292.710406
52,144,1,190,-17.538258,280.351066
52,144,1,191,-27.402891,291.759688
52,144,1,192,-10.059827,273.696036
52,144,1,193,-22.436219,291.997367
52,144,1,194,-21.146293,276.548192
52,144,1,195,3.333504,300.078475
52,144,1,196,24.833051,309.110301
52,144,1,197,25.528929,274.409075
52,144,1,198,-0.023417,291.997367
52,144,1,199,-7.433756,274.646755
52,144,1,200,-12.366073,280.351066
52,144,1,201,-3.860076,272.507638
52,144,1,202,-15.163301,285.580017
52,144,1,203,-39.414476,277.736590
52,144,1,204,1.735000,297.939358
52,144,1,205,11.439720,282.727862
52,144,1,206,35.942009,286.293056
52,144,1,207,-2.649488,291.046649
52,144,1,208,0.867346,302.930630
52,144,1,209,5.239969,283.916260
52,144,1,210,11.930703,284.153940
52,144,1,211,1.620688,290.095930
52,144,1,212,-16.761806,283.440901
52,144,1,213,9.270277,277.261231
52,144,1,214,21.407419,289.145212
52,144,1,215,-16.042200,300.553834
52,144,1,216,-7.250734,294.374164
52,144,1,217,-20.095618,291.284329
52,144,1,218,3.641465,281.777143
52,144,1,219,-21.910881,299.365436
52,144,1,220,-18.006131,294.849523
52,144,1,221,24.330205,281.777143
52,144,1,222,-6.017655,292.948086
52,144,1,223,-35.349813,277.023551
52,144,1,224,-14.946542,275.359793
52,144,1,225,-25.724430,295.800241
52,144,1,226,37.289400,292.710406
52,144,1,227,-1.154049,275.359793
52,144,1,228,-33.066058,290.333610
52,144,1,229,-5.937699,294.849523
52,144,1,230,-23.658052,283.440901
52,144,1,231,-33.180370,282.490182
52,144,1,232,-7.239489,284.391619
52,144,1,233,11.508431,294.611843
52,144,1,234,-11.589621,283.440901
52,144,1,235,20.311143,278.449629
52,144,1,236,-17.755016,290.571290
52,144,1,237,23.816731,300.316154
52,144,1,238,7.466259,275.359793
52,144,1,239,-10.938726,288.669853
52,144,1,240,21.053239,275.597473
52,144,1,241,14.374370,301.266873
52,144,1,242,-5.138756,277.974269
52,144,1,243,-3.049269,281.539464
52,144,1,244,3.561509,279.875706
52,144,1,245,13.392405,298.414717
52,144,1,246,-22.037057,265.614929
52,144,1,247,-2.170370,266.565647
52,144,1,248,2.077315,285.580017
52,144,1,249,-9.328976,280.826425
52,144,1,250,23.257038,287.006095
52,144,1,251,2.237228,289.382892
52,144,1,252,14.591129,291.046649
52,144,1,253,-30.691102,295.562562
52,144,1,254,-19.798903,282.965542
52,144,1,255,-11.589621,283.440901
52,144,1,256,7.832303,314.814612
52,144,1,257,33.361539,281.301784
52,144,1,258,-0.914181,281.064105
52,144,1,259,-19.570280,298.652397
52,144,1,260,-17.789372,284.629299
52,144,1,261,7.283856,291.522008
52,144,1,262,-13.839020,276.072832
52,144,1,263,-2.215970,270.606201
52,144,1,264,25.563284,280.351066
52,144,1,265,-3.916922,286.530736
52,144,1,266,28.714692,288.669853
52,144,1,267,9.658194,260.861336
52,144,1,268,-7.992831,297.226319
52,144,1,269,-6.828462,283.916260
52,144,1,270,50.933226,278.924988
52,144,1,271,-1.256496,293.423445
52,144,1,272,3.252930,262.287414
52,144,1,273,6.370601,300.553834
52,144,1,274,-9.636936,299.127756
52,144,1,275,-7.079576,288.194493
52,144,1,276,6.827228,296.037921
52,144,1,277,-19.444723,296.513280
52,144,1,278,28.451714,267.041007
52,144,1,279,17.137243,290.095930
52,144,1,280,-8.701191,270.130842
52,144,1,281,16.109677,291.284329
52,144,1,282,-4.567817,281.301784
52,144,1,283,30.735469,280.351066
52,144,1,284,-10.424634,306.020465
52,144,1,285,-5.857743,296.750960
52,144,1,286,-14.592363,288.907532
52,144,1,287,10.195396,294.136484
52,144,1,288,0.798635,291.046649
52,144,1,289,-15.619928,290.095930
52,144,1,290,36.889619,283.203221
52,144,1,291,6.381847,290.571290
52,144,1,292,17.856230,271.319240
52,144,1,293,-1.576321,285.817697
52,144,1,294,19.078064,279.875706
52,144,1,295,2.168517,277.498910
52,144,1,296,11.325409,274.884434
52,144,1,297,-12.422919,294.374164
52,144,1,298,-15.871043,294.374164
52,144,1,299,3.767022,279.638027
52,144,1,300,10.012374,274.409075
52,144,1,301,35.976364,292.235047
52,144,1,302,-9.625691,289.145212
52,144,1,303,21.373064,283.203221
52,144,1,304,-11.623976,277.498910
52,144,1,305,-15.357569,275.835153
52,144,1,306,-2.615133,296.988640
52,144,1,307,-39.025941,297.226319
52,144,1,308,-2.318418,288.669853
52,144,1,309,-16.932964,289.620571
52,144,1,310,-7.810427,281.064105
52,144,1,311,10.229132,264.188851
52,144,1,312,12.250527,291.759688
52,144,1,313,12.547242,283.440901
52,144,1,314,-24.628772,270.606201
52,144,1,315,10.492111,285.817697
52,144,1,316,7.169544,283.678580
52,144,1,317,22.823520,307.446543
52,144,1,318,-17.287144,276.072832
52,144,1,319,25.300924,294.611843
52,144,1,320,2.533943,281.064105
52,144,1,321,-19.627745,276.785871
52,144,1,322,15.527493,297.939358
52,144,1,323,3.550263,289.858251
52,144,1,324,13.369295,282.490182
52,144,1,325,16.691861,284.629299
52,144,1,326,22.514941,289.858251
52,144,1,327,-50.752057,284.866979
52,144,1,328,-5.812142,292.710406
52,144,1,329,7.135189,277.736590
52,144,1,330,3.515908,283.916260
52,144,1,331,-10.721967,278.449629
52,144,1,332,1.266508,276.548192
52,144,1,333,-19.353521,288.432173
52,144,1,334,-7.057085,268.229405
52,144,1,335,2.442741,289.145212
52,144,1,336,7.831685,278.924988
52,144,1,337,-3.962523,290.571290
52,144,1,338,-2.775045,293.185766
52,144,1,339,-7.421892,300.553834
52,144,1,340,3.321640,274.171395
52,144,1,341,-9.294621,286.768416
52,144,1,342,-13.599152,281.777143
52,144,1,343,-6.371835,279.400347
52,144,1,344,4.281114,296.988640
52,144,1,345,45.190721,311.487097
52,144,1,346,19.557800,291.284329
52,144,1,347,-10.949972,298.652397
52,144,1,348,-5.652230,296.513280
52,144,1,349,-19.376012,308.397262
52,144,1,350,23.222683,281.064105
52,144,1,351,-13.313683,283.440901
52,144,1,352,-14.661073,277.023551
52,144,1,353,12.090615,287.956814
52,144,1,354,14.020190,287.719134
52,144,1,355,29.445543,295.800241
52,144,1,356,12.901422,296.988640
52,144,1,357,-29.058242,303.643669
52,144,1,358,19.923226,294.849523
52,144,1,359,12.512887,277.498910
52,144,1,360,1.826201,289.858251
52,144,1,361,-19.855749,296.988640
52,144,1,362,14.511173,289.145212
52,144,1,363,15.047756,286.530736
52,144,1,364,-5.892098,290.808969
52,144,1,365,-4.453506,289.145212
52,144,1,366,-9.671292,293.185766
52,144,1,367,6.153224,274.884434
52,144,1,368,48.181599,280.113386
52,144,1,369,7.420658,279.400347
52,144,1,370,9.338988,289.145212
52,144,1,371,31.683079,277.261231
52,144,1,372,-10.767568,282.490182
52,144,1,373,4.589075,278.687308
52,144,1,374,-28.715926,291.284329
52,144,1,375,30.564311,286.530736
52,144,1,376,14.751041,294.849523
52,144,1,377,-20.244284,277.498910
52,144,1,378,18.644546,300.316154
52,144,1,379,2.705719,310.774058
52,144,1,380,13.666629,310.061019
52,144,1,381,-6.086366,281.064105
52,144,1,382,14.385616,291.284329
52,144,1,383,4.429781,310.774058
52,144,1,384,2.420250,309.110301
52,144,1,385,30.815425,282.252503
52,144,1,386,-12.537231,286.530736
52,144,1,387,-36.422980,282.252503
52,144,1,388,-1.028492,273.220677
52,144,1,389,-2.272817,284.629299
52,144,1,390,24.809942,293.185766
52,144,1,391,3.630219,291.759688
52,144,1,392,10.743225,281.539464
52,144,1,393,-4.693374,283.440901
52,144,1,394,-29.549224,302.217591
52,144,1,395,8.357022,286.293056
52,144,1,396,12.341729,283.678580
52,144,1,397,6.062022,282.965542
52,144,1,398,12.581598,289.382892
52,144,1,399,2.637009,298.890077
52,144,1,400,-4.898887,283.678580
52,144,1,401,-21.694122,289.145212
52,144,1,402,-30.120163,298.890077
52,144,1,403,-7.501848,298.652397
52,144,1,404,9.213431,291.284329
52,144,1,405,15.653050,295.800241
52,144,1,406,-5.595383,282.490182
52,144,1,407,-9.374577,284.866979
52,144,1,408,-10.082318,293.661125
52,144,1,409,-26.797597,301.029193
52,144,1,410,5.867755,273.220677
52,144,1,411,3.641465,281.777143
52,144,1,412,10.697624,285.580017
52,144,1,413,34.275412,308.159582
52,144,1,414,4.223649,275.122114
52,144,1,415,3.538399,263.951171
52,144,1,416,33.441496,283.203221
52,144,1,417,16.749326,306.495825
52,144,1,418,-15.825442,290.333610
52,144,1,419,-20.335486,285.580017
52,144,1,420,4.292360,287.006095
52,144,1,421,-6.999620,290.095930
52,144,1,422,28.725938,278.687308
52,144,1,423,22.195117,282.252503
52,144,1,424,1.084105,292.710406
52,144,1,425,7.740483,287.006095
52,144,1,426,9.806860,274.646755
52,144,1,427,8.048443,268.704764
52,144,1,428,13.745966,276.072832
52,144,1,429,4.760851,308.397262
52,144,1,430,15.458782,286.055377
52,144,1,431,4.337960,282.965542
52,144,1,432,44.402405,282.490182
52,144,1,433,-10.721967,278.449629
52,144,1,434,19.432243,293.423445
52,144,1,435,29.571100,293.661125
52,144,1,436,24.524472,291.522008
52,144,1,437,-11.920691,285.817697
52,144,1,438,-13.324928,293.423445
52,144,1,439,5.730952,285.342338
52,144,1,440,8.060308,294.611843
52,144,1,441,20.094384,288.669853
52,144,1,442,-15.893534,314.339252
52,144,1,443,-9.066616,266.565647
52,144,1,444,9.624457,290.808969
52,144,1,445,-12.011893,293.898804
52,144,1,446,20.048783,292.710406
52,144,1,447,-1.439519,273.696036
52,144,1,448,-4.407905,285.104658
52,144,1,449,14.876598,292.710406
52,144,1,450,8.140264,296.513280
52,144,1,451,-5.766541,288.669853
52,144,1,452,-2.809400,287.243775
52,144,1,453,11.645233,282.490182
52,144,1,454,27.321701,286.293056
52,144,1,455,48.992406,289.145212
52,144,1,456,-7.604914,280.826425
52,144,1,457,-2.478330,284.866979
52,144,1,458,25.061056,288.907532
52,144,1,459,-4.864532,289.620571
52,144,1,460,0.022184,287.956814
52,144,1,461,8.174619,302.455271
52,144,1,462,-25.838741,287.956814
52,144,1,463,-15.905398,288.432173
52,144,1,464,-11.520910,295.324882
52,144,1,465,-6.337480,285.342338
52,144,1,466,17.948050,299.127756
52,144,1,467,5.571040,281.539464
52,144,1,468,-0.845470,292.948086
52,144,1,469,-3.585852,284.153940
52,144,1,470,-33.716953,285.104658
52,144,1,471,-7.365046,286.530736
52,144,1,472,23.279529,267.041007
52,144,1,473,-2.649488,291.046649
52,144,1,474,23.588108,284.629299
52,144,1,475,12.958269,282.965542
52,144,1,476,-6.668550,287.719134
52,144,1,477,15.436291,306.020465
52,144,1,478,-25.587627,283.678580
52,144,1,479,-10.002362,295.562562
52,144,1,480,-12.011893,293.898804
52,144,1,481,-21.785324,297.226319
52,144,1,482,-20.929535,266.327968
52,144,1,483,-9.169063,284.629299
52,144,1,484,5.936465,285.104658
52,144,1,485,-1.405163,279.638027
52,144,1,486,-14.466805,286.768416
52,144,1,487,-6.657304,277.736590
52,144,1,488,-5.960809,278.924988
52,144,1,489,-17.343990,290.095930
52,144,1,490,-23.989123,285.817697
52,144,1,491,14.100146,289.620571
52,144,1,492,1.049749,286.768416
52,144,1,493,-9.580090,285.104658
52,144,1,494,15.264515,276.310512
52,144,1,495,0.227697,287.719134
52,144,1,496,35.816452,288.432173
52,144,1,497,-23.052759,292.710406
52,144,1,498,-10.893125,284.629299
52,144,1,499,1.951758,287.719134
52,144,1,500,-1.576321,285.817697
52,144,1,501,19.592156,297.226319
52,144,1,502,4.908899,286.293056
52,144,1,503,4.532228,292.710406
52,144,1,504,23.884823,276.310512
52,144,1,505,4.577829,288.669853
52,144,1,506,19.192375,287.719134
52,144,1,507,-10.196629,285.817697
52,144,1,508,23.051525,287.243775
52,144,1,509,-0.947917,311.011738
52,144,1,510,27.116188,286.530736
52,144,1,511,30.553065,296.513280
52,144,1,512,-17.903683,276.785871
52,144,1,513,3.184837,286.293056
52,144,1,514,-32.598185,275.835153
52,144,1,515,1.951758,287.719134
52,144,1,516,-6.280633,271.319240
52,144,1,517,3.904443,303.405990
52,144,1,518,13.894633,289.858251
52,144,1,519,-12.708389,292.710406
52,144,1,520,9.772505,268.704764
52,144,1,521,-24.765575,282.727862
52,144,1,522,-16.556293,283.203221
52,144,1,523,-2.295308,304.594388
52,144,1,524,12.981378,298.890077
52,144,1,525,5.616640,277.498910
52,144,1,526,-1.690633,277.974269
52,144,1,527,11.633988,292.472727
52,144,1,528,-20.746513,286.055377
52,144,1,529,18.838814,310.061019
52,144,1,530,-21.739723,293.185766
52,144,1,531,13.757830,301.979912
52,144,1,532,9.886817,276.548192
52,144,1,533,2.248473,279.400347
52,144,1,534,3.059280,288.432173
52,144,1,535,-3.962523,290.571290
52,144,1,536,9.042273,297.463999
52,144,1,537,4.326715,292.948086
52,144,1,538,-9.465778,292.948086
52,144,1,539,-6.954019,286.055377
52,144,1,540,11.314163,284.866979
52,144,1,541,-11.486555,301.266873
52,144,1,542,6.667316,292.235047
52,144,1,543,17.388357,285.817697
52,144,1,544,-16.761806,283.440901
52,144,1,545,-4.145545,270.843881
52,144,1,546,17.662581,297.463999
52,144,1,547,1.232771,306.495825
52,144,1,548,22.663608,303.643669
52,144,1,549,40.452054,291.046649
52,144,1,550,15.949765,287.481454
52,144,1,551,-25.347759,289.382892
52,144,1,552,24.627538,309.347980
52,144,1,553,4.714632,276.548192
52,144,1,554,-19.638990,286.768416
52,144,1,555,2.111671,291.522008
52,144,1,556,14.910953,298.652397
52,144,1,557,9.978637,304.356708
52,144,1,558,-7.867274,295.087203
52,144,1,559,20.676568,282.014823
52,144,1,560,-0.000926,272.032279
52,144,1,561,-29.378066,296.037921
52,144,1,562,20.687814,272.032279
52,144,1,563,8.357022,286.293056
52,144,1,564,-10.447743,290.095930
52,144,1,565,7.740483,287.006095
52,144,1,566,3.630219,291.759688
52,144,1,567,-14.386849,288.669853
52,144,1,568,2.899368,284.629299
52,144,1,569,-23.829210,289.620571
52,144,1,570,-7.113932,282.252503
52,144,1,571,4.155557,299.127756
52,144,1,572,-4.762085,271.556919
52,144,1,573,-0.719913,290.808969
52,144,1,574,9.966773,278.449629
52,144,1,575,13.232493,294.611843
52,144,1,576,-30.679856,285.580017
52,144,1,577,-5.115646,293.898804
52,144,1,578,-5.241203,296.037921
52,144,1,579,-3.551497,290.095930
52,144,1,580,-2.147260,282.490182
52,144,1,581,38.750483,271.081560
52,144,1,582,39.196483,312.437815
52,144,1,583,-8.883594,286.293056
52,144,1,584,-18.462758,299.365436
52,144,1,585,-6.257524,287.243775
52,144,1,586,13.917124,269.893162
52,144,1,587,12.878313,281.064105
52,144,1,588,-1.976102,276.310512
52,144,1,589,-0.354488,294.374164
52,144,1,590,0.410100,271.556919
52,144,1,591,-11.578375,273.458356
52,144,1,592,-25.404605,303.405990
52,144,1,593,-10.071072,283.678580
52,144,1,594,15.207668,290.333610
52,144,1,595,-8.837993,282.252503
52,144,1,596,-23.760500,301.504553
52,144,1,597,20.208695,296.513280
52,144,1,598,6.347491,284.629299
52,144,1,599,-4.635909,305.307427
52,144,1,600,-10.196629,285.817697
52,144,1,601,19.261086,299.603115
52,144,1,602,12.010659,286.055377
52,144,1,603,-5.835252,276.785871
52,144,1,604,-17.012920,287.719134
52,144,1,605,-15.448771,283.916260
52,144,1,606,-0.343242,284.391619
52,144,1,607,-20.620956,283.916260
52,144,1,608,40.577611,288.907532
52,144,1,609,5.217478,303.881349
52,144,1,610,-23.121469,280.826425
52,144,1,611,3.059280,288.432173
52,144,1,612,-1.188404,269.417803
52,144,1,613,2.453986,279.162668
52,144,1,614,8.791159,301.742232
52,144,1,615,-6.439927,303.405990
52,144,1,616,12.364839,299.603115
52,144,1,617,-12.183051,300.078475
52,144,1,618,-9.454533,282.965542
52,144,1,619,14.134501,295.562562
52,144,1,620,5.719706,295.324882
52,144,1,621,-3.780120,274.409075
52,144,1,622,3.059280,288.432173
52,144,1,623,-4.282348,282.965542
52,144,1,624,12.992624,288.907532
52,144,1,625,-11.121129,304.832067
52,144,1,626,-2.991804,303.405990
52,144,1,627,-6.622949,283.678580
52,144,1,628,-24.149035,282.014823
52,144,1,629,0.056539,293.898804
52,144,1,630,21.589823,272.982997
52,144,1,631,0.238942,277.736590
52,144,1,632,12.547242,283.440901
52,144,1,633,-10.242230,289.858251
52,144,1,634,30.804179,292.235047
52,144,1,635,15.025265,306.495825
52,144,1,636,22.891612,283.440901
52,144,1,637,0.250806,303.643669
52,144,1,638,4.052491,281.301784
52,144,1,639,40.532010,292.948086
52,144,1,640,-14.615472,272.982997
52,144,1,641,31.614987,301.266873
52,144,1,642,-6.542993,285.580017
52,144,1,643,17.046041,298.177038
52,144,1,644,26.248534,291.522008
52,144,1,645,3.938180,273.458356
52,144,1,646,-15.871661,258.484540
52,144,1,647,-7.890383,279.162668
52,144,1,648,-15.882907,268.467084
52,144,1,649,-13.690354,289.858251
52,144,1,650,-6.052010,287.006095
52,144,1,651,20.630967,286.055377
52,144,1,652,36.798417,291.284329
52,144,1,653,13.871523,273.933716
52,144,1,654,-12.811454,274.884434
52,144,1,655,-11.384108,283.203221
52,144,1,656,15.949765,287.481454
52,144,1,657,-21.750969,303.168310
52,144,1,658,5.845263,293.185766
52,144,1,659,-15.072099,277.498910
52,144,1,660,-0.674312,286.768416
52,144,1,661,-34.984388,280.588745
52,144,1,662,-27.071821,289.382892
52,144,1,663,-16.521937,289.145212
52,144,1,664,37.620470,290.333610
52,144,1,665,5.890864,289.145212
52,144,1,666,0.444455,277.498910
52,144,1,667,31.831745,291.046649
52,144,1,668,-12.206160,284.153940
52,144,1,669,0.307653,289.620571
52,144,1,670,-21.408653,290.808969
52,144,1,671,4.908899,286.293056
52,144,1,672,6.747272,294.136484
52,144,1,673,-14.055779,286.293056
52,144,1,674,-0.491290,306.495825
52,144,1,675,-4.944488,287.719134
52,144,1,676,-9.374577,284.866979
52,144,1,677,-35.075589,288.669853
52,144,1,678,-26.147320,270.368521
52,144,1,679,5.925220,295.087203
52,144,1,680,-18.531468,287.481454
52,144,1,681,-7.216997,264.426531
52,144,1,682,29.902170,291.284329
52,144,1,683,-13.804665,282.014823
52,144,1,684,11.063049,289.145212
52,144,1,685,-37.815971,279.875706
52,144,1,686,2.956215,270.606201
52,144,1,687,2.750701,270.843881
52,144,1,688,1.814956,299.840795
52,144,1,689,-28.692816,307.208864
52,144,1,690,-11.920691,285.817697
52,144,1,691,-12.708389,292.710406
52,144,1,692,-17.184078,293.898804
52,144,1,693,1.495131,292.235047
52,144,1,694,-3.745764,280.351066
52,144,1,695,-2.649488,291.046649
52,144,1,696,2.397140,293.185766
52,144,1,697,4.258004,281.064105
52,144,1,698,28.109398,279.400347
52,144,1,699,-16.305179,278.924988
52,144,1,700,15.995366,283.440901
52,144,1,701,-33.477085,290.808969
52,144,1,702,9.247786,297.226319
52,144,1,703,8.277066,284.391619
52,144,1,704,-15.003389,289.382892
52,144,1,705,37.551759,278.449629
52,144,1,706,-25.416469,277.498910
52,144,1,707,2.066070,295.562562
52,144,1,708,-5.697830,300.553834
52,144,1,709,-8.929195,290.333610
52,144,1,710,-15.254503,293.661125
52,144,1,711,-21.774079,287.243775
52,144,1,712,6.404956,306.495825
52,144,1,713,5.114412,286.055377
52,144,1,714,-0.503154,280.588745
52,144,1,715,-6.702905,281.777143
52,144,1,716,-10.402143,286.055377
52,144,1,717,11.987549,270.130842
52,144,1,718,2.488342,285.104658
52,144,1,719,-12.719634,302.692951
52,144,1,720,16.280835,285.104658
52,144,1,721,3.926934,283.440901
52,144,1,722,-2.421484,270.843881
52,144,1,723,8.140264,296.513280
52,144,1,724,-3.585852,284.153940
52,144,1,725,-27.197378,291.522008
52,144,1,726,12.923913,277.023551
52,144,1,727,11.725190,284.391619
52,144,1,728,-12.959503,296.988640
52,144,1,729,0.227697,287.719134
52,144,1,730,9.704413,292.710406
52,144,1,731,-15.688639,278.211949
52,144,1,732,-17.195942,267.991725
52,144,1,733,25.654486,272.269958
52,144,1,734,-27.562803,287.956814
52,144,1,735,-8.027186,291.284329
52,144,1,736,5.183123,297.939358
52,144,1,737,14.842243,286.768416
52,144,1,738,-15.506236,262.049734
52,144,1,739,44.836541,297.939358
52,144,1,740,-0.274531,296.275601
52,144,1,741,3.116127,274.409075
52,144,1,742,-2.980558,293.423445
52,144,1,743,-24.731219,288.669853
52,144,1,744,-7.547449,302.692951
52,144,1,745,-2.798155,277.261231
52,144,1,746,3.413460,301.979912
52,144,1,747,26.248534,291.522008
52,144,1,748,7.797329,272.982997
52,144,1,749,-16.167757,302.692951
52,144,1,750,10.606422,293.661125
52,144,1,751,12.376084,289.620571
52,144,1,752,-20.689666,272.032279
52,144,1,753,-13.062568,279.162668
52,144,1,754,18.758239,272.269958
52,144,1,755,-0.468799,286.530736
52,144,1,756,-11.623976,277.498910
52,144,1,757,13.243738,284.629299
52,144,1,758,18.598945,304.356708
52,144,1,759,-24.913623,304.832067
52,144,1,760,0.262052,293.661125
52,144,1,761,-23.395693,269.180123
52,144,1,762,25.757551,290.095930
52,144,1,763,0.570631,311.249417
52,144,1,764,5.650996,283.440901
52,144,1,765,-2.558286,282.965542
52,144,1,766,28.474824,282.965542
52,144,1,767,4.155557,299.127756
52,144,1,768,36.021965,288.194493
52,144,1,769,13.346804,302.455271
52,144,1,770,1.848692,269.893162
52,144,1,771,12.512887,277.498910
52,144,1,772,9.841216,280.588745
52,144,1,773,-4.076835,282.727862
52,144,1,774,20.962038,283.678580
52,144,1,775,-0.765514,294.849523
52,144,1,776,2.214118,273.458356
52,144,1,777,20.003182,296.750960
52,144,1,778,-2.136014,272.507638
52,144,1,779,27.276100,290.333610
52,144,1,780,-36.274313,296.037921
52,144,1,781,-0.000926,272.032279
52,144,1,782,26.545249,283.203221
52,144,1,783,13.494852,280.351066
52,144,1,784,-6.326234,275.359793
52,144,1,785,-16.362025,292.948086
52,144,1,786,23.131481,289.145212
52,144,1,787,2.465232,269.180123
52,144,1,788,-4.522216,277.261231
52,144,1,789,-2.409619,296.750960
52,144,1,790,13.414896,278.449629
52,144,1,791,-4.133681,296.750960
52,144,1,792,-29.675400,268.467084
52,144,1,793,-22.093903,279.638027
52,144,1,794,-16.727451,289.382892
52,144,1,795,-10.721967,278.449629
52,144,1,796,8.710584,263.951171
52,144,1,797,21.669779,274.884434
52,144,1,798,-2.352773,282.727862
52,144,1,799,8.711202,299.840795
52,144,1,800,2.225982,299.365436
52,144,1,801,-22.972802,294.611843
52,144,1,802,-32.540720,297.701678
52,144,1,803,-34.379094,289.858251
52,144,1,804,-30.599900,287.481454
52,144,1,805,16.075322,285.342338
52,144,1,806,-10.870015,300.553834
52,144,1,807,-13.770310,287.956814
52,144,1,808,8.596891,291.997367
52,144,1,809,35.793961,308.397262
52,144,1,810,24.147801,297.939358
52,144,1,811,23.565617,304.594388
52,144,1,812,37.643580,306.258145
52,144,1,813,0.935438,278.924988
52,144,1,814,-24.868022,300.791514
52,144,1,815,-16.407626,296.988640
52,144,1,816,-26.523992,276.785871
52,144,1,817,3.379105,296.037921
52,144,1,818,-20.803359,300.078475
52,144,1,819,4.063737,271.319240
52,144,1,820,-33.602642,292.948086
52,144,1,821,12.524751,303.405990
52,144,1,822,0.501920,299.365436
52,144,1,823,2.819412,282.727862
52,144,1,824,14.876598,292.710406
52,144,1,825,25.906218,303.881349
52,144,1,826,6.050777,292.948086
52,144,1,827,23.462551,286.768416
52,144,1,828,18.541480,282.490182
52,144,1,829,-7.901629,289.145212
52,144,1,830,9.784369,294.611843
52,144,1,831,7.569325,293.185766
52,144,1,832,-29.012641,299.603115
52,144,1,833,-20.495399,281.777143
52,144,1,834,23.097126,283.203221
52,144,1,835,-11.726423,295.562562
52,144,1,836,19.294822,269.655482
52,144,1,837,12.102479,313.863893
52,144,1,838,5.776553,281.301784
52,144,1,839,23.588108,284.629299
52,144,1,840,7.249500,285.580017
52,144,1,841,14.032054,313.626214
52,144,1,842,21.966494,266.565647
52,144,1,843,5.183123,297.939358
52,144,1,844,-7.068331,278.211949
52,144,1,845,6.929676,277.974269
52,144,1,846,-22.972802,294.611843
52,144,1,847,-9.454533,282.965542
52,144,1,848,0.307653,289.620571
52,144,1,849,-8.758037,284.153940
52,144,1,850,4.772097,298.414717
52,144,1,851,-19.513433,284.629299
52,144,1,852,2.180381,303.405990
52,144,1,853,14.990909,300.553834
52,144,1,854,-19.273565,290.333610
52,144,1,855,2.031715,289.620571
52,144,1,856,-6.166322,279.162668
52,144,1,857,-6.954019,286.055377
52,144,1,858,-21.157539,286.530736
52,144,1,859,-3.962523,290.571290
52,144,1,860,25.289679,304.594388
52,144,1,861,-12.388564,300.316154
52,144,1,862,-8.826748,272.269958
52,144,1,863,6.496158,298.414717
52,144,1,864,3.459061,297.939358
52,144,1,865,-27.985075,298.414717
52,144,1,866,4.052491,281.301784
52,144,1,867,5.845263,293.185766
52,144,1,868,-6.417436,283.440901
52,144,1,869,3.950044,299.365436
52,144,1,870,31.055293,287.956814
52,144,1,871,19.569046,281.301784
52,144,1,872,-21.146293,276.548192
52,144,1,873,-21.568565,287.006095
52,144,1,874,3.915689,293.423445
52,144,1,875,-10.904371,294.611843
52,144,1,876,-1.393299,305.545106
52,144,1,877,-17.355236,300.078475
52,144,1,878,-12.354209,306.258145
52,144,1,879,-12.331717,286.293056
52,144,1,880,25.197858,276.785871
52,144,1,881,13.175028,272.745318
52,144,1,882,21.098840,271.556919
52,144,1,883,13.198137,288.669853
52,144,1,884,34.777641,299.603115
52,144,1,885,-3.951278,280.588745
52,144,1,886,-25.131000,279.162668
52,144,1,887,49.620191,278.449629
52,144,1,888,-5.972054,288.907532
52,144,1,889,4.475382,306.733504
52,144,1,890,-0.994137,279.162668
52,144,1,891,-11.109884,294.849523
52,144,1,892,-6.668550,287.719134
52,144,1,893,-16.636249,281.301784
52,144,1,894,1.380820,284.391619
52,144,1,895,-16.213358,306.733504
52,144,1,896,-7.376291,296.513280
52,144,1,897,7.740483,287.006095
52,144,1,898,11.965058,290.095930
52,144,1,899,13.872142,309.823339
52,144,1,900,4.612184,294.611843
52,144,1,901,46.389445,304.119028
52,144,1,902,-20.563491,305.782786
52,144,1,903,-2.250326,264.664210
52,144,1,904,-1.656277,283.916260
52,144,1,905,13.609164,288.194493
52,144,1,906,-6.839708,293.898804
52,144,1,907,12.250527,291.759688
52,144,1,908,-11.772024,299.603115
52,144,1,909,0.969793,284.866979
52,144,1,910,1.072859,302.692951
52,144,1,911,-8.540660,309.823339
52,144,1,912,14.294414,299.365436
52,144,1,913,11.930703,284.153940
52,144,1,914,24.547582,307.446543
52,144,1,915,-2.101040,314.339252
52,144,1,916,17.308401,283.916260
52,144,1,917,1.187171,310.536378
52,144,1,918,-14.866586,277.261231
52,144,1,919,17.433958,281.777143
52,144,1,920,1.038504,296.750960
52,144,1,921,0.067784,283.916260
52,144,1,922,-10.744458,298.414717
52,144,1,923,18.050498,281.064105
52,144,1,924,-18.508977,267.516366
52,144,1,925,22.526187,279.875706
52,144,1,926,2.808166,292.710406
52,144,1,927,-19.787657,272.982997
52,144,1,928,2.328429,281.301784
52,144,1,929,-10.071072,283.678580
52,144,1,930,-19.844504,287.006095
52,144,1,931,-7.399401,280.588745
52,144,1,932,19.797669,296.988640
52,144,1,933,3.356614,316.003010
52,144,1,934,3.972535,279.400347
52,144,1,935,6.884075,282.014823
52,144,1,936,3.915689,293.423445
52,144,1,937,-3.608343,304.119028
52,144,1,938,-19.033696,296.037921
52,144,1,939,-11.144239,288.907532
52,144,1,940,12.992624,288.907532
52,144,1,941,-0.525645,300.553834
52,144,1,942,-1.096584,297.226319
52,144,1,943,21.612932,288.907532
52,144,1,944,-48.662569,288.432173
52,144,1,945,-18.942495,287.956814
52,144,1,946,-6.257524,287.243775
52,144,1,947,16.075322,285.342338
52,144,1,948,-7.650515,284.866979
52,144,1,949,-43.456029,294.374164
52,144,1,950,-5.389870,282.252503
52,144,1,951,7.729237,296.988640
52,144,1,952,3.995645,295.324882
52,144,1,953,12.627199,285.342338
52,144,1,954,-2.443975,290.808969
52,144,1,955,-26.318478,276.548192
52,144,1,956,1.095350,282.727862
52,144,1,957,18.507125,276.548192
52,144,1,958,-6.874063,287.956814
52,144,1,959,-1.541966,291.759688
52,144,1,960,7.934751,296.750960
52,144,1,961,-24.240237,290.095930
52,144,1,962,-11.132994,278.924988
52,144,1,963,-21.979592,287.481454
52,144,1,964,8.185865,292.472727
52,144,1,965,28.189354,281.301784
52,144,1,966,9.955527,288.432173
52,144,1,967,-5.640984,286.530736
52,144,1,968,12.216172,285.817697
52,144,1,969,-12.137450,296.037921
52,144,1,970,10.743225,281.539464
52,144,1,971,-17.778126,274.646755
52,144,1,972,-26.603948,274.884434
52,144,1,973,-13.439240,285.580017
52,144,1,974,2.876877,304.594388
52,144,1,975,6.381847,290.571290
52,144,1,976,-29.115707,281.777143
52,144,1,977,-17.058521,291.759688
52,144,1,978,-1.576321,285.817697
52,144,1,979,-22.744798,274.409075
52,144,1,980,31.055293,287.956814
52,144,1,981,31.180850,285.817697
52,144,1,982,-14.455560,276.785871
52,144,1,983,14.374370,301.266873
52,144,1,984,-0.263286,286.293056
52,144,1,985,-2.775045,293.185766
52,144,1,986,-10.698858,294.374164
52,144,1,987,4.212403,285.104658
52,144,1,988,-16.099665,278.687308
52,144,1,989,-26.980619,281.301784
52,144,1,990,21.887156,300.553834
52,144,1,991,-1.347698,301.504553
52,144,1,992,13.654764,284.153940
52,144,1,993,22.229472,288.194493
52,144,1,994,1.951758,287.719134
52,144,1,995,-3.654563,272.269958
52,144,1,996,-31.398843,304.356708
52,144,1,997,14.511173,289.145212
52,144,1,998,23.724911,272.507638
52,144,1,999,13.449251,284.391619
52,144,1,1000,16.578169,312.675495
52,144,1,1001,-9.591335,295.087203
52,144,1,1002,28.520425,278.924988
52,144,1,1003,-6.850953,303.881349
52,144,1,1004,-3.425940,287.956814
52,144,1,1005,-13.370529,297.463999
52,144,1,1006,-4.247993,288.907532
52,144,1,1007,11.782655,306.258145
52,144,1,1008,-27.368535,297.701678
52,144,1,1009,8.642492,287.956814
52,144,1,1010,-2.672598,275.122114
52,144,1,1011,18.393432,304.594388
52,144,1,1012,4.212403,285.104658
52,144,1,1013,-6.485528,307.446543
52,144,1,1014,-11.795134,283.678580
52,144,1,1015,-4.088080,292.710406
52,144,1,1016,1.255263,286.530736
52,144,1,1017,12.730264,303.168310
52,144,1,1018,-17.903683,276.785871
52,144,1,1019,9.635702,280.826425
52,144,1,1020,-40.909915,293.423445
52,144,1,1021,2.773811,286.768416
52,144,1,1022,17.765028,279.400347
52,144,1,1023,-3.836966,288.432173
52,144,1,1024,13.221247,304.594388
52,144,1,1025,5.023211,294.136484
52,144,1,1026,-15.928508,272.507638
52,144,1,1027,-16.556293,283.203221
52,144,1,1028,-12.035003,277.974269
52,144,1,1029,13.860278,283.916260
52,144,1,1030,-16.465091,275.122114
52,144,1,1031,3.607109,275.835153
52,144,1,1032,-0.834225,282.965542
52,144,1,1033,24.044735,280.113386
52,144,1,1034,-27.071821,289.382892
52,144,1,1035,11.291054,268.942444
52,144,1,1036,8.848005,287.719134
52,144,1,1037,31.557522,279.400347
52,144,1,1038,-8.187098,287.481454
52,144,1,1039,14.910953,298.652397
52,144,1,1040,-12.365454,316.240689
52,144,1,1041,-27.128667,303.405990
52,144,1,1042,34.697684,297.701678
52,144,1,1043,14.830997,296.750960
52,144,1,1044,6.165088,300.791514
52,144,1,1045,-20.232420,303.405990
52,144,1,1046,-15.563082,276.072832
52,144,1,1047,-3.631453,288.194493
52,144,1,1048,-22.561776,294.136484
52,144,1,1049,14.214458,297.463999
52,144,1,1050,7.957242,276.785871
52,144,1,1051,9.007917,291.522008
52,144,1,1052,-17.983639,274.884434
52,144,1,1053,3.036171,272.507638
52,144,1,1054,6.701671,298.177038
52,144,1,1055,8.768049,285.817697
52,144,1,1056,13.540453,276.310512
52,144,1,1057,-15.243257,283.678580
52,144,1,1058,20.642213,276.072832
52,144,1,1059,-22.299416,279.875706
52,144,1,1060,-30.976571,293.898804
52,144,1,1061,-27.242978,295.562562
52,144,1,1062,-3.391585,293.898804
52,144,1,1063,-1.085339,287.243775
52,144,1,1064,-0.114619,300.078475
52,144,1,1065,14.454326,303.168310
52,144,1,1066,-8.963550,284.391619
52,144,1,1067,-39.448213,307.684223
52,144,1,1068,1.392065,274.409075
52,144,1,1069,6.096377,288.907532
52,144,1,1070,27.709617,269.893162
52,144,1,1071,5.080057,280.113386
52,144,1,1072,-14.226937,292.472727
52,144,1,1073,6.416202,296.513280
52,144,1,1074,-24.320193,288.194493
52,144,1,1075,-19.547789,278.687308
52,144,1,1076,25.883108,287.956814
52,144,1,1077,-1.359562,275.597473
52,144,1,1078,5.810908,287.243775
52,144,1,1079,3.744531,299.603115
52,144,1,1080,1.791846,283.916260
52,144,1,1081,-0.891071,296.988640
52,144,1,1082,3.013680,292.472727
52,144,1,1083,-17.480793,302.217591
52,144,1,1084,11.793900,296.275601
52,144,1,1085,5.114412,286.055377
52,144,1,1086,13.814677,287.956814
52,144,1,1087,-7.581804,296.750960
52,144,1,1088,1.335219,288.432173
52,144,1,1089,17.593870,285.580017
52,144,1,1090,4.212403,285.104658
52,144,1,1091,5.547930,265.614929
52,144,1,1092,15.082111,292.472727
52,144,1,1093,-3.677054,292.235047
52,144,1,1094,15.458782,286.055377
52,144,1,1095,6.096377,288.907532
52,144,1,1096,-25.849987,297.939358
52,144,1,1097,-23.007158,288.669853
52,144,1,1098,15.321980,298.177038
52,144,1,1099,6.336246,294.611843
52,144,1,1100,-21.248741,294.611843
52,144,1,1101,-2.603887,287.006095
52,144,1,1102,9.726904,272.745318
52,144,1,1103,-2.250326,264.664210
52,144,1,1104,9.726904,272.745318
52,144,1,1105,25.380880,296.513280
52,144,1,1106,-25.347759,289.382892
52,144,1,1107,18.415923,284.629299
52,144,1,1108,39.915470,293.661125
52,144,1,1109,21.133195,277.498910
52,144,1,1110,-8.232699,291.522008
52,144,1,1111,-12.902656,282.965542
52,144,1,1112,15.881054,275.597473
52,144,1,1113,7.911641,280.826425
52,144,1,1114,-12.594696,264.664210
52,144,1,1115,-8.461322,275.835153
52,144,1,1116,23.907933,292.235047
52,144,1,1117,13.791567,272.032279
52,144,1,1118,1.346464,278.449629
52,144,1,1119,-9.545735,291.046649
52,144,1,1120,-15.460016,293.898804
52,144,1,1121,16.189633,293.185766
52,144,1,1122,-1.976102,276.310512
52,144,1,1123,19.055572,299.840795
52,144,1,1124,-26.420926,294.611843
52,144,1,1125,1.837447,279.875706
52,144,1,1126,10.891891,295.324882
52,144,1,1127,1.643798,306.020465
52,144,1,1128,-11.029928,296.750960
52,144,1,1129,-28.304900,290.808969
52,144,1,1130,33.567053,281.064105
52,144,1,1131,-9.020397,298.414717
52,144,1,1132,20.996393,289.620571
52,144,1,1133,-33.636997,287.006095
52,144,1,1134,9.989882,294.374164
52,144,1,1135,-4.715865,303.405990
52,144,1,1136,18.746993,282.252503
52,144,1,1137,-10.390278,311.962456
52,144,1,1138,-7.136423,302.217591
52,144,1,1139,3.812623,275.597473
52,144,1,1140,13.438006,294.374164
52,144,1,1141,2.111671,291.522008
52,144,1,1142,-14.341248,284.629299
52,144,1,1143,32.630688,274.171395
52,144,1,1144,46.080866,286.530736
52,144,1,1145,0.832991,296.988640
52,144,1,1146,-12.651542,278.687308
52,144,1,1147,-7.319445,282.490182
52,144,1,1148,27.401657,288.194493
52,144,1,1149,27.184898,298.414717
52,144,1,1150,5.913355,269.180123
52,144,1,1151,-1.027874,309.110301
52,144,1,1152,17.080397,304.119028
52,144,1,1153,-8.689327,296.037921
52,144,1,1154,14.693576,272.982997
52,144,1,1155,0.444455,277.498910
52,144,1,1156,-9.774357,275.359793
52,144,1,1157,-39.939195,306.258145
52,144,1,1158,1.711890,282.014823
52,144,1,1159,-29.697891,288.432173
52,144,1,1160,18.004897,285.104658
52,144,1,1161,-35.360440,322.895719
52,144,1,1162,15.401936,300.078475
52,144,1,1163,-6.211923,283.203221
52,144,1,1164,3.721421,283.678580
52,144,1,1165,4.520982,302.692951
52,144,1,1166,-24.525706,288.432173
52,144,1,1167,18.781967,324.084117
52,144,1,1168,27.812683,287.719134
52,144,1,1169,-20.997627,290.333610
52,144,1,1170,-6.965265,296.037921
52,144,1,1171,-10.938726,288.669853
52,144,1,1172,1.883048,275.835153
52,144,1,1173,7.420658,279.400347
52,144,1,1174,4.155557,299.127756
52,144,1,1175,24.147801,297.939358
52,144,1,1176,31.842991,281.064105
52,144,1,1177,-4.738975,287.481454
52,144,1,1178,26.510894,277.261231
52,144,1,1179,2.693855,284.866979
52,144,1,1180,-12.446029,278.449629
52,144,1,1181,12.284883,297.701678
52,144,1,1182,-16.681850,285.342338
52,144,1,1183,-0.468799,286.530736
52,144,1,1184,35.942009,286.293056
52,144,1,1185,-0.400088,298.414717
52,144,1,1186,19.146774,291.759688
52,144,1,1187,-1.599431,269.893162
52,144,1,1188,31.180850,285.817697
52,144,1,1189,9.966773,278.449629
52,144,1,1190,-2.112905,288.432173
52,144,1,1191,-0.445689,302.455271
52,144,1,1192,6.381847,290.571290
52,144,1,1193,15.082111,292.472727
52,144,1,1194,1.986114,293.661125
52,144,1,1195,-22.242570,265.852608
52,144,1,1196,19.249840,309.585660
52,144,1,1197,-15.859797,284.391619
52,144,1,1198,-4.110571,312.675495
52,144,1,1199,14.465572,293.185766
52,144,1,1200,13.825922,277.974269
52,144,1,1201,8.871115,303.643669
52,144,1,1202,-6.577348,279.638027
52,144,1,1203,-6.508638,291.522008
52,144,1,1204,28.349267,285.104658
52,144,1,1205,-32.426409,305.545106
52,144,1,1206,-27.962584,278.449629
52,144,1,1207,-14.386849,288.669853
52,144,1,1208,16.863019,278.449629
52,144,1,1209,2.351539,297.226319
52,144,1,1210,-7.273844,278.449629
52,144,1,1211,39.709957,293.898804
52,144,1,1212,2.716346,264.901890
52,144,1,1213,12.307374,277.736590
52,144,1,1214,31.352008,279.638027
52,144,1,1215,5.148768,291.997367
52,144,1,1216,-10.402143,286.055377
52,144,1,1217,-10.436498,280.113386
52,144,1,1218,4.623430,284.629299
52,144,1,1219,18.484634,296.513280
52,144,1,1220,3.595864,285.817697
52,144,1,1221,3.287903,304.119028
52,144,1,1222,9.829970,290.571290
52,144,1,1223,1.597578,274.171395
52,144,1,1224,-17.218433,287.956814
52,144,1,1225,-21.648521,285.104658
52,144,1,1226,37.380601,284.629299
52,144,1,1227,9.921172,282.490182
52,144,1,1228,-4.933243,277.736590
52,144,1,1229,13.700365,280.113386
52,144,1,1230,24.433271,299.603115
52,144,1,1231,29.605456,299.603115
52,144,1,1232,12.741510,293.185766
52,144,1,1233,17.844984,281.301784
52,144,1,1234,-14.090134,280.351066
52,144,1,1235,4.657785,290.571290
52,144,1,1236,-1.656277,283.916260
52,144,1,1237,-17.823727,278.687308
52,144,1,1238,2.522697,291.046649
52,144,1,1239,2.374649,313.150854
52,144,1,1240,-29.012641,299.603115
52,144,1,1241,-3.197935,267.754045
52,144,1,1242,11.119896,275.122114
52,144,1,1243,16.920484,300.316154
52,144,1,1244,3.470307,287.956814
52,144,1,1245,-16.670604,275.359793
52,144,1,1246,-3.551497,290.095930
52,144,1,1247,-6.565484,305.545106
52,144,1,1248,3.504662,293.898804
52,144,1,1249,-20.883315,298.177038
52,144,1,1250,16.657506,278.687308
52,144,1,1251,-17.914929,286.768416
52,144,1,1252,9.624457,290.808969
52,144,1,1253,-22.424973,282.014823
52,144,1,1254,50.294195,299.603115
52,144,1,1255,1.951758,287.719134
52,144,1,1256,6.507404,288.432173
52,144,1,1257,30.415644,272.745318
52,144,1,1258,16.451993,278.924988
52,144,1,1259,2.613899,282.965542
52,144,1,1260,33.590162,296.988640
52,144,1,1261,18.518989,302.455271
52,144,1,1262,11.199852,277.023551
52,144,1,1263,12.740891,257.296142
52,144,1,1264,-28.088141,280.588745
52,144,1,1265,-15.072099,277.498910
52,144,1,1266,3.961289,289.382892
52,144,1,1267,22.320674,280.113386
52,144,1,1268,23.440060,306.733504
52,144,1,1269,-16.853008,291.522008
52,144,1,1270,0.684324,283.203221
52,144,1,1271,3.344750,290.095930
52,144,1,1272,17.228445,282.014823
52,144,1,1273,7.466878,311.249417
52,144,1,1274,-33.922466,285.342338
52,144,1,1275,18.963752,272.032279
52,144,1,1276,13.517962,296.275601
52,144,1,1277,22.309428,290.095930
52,144,1,1278,2.614517,318.855165
52,144,1,1279,23.873577,286.293056
52,144,1,1280,4.908899,286.293056
52,144,1,1281,-3.037405,307.446543
52,144,1,1282,2.008605,273.696036
52,144,1,1283,20.163094,300.553834
52,144,1,1284,0.924192,288.907532
52,144,1,1285,6.427448,286.530736
52,144,1,1286,8.277066,284.391619
52,144,1,1287,20.219941,286.530736
52,144,1,1288,18.552726,272.507638
52,144,1,1289,7.729237,296.988640
52,144,1,1290,-27.825163,302.217591
52,144,1,1291,-15.905398,288.432173
52,144,1,1292,9.989882,294.374164
52,144,1,1293,2.762566,296.750960
52,144,1,1294,-0.308887,290.333610
52,144,1,1295,5.993312,271.081560
52,144,1,1296,7.261365,311.487097
52,144,1,1297,3.344750,290.095930
52,144,1,1298,2.362785,287.243775
52,144,1,1299,-4.910133,293.661125
52,144,1,1300,-19.547170,314.576932
52,144,1,1301,-2.740690,299.127756
52,144,1,1302,23.302639,282.965542
52,144,1,1303,19.477844,289.382892
52,144,1,1304,4.292360,287.006095
52,144,1,1305,-22.185105,287.719134
52,144,1,1306,-10.767568,282.490182
52,144,1,1307,3.710175,293.661125
52,144,1,1308,22.720454,289.620571
52,144,1,1309,0.981657,310.774058
52,144,1,1310,1.540732,288.194493
52,144,1,1311,5.343035,301.742232
52,144,1,1312,7.249500,285.580017
52,144,1,1313,12.775865,299.127756
52,144,1,1314,5.536684,275.597473
52,144,1,1315,5.925220,295.087203
52,144,1,1316,9.795615,284.629299
52,144,1,1317,32.402684,294.374164
52,144,1,1318,-0.936672,301.029193
52,144,1,1319,-18.600179,275.597473
52,144,1,1320,20.174340,290.571290
52,144,1,1321,9.019163,281.539464
52,144,1,1322,1.746245,287.956814
52,144,1,1323,4.828943,284.391619
52,144,1,1324,16.555059,296.750960
52,144,1,1325,-5.401116,292.235047
52,144,1,1326,-4.738975,287.481454
52,144,1,1327,11.382874,296.750960
52,144,1,1328,2.066070,295.562562
52,144,1,1329,-1.747479,291.997367
52,144,1,1330,20.676568,282.014823
52,144,1,1331,-7.330690,292.472727
52,144,1,1332,-24.240237,290.095930
52,144,1,1333,-22.550530,284.153940
52,144,1,1334,21.441774,295.087203
52,144,1,1335,-10.082318,293.661125
52,144,1,1336,9.418944,291.046649
52,144,1,1337,29.160074,294.136484
52,144,1,1338,-10.173520,301.742232
52,144,1,1339,3.150482,280.351066
52,144,1,1340,-11.486555,301.266873
52,144,1,1341,24.775586,287.243775
52,144,1,1342,-1.816190,280.113386
52,144,1,1343,16.064076,295.324882
52,144,1,1344,0.501920,299.365436
52,144,1,1345,-18.908139,293.898804
52,144,1,1346,-8.438212,291.759688
52,144,1,1347,16.646261,288.669853
52,144,1,1348,-16.236468,290.808969
52,144,1,1349,-9.374577,284.866979
52,144,1,1350,36.707215,299.365436
52,144,1,1351,-17.869328,282.727862
52,144,1,1352,29.685412,301.504553
52,144,1,1353,3.013680,292.472727
52,144,1,1354,-0.639957,292.710406
52,144,1,1355,7.112698,297.701678
52,144,1,1356,8.882360,293.661125
52,144,1,1357,40.086628,287.481454
52,144,1,1358,18.301612,276.785871
52,144,1,1359,-28.978904,269.655482
52,144,1,1360,15.984120,293.423445
52,144,1,1361,-1.290852,287.481454
52,144,1,1362,44.676629,294.136484
52,144,1,1363,1.586333,284.153940
52,144,1,1364,12.581598,289.382892
52,144,1,1365,9.464545,287.006095
52,144,1,1366,25.004209,302.930630
52,144,1,1367,12.079370,297.939358
52,144,1,1368,-24.982333,292.948086
52,144,1,1369,15.253269,286.293056
52,144,1,1370,-20.506644,291.759688
52,144,1,1371,10.161040,288.194493
52,144,1,1372,-4.202392,284.866979
52,144,1,1373,5.742197,275.359793
52,144,1,1374,7.934751,296.750960
52,144,1,1375,-1.861790,284.153940
52,144,1,1376,5.354281,291.759688
52,144,1,1377,-22.150750,293.661125
52,144,1,1378,1.198416,300.553834
52,144,1,1379,-34.675808,298.177038
52,144,1,1380,34.263548,282.252503
52,144,1,1381,-4.704620,293.423445
52,144,1,1382,-9.740002,281.301784
52,144,1,1383,8.162755,276.548192
52,144,1,1384,-19.387876,282.490182
52,144,1,1385,10.297843,276.072832
52,144,1,1386,18.986862,287.956814
52,144,1,1387,-7.285089,288.432173
52,144,1,1388,-15.699885,288.194493
52,144,1,1389,-2.729444,289.145212
52,144,1,1390,-10.356542,282.014823
52,144,1,1391,-14.386849,288.669853
52,144,1,1392,-41.800678,282.490182
52,144,1,1393,-8.255809,275.597473
52,144,1,1394,-11.269796,291.046649
52,144,1,1395,5.411127,277.736590
52,144,1,1396,31.352008,279.638027
52,144,1,1397,8.927961,289.620571
52,144,1,1398,4.144311,309.110301
52,144,1,1399,28.166863,301.266873
52,144,1,1400,-4.008124,294.611843
52,144,1,1401,1.026640,270.843881
52,144,1,1402,2.911232,310.536378
52,144,1,1403,-7.273844,278.449629
52,144,1,1404,2.944969,280.588745
52,144,1,1405,17.091642,294.136484
52,144,1,1406,-1.987347,286.293056
52,144,1,1407,2.545807,306.971184
52,144,1,1408,-11.600866,293.423445
52,144,1,1409,-25.051044,281.064105
52,144,1,1410,-12.788345,290.808969
52,144,1,1411,-29.366821,286.055377
52,144,1,1412,7.820439,288.907532
52,144,1,1413,15.116467,298.414717
52,144,1,1414,5.639750,293.423445
52,144,1,1415,-10.322186,287.956814
52,144,1,1416,-35.886396,279.638027
52,144,1,1417,-45.362494,310.536378
52,144,1,1418,3.995645,295.324882
52,144,1,1419,-11.486555,301.266873
52,144,1,1420,6.233180,276.785871
52,144,1,1421,-0.388843,288.432173
52,144,1,1422,-8.746792,274.171395
52,144,1,1423,13.472361,300.316154
52,144,1,1424,3.036171,272.507638
52,144,1,1425,-14.683564,296.988640
52,144,1,1426,-24.285838,294.136484
52,144,1,1427,12.045014,291.997367
52,144,1,1428,1.700644,291.997367
52,144,1,1429,17.833739,291.284329
52,144,1,1430,22.925968,289.382892
52,144,1,1431,-1.827435,290.095930
52,144,1,1432,-21.385543,306.733504
52,144,1,1433,-17.184078,293.898804
52,144,1,1434,14.705440,298.890077
52,144,1,1435,16.166524,277.261231
52,144,1,1436,25.220968,292.710406
52,144,1,1437,9.578856,294.849523
52,144,1,1438,-12.160560,280.113386
52,144,1,1439,6.141978,284.866979
52,144,1,1440,-32.609431,285.817697
52,144,1,1441,-19.650236,296.750960
52,144,1,1442,29.559236,267.754045
52,144,1,1443,28.474824,282.965542
52,144,1,1444,-20.175574,289.382892
52,144,1,1445,-10.036717,289.620571
52,144,1,1446,-1.199650,279.400347
52,144,1,1447,25.118521,310.774058
52,144,1,1448,2.282829,285.342338
52,144,1,1449,49.129208,277.023551
52,144,1,1450,-1.210896,289.382892
52,144,1,1451,4.897654,296.275601
52,144,1,1452,35.862053,284.391619
52,144,1,1453,-18.531468,287.481454
52,144,1,1454,-23.486895,277.261231
52,144,1,1455,2.819412,282.727862
52,144,1,1456,-3.482786,301.979912
52,144,1,1457,16.155278,287.243775
52,144,1,1458,-34.127979,285.580017
52,144,1,1459,9.955527,288.432173
52,144,1,1460,2.134780,307.446543
52,144,1,1461,6.039531,302.930630
52,144,1,1462,8.596891,291.997367
52,144,1,1463,13.152536,292.710406
52,144,1,1464,7.021496,305.782786
52,144,1,1465,-8.837993,282.252503
52,144,1,1466,-18.349065,271.319240
52,144,1,1467,4.372316,288.907532
52,144,1,1468,3.321640,274.171395
52,144,1,1469,12.764620,309.110301
52,144,1,1470,-2.010457,270.368521
52,144,1,1471,42.427229,286.768416
52,144,1,1472,11.211716,302.930630
52,144,1,1473,-2.387128,276.785871
52,144,1,1474,-14.181336,288.432173
52,144,1,1475,37.391847,274.646755
52,144,1,1476,-13.564797,287.719134
52,144,1,1477,-6.463037,287.481454
52,144,1,1478,14.819133,270.843881
52,144,1,1479,26.659560,291.046649
52,144,1,1480,7.614926,289.145212
52,144,1,1481,-4.475997,309.110301
52,144,1,1482,-7.867274,295.087203
52,144,1,1483,-28.647834,267.278686
52,144,1,1484,-13.359283,287.481454
52,144,1,1485,-2.523931,288.907532
52,144,1,1486,-10.185384,275.835153
52,144,1,1487,-14.626718,282.965542
52,144,1,1488,-1.998593,296.275601
52,144,1,1489,-4.944488,287.719134
52,144,1,1490,2.453986,279.162668
52,144,1,1491,-18.040486,288.907532
52,144,1,1492,12.513506,313.388534
52,144,1,1493,1.118460,298.652397
52,144,1,1494,0.718679,289.145212
52,144,1,1495,-1.290852,287.481454
52,144,1,1496,3.561509,279.875706
52,144,1,1497,25.392126,286.530736
52,144,1,1498,24.398915,293.661125
52,144,1,1499,19.900116,278.924988
52,144,1,1500,5.571040,281.539464
52,144,1,1501,-12.411674,284.391619
52,144,1,1502,3.732666,273.696036
52,144,1,1503,24.981100,287.006095
52,144,1,1504,13.769076,291.997367
52,144,1,1505,-3.334738,279.875706
52,144,1,1506,16.509458,300.791514
52,144,1,1507,-6.714151,291.759688
52,144,1,1508,-0.583110,278.687308
52,144,1,1509,-29.126952,291.759688
52,144,1,1510,32.002903,284.866979
52,144,1,1511,15.504383,282.014823
52,144,1,1512,-10.470853,274.171395
52,144,1,1513,-13.759064,277.974269
52,144,1,1514,10.446510,289.858251
52,144,1,1515,-9.111598,306.495825
52,144,1,1516,36.136277,296.037921
52,144,1,1517,4.646540,300.553834
52,144,1,1518,-3.460295,282.014823
52,144,1,1519,28.669091,292.710406
52,144,1,1520,7.580571,283.203221
52,144,1,1521,-16.807407,287.481454
52,144,1,1522,21.441774,295.087203
52,144,1,1523,28.908960,298.414717
52,144,1,1524,-28.967040,295.562562
52,144,1,1525,-11.909445,275.835153
52,144,1,1526,-5.720940,284.629299
52,144,1,1527,-17.880574,292.710406
52,144,1,1528,16.520704,290.808969
52,144,1,1529,-11.589621,283.440901
52,144,1,1530,5.982066,281.064105
52,144,1,1531,1.266508,276.548192
52,144,1,1532,-0.206439,272.269958
52,144,1,1533,52.360573,287.243775
52,144,1,1534,12.798356,279.162668
52,144,1,1535,-3.494650,276.072832
52,144,1,1536,28.543534,294.849523
52,144,1,1537,17.228445,282.014823
52,144,1,1538,-22.596131,288.194493
52,144,1,1539,-15.288858,287.719134
52,144,1,1540,-8.575015,303.881349
52,144,1,1541,21.978358,292.472727
52,144,1,1542,-1.325207,281.539464
52,144,1,1543,8.277066,284.391619
52,144,1,1544,-5.321159,294.136484
52,144,1,1545,-12.799590,300.791514
52,144,1,1546,-26.603948,274.884434
52,144,1,1547,-10.573301,292.235047
52,144,1,1548,-15.939753,282.490182
52,144,1,1549,-6.508638,291.522008
52,144,1,1550,30.495600,274.646755
52,144,1,1551,-32.209650,295.324882
52,144,1,1552,-22.756044,284.391619
52,144,1,1553,-19.182363,282.252503
52,144,1,1554,-4.430396,305.069747
52,144,1,1555,-6.954019,286.055377
52,144,1,1556,15.298870,282.252503
52,144,1,1557,0.410719,307.446543
52,144,1,1558,1.848692,269.893162
52,144,1,1559,-15.243257,283.678580
52,144,1,1560,0.067784,283.916260
52,144,1,1561,-8.483813,295.800241
52,144,1,1562,7.123943,287.719134
52,144,1,1563,-5.366760,298.177038
52,144,1,1564,-13.142525,277.261231
52,144,1,1565,-28.407347,308.872621
52,144,1,1566,24.033490,290.095930
52,144,1,1567,5.685351,289.382892
52,144,1,1568,17.719427,283.440901
52,144,1,1569,9.909926,292.472727
52,144,1,1570,15.378826,284.153940
52,144,1,1571,-7.250734,294.374164
52,144,1,1572,-13.530441,293.661125
52,144,1,1573,19.352287,291.522008
52,144,1,1574,2.202872,283.440901
52,144,1,1575,-1.964238,302.217591
52,144,1,1576,-2.523931,288.907532
52,144,1,1577,3.241684,272.269958
52,144,1,1578,7.500614,281.301784
52,144,1,1579,-25.975544,300.078475
52,144,1,1580,-3.905677,276.548192
52,144,1,1581,11.588387,296.513280
52,144,1,1582,-25.119136,305.069747
52,144,1,1583,-7.616160,290.808969
52,144,1,1584,-0.057773,286.055377
52,144,1,1585,-20.312995,265.614929
52,144,1,1586,-17.891819,302.692951
52,144,1,1587,21.281862,291.284329
52,144,1,1588,-3.665808,282.252503
52,144,1,1589,-21.739723,293.185766
52,144,1,1590,18.073607,296.988640
52,144,1,1591,2.808166,292.710406
52,144,1,1592,-17.640705,298.414717
52,144,1,1593,10.264106,306.020465
52,144,1,1594,5.057566,300.078475
52,144,1,1595,-22.013947,281.539464
52,144,1,1596,-24.822421,296.750960
52,144,1,1597,18.313476,302.692951
52,144,1,1598,-13.815911,291.997367
52,144,1,1599,7.683636,301.029193
52,144,1,1600,-18.029240,278.924988
52,144,1,1601,26.099867,277.736590
52,144,1,1602,-43.330472,292.235047
52,144,1,1603,2.374030,277.261231
52,144,1,1604,23.131481,289.145212
52,144,1,1605,-0.914181,281.064105
52,144,1,1606,-1.530720,281.777143
52,144,1,1607,-13.564797,287.719134
52,144,1,1608,27.892639,289.620571
52,144,1,1609,-0.891071,296.988640
52,144,1,1610,11.394119,286.768416
52,144,1,1611,0.467565,293.423445
52,144,1,1612,-2.569532,292.948086
52,144,1,1613,13.323694,286.530736
52,144,1,1614,-0.856716,302.930630
52,144,1,1615,-14.809121,299.127756
52,144,1,1616,-4.921997,267.754045
52,144,1,1617,13.723475,296.037921
52,144,1,1618,-12.457274,288.432173
52,144,1,1619,13.232493,294.611843
52,144,1,1620,-6.257524,287.243775
52,144,1,1621,-4.419150,295.087203
52,144,1,1622,7.363812,293.423445
52,144,1,1623,34.469061,282.014823
52,144,1,1624,-31.901690,277.023551
52,144,1,1625,22.000849,272.507638
52,144,1,1626,27.356056,292.235047
52,144,1,1627,0.513166,289.382892
52,144,1,1628,-13.359283,287.481454
52,144,1,1629,14.442462,277.261231
52,144,1,1630,24.558828,297.463999
52,144,1,1631,1.506377,282.252503
52,144,1,1632,0.718679,289.145212
52,144,1,1633,18.667656,316.240689
52,144,1,1634,-13.861512,296.037921
52,144,1,1635,-2.284062,294.611843
52,144,1,1636,20.905191,297.701678
52,144,1,1637,-6.919664,291.997367
52,144,1,1638,4.463517,280.826425
52,144,1,1639,-28.259299,286.768416
52,144,1,1640,-3.608962,268.229405
52,144,1,1641,-8.107142,289.382892
52,144,1,1642,-3.334738,279.875706
52,144,1,1643,8.802404,291.759688
52,144,1,1644,10.355308,297.939358
52,144,1,1645,-13.519196,283.678580
52,144,1,1646,18.895660,296.037921
52,144,1,1647,-8.358256,293.661125
52,144,1,1648,1.711890,282.014823
52,144,1,1649,12.650308,301.266873
52,144,1,1650,-16.213358,306.733504
52,144,1,1651,-9.271511,302.692951
52,144,1,1652,11.371628,306.733504
52,144,1,1653,6.221934,286.768416
52,144,1,1654,11.017448,293.185766
52,144,1,1655,9.270277,277.261231
52,144,1,1656,31.660587,297.226319
52,144,1,1657,-3.197317,303.643669
52,144,1,1658,19.854515,282.965542
52,144,1,1659,-15.848551,274.409075
52,144,1,1660,27.938240,285.580017
52,144,1,1661,-9.511379,296.988640
52,144,1,1662,17.228445,282.014823
52,144,1,1663,8.402623,282.252503
52,144,1,1664,25.049810,298.890077
52,144,1,1665,-12.537231,286.530736
52,144,1,1666,-3.791365,284.391619
52,144,1,1667,-24.365794,292.235047
52,144,1,1668,28.429223,287.006095
52,144,1,1669,-7.319445,282.490182
52,144,1,1670,-40.487643,282.965542
52,144,1,1671,18.096098,277.023551
52,144,1,1672,39.355777,280.351066
52,144,1,1673,-46.618683,296.037921
52,144,1,1674,-16.521937,289.145212
52,144,1,1675,-27.950720,304.356708
52,144,1,1676,-23.212671,288.907532
52,144,1,1677,-41.480853,290.095930
52,144,1,1678,-17.880574,292.710406
52,144,1,1679,14.636730,287.006095
52,144,1,1680,-7.308199,272.507638
52,144,1,1681,-8.232699,291.522008
52,144,1,1682,-22.470574,286.055377
52,144,1,1683,-11.360998,299.127756
52,144,1,1684,-4.693374,283.440901
52,144,1,1685,8.345777,296.275601
52,144,1,1686,30.255732,268.942444
52,144,1,1687,9.852461,270.606201
52,144,1,1688,13.163782,282.727862
52,144,1,1689,0.776144,311.011738
52,144,1,1690,20.254296,292.472727
52,144,1,1691,63.344592,302.455271
52,144,1,1692,24.421406,273.696036
52,144,1,1693,9.624457,290.808969
52,144,1,1694,48.033550,302.217591
52,144,1,1695,17.182844,286.055377
52,144,1,1696,-7.524958,282.727862
52,144,1,1697,23.919178,282.252503
52,144,1,1698,11.941948,274.171395
52,144,1,1699,8.768049,285.817697
52,144,1,1700,7.991597,282.727862
52,144,1,1701,-38.135796,272.269958
52,144,1,1702,6.153224,274.884434
52,144,1,1703,3.173592,296.275601
52,144,1,1704,-12.251761,288.194493
52,144,1,1705,-27.939474,294.374164
52,144,1,1706,14.671085,292.948086
52,144,1,1707,-7.593050,306.733504
52,144,1,1708,15.869809,285.580017
52,144,1,1709,-11.349752,289.145212
52,144,1,1710,-29.172553,295.800241
52,144,1,1711,4.292360,287.006095
52,144,1,1712,-1.050983,293.185766
52,144,1,1713,28.634736,286.768416
52,144,1,1714,13.517962,296.275601
52,144,1,1715,7.386303,273.458356
52,144,1,1716,2.853767,288.669853
52,144,1,1717,18.016761,311.011738
52,144,1,1718,-5.412361,302.217591
52,144,1,1719,-7.981585,287.243775
52,144,1,1720,1.974868,303.643669
52,144,1,1721,17.342756,289.858251
52,144,1,1722,-4.396659,275.122114
52,144,1,1723,-8.495059,305.782786
52,144,1,1724,21.361818,293.185766
52,144,1,1725,-11.475309,291.284329
52,144,1,1726,-1.816190,280.113386
52,144,1,1727,0.433210,287.481454
52,144,1,1728,-34.230427,303.643669
52,144,1,1729,34.149237,274.409075
52,144,1,1730,-5.161247,297.939358
52,144,1,1731,4.463517,280.826425
52,144,1,1732,10.914382,275.359793
52,144,1,1733,-19.844504,287.006095
52,144,1,1734,0.844236,287.006095
52,144,1,1735,17.468313,287.719134
52,144,1,1736,-27.106176,283.440901
52,144,1,1737,14.054545,293.661125
52,144,1,1738,13.825922,277.974269
52,144,1,1739,-7.776072,287.006095
52,144,1,1740,-8.392612,287.719134
52,144,1,1741,-25.507671,285.580017
52,144,1,1742,-15.105836,307.446543
52,144,1,1743,-20.369841,279.638027
52,144,1,1744,-33.089168,274.409075
52,144,1,1745,16.280835,285.104658
52,144,1,1746,37.232553,306.733504
52,144,1,1747,20.048783,292.710406
52,144,1,1748,12.947023,292.948086
52,144,1,1749,8.562536,286.055377
52,144,1,1750,-42.679577,297.463999
52,144,1,1751,-3.540251,280.113386
52,144,1,1752,-15.288858,287.719134
52,144,1,1753,12.456041,291.522008
52,144,1,1754,-8.654971,301.979912
52,144,1,1755,-8.929195,290.333610
52,144,1,1756,-17.332745,280.113386
52,144,1,1757,1.049749,286.768416
52,144,1,1758,-8.518169,289.858251
52,144,1,1759,13.825922,277.974269
52,144,1,1760,27.492859,280.113386
52,144,1,1761,16.235234,289.145212
52,144,1,1762,10.937492,291.284329
52,144,1,1763,-22.436219,291.997367
52,144,1,1764,-18.360310,281.301784
52,144,1,1765,19.603401,287.243775
52,144,1,1766,18.153563,298.890077
52,144,1,1767,37.928430,272.032279
52,144,1,1768,20.414209,296.275601
52,144,1,1769,-13.975823,288.194493
52,144,1,1770,-48.765017,306.495825
52,144,1,1771,-3.985633,274.646755
52,144,1,1772,-8.598125,287.956814
52,144,1,1773,-17.675060,292.472727
52,144,1,1774,-7.399401,280.588745
52,144,1,1775,-9.454533,282.965542
52,144,1,1776,-0.080882,270.130842
52,144,1,1777,35.131202,277.261231
52,144,1,1778,0.296407,299.603115
52,144,1,1779,26.179823,279.638027
52,144,1,1780,22.538051,305.782786
52,144,1,1781,-9.751248,291.284329
52,144,1,1782,13.734721,286.055377
52,144,1,1783,13.734721,286.055377
52,144,1,1784,13.003870,278.924988
52,144,1,1785,16.075322,285.342338
52,144,1,1786,7.158299,293.661125
52,144,1,1787,10.240996,290.095930
52,144,1,1788,-21.203140,290.571290
52,144,1,1789,-2.615133,296.988640
52,144,1,1790,19.203621,277.736590
52,144,1,1791,-0.845470,292.948086
52,144,1,1792,-6.748506,285.817697
52,144,1,1793,6.678562,282.252503
52,144,1,1794,-3.254782,281.777143
52,144,1,1795,-2.580777,302.930630
52,144,1,1796,-9.831204,289.382892
52,144,1,1797,-17.732525,270.606201
52,144,1,1798,-17.698170,276.548192
52,144,1,1799,6.838474,286.055377
52,144,1,1800,-4.544707,297.226319
52,144,1,1801,9.590102,284.866979
52,144,1,1802,0.593122,291.284329
52,144,1,1803,-5.070045,289.858251
52,144,1,1804,-6.816598,309.823339
52,144,1,1805,-6.725396,301.742232
52,144,1,1806,-40.247774,288.669853
52,144,1,1807,3.333504,300.078475
52,144,1,1808,-15.140192,301.504553
52,144,1,1809,-6.017655,292.948086
52,144,1,1810,2.693855,284.866979
52,144,1,1811,-5.366760,298.177038
52,144,1,1812,-15.140192,301.504553
52,144,1,1813,0.832991,296.988640
52,144,1,1814,-12.662788,288.669853
52,144,1,1815,10.788825,277.498910
52,144,1,1816,20.528520,304.119028
52,144,1,1817,-0.537510,274.646755
52,144,1,1818,-17.138477,289.858251
52,144,1,1819,-5.926453,284.866979
52,144,1,1820,-14.695428,271.081560
52,144,1,1821,-27.071821,289.382892
52,144,1,1822,17.034796,308.159582
52,144,1,1823,11.085540,269.180123
52,144,1,1824,23.793621,284.391619
52,144,1,1825,1.906157,291.759688
52,144,1,1826,-5.195602,291.997367
52,144,1,1827,-12.788345,290.808969
52,144,1,1828,-0.982273,305.069747
52,144,1,1829,-2.101659,278.449629
52,144,1,1830,-0.503154,280.588745
52,144,1,1831,17.171598,296.037921
52,144,1,1832,6.347491,284.629299
52,144,1,1833,-7.558695,312.675495
52,144,1,1834,-6.439927,303.405990
52,144,1,1835,-5.846497,286.768416
52,144,1,1836,4.760851,308.397262
52,144,1,1837,-3.928168,296.513280
52,144,1,1838,36.181878,291.997367
52,144,1,1839,14.716686,288.907532
52,144,1,1840,-1.918637,298.177038
52,144,1,1841,-14.558007,294.849523
52,144,1,1842,-15.106455,271.556919
52,144,1,1843,6.518649,278.449629
52,144,1,1844,-22.836000,282.490182
52,144,1,1845,7.249500,285.580017
52,144,1,1846,23.850468,270.368521
52,144,1,1847,-8.495677,269.893162
52,144,1,1848,17.868094,297.226319
52,144,1,1849,9.761260,278.687308
52,144,1,1850,-37.370590,285.342338
52,144,1,1851,6.553005,284.391619
52,144,1,1852,13.951479,275.835153
52,144,1,1853,17.890585,277.261231
52,144,1,1854,-7.010866,300.078475
52,144,1,1855,1.940513,297.701678
52,144,1,1856,-17.172832,283.916260
52,144,1,1857,17.011686,292.235047
52,144,1,1858,-9.477643,267.041007
52,144,1,1859,11.713944,294.374164
52,144,1,1860,14.122637,269.655482
52,144,1,1861,-11.646467,297.463999
52,144,1,1862,19.261086,299.603115
52,144,1,1863,-29.046996,293.661125
52,144,1,1864,-25.107890,295.087203
52,144,1,1865,18.461524,280.588745
52,144,1,1866,0.615613,271.319240
52,144,1,1867,-19.490324,300.553834
52,144,1,1868,-10.413388,296.037921
52,144,1,1869,-21.945236,293.423445
52,144,1,1870,32.162816,288.669853
52,144,1,1871,18.050498,281.064105
52,144,1,1872,2.819412,282.727862
52,144,1,1873,7.569325,293.185766
52,144,1,1874,10.675133,305.545106
52,144,1,1875,1.300864,282.490182
52,144,1,1876,4.121202,293.185766
52,144,1,1877,-6.508638,291.522008
52,144,1,1878,-21.830925,301.266873
52,144,1,1879,8.733694,279.875706
52,144,1,1880,23.530643,262.762773
52,144,1,1881,17.342756,289.858251
52,144,1,1882,-18.462758,299.365436
52,144,1,1883,-8.152743,293.423445
52,144,1,1884,1.997359,283.678580
52,144,1,1885,26.259780,281.539464
52,144,1,1886,19.409134,277.498910
52,144,1,1887,-14.957788,285.342338
52,144,1,1888,-5.412361,302.217591
52,144,1,1889,11.257317,298.890077
52,144,1,1890,17.924941,283.203221
52,144,1,1891,-35.600927,281.301784
52,144,1,1892,1.380820,284.391619
52,144,1,1893,25.517683,284.391619
52,144,1,1894,12.775865,299.127756
52,144,1,1895,43.671554,275.359793
52,144,1,1896,17.251555,297.939358
52,144,1,1897,0.045293,303.881349
52,144,1,1898,13.997080,271.794599
52,144,1,1899,-38.569313,292.710406
52,144,1,1900,4.303605,277.023551
52,144,1,1901,-7.570559,286.768416
52,144,1,1902,-17.378345,284.153940
52,144,1,1903,3.687066,277.736590
52,144,1,1904,2.362785,287.243775
52,144,1,1905,31.124004,299.840795
52,144,1,1906,-37.404945,279.400347
52,144,1,1907,18.667037,280.351066
52,144,1,1908,36.158768,276.072832
52,144,1,1909,-46.676148,274.171395
52,144,1,1910,-8.141498,283.440901
52,144,1,1911,22.434985,287.956814
52,144,1,1912,-20.118727,275.359793
52,144,1,1913,9.453299,296.988640
52,144,1,1914,-0.012172,282.014823
52,144,1,1915,26.454047,291.284329
52,144,1,1916,-2.032948,290.333610
52,144,1,1917,-20.495399,281.777143
52,144,1,1918,-20.746513,286.055377
52,144,1,1919,13.483607,290.333610
52,144,1,1920,16.326436,281.064105
52,144,1,1921,-20.746513,286.055377
52,144,1,1922,4.440408,264.901890
52,144,1,1923,29.525499,297.701678
52,144,1,1924,1.449530,296.275601
52,144,1,1925,-26.238522,278.449629
52,144,1,1926,14.476817,283.203221
52,144,1,1927,11.063049,289.145212
52,144,1,1928,-10.847524,280.588745
52,144,1,1929,10.731979,291.522008
52,144,1,1930,35.976364,292.235047
52,144,1,1931,16.966085,296.275601
52,144,1,1932,20.870836,291.759688
52,144,1,1933,15.481273,266.090288
52,144,1,1934,-13.587906,271.794599
52,144,1,1935,-5.892098,290.808969
52,144,1,1936,-0.320132,300.316154
52,144,1,1937,19.432243,293.423445
52,144,1,1938,2.237228,289.382892
52,144,1,1939,6.393092,280.588745
52,144,1,1940,-20.895179,272.269958
52,144,1,1941,-5.572273,298.414717
52,144,1,1942,-11.544020,279.400347
52,144,1,1943,-8.872349,276.310512
52,144,1,1944,-6.383081,289.382892
52,144,1,1945,2.842522,298.652397
52,144,1,1946,-11.349752,289.145212
52,144,1,1947,-4.818931,285.580017
52,144,1,1948,20.014428,286.768416
52,144,1,1949,29.422433,279.875706
52,144,1,1950,2.088561,275.597473
52,144,1,1951,8.904851,273.696036
52,144,1,1952,26.750762,282.965542
52,144,1,1953,4.452272,290.808969
52,144,1,1954,-11.475309,291.284329
52,144,1,1955,-22.059548,285.580017
52,144,1,1956,14.180102,291.522008
52,144,1,1957,-8.792392,278.211949
52,144,1,1958,11.988168,306.020465
52,144,1,1959,-5.275558,290.095930
52,144,1,1960,0.615613,271.319240
52,144,1,1961,16.360791,287.006095
52,144,1,1962,20.996393,289.620571
52,144,1,1963,0.307653,289.620571
52,144,1,1964,4.201158,295.087203
52,144,1,1965,-3.391585,293.898804
52,144,1,1966,1.220907,280.588745
52,144,1,1967,8.322667,280.351066
52,144,1,1968,9.247786,297.226319
52,144,1,1969,18.267256,270.843881
52,144,1,1970,4.326715,292.948086
52,144,1,1971,8.562536,286.055377
52,144,1,1972,8.893606,283.678580
52,144,1,1973,-3.585852,284.153940
52,144,1,1974,12.432931,275.597473
52,144,1,1975,-1.302097,297.463999
52,144,1,1976,-11.680823,291.522008
52,144,1,1977,4.908899,286.293056
52,144,1,1978,16.200879,283.203221
52,144,1,1979,-4.670265,299.365436
52,144,1,1980,-9.865559,283.440901
52,144,1,1981,-6.211923,283.203221
52,144,1,1982,-8.712436,280.113386
52,144,1,1983,10.343444,272.032279
52,144,1,1984,27.938240,285.580017
52,144,1,1985,-36.685339,296.513280
52,144,1,1986,16.931730,290.333610
52,144,1,1987,24.295849,275.835153
52,144,1,1988,-5.800896,282.727862
52,144,1,1989,-24.765575,282.727862
52,144,1,1990,8.357022,286.293056
52,144,1,1991,-1.279606,277.498910
52,144,1,1992,12.456041,291.522008
52,144,1,1993,-4.076835,282.727862
52,144,1,1994,19.877625,298.890077
52,144,1,1995,-52.236250,290.571290
52,144,1,1996,14.853488,276.785871
52,144,1,1997,1.175306,284.629299
52,144,1,1998,9.886817,276.548192
52,144,1,1999,-5.572273,298.414717
52,144,1,2000,13.414896,278.449629
52,144,1,2001,-5.812142,292.710406
52,144,1,2002,-32.209650,295.324882
52,144,1,2003,28.954561,294.374164
52,144,1,2004,33.156026,281.539464
52,144,1,2005,-15.232012,273.696036
52,144,1,2006,-0.719913,290.808969
52,144,1,2007,28.338021,295.087203
52,144,1,2008,15.390072,274.171395
52,144,1,2009,15.162067,294.374164
52,144,1,2010,-6.257524,287.243775
52,144,1,2011,25.141012,290.808969
52,144,1,2012,-40.064752,308.397262
52,144,1,2013,-9.500134,287.006095
52,144,1,2014,-1.279606,277.498910
52,144,1,2015,2.522697,291.046649
52,144,1,2016,-3.140470,289.620571
52,144,1,2017,15.675541,275.835153
52,144,1,2018,-24.856776,290.808969
52,144,1,2019,4.018136,275.359793
52,144,1,2020,28.543534,294.849523
52,144,1,2021,2.853767,288.669853
52,144,1,2022,-1.758725,301.979912
52,144,1,2023,-18.337201,297.226319
52,144,1,2024,33.978079,280.588745
52,144,1,2025,4.041246,291.284329
52,144,1,2026,35.873298,274.409075
52,144,1,2027,29.240030,296.037921
52,144,1,2028,-1.576321,285.817697
52,144,1,2029,20.345498,284.391619
52,144,1,2030,19.295441,305.545106
52,144,1,2031,-16.590648,277.261231
52,144,1,2032,-27.185513,317.429088
52,144,1,2033,-23.018403,298.652397
52,144,1,2034,-4.944488,287.719134
52,144,1,2035,-3.449050,272.032279
52,144,1,2036,-26.295369,292.472727
52,144,1,2037,15.127712,288.432173
52,144,1,2038,26.967521,272.745318
52,144,1,2039,-46.904152,294.374164
52,144,1,2040,16.646261,288.669853
52,144,1,2041,25.346525,290.571290
52,144,1,2042,-7.547449,302.692951
52,144,1,2043,18.472770,270.606201
52,144,1,2044,22.766055,285.580017
52,144,1,2045,0.227697,287.719134
52,144,1,2046,8.676847,293.898804
52,144,1,2047,20.254296,292.472727
52,144,1,2048,4.828943,284.391619
52,144,1,2049,31.431965,281.539464
52,144,1,2050,13.106936,296.750960
52,144,1,2051,-18.862539,289.858251
52,144,1,2052,35.222404,269.180123
52,144,1,2053,23.416950,290.808969
52,144,1,2054,-31.010926,287.956814
52,144,1,2055,-11.464064,281.301784
52,144,1,2056,2.374030,277.261231
52,144,1,2057,-22.756044,284.391619
52,144,1,2058,-16.544429,309.110301
52,144,1,2059,13.038225,284.866979
52,144,1,2060,-22.116394,299.603115
52,144,1,2061,18.004897,285.104658
52,144,1,2062,-32.483874,283.678580
52,144,1,2063,-10.196629,285.817697
52,144,1,2064,4.828943,284.391619
52,144,1,2065,-25.781276,309.823339
52,144,1,2066,-11.966292,289.858251
52,144,1,2067,-10.984327,292.710406
52,144,1,2068,34.058035,282.490182
52,144,1,2069,-4.579063,291.284329
52,144,1,2070,-15.562463,311.962456
52,144,1,2071,20.334252,294.374164
52,144,1,2072,4.041246,291.284329
52,144,1,2073,-9.214664,288.669853
52,144,1,2074,-19.890105,291.046649
52,144,1,2075,-25.770031,299.840795
52,144,1,2076,-9.009151,288.432173
52,144,1,2077,-3.951278,280.588745
52,144,1,2078,-2.638242,281.064105
52,144,1,2079,34.983154,299.365436
52,144,1,2080,-20.540999,285.817697
52,144,1,2081,20.905191,297.701678
52,144,1,2082,26.613959,295.087203
52,144,1,2083,17.468313,287.719134
52,144,1,2084,5.217478,303.881349
52,144,1,2085,0.593122,291.284329
52,144,1,2086,-2.855001,291.284329
52,144,1,2087,-1.656277,283.916260
52,144,1,2088,7.009632,279.875706
52,144,1,2089,-26.489636,282.727862
52,144,1,2090,33.270338,289.382892
52,144,1,2091,20.527901,268.229405
52,144,1,2092,17.959296,289.145212
52,144,1,2093,-3.209181,277.736590
52,144,1,2094,-11.429709,287.243775
52,144,1,2095,12.387330,279.638027
52,144,1,2096,12.867067,291.046649
52,144,1,2097,16.087186,311.249417
52,144,1,2098,8.882360,293.661125
52,144,1,2099,24.866788,279.162668
52,144,1,2100,8.323286,316.240689
52,144,1,2101,12.592843,279.400347
52,144,1,2102,3.812623,275.597473
52,144,1,2103,12.832712,285.104658
52,144,1,2104,4.612184,294.611843
52,144,1,2105,15.869809,285.580017
52,144,1,2106,10.880646,305.307427
52,144,1,2107,-5.960809,278.924988
52,144,1,2108,-39.311410,295.562562
52,144,1,2109,-32.540720,297.701678
52,144,1,2110,-4.590308,301.266873
52,144,1,2111,2.899368,284.629299
52,144,1,2112,2.042960,279.638027
52,144,1,2113,-5.755295,278.687308
52,144,1,2114,-6.052010,287.006095
52,144,1,2115,8.265821,294.374164
52,144,1,2116,2.750701,270.843881
52,144,1,2117,-6.097611,291.046649
52,144,1,2118,4.657785,290.571290
52,144,1,2119,-5.344269,278.211949
52,144,1,2120,9.567610,304.832067
52,144,1,2121,13.072580,290.808969
52,144,1,2122,12.615953,295.324882
52,144,1,2123,-5.047554,269.893162
52,144,1,2124,6.861584,301.979912
52,144,1,2125,-24.228991,280.113386
52,144,1,2126,2.557052,296.988640
52,144,1,2127,14.351260,285.342338
52,144,1,2128,-0.879825,287.006095
52,144,1,2129,15.047756,286.530736
52,144,1,2130,-6.874063,287.956814
52,144,1,2131,-20.335486,285.580017
52,144,1,2132,-4.327949,287.006095
52,144,1,2133,25.026700,282.965542
52,144,1,2134,7.318211,297.463999
52,144,1,2135,16.566304,286.768416
52,144,1,2136,29.867815,285.342338
52,144,1,2137,-26.158566,280.351066
52,144,1,2138,-7.649896,320.756602
52,144,1,2139,-4.065589,272.745318
52,144,1,2140,-12.982612,281.064105
52,144,1,2141,-5.595383,282.490182
52,144,1,2142,-8.609370,297.939358
52,144,1,2143,35.405426,288.907532
52,144,1,2144,16.326436,281.064105
52,144,1,2145,12.821466,295.087203
52,144,1,2146,28.851495,276.548192
52,144,1,2147,-16.385135,277.023551
52,144,1,2148,7.249500,285.580017
52,144,1,2149,16.646261,288.669853
52,144,1,2150,34.309149,278.211949
52,144,1,2151,6.838474,286.055377
52,144,1,2152,28.474824,282.965542
52,144,1,2153,17.000440,302.217591
52,144,1,2154,-9.317730,270.843881
52,144,1,2155,-8.038432,301.266873
52,144,1,2156,-13.210617,301.266873
52,144,1,2157,-6.143212,295.087203
52,144,1,2158,-1.747479,291.997367
52,144,1,2159,-24.194636,286.055377
52,144,1,2160,-15.528727,282.014823
52,144,1,2161,19.934472,284.866979
52,144,1,2162,-8.997906,278.449629
52,144,1,2163,0.045293,303.881349
52,144,1,2164,3.767022,279.638027
52,144,1,2165,-3.711409,286.293056
52,144,1,2166,20.950792,293.661125
52,144,1,2167,6.347491,284.629299
52,144,1,2168,-10.482099,284.153940
52,144,1,2169,11.017448,293.185766
52,144,1,2170,15.310116,272.269958
52,144,1,2171,12.410440,295.562562
52,144,1,2172,4.292360,287.006095
52,144,1,2173,-15.243257,283.678580
52,144,1,2174,16.292081,275.122114
52,144,1,2175,11.850747,282.252503
52,144,1,2176,-17.423946,288.194493
52,144,1,2177,-13.781555,297.939358
52,144,1,2178,-20.689048,307.921902
52,144,1,2179,-3.539633,316.003010
52,144,1,2180,-3.996878,284.629299
52,144,1,2181,9.578856,294.849523
52,144,1,2182,16.429502,298.890077
52,144,1,2183,-3.345984,289.858251
52,144,1,2184,21.178796,273.458356
52,144,1,2185,21.350573,303.168310
52,144,1,2186,-4.818931,285.580017
52,144,1,2187,-16.898608,295.562562
52,144,1,2188,29.285631,291.997367
52,144,1,2189,-26.249768,288.432173
52,144,1,2190,11.428475,292.710406
52,144,1,2191,-8.609989,262.049734
52,144,1,2192,4.417917,284.866979
52,144,1,2193,10.229132,264.188851
52,144,1,2194,10.035483,290.333610
52,144,1,2195,-3.802611,294.374164
52,144,1,2196,18.587081,278.449629
52,144,1,2197,-8.301410,279.638027
52,144,1,2198,35.713386,270.606201
52,144,1,2199,-16.099665,278.687308
52,144,1,2200,-26.386570,300.553834
52,144,1,2201,13.757830,301.979912
52,144,1,2202,19.146774,291.759688
52,144,1,2203,20.185586,280.588745
52,144,1,2204,15.253269,286.293056
52,144,1,2205,17.285291,267.991725
52,144,1,2206,6.815364,270.130842
52,144,1,2207,0.935438,278.924988
52,144,1,2208,4.349825,308.872621
52,144,1,2209,-11.795134,283.678580
52,144,1,2210,12.592843,279.400347
52,144,1,2211,-6.828462,283.916260
52,144,1,2212,4.074982,261.336695
52,144,1,2213,16.886129,294.374164
52,144,1,2214,-5.309914,284.153940
52,144,1,2215,-11.315397,295.087203
52,144,1,2216,-8.198344,297.463999
52,144,1,2217,-16.282069,294.849523
52,144,1,2218,12.159326,299.840795
52,144,1,2219,0.501920,299.365436
52,144,1,2220,-25.473316,291.522008
52,144,1,2221,12.376084,289.620571
52,144,1,2222,1.609443,300.078475
52,144,1,2223,-16.122157,298.652397
52,144,1,2224,-11.109884,294.849523
52,144,1,2225,15.002155,290.571290
52,144,1,2226,1.015394,280.826425
52,144,1,2227,0.433210,287.481454
52,144,1,2228,9.590102,284.866979
52,144,1,2229,-43.124959,291.997367
52,144,1,2230,-7.033975,284.153940
52,144,1,2231,-27.128667,303.405990
52,144,1,2232,37.780382,294.136484
52,144,1,2233,-18.885648,273.933716
52,144,1,2234,3.550263,289.858251
52,144,1,2235,-4.842041,269.655482
52,144,1,2236,9.475790,277.023551
52,144,1,2237,12.364839,299.603115
52,144,1,2238,-14.957788,285.342338
52,144,1,2239,-13.313683,283.440901
52,144,1,2240,21.738489,286.768416
52,144,1,2241,25.746306,300.078475
52,144,1,2242,5.034456,284.153940
52,144,1,2243,9.384588,285.104658
52,144,1,2244,-18.383420,265.377249
52,144,1,2245,1.974868,303.643669
52,144,1,2246,5.057566,300.078475
52,144,1,2247,2.979324,286.530736
52,144,1,2248,27.401657,288.194493
52,144,1,2249,45.418725,291.284329
52,144,1,2250,8.882360,293.661125
52,144,1,2251,10.800690,303.405990
52,144,1,2252,-4.111190,276.785871
52,144,1,2253,3.824487,301.504553
52,144,1,2254,-6.577348,279.638027
52,144,1,2255,6.507404,288.432173
52,144,1,2256,0.764280,285.104658
52,144,1,2257,-28.556014,295.087203
52,144,1,2258,-20.563491,305.782786
52,144,1,2259,15.938519,297.463999
52,144,1,2260,-23.817965,279.638027
52,144,1,2261,-14.786630,279.162668
52,144,1,2262,-16.967319,283.678580
52,144,1,2263,3.972535,279.400347
52,144,1,2264,-13.313683,283.440901
52,144,1,2265,-5.104401,283.916260
52,144,1,2266,9.761260,278.687308
52,144,1,2267,10.252861,316.003010
52,144,1,2268,-26.364079,280.588745
52,144,1,2269,12.022523,311.962456
52,144,1,2270,-0.639957,292.710406
52,144,1,2271,16.566304,286.768416
52,144,1,2272,-17.823727,278.687308
52,144,1,2273,17.091642,294.136484
52,144,1,2274,5.399882,287.719134
52,144,1,2275,-0.354488,294.374164
52,144,1,2276,-19.387876,282.490182
52,144,1,2277,2.077315,285.580017
52,144,1,2278,-32.449519,289.620571
52,144,1,2279,-30.132027,272.982997
52,144,1,2280,-17.264034,291.997367
52,144,1,2281,9.395834,275.122114
52,144,1,2282,14.762287,284.866979
52,144,1,2283,20.163094,300.553834
52,144,1,2284,12.718400,277.261231
52,144,1,2285,-13.496086,299.603115
52,144,1,2286,-11.829489,277.736590
52,144,1,2287,-15.665529,294.136484
52,144,1,2288,-14.900942,271.319240
52,144,1,2289,-18.600179,275.597473
52,144,1,2290,-15.745485,292.235047
52,144,1,2291,35.131202,277.261231
52,144,1,2292,-27.985075,298.414717
52,144,1,2293,25.597639,286.293056
52,144,1,2294,-16.042200,300.553834
52,144,1,2295,-8.540660,309.823339
52,144,1,2296,-7.776072,287.006095
52,144,1,2297,13.552317,302.217591
52,144,1,2298,14.465572,293.185766
52,144,1,2299,30.062083,295.087203
52,144,1,2300,21.818446,288.669853
52,144,1,2301,-10.504590,304.119028
52,144,1,2302,-3.711409,286.293056
52,144,1,2303,-15.539972,291.997367
52,144,1,2304,3.390351,286.055377
52,144,1,2305,-7.856028,285.104658
52,144,1,2306,13.734721,286.055377
52,144,1,2307,7.706128,281.064105
52,144,1,2308,-12.046248,287.956814
52,144,1,2309,28.817140,270.606201
52,144,1,2310,-10.367787,291.997367
52,144,1,2311,20.630967,286.055377
52,144,1,2312,30.644267,288.432173
52,144,1,2313,-6.634195,293.661125
52,144,1,2314,-8.392612,287.719134
52,144,1,2315,-15.231393,309.585660
52,144,1,2316,7.340702,277.498910
52,144,1,2317,17.045423,262.287414
52,144,1,2318,-15.471880,267.991725
52,144,1,2319,10.400909,293.898804
52,144,1,2320,-19.776412,263.000453
52,144,1,2321,-3.791365,284.391619
52,144,1,2322,-12.240516,278.211949
52,144,1,2323,-6.451791,277.498910
52,144,1,2324,-6.874063,287.956814
52,144,1,2325,-0.914181,281.064105
52,144,1,2326,2.785057,276.785871
52,144,1,2327,3.675820,287.719134
52,144,1,2328,21.556086,302.930630
52,144,1,2329,20.060029,282.727862
52,144,1,2330,14.385616,291.284329
52,144,1,2331,-7.193888,280.351066
52,144,1,2332,0.729925,279.162668
52,144,1,2333,4.977610,298.177038
52,144,1,2334,-4.978844,281.777143
52,144,1,2335,-11.418463,277.261231
52,144,1,2336,-18.314710,277.261231
52,144,1,2337,2.613899,282.965542
52,144,1,2338,-7.570559,286.768416
52,144,1,2339,1.677535,276.072832
52,144,1,2340,22.914722,299.365436
52,144,1,2341,-0.628711,282.727862
52,144,1,2342,-20.632201,293.898804
52,144,1,2343,-4.704620,293.423445
52,144,1,2344,3.710175,293.661125
52,144,1,2345,35.176803,273.220677
52,144,1,2346,-12.902656,282.965542
52,144,1,2347,18.770103,298.177038
52,144,1,2348,-9.591335,295.087203
52,144,1,2349,-1.553211,301.742232
52,144,1,2350,9.430189,281.064105
52,144,1,2351,37.175088,284.866979
52,144,1,2352,-11.064283,290.808969
52,144,1,2353,-18.988096,291.997367
52,144,1,2354,10.469001,269.893162
52,144,1,2355,17.901831,267.278686
52,144,1,2356,16.040967,279.400347
52,144,1,2357,0.125249,305.782786
52,144,1,2358,-1.016628,299.127756
52,144,1,2359,-10.162274,291.759688
52,144,1,2360,-12.617187,284.629299
52,144,1,2361,-3.071760,301.504553
52,144,1,2362,-1.690633,277.974269
52,144,1,2363,-16.270823,284.866979
52,144,1,2364,7.032742,295.800241
52,144,1,2365,13.369295,282.490182
52,144,1,2366,-2.820646,297.226319
52,144,1,2367,15.287624,292.235047
52,144,1,2368,16.189633,293.185766
52,144,1,2369,44.756585,296.037921
52,144,1,2370,-6.794107,289.858251
52,144,1,2371,-17.583859,284.391619
52,144,1,2372,-31.696177,276.785871
52,144,1,2373,-1.930501,272.269958
52,144,1,2374,31.957302,288.907532
52,144,1,2375,8.448224,278.211949
52,144,1,2376,-17.686924,266.565647
52,144,1,2377,6.587360,290.333610
52,144,1,2378,-9.054752,292.472727
52,144,1,2379,33.235982,283.440901
52,144,1,2380,-3.916922,286.530736
52,144,1,2381,-9.968007,301.504553
52,144,1,2382,35.154312,293.185766
52,144,1,2383,-1.952992,292.235047
52,144,1,2384,-7.205133,290.333610
52,144,1,2385,13.700365,280.113386
52,144,1,2386,22.617389,271.794599
52,144,1,2387,9.064764,277.498910
52,144,1,2388,-14.843477,293.185766
52,144,1,2389,-3.254782,281.777143
52,144,1,2390,25.688841,278.211949
52,144,1,2391,1.403929,300.316154
52,144,1,2392,21.818446,288.669853
52,144,1,2393,-8.004695,271.319240
52,144,1,2394,-11.144239,288.907532
52,144,1,2395,6.724163,278.211949
52,144,1,2396,-13.244972,295.324882
52,144,1,2397,-26.261013,298.414717
52,144,1,2398,-2.923712,279.400347
52,144,1,2399,9.007917,291.522008
52,144,1,2400,-18.302845,303.168310
52,144,1,2401,6.165088,300.791514
52,144,1,2402,-4.031234,278.687308
52,144,1,2403,28.805894,280.588745
52,144,1,2404,-4.499107,293.185766
52,144,1,2405,-17.309635,296.037921
52,144,1,2406,0.410719,307.446543
52,144,1,2407,-0.434444,292.472727
52,144,1,2408,47.439502,282.965542
52,144,1,2409,-28.259299,286.768416
52,144,1,2410,12.364839,299.603115
52,144,1,2411,3.127991,300.316154
52,144,1,2412,8.482580,284.153940
52,144,1,2413,-26.055500,298.177038
52,144,1,2414,13.586054,272.269958
52,144,1,2415,10.218505,310.061019
52,144,1,2416,1.997359,283.678580
52,144,1,2417,14.191348,281.539464
52,144,1,2418,0.844236,287.006095
52,144,1,2419,17.388357,285.817697
52,144,1,2420,-8.758037,284.153940
52,144,1,2421,14.534282,305.069747
52,144,1,2422,15.047756,286.530736
52,144,1,2423,12.821466,295.087203
52,144,1,2424,-8.004076,307.208864
52,144,1,2425,1.415175,290.333610
52,144,1,2426,-12.868301,288.907532
52,144,1,2427,11.679589,288.432173
52,144,1,2428,9.453299,296.988640
52,144,1,2429,-14.832231,283.203221
52,144,1,2430,-7.570559,286.768416
52,144,1,2431,18.062362,306.971184
52,144,1,2432,-25.941807,270.130842
52,144,1,2433,24.273358,295.800241
52,144,1,2434,7.534970,287.243775
52,144,1,2435,29.593591,273.696036
52,144,1,2436,18.152945,263.000453
52,144,1,2437,19.112419,285.817697
52,144,1,2438,7.991597,282.727862
52,144,1,2439,-4.339194,296.988640
52,144,1,2440,26.830718,284.866979
52,144,1,2441,-2.112905,288.432173
52,144,1,2442,6.176334,290.808969
52,144,1,2443,3.652710,271.794599
52,144,1,2444,39.984181,305.545106
52,144,1,2445,7.306965,307.446543
52,144,1,2446,-14.763520,295.087203
52,144,1,2447,11.828256,302.217591
52,144,1,2448,-16.886744,321.469641
52,144,1,2449,5.513575,259.672938
52,144,1,2450,-35.475370,279.162668
52,144,1,2451,-0.868580,277.023551
52,144,1,2452,29.445543,295.800241
52,144,1,2453,-2.843756,281.301784
52,144,1,2454,20.505410,288.194493
52,144,1,2455,-23.886057,303.643669
52,144,1,2456,32.779355,287.956814
52,144,1,2457,19.283577,279.638027
52,144,1,2458,10.035483,290.333610
52,144,1,2459,6.724163,278.211949
52,144,1,2460,12.684045,271.319240
52,144,1,2461,-8.438212,291.759688
52,144,1,2462,-16.693095,295.324882
52,144,1,2463,-20.152464,305.307427
52,144,1,2464,-5.686585,290.571290
52,144,1,2465,-13.416130,301.504553
52,144,1,2466,10.412154,283.916260
52,144,1,2467,-10.961217,308.634941
52,144,1,2468,23.748020,288.432173
52,144,1,2469,-1.005382,289.145212
52,144,1,2470,41.845045,293.423445
52,144,1,2471,26.179823,279.638027
52,144,1,2472,-17.001674,277.736590
52,144,1,2473,28.920205,288.432173
52,144,1,2474,-16.476336,285.104658
52,144,1,2475,6.176334,290.808969
52,144,1,2476,-3.186071,293.661125
52,144,1,2477,-25.210956,277.261231
52,144,1,2478,-5.469826,280.351066
52,144,1,2479,32.859311,289.858251
52,144,1,2480,-8.232699,291.522008
52,144,1,2481,23.336994,288.907532
52,144,1,2482,-4.579063,291.284329
52,144,1,2483,-12.857055,278.924988
52,144,1,2484,4.109956,303.168310
52,144,1,2485,15.298870,282.252503
52,144,1,2486,-8.267055,285.580017
52,144,1,2487,-15.048990,293.423445
52,144,1,2488,1.164061,294.611843
52,144,1,2489,9.350852,315.052291
52,144,1,2490,-23.589342,295.324882
52,144,1,2491,1.038504,296.750960
52,144,1,2492,17.342756,289.858251
52,144,1,2493,-8.072787,295.324882
52,144,1,2494,-35.281102,288.907532
52,144,1,2495,-9.465778,292.948086
52,144,1,2496,26.134222,283.678580
52,144,1,2497,22.674854,293.661125
52,144,1,2498,-6.999620,290.095930
52,144,1,2499,13.449251,284.391619
52,144,1,2500,-24.377039,302.217591
52,144,1,2501,16.040967,279.400347
52,144,1,2502,-16.088420,268.704764
52,144,1,2503,24.833051,309.110301
52,144,1,2504,28.178109,291.284329
52,144,1,2505,9.510145,282.965542
52,144,1,2506,-15.448771,283.916260
52,144,1,2507,19.808915,287.006095
52,144,1,2508,-5.846497,286.768416
52,144,1,2509,1.198416,300.553834
52,144,1,2510,22.697963,309.585660
52,144,1,2511,39.561290,280.113386
52,144,1,2512,4.452272,290.808969
52,144,1,2513,1.015394,280.826425
52,144,1,2514,-10.915616,304.594388
52,144,1,2515,11.725190,284.391619
52,144,1,2516,-2.500821,304.832067
52,144,1,2517,27.412902,278.211949
52,144,1,2518,35.336715,277.023551
52,144,1,2519,-2.740690,299.127756
52,144,1,2520,22.960323,295.324882
52,144,1,2521,-3.186071,293.661125
52,144,1,2522,6.416202,296.513280
52,144,1,2523,1.666289,286.055377
52,144,1,2524,-10.516454,278.211949
52,144,1,2525,-6.188813,299.127756
52,144,1,2526,0.627478,297.226319
52,144,1,2527,-2.718199,279.162668
52,144,1,2528,-0.822979,272.982997
52,144,1,2529,15.082111,292.472727
52,144,1,2530,14.751041,294.849523
52,144,1,2531,25.666350,298.177038
52,144,1,2532,-18.645161,315.527651
52,144,1,2533,15.013401,280.588745
52,144,1,2534,13.369295,282.490182
52,144,1,2535,12.204927,295.800241
52,144,1,2536,6.518649,278.449629
52,144,1,2537,-22.607377,298.177038
52,144,1,2538,-19.559034,288.669853
52,144,1,2539,-4.647773,279.400347
52,144,1,2540,4.349825,308.872621
52,144,1,2541,20.745279,293.898804
52,144,1,2542,24.204648,283.916260
52,144,1,2543,32.368329,288.432173
52,144,1,2544,18.427169,274.646755
52,144,1,2545,16.326436,281.064105
52,144,1,2546,23.862332,296.275601
52,144,1,2547,-31.741777,280.826425
52,144,1,2548,10.252242,280.113386
52,144,1,2549,-18.485868,283.440901
52,144,1,2550,2.568298,287.006095
52,144,1,2551,-18.040486,288.907532
52,144,1,2552,10.846290,299.365436
52,144,1,2553,-4.864532,289.620571
52,144,1,2554,-16.601894,287.243775
52,144,1,2555,-3.414694,277.974269
52,144,1,2556,31.100894,283.916260
52,144,1,2557,20.243051,302.455271
52,144,1,2558,-9.933651,307.446543
52,144,1,2559,-6.417436,283.440901
52,144,1,2560,-17.389591,294.136484
52,144,1,2561,19.592156,297.226319
52,144,1,2562,14.134501,295.562562
52,144,1,2563,10.674514,269.655482
52,144,1,2564,-27.220487,275.597473
52,144,1,2565,1.951758,287.719134
52,144,1,2566,-39.105897,295.324882
52,144,1,2567,6.062022,282.965542
52,144,1,2568,16.509458,300.791514
52,144,1,2569,12.627199,285.342338
52,144,1,2570,10.868782,279.400347
52,144,1,2571,15.824208,289.620571
52,144,1,2572,17.102888,284.153940
52,144,1,2573,18.324721,292.710406
52,144,1,2574,11.988168,306.020465
52,144,1,2575,30.598666,292.472727
52,144,1,2576,-1.245251,283.440901
52,144,1,2577,-2.215352,306.495825
52,144,1,2578,34.663329,291.759688
52,144,1,2579,11.314163,284.866979
52,144,1,2580,6.416202,296.513280
52,144,1,2581,2.328429,281.301784
52,144,1,2582,26.956275,282.727862
52,144,1,2583,24.193402,293.898804
52,144,1,2584,20.425454,286.293056
52,144,1,2585,-7.410647,290.571290
52,144,1,2586,16.726217,290.571290
52,144,1,2587,4.052491,281.301784
52,144,1,2588,14.967800,284.629299
52,144,1,2589,-34.173580,289.620571
52,144,1,2590,21.818446,288.669853
52,144,1,2591,6.267535,282.727862
52,144,1,2592,6.507404,288.432173
52,144,1,2593,-6.714151,291.759688
52,144,1,2594,21.795336,272.745318
52,144,1,2595,18.667037,280.351066
52,144,1,2596,-15.585573,296.037921
52,144,1,2597,1.677535,276.072832
52,144,1,2598,49.528989,286.530736
52,144,1,2599,14.671085,292.948086
52,144,1,2600,5.628505,303.405990
52,144,1,2601,12.330484,293.661125
52,144,1,2602,-5.332405,304.119028
52,144,1,2603,-7.319445,282.490182
52,144,1,2604,21.875292,274.646755
52,144,1,2605,-6.166322,279.162668
52,144,1,2606,8.596891,291.997367
52,144,1,2607,1.118460,298.652397
52,144,1,2608,-11.544020,279.400347
52,144,1,2609,35.257377,311.011738
52,144,1,2610,3.287903,304.119028
52,144,1,2611,26.248534,291.522008
52,144,1,2612,-0.217685,282.252503
52,144,1,2613,-7.445002,284.629299
52,144,1,2614,-1.085339,287.243775
52,144,1,2615,-25.998654,284.153940
52,144,1,2616,24.604428,293.423445
52,144,1,2617,1.312728,308.397262
52,144,1,2618,39.686847,277.974269
52,144,1,2619,8.516935,290.095930
52,144,1,2620,13.438006,294.374164
52,144,1,2621,-20.015662,293.185766
52,144,1,2622,34.891333,271.556919
52,144,1,2623,-30.805413,287.719134
52,144,1,2624,6.758518,284.153940
52,144,1,2625,23.942288,298.177038
52,144,1,2626,11.450966,272.745318
52,144,1,2627,-0.343242,284.391619
52,144,1,2628,28.314911,279.162668
52,144,1,2629,-23.052759,292.710406
52,144,1,2630,18.313476,302.692951
52,144,1,2631,-17.698170,276.548192
52,144,1,2632,20.950792,293.661125
52,144,1,2633,21.978358,292.472727
52,144,1,2634,10.240996,290.095930
52,144,1,2635,-1.302097,297.463999
52,144,1,2636,-6.314370,301.266873
52,144,1,2637,-10.025472,279.638027
52,144,1,2638,19.672112,299.127756
52,144,1,2639,-36.662848,276.548192
52,144,1,2640,6.576114,300.316154
52,144,1,2641,1.415175,290.333610
52,144,1,2642,0.033429,277.974269
52,144,1,2643,19.728958,285.104658
52,144,1,2644,34.948798,293.423445
52,144,1,2645,-23.909167,287.719134
52,144,1,2646,7.980351,292.710406
52,144,1,2647,18.678283,270.368521
52,144,1,2648,7.763593,302.930630
52,144,1,2649,1.631934,280.113386
52,144,1,2650,1.529486,298.177038
52,144,1,2651,32.824956,283.916260
52,144,1,2652,-7.501848,298.652397
52,144,1,2653,0.227697,287.719134
52,144,1,2654,-8.769283,294.136484
52,144,1,2655,-31.341997,290.333610
52,144,1,2656,23.668064,286.530736
52,144,1,2657,-23.372583,285.104658
52,144,1,2658,18.061743,271.081560
52,144,1,2659,9.224676,281.301784
52,144,1,2660,10.515220,301.742232
52,144,1,2661,-23.303873,296.988640
52,144,1,2662,11.953813,300.078475
52,144,1,2663,8.722448,289.858251
52,144,1,2664,7.363812,293.423445
52,144,1,2665,13.449251,284.391619
52,144,1,2666,22.309428,290.095930
52,144,1,2667,4.166803,289.145212
52,144,1,2668,27.972596,291.522008
52,144,1,2669,-1.701878,287.956814
52,144,1,2670,12.672799,281.301784
52,144,1,2671,3.584618,295.800241
52,144,1,2672,23.233928,271.081560
52,144,1,2673,3.539017,299.840795
52,144,1,2674,15.778607,293.661125
52,144,1,2675,-15.220148,299.603115
52,144,1,2676,15.664295,285.817697
52,144,1,2677,14.145747,285.580017
52,144,1,2678,23.393840,274.884434
52,144,1,2679,31.409473,301.504553
52,144,1,2680,-5.914589,310.774058
52,144,1,2681,15.664295,285.817697
52,144,1,2682,6.484294,272.507638
52,144,1,2683,-2.181615,276.548192
52,144,1,2684,10.366553,287.956814
52,144,1,2685,17.262800,287.956814
52,144,1,2686,-16.327670,298.890077
52,144,1,2687,4.783342,288.432173
52,144,1,2688,-7.639269,274.884434
52,144,1,2689,15.298870,282.252503
52,144,1,2690,11.736435,274.409075
52,144,1,2691,22.549297,295.800241
52,144,1,2692,-7.833537,265.139570
52,144,1,2693,-0.468799,286.530736
52,144,1,2694,-21.705368,299.127756
52,144,1,2695,18.633300,310.298699
52,144,1,2696,9.978637,304.356708
52,144,1,2697,20.574121,300.078475
52,144,1,2698,7.911641,280.826425
52,144,1,2699,-12.479766,308.397262
52,144,1,2700,1.723754,307.921902
52,144,1,2701,14.945309,304.594388
52,144,1,2702,1.300864,282.490182
52,144,1,2703,12.752756,283.203221
52,144,1,2704,-6.485528,307.446543
52,144,1,2705,8.322667,280.351066
52,144,1,2706,16.395147,292.948086
52,144,1,2707,-20.472289,297.701678
52,144,1,2708,-11.360998,299.127756
52,144,1,2709,-1.769970,311.962456
52,144,1,2710,-19.056806,280.113386
52,144,1,2711,33.270338,289.382892
52,144,1,2712,7.740483,287.006095
52,144,1,2713,-4.407905,285.104658
52,144,1,2714,23.508152,282.727862
52,144,1,2715,-6.622949,283.678580
52,144,1,2716,-20.004416,283.203221
52,144,1,2717,8.402623,282.252503
52,144,1,2718,9.829970,290.571290
52,144,1,2719,0.889837,282.965542
52,144,1,2720,31.626232,291.284329
52,144,1,2721,-3.597098,294.136484
52,144,1,2722,-35.361059,287.006095
52,144,1,2723,8.642492,287.956814
52,144,1,2724,41.765089,291.522008
52,144,1,2725,-17.378345,284.153940
52,144,1,2726,-8.712436,280.113386
52,144,1,2727,-7.410647,290.571290
52,144,1,2728,-3.254782,281.777143
52,144,1,2729,17.719427,283.440901
52,144,1,2730,-5.846497,286.768416
52,144,1,2731,7.306965,307.446543
52,144,1,2732,8.117154,280.588745
52,144,1,2733,5.057566,300.078475
52,144,1,2734,-6.348725,295.324882
52,144,1,2735,13.985835,281.777143
52,144,1,2736,-19.775793,298.890077
52,144,1,2737,9.019163,281.539464
52,144,1,2738,31.649342,307.208864
52,144,1,2739,-3.494032,311.962456
52,144,1,2740,18.735748,292.235047
52,144,1,2741,16.018475,299.365436
52,144,1,2742,-20.677802,297.939358
52,144,1,2743,2.591408,302.930630
52,144,1,2744,-18.976850,282.014823
52,144,1,2745,1.118460,298.652397
52,144,1,2746,-27.208623,301.504553
52,144,1,2747,42.541541,294.611843
52,144,1,2748,-2.329663,298.652397
52,144,1,2749,-0.423198,282.490182
52,144,1,2750,-6.131967,285.104658
52,144,1,2751,-6.439927,303.405990
52,144,1,2752,-16.270823,284.866979
52,144,1,2753,2.819412,282.727862
52,144,1,2754,21.441774,295.087203
52,144,1,2755,4.954500,282.252503
52,144,1,2756,-13.918977,274.171395
52,144,1,2757,16.611905,282.727862
52,144,1,2758,-23.863566,283.678580
52,144,1,2759,12.947023,292.948086
52,144,1,2760,-17.184078,293.898804
52,144,1,2761,14.625484,296.988640
52,144,1,2762,-11.464064,281.301784
52,144,1,2763,-20.952026,286.293056
52,144,1,2764,26.408446,295.324882
52,144,1,2765,-20.517890,301.742232
52,144,1,2766,3.184837,286.293056
52,144,1,2767,17.422712,291.759688
52,144,1,2768,11.588387,296.513280
52,144,1,2769,10.366553,287.956814
52,144,1,2770,-13.598533,317.666767
52,144,1,2771,-4.533462,287.243775
52,144,1,2772,20.471055,282.252503
52,144,1,2773,6.313136,278.687308
52,144,1,2774,9.464545,287.006095
52,144,1,2775,14.134501,295.562562
52,144,1,2776,9.841216,280.588745
52,144,1,2777,-10.345296,272.032279
52,144,1,2778,7.112698,297.701678
52,144,1,2779,8.471334,294.136484
52,144,1,2780,-16.727451,289.382892
52,144,1,2781,8.220220,298.414717
52,144,1,2782,-10.482099,284.153940
52,144,1,2783,-9.740002,281.301784
52,144,1,2784,17.708182,293.423445
52,144,1,2785,-4.533462,287.243775
52,144,1,2786,-3.494650,276.072832
52,144,1,2787,4.783342,288.432173
52,144,1,2788,2.259719,269.417803
52,144,1,2789,11.748299,300.316154
52,144,1,2790,24.570073,287.481454
52,144,1,2791,-10.847524,280.588745
52,144,1,2792,3.926934,283.440901
52,144,1,2793,1.004149,290.808969
52,144,1,2794,12.467286,281.539464
52,144,1,2795,-20.186819,299.365436
52,144,1,2796,-28.544768,285.104658
52,144,1,2797,-0.708667,280.826425
52,144,1,2798,-32.689387,283.916260
52,144,1,2799,16.451993,278.924988
52,144,1,2800,-22.881601,286.530736
52,144,1,2801,-11.669577,281.539464
52,144,1,2802,5.776553,281.301784
52,144,1,2803,4.669031,280.588745
52,144,1,2804,2.488342,285.104658
52,144,1,2805,-4.544707,297.226319
52,144,1,2806,8.505689,300.078475
52,144,1,2807,7.614926,289.145212
52,144,1,2808,-4.088080,292.710406
52,144,1,2809,13.243738,284.629299
52,144,1,2810,-1.222141,299.365436
52,144,1,2811,5.388636,297.701678
52,144,1,2812,1.072859,302.692951
52,144,1,2813,-7.410647,290.571290
52,144,1,2814,2.545807,306.971184
52,144,1,2815,20.905191,297.701678
52,144,1,2816,-2.889356,285.342338
52,144,1,2817,28.349267,285.104658
52,144,1,2818,21.920893,270.606201
52,144,1,2819,19.078064,279.875706
52,144,1,2820,-12.411674,284.391619
52,144,1,2821,19.534691,275.359793
52,144,1,2822,11.382874,296.750960
52,144,1,2823,20.676568,282.014823
52,144,1,2824,-30.188874,287.006095
52,144,1,2825,7.580571,283.203221
52,144,1,2826,-5.537918,304.356708
52,144,1,2827,-7.102067,308.159582
52,144,1,2828,2.066070,295.562562
52,144,1,2829,15.573094,293.898804
52,144,1,2830,1.735000,297.939358
52,144,1,2831,-3.665808,282.252503
52,144,1,2832,9.236540,307.208864
52,144,1,2833,16.360791,287.006095
52,144,1,2834,32.927403,265.852608
52,144,1,2835,6.815983,306.020465
52,144,1,2836,9.795615,284.629299
52,144,1,2837,-2.260953,310.536378
52,144,1,2838,-14.352494,294.611843
52,144,1,2839,-23.338228,291.046649
52,144,1,2840,-52.247495,300.553834
52,144,1,2841,-20.004416,283.203221
52,144,1,2842,29.285631,291.997367
52,144,1,2843,-35.520971,283.203221
52,144,1,2844,-7.399401,280.588745
52,144,1,2845,1.997359,283.678580
52,144,1,2846,16.726217,290.571290
52,144,1,2847,25.277814,278.687308
52,144,1,2848,-12.868301,288.907532
52,144,1,2849,4.166803,289.145212
52,144,1,2850,16.155278,287.243775
52,144,1,2851,16.029721,289.382892
52,144,1,2852,29.696657,291.522008
52,144,1,2853,14.259440,257.533821
52,144,1,2854,5.868373,309.110301
52,144,1,2855,11.508431,294.611843
52,144,1,2856,-25.964298,290.095930
52,144,1,2857,25.963065,289.858251
52,144,1,2858,19.477844,289.382892
52,144,1,2859,-11.155485,298.890077
52,144,1,2860,-2.820646,297.226319
52,144,1,2861,-1.199650,279.400347
52,144,1,2862,9.715659,282.727862
52,144,1,2863,24.387670,303.643669
52,144,1,2864,28.577890,300.791514
52,144,1,2865,5.274325,289.858251
52,144,1,2866,17.217199,291.997367
52,144,1,2867,-0.594356,288.669853
52,144,1,2868,-22.036438,301.504553
52,144,1,2869,-21.910881,299.365436
52,144,1,2870,7.146435,267.754045
52,144,1,2871,7.238255,295.562562
52,144,1,2872,-10.162274,291.759688
52,144,1,2873,3.048035,298.414717
52,144,1,2874,1.655043,296.037921
52,144,1,2875,-17.343990,290.095930
52,144,1,2876,-8.678081,286.055377
52,144,1,2877,7.706128,281.064105
52,144,1,2878,3.790131,295.562562
52,144,1,2879,12.352975,273.696036
52,144,1,2880,13.494852,280.351066
52,144,1,2881,-11.520910,295.324882
52,144,1,2882,1.403929,300.316154
52,144,1,2883,13.803431,297.939358
52,144,1,2884,-1.701878,287.956814
52,144,1,2885,-8.232699,291.522008
52,144,1,2886,2.191627,293.423445
52,144,1,2887,-30.383141,277.261231
52,144,1,2888,28.063797,283.440901
52,144,1,2889,-8.004695,271.319240
52,144,1,2890,-11.555266,289.382892
52,144,1,2891,-2.683843,285.104658
52,144,1,2892,-1.918637,298.177038
52,144,1,2893,-16.807407,287.481454
52,144,1,2894,0.638723,287.243775
52,144,1,2895,-3.939413,306.495825
52,144,1,2896,-4.453506,289.145212
52,144,1,2897,5.834018,303.168310
52,144,1,2898,9.042273,297.463999
52,144,1,2899,-15.174547,295.562562
52,144,1,2900,11.679589,288.432173
52,144,1,2901,-0.605602,298.652397
52,144,1,2902,-9.545735,291.046649
52,144,1,2903,-3.266027,291.759688
52,144,1,2904,14.534282,305.069747
52,144,1,2905,-21.031363,320.281243
52,144,1,2906,8.711202,299.840795
52,144,1,2907,1.575087,294.136484
52,144,1,2908,-14.044534,276.310512
52,144,1,2909,12.376084,289.620571
52,144,1,2910,20.311143,278.449629
52,144,1,2911,2.602653,292.948086
52,144,1,2912,11.451584,308.634941
52,144,1,2913,-47.543802,279.162668
52,144,1,2914,3.515908,283.916260
52,144,1,2915,1.620688,290.095930
52,144,1,2916,35.325469,287.006095
52,144,1,2917,-8.963550,284.391619
52,144,1,2918,-7.730471,282.965542
52,144,1,2919,46.126467,282.490182
52,144,1,2920,-11.372862,273.220677
52,144,1,2921,-11.338507,279.162668
52,144,1,2922,2.990570,276.548192
52,144,1,2923,-12.959503,296.988640
52,144,1,2924,-34.093624,291.522008
52,144,1,2925,11.394119,286.768416
52,144,1,2926,5.457347,309.585660
52,144,1,2927,2.111671,291.522008
52,144,1,2928,13.198137,288.669853
52,144,1,2929,-32.403918,285.580017
52,144,1,2930,-7.616160,290.808969
52,144,1,2931,-19.535925,304.594388
52,144,1,2932,26.625205,285.104658
52,144,1,2933,-11.977538,299.840795
52,144,1,2934,-22.504930,280.113386
52,144,1,2935,6.347491,284.629299
52,144,1,2936,-41.229739,285.817697
52,144,1,2937,-18.371556,291.284329
52,144,1,2938,2.317184,291.284329
52,144,1,2939,11.474076,288.669853
52,144,1,2940,20.802125,279.875706
52,144,1,2941,10.526466,291.759688
52,144,1,2942,18.256011,280.826425
52,144,1,2943,-0.891071,296.988640
52,144,1,2944,-13.941468,294.136484
52,144,1,2945,46.606204,293.898804
52,144,1,2946,-3.893813,302.455271
52,144,1,2947,-16.693095,295.324882
52,144,1,2948,-0.320132,300.316154
52,144,1,2949,-13.553551,277.736590
52,144,1,2950,7.009632,279.875706
52,144,1,2951,18.621436,284.391619
52,144,1,2952,-6.143212,295.087203
52,144,1,2953,-2.843756,281.301784
52,144,1,2954,17.297155,293.898804
52,144,1,2955,1.940513,297.701678
52,144,1,2956,0.284543,273.696036
52,144,1,2957,-32.723742,277.974269
52,144,1,2958,-17.629459,288.432173
52,144,1,2959,-40.190928,274.646755
52,144,1,2960,3.710175,293.661125
52,144,1,2961,3.333504,300.078475
52,144,1,2962,2.169136,313.388534
52,144,1,2963,-1.952992,292.235047
52,144,1,2964,-19.387876,282.490182
52,144,1,2965,16.075322,285.342338
52,144,1,2966,18.826949,284.153940
52,144,1,2967,27.539078,311.962456
52,144,1,2968,23.371349,294.849523
52,144,1,2969,-11.669577,281.539464
52,144,1,2970,22.538051,305.782786
52,144,1,2971,-14.478051,296.750960
52,144,1,2972,-11.498419,275.359793
52,144,1,2973,-7.330690,292.472727
52,144,1,2974,18.975616,297.939358
52,144,1,2975,-10.847524,280.588745
52,144,1,2976,-8.198344,297.463999
52,144,1,2977,7.398167,299.365436
52,144,1,2978,4.201158,295.087203
52,144,1,2979,-15.768595,276.310512
52,144,1,2980,-4.659019,289.382892
52,144,1,2981,-11.109884,294.849523
52,144,1,2982,-21.830925,301.266873
52,144,1,2983,13.050089,310.774058
52,144,1,2984,11.941948,274.171395
52,144,1,2985,24.615674,283.440901
52,144,1,2986,-6.040765,277.023551
52,144,1,2987,7.729237,296.988640
52,144,1,2988,-3.277273,301.742232
52,144,1,2989,-0.297641,280.351066
52,144,1,2990,0.753035,295.087203
52,144,1,2991,-16.909854,305.545106
52,144,1,2992,-15.676775,304.119028
52,144,1,2993,0.924192,288.907532
52,144,1,2994,10.320953,291.997367
52,144,1,2995,-10.402143,286.055377
52,144,1,2996,-8.781147,268.229405
52,144,1,2997,-8.666217,311.962456
52,144,1,2998,-1.347698,301.504553
52,144,1,2999,-11.840735,287.719134
52,144,1,3000,17.708182,293.423445
52,144,1,3001,-6.052010,287.006095
52,144,1,3002,5.959575,301.029193
52,144,1,3003,-14.580498,314.814612
52,144,1,3004,-21.854035,285.342338
52,144,1,3005,-16.144648,318.617486
52,144,1,3006,9.704413,292.710406
52,144,1,3007,25.117902,274.884434
52,144,1,3008,-27.516584,319.805884
52,144,1,3009,3.276039,278.211949
52,144,1,3010,30.176394,302.930630
52,144,1,3011,-27.197378,291.522008
52,144,1,3012,-12.251761,288.194493
52,144,1,3013,6.792873,290.095930
52,144,1,3014,0.650587,313.150854
52,144,1,3015,-7.604914,280.826425
52,144,1,3016,-37.667305,293.661125
52,144,1,3017,-7.170778,296.275601
52,144,1,3018,7.283856,291.522008
52,144,1,3019,-0.343242,284.391619
52,144,1,3020,-19.970061,289.145212
52,144,1,3021,15.333225,288.194493
52,144,1,3022,4.143693,273.220677
52,144,1,3023,35.063110,301.266873
52,144,1,3024,25.997420,295.800241
52,144,1,3025,7.340702,277.498910
52,144,1,3026,-8.598125,287.956814
52,144,1,3027,-19.855749,296.988640
52,144,1,3028,32.961759,271.794599
52,144,1,3029,-6.040765,277.023551
52,144,1,3030,20.562257,274.171395
52,144,1,3031,-12.194296,310.061019
52,144,1,3032,9.304632,283.203221
52,144,1,3033,-0.343242,284.391619
52,144,1,3034,-1.929882,308.159582
52,144,1,3035,0.318898,279.638027
52,144,1,3036,-14.090134,280.351066
52,144,1,3037,5.662241,273.458356
52,144,1,3038,-16.499446,269.180123
52,144,1,3039,-12.286117,282.252503
52,144,1,3040,7.455014,285.342338
52,144,1,3041,8.939207,279.638027
52,144,1,3042,0.045293,303.881349
52,144,1,3043,11.416611,266.803327
52,144,1,3044,-4.350440,306.971184
52,144,1,3045,-1.621922,289.858251
52,144,1,3046,25.677595,288.194493
52,144,1,3047,0.113385,279.875706
52,144,1,3048,-18.245999,289.145212
52,144,1,3049,0.205206,307.684223
52,144,1,3050,5.605395,287.481454
52,144,1,3051,-11.121129,304.832067
52,144,1,3052,-9.305866,296.750960
52,144,1,3053,-0.012172,282.014823
52,144,1,3054,6.336246,294.611843
52,144,1,3055,13.026979,294.849523
52,144,1,3056,9.213431,291.284329
52,144,1,3057,22.275073,284.153940
52,144,1,3058,-27.813917,292.235047
52,144,1,3059,-5.549782,278.449629
52,144,1,3060,8.642492,287.956814
52,144,1,3061,-21.123184,292.472727
52,144,1,3062,22.035823,314.339252
52,144,1,3063,7.272610,301.504553
52,144,1,3064,-6.120721,275.122114
52,144,1,3065,20.323007,304.356708
52,144,1,3066,10.446510,289.858251
52,144,1,3067,-2.478330,284.866979
52,144,1,3068,2.853767,288.669853
52,144,1,3069,4.657785,290.571290
52,144,1,3070,0.901083,272.982997
52,144,1,3071,-15.140192,301.504553
52,144,1,3072,-2.192861,286.530736
52,144,1,3073,26.179823,279.638027
52,144,1,3074,4.372316,288.907532
52,144,1,3075,10.161040,288.194493
52,144,1,3076,-14.181336,288.432173
52,144,1,3077,-4.225501,268.942444
52,144,1,3078,-36.263068,286.055377
52,144,1,3079,0.547521,295.324882
52,144,1,3080,-36.525427,300.316154
52,144,1,3081,12.021905,276.072832
52,144,1,3082,5.388636,297.701678
52,144,1,3083,-36.559782,294.374164
52,144,1,3084,13.700365,280.113386
52,144,1,3085,-20.928916,302.217591
52,144,1,3086,-8.620616,307.921902
52,144,1,3087,-15.414415,289.858251
52,144,1,3088,-25.027934,296.988640
52,144,1,3089,-0.754268,284.866979
52,144,1,3090,17.959296,289.145212
52,144,1,3091,6.016421,287.006095
52,144,1,3092,15.675541,275.835153
52,144,1,3093,27.481613,290.095930
52,144,1,3094,10.492111,285.817697
52,144,1,3095,6.130733,294.849523
52,144,1,3096,-19.559034,288.669853
52,144,1,3097,-16.773051,293.423445
52,144,1,3098,-8.404476,261.812055
52,144,1,3099,-4.293593,292.948086
52,144,1,3100,-10.665121,264.426531
52,144,1,3101,-2.284062,294.611843
52,144,1,3102,-15.288858,287.719134
52,144,1,3103,13.745966,276.072832
52,144,1,3104,16.337682,271.081560
52,144,1,3105,-11.258551,281.064105
52,144,1,3106,27.493477,316.003010
52,144,1,3107,-24.411395,296.275601
52,144,1,3108,29.136964,278.211949
52,144,1,3109,1.357710,268.467084
52,144,1,3110,-1.496365,287.719134
52,144,1,3111,-12.399809,310.298699
52,144,1,3112,-4.133681,296.750960
52,144,1,3113,-8.701191,270.130842
52,144,1,3114,-4.191146,274.884434
52,144,1,3115,21.944003,286.530736
52,144,1,3116,5.982066,281.064105
52,144,1,3117,-21.819679,291.284329
52,144,1,3118,-22.470574,286.055377
52,144,1,3119,-31.239549,272.269958
52,144,1,3120,33.235982,283.440901
52,144,1,3121,28.749047,294.611843
52,144,1,3122,-41.857524,296.513280
52,144,1,3123,8.094663,300.553834
52,144,1,3124,17.924941,283.203221
52,144,1,3125,-1.519475,271.794599
52,144,1,3126,-2.147260,282.490182
52,144,1,3127,15.744252,287.719134
52,144,1,3128,9.989882,294.374164
52,144,1,3129,-2.112905,288.432173
52,144,1,3130,8.117154,280.588745
52,144,1,3131,0.273298,283.678580
52,144,1,3132,3.230438,282.252503
52,144,1,3133,-13.815911,291.997367
52,144,1,3134,-30.280075,295.087203
52,144,1,3135,15.881054,275.597473
52,144,1,3136,-28.224943,292.710406
52,144,1,3137,-12.777099,280.826425
52,144,1,3138,-33.225971,286.530736
52,144,1,3139,-34.173580,289.620571
52,144,1,3140,15.378826,284.153940
52,144,1,3141,-1.576321,285.817697
52,144,1,3142,-3.129225,279.638027
52,144,1,3143,-13.895867,290.095930
52,144,1,3144,7.945996,286.768416
52,144,1,3145,15.949765,287.481454
52,144,1,3146,-1.587567,295.800241
52,144,1,3147,15.824208,289.620571
52,144,1,3148,19.477844,289.382892
52,144,1,3149,34.309149,278.211949
52,144,1,3150,7.923505,306.733504
52,144,1,3151,28.509179,288.907532
52,144,1,3152,-7.399401,280.588745
52,144,1,3153,-22.150750,293.661125
52,144,1,3154,4.817697,294.374164
52,144,1,3155,2.750701,270.843881
52,144,1,3156,10.446510,289.858251
52,144,1,3157,-3.528387,306.020465
52,144,1,3158,23.919178,282.252503
52,144,1,3159,-5.218712,276.072832
52,144,1,3160,-0.092128,280.113386
52,144,1,3161,30.529956,280.588745
52,144,1,3162,-4.031234,278.687308
52,144,1,3163,24.775586,287.243775
52,144,1,3164,5.445483,283.678580
52,144,1,3165,12.376084,289.620571
52,144,1,3166,16.794927,302.455271
52,144,1,3167,3.013680,292.472727
52,144,1,3168,-9.602581,305.069747
52,144,1,3169,7.580571,283.203221
52,144,1,3170,-14.215691,282.490182
52,144,1,3171,-4.910133,293.661125
52,144,1,3172,-34.287892,281.777143
52,144,1,3173,2.146026,297.463999
52,144,1,3174,33.635763,292.948086
52,144,1,3175,1.871802,285.817697
52,144,1,3176,-5.526673,294.374164
52,144,1,3177,3.093636,294.374164
52,144,1,3178,11.588387,296.513280
52,144,1,3179,-15.037744,283.440901
52,144,1,3180,18.153563,298.890077
52,144,1,3181,6.564250,274.409075
52,144,1,3182,-3.300383,285.817697
52,144,1,3183,1.107214,308.634941
52,144,1,3184,-1.850545,274.171395
52,144,1,3185,-0.697422,270.843881
52,144,1,3186,-5.058800,279.875706
52,144,1,3187,-11.931937,295.800241
52,144,1,3188,7.809193,298.890077
52,144,1,3189,5.056947,264.188851
52,144,1,3190,-25.518917,295.562562
52,144,1,3191,-17.583859,284.391619
52,144,1,3192,25.460836,298.414717
52,144,1,3193,-20.038771,277.261231
52,144,1,3194,-21.899636,289.382892
52,144,1,3195,14.842243,286.768416
52,144,1,3196,-1.827435,290.095930
52,144,1,3197,23.371349,294.849523
52,144,1,3198,-15.894152,278.449629
52,144,1,3199,-12.126204,286.055377
52,144,1,3200,6.484913,308.397262
52,144,1,3201,-14.626718,282.965542
52,144,1,3202,-6.143212,295.087203
52,144,1,3203,-7.844783,275.122114
52,144,1,3204,-5.812142,292.710406
52,144,1,3205,-10.858770,290.571290
52,144,1,3206,25.061056,288.907532
52,144,1,3207,6.827228,296.037921
52,144,1,3208,-0.480045,296.513280
52,144,1,3209,31.420719,291.522008
52,144,1,3210,11.713944,294.374164
52,144,1,3211,22.149516,286.293056
52,144,1,3212,17.102888,284.153940
52,144,1,3213,-5.458581,270.368521
52,144,1,3214,4.577829,288.669853
52,144,1,3215,2.317184,291.284329
52,144,1,3216,-24.308947,278.211949
52,144,1,3217,14.385616,291.284329
52,144,1,3218,0.616232,307.208864
52,144,1,3219,9.042273,297.463999
52,144,1,3220,5.251215,273.933716
52,144,1,3221,14.899089,272.745318
52,144,1,3222,-5.537918,304.356708
52,144,1,3223,2.979324,286.530736
52,144,1,3224,20.060647,318.617486
52,144,1,3225,3.196083,276.310512
52,144,1,3226,9.099119,283.440901
52,144,1,3227,-39.105897,295.324882
52,144,1,3228,-0.377597,278.449629
52,144,1,3229,4.098711,313.150854
52,144,1,3230,8.779294,275.835153
52,144,1,3231,19.934472,284.866979
52,144,1,3232,4.943254,292.235047
52,144,1,3233,16.531949,280.826425
52,144,1,3234,-19.970061,289.145212
52,144,1,3235,-19.170499,308.159582
52,144,1,3236,26.945030,292.710406
52,144,1,3237,-5.594765,318.379806
52,144,1,3238,-13.484840,289.620571
52,144,1,3239,-30.383141,277.261231
52,144,1,3240,-3.254782,281.777143
52,144,1,3241,2.088561,275.597473
52,144,1,3242,-3.403449,267.991725
52,144,1,3243,-22.436219,291.997367
52,144,1,3244,2.819412,282.727862
52,144,1,3245,23.325748,298.890077
52,144,1,3246,24.318959,291.759688
52,144,1,3247,15.173313,284.391619
52,144,1,3248,-11.703932,275.597473
52,144,1,3249,18.039252,291.046649
52,144,1,3250,36.376145,301.742232
52,144,1,3251,-17.480793,302.217591
52,144,1,3252,-2.387128,276.785871
52,144,1,3253,-2.695089,295.087203
52,144,1,3254,-23.292627,287.006095
52,144,1,3255,9.487654,302.930630
52,144,1,3256,-24.045969,299.840795
52,144,1,3257,-32.986102,292.235047
52,144,1,3258,21.795336,272.745318
52,144,1,3259,10.868782,279.400347
52,144,1,3260,9.190321,275.359793
52,144,1,3261,0.524412,279.400347
52,144,1,3262,-22.379372,277.974269
52,144,1,3263,-15.539972,291.997367
52,144,1,3264,-13.439240,285.580017
52,144,1,3265,-26.409680,284.629299
52,144,1,3266,-7.787318,296.988640
52,144,1,3267,18.290366,286.768416
52,144,1,3268,-46.972863,282.490182
52,144,1,3269,-12.948257,287.006095
52,144,1,3270,-0.651202,302.692951
52,144,1,3271,7.763593,302.930630
52,144,1,3272,17.948050,299.127756
52,144,1,3273,7.671772,275.122114
52,144,1,3274,22.469340,293.898804
52,144,1,3275,-2.523931,288.907532
52,144,1,3276,6.872829,291.997367
52,144,1,3277,-7.113932,282.252503
52,144,1,3278,-13.564797,287.719134
52,144,1,3279,29.559855,303.643669
52,144,1,3280,-5.960809,278.924988
52,144,1,3281,-28.738417,311.249417
52,144,1,3282,10.868782,279.400347
52,144,1,3283,-14.877832,287.243775
52,144,1,3284,26.465293,281.301784
52,144,1,3285,9.886817,276.548192
52,144,1,3286,-6.908418,282.014823
52,144,1,3287,-19.924460,285.104658
52,144,1,3288,3.824487,301.504553
52,144,1,3289,-17.572613,274.409075
52,144,1,3290,-36.890853,296.750960
52,144,1,3291,-14.706674,281.064105
52,144,1,3292,11.519676,284.629299
52,144,1,3293,-4.990089,291.759688
52,144,1,3294,-0.183330,288.194493
52,144,1,3295,30.153285,287.006095
52,144,1,3296,-5.937699,294.849523
52,144,1,3297,-8.107142,289.382892
52,144,1,3298,-8.312655,289.620571
52,144,1,3299,-22.972802,294.611843
52,144,1,3300,-3.048650,317.429088
52,144,1,3301,-12.377318,290.333610
52,144,1,3302,27.618416,277.974269
52,144,1,3303,3.230438,282.252503
52,144,1,3304,-25.427715,287.481454
52,144,1,3305,-23.578096,285.342338
52,144,1,3306,-12.857055,278.924988
52,144,1,3307,43.523506,297.463999
52,144,1,3308,-12.000647,283.916260
52,144,1,3309,10.264106,306.020465
52,144,1,3310,-2.192861,286.530736
52,144,1,3311,-8.267055,285.580017
52,144,1,3312,44.631028,298.177038
52,144,1,3313,16.144032,297.226319
52,144,1,3314,-0.217685,282.252503
52,144,1,3315,7.455014,285.342338
52,144,1,3316,12.159326,299.840795
52,144,1,3317,-12.331717,286.293056
52,144,1,3318,-36.582892,278.449629
52,144,1,3319,13.792186,307.921902
52,144,1,3320,-4.099326,302.692951
52,144,1,3321,-23.578096,285.342338
52,144,1,3322,-14.843477,293.185766
52,144,1,3323,2.248473,279.400347
52,144,1,3324,3.755776,289.620571
52,144,1,3325,-14.581117,278.924988
52,144,1,3326,-13.930222,284.153940
52,144,1,3327,-33.477085,290.808969
52,144,1,3328,-37.404945,279.400347
52,144,1,3329,-31.421953,288.432173
52,144,1,3330,-30.120163,298.890077
52,144,1,3331,11.554032,290.571290
52,144,1,3332,-2.021703,280.351066
52,144,1,3333,35.188667,299.127756
52,144,1,3334,20.402963,306.258145
52,144,1,3335,5.023211,294.136484
52,144,1,3336,8.345777,296.275601
52,144,1,3337,-13.348038,277.498910
52,144,1,3338,-15.460016,293.898804
52,144,1,3339,15.013401,280.588745
52,144,1,3340,19.192375,287.719134
52,144,1,3341,21.167551,283.440901
52,144,1,3342,-17.914929,286.768416
52,144,1,3343,19.968827,290.808969
52,144,1,3344,-5.275558,290.095930
52,144,1,3345,-5.355515,288.194493
52,144,1,3346,17.537024,299.603115
52,144,1,3347,3.082390,304.356708
52,144,1,3348,-6.177567,289.145212
52,144,1,3349,9.704413,292.710406
52,144,1,3350,3.767022,279.638027
52,144,1,3351,22.263827,294.136484
52,144,1,3352,-7.296335,298.414717
52,144,1,3353,13.152536,292.710406
52,144,1,3354,21.749735,276.785871
52,144,1,3355,-9.888669,267.516366
52,144,1,3356,23.428196,280.826425
52,144,1,3357,-17.092876,285.817697
52,144,1,3358,-0.468799,286.530736
52,144,1,3359,4.086846,287.243775
52,144,1,3360,-10.893125,284.629299
52,144,1,3361,17.891204,313.150854
52,144,1,3362,21.338709,277.261231
52,144,1,3363,13.643519,294.136484
52,144,1,3364,1.551978,278.211949
52,144,1,3365,-10.379033,301.979912
52,144,1,3366,-4.213637,294.849523
52,144,1,3367,0.330144,269.655482
52,144,1,3368,-13.393639,281.539464
52,144,1,3369,-32.449519,289.620571
52,144,1,3370,-5.675339,280.588745
52,144,1,3371,19.169884,307.684223
52,144,1,3372,-1.541966,291.759688
52,144,1,3373,7.511860,271.319240
52,144,1,3374,-11.464064,281.301784
52,144,1,3375,-38.923493,279.162668
52,144,1,3376,0.022184,287.956814
52,144,1,3377,24.684385,295.324882
52,144,1,3378,30.347552,296.750960
52,144,1,3379,-14.101380,290.333610
52,144,1,3380,34.126746,294.374164
52,144,1,3381,8.277066,284.391619
52,144,1,3382,7.055233,275.835153
52,144,1,3383,11.930703,284.153940
52,144,1,3384,-17.172832,283.916260
52,144,1,3385,-1.359562,275.597473
52,144,1,3386,5.970820,291.046649
52,144,1,3387,3.150482,280.351066
52,144,1,3388,-7.741717,292.948086
52,144,1,3389,16.600660,292.710406
52,144,1,3390,-8.175853,277.498910
52,144,1,3391,-24.377039,302.217591
52,144,1,3392,-6.577348,279.638027
52,144,1,3393,8.733694,279.875706
52,144,1,3394,5.445483,283.678580
52,144,1,3395,-29.264374,267.991725
52,144,1,3396,-0.674312,286.768416
52,144,1,3397,19.717713,295.087203
52,144,1,3398,11.006203,303.168310
52,144,1,3399,-6.052010,287.006095
52,144,1,3400,-14.717920,291.046649
52,144,1,3401,5.274325,289.858251
52,144,1,3402,-37.541748,291.522008
52,144,1,3403,3.550263,289.858251
52,144,1,3404,0.821127,271.081560
52,144,1,3405,-12.571586,280.588745
52,144,1,3406,0.353254,285.580017
52,144,1,3407,6.724163,278.211949
52,144,1,3408,-5.481072,290.333610
52,144,1,3409,40.109738,303.405990
52,144,1,3410,3.653329,307.684223
52,144,1,3411,10.971847,297.226319
52,144,1,3412,2.888123,294.611843
52,144,1,3413,-22.310662,289.858251
52,144,1,3414,13.517962,296.275601
52,144,1,3415,16.977331,286.293056
52,144,1,3416,-20.724021,266.090288
52,144,1,3417,-8.312655,289.620571
52,144,1,3418,21.247507,285.342338
52,144,1,3419,20.139985,284.629299
52,144,1,3420,15.413181,290.095930
52,144,1,3421,1.255263,286.530736
52,144,1,3422,-7.673625,268.942444
52,144,1,3423,-1.028492,273.220677
52,144,1,3424,24.067845,296.037921
52,144,1,3425,-17.937420,306.733504
52,144,1,3426,-9.956761,291.522008
52,144,1,3427,18.770103,298.177038
52,144,1,3428,1.997359,283.678580
52,144,1,3429,-10.801923,276.548192
52,144,1,3430,-9.911160,287.481454
52,144,1,3431,-14.067025,296.275601
52,144,1,3432,8.037198,278.687308
52,144,1,3433,30.541201,270.606201
52,144,1,3434,9.281523,267.278686
52,144,1,3435,-30.485589,295.324882
52,144,1,3436,12.204927,295.800241
52,144,1,3437,-11.989402,273.933716
52,144,1,3438,-1.621922,289.858251
52,144,1,3439,-32.655032,289.858251
52,144,1,3440,-21.283096,288.669853
52,144,1,3441,-12.697143,282.727862
52,144,1,3442,-2.946203,299.365436
52,144,1,3443,-13.244972,295.324882
52,144,1,3444,0.593122,291.284329
52,144,1,3445,-11.486555,301.266873
52,144,1,3446,-2.751935,309.110301
52,144,1,3447,49.174809,272.982997
52,144,1,3448,8.071553,284.629299
52,144,1,3449,-17.069766,301.742232
52,144,1,3450,-3.836966,288.432173
52,144,1,3451,-10.584546,302.217591
52,144,1,3452,7.226391,269.655482
52,144,1,3453,15.002155,290.571290
52,144,1,3454,-14.146981,294.374164
52,144,1,3455,18.587081,278.449629
52,144,1,3456,-0.548755,284.629299
52,144,1,3457,12.992624,288.907532
52,144,1,3458,19.055572,299.840795
52,144,1,3459,-15.425661,299.840795
52,144,1,3460,-17.161587,273.933716
52,144,1,3461,24.364560,287.719134
52,144,1,3462,0.832991,296.988640
52,144,1,3463,-4.053725,298.652397
52,144,1,3464,9.532637,263.000453
52,144,1,3465,13.369295,282.490182
52,144,1,3466,23.074016,267.278686
52,144,1,3467,-24.320193,288.194493
52,144,1,3468,2.477096,295.087203
52,144,1,3469,13.300585,270.606201
52,144,1,3470,9.966773,278.449629
52,144,1,3471,-8.826748,272.269958
52,144,1,3472,-4.670265,299.365436
52,144,1,3473,10.320953,291.997367
52,144,1,3474,-16.647494,291.284329
52,144,1,3475,-29.652290,284.391619
52,144,1,3476,-7.307581,308.397262
52,144,1,3477,8.220220,298.414717
52,144,1,3478,-10.630147,306.258145
52,144,1,3479,-6.177567,289.145212
52,144,1,3480,28.063797,283.440901
52,144,1,3481,26.579604,289.145212
52,144,1,3482,21.510485,306.971184
52,144,1,3483,-7.079576,288.194493
52,144,1,3484,25.495192,304.356708
52,144,1,3485,14.556773,285.104658
52,144,1,3486,1.540732,288.194493
52,144,1,3487,-4.898887,283.678580
52,144,1,3488,3.653329,307.684223
52,144,1,3489,2.305938,301.266873
52,144,1,3490,-8.997906,278.449629
52,144,1,3491,-19.890105,291.046649
52,144,1,3492,-13.439240,285.580017
52,144,1,3493,-3.779501,310.298699
52,144,1,3494,21.338709,277.261231
52,144,1,3495,2.705101,274.884434
52,144,1,3496,41.868155,309.347980
52,144,1,3497,30.564311,286.530736
52,144,1,3498,-13.884621,280.113386
52,144,1,3499,16.177769,267.278686
52,144,1,3500,-18.154797,281.064105
52,144,1,3501,8.049062,304.594388
52,144,1,3502,11.713944,294.374164
52,144,1,3503,31.557522,279.400347
52,144,1,3504,5.274325,289.858251
52,144,1,3505,-27.677115,280.113386
52,144,1,3506,8.151509,286.530736
52,144,1,3507,15.447537,296.037921
52,144,1,3508,-4.442260,279.162668
52,144,1,3509,-10.847524,280.588745
52,144,1,3510,21.532976,287.006095
52,144,1,3511,-27.357290,287.719134
52,144,1,3512,-26.009899,294.136484
52,144,1,3513,12.512887,277.498910
52,144,1,3514,19.592156,297.226319
52,144,1,3515,-5.824006,266.803327
52,144,1,3516,6.393092,280.588745
52,144,1,3517,26.865074,290.808969
52,144,1,3518,0.170850,301.742232
52,144,1,3519,18.941261,291.997367
52,144,1,3520,-13.256218,305.307427
52,144,1,3521,-7.741717,292.948086
52,144,1,3522,-3.494650,276.072832
52,144,1,3523,36.250588,303.881349
52,144,1,3524,-12.925147,302.930630
52,144,1,3525,10.617668,283.678580
52,144,1,3526,-5.150001,287.956814
52,144,1,3527,9.452680,261.099016
52,144,1,3528,-5.732186,294.611843
52,144,1,3529,21.692889,290.808969
52,144,1,3530,-8.746792,274.171395
52,144,1,3531,-0.925426,291.046649
52,144,1,3532,31.637478,281.301784
52,144,1,3533,22.343783,296.037921
52,144,1,3534,-5.104401,283.916260
52,144,1,3535,-3.745764,280.351066
52,144,1,3536,-15.323214,281.777143
52,144,1,3537,3.219193,292.235047
52,144,1,3538,-10.287831,293.898804
52,144,1,3539,14.636730,287.006095
52,144,1,3540,-19.992552,309.110301
52,144,1,3541,-4.373550,291.046649
52,144,1,3542,-24.000368,295.800241
52,144,1,3543,20.060029,282.727862
52,144,1,3544,-0.137729,284.153940
52,144,1,3545,15.618695,289.858251
52,144,1,3546,-1.827435,290.095930
52,144,1,3547,0.627478,297.226319
52,144,1,3548,44.722230,290.095930
52,144,1,3549,0.558767,285.342338
52,144,1,3550,7.866040,284.866979
52,144,1,3551,-5.800896,282.727862
52,144,1,3552,-4.579063,291.284329
52,144,1,3553,4.829562,320.281243
52,144,1,3554,-14.614854,308.872621
52,144,1,3555,-6.646059,267.754045
52,144,1,3556,31.215206,291.759688
52,144,1,3557,0.342008,295.562562
52,144,1,3558,1.129706,288.669853
52,144,1,3559,-17.172832,283.916260
52,144,1,3560,5.399882,287.719134
52,144,1,3561,-8.141498,283.440901
52,144,1,3562,2.956215,270.606201
52,144,1,3563,18.575835,288.432173
52,144,1,3564,0.342008,295.562562
52,144,1,3565,25.974310,279.875706
52,144,1,3566,-12.902656,282.965542
52,144,1,3567,-19.695837,300.791514
52,144,1,3568,31.409473,301.504553
52,144,1,3569,34.423461,286.055377
52,144,1,3570,8.882360,293.661125
52,144,1,3571,1.700644,291.997367
52,144,1,3572,-17.298389,286.055377
52,144,1,3573,-12.297362,292.235047
52,144,1,3574,7.580571,283.203221
52,144,1,3575,-11.875090,281.777143
52,144,1,3576,6.005176,296.988640
52,144,1,3577,-18.166043,291.046649
52,144,1,3578,13.323694,286.530736
52,144,1,3579,-4.339194,296.988640
52,144,1,3580,3.813241,311.487097
52,144,1,3581,9.099119,283.440901
52,144,1,3582,-22.230706,291.759688
52,144,1,3583,-14.695428,271.081560
52,144,1,3584,-16.407626,296.988640
52,144,1,3585,-9.865559,283.440901
52,144,1,3586,-9.077862,276.548192
52,144,1,3587,0.444455,277.498910
52,144,1,3588,-25.507671,285.580017
52,144,1,3589,-7.421892,300.553834
52,144,1,3590,25.232214,282.727862
52,144,1,3591,-23.623697,289.382892
52,144,1,3592,-11.178594,282.965542
52,144,1,3593,0.729925,279.162668
52,144,1,3594,-21.602921,281.064105
52,144,1,3595,-5.241203,296.037921
52,144,1,3596,0.102140,289.858251
52,144,1,3597,-5.024444,285.817697
52,144,1,3598,0.992903,300.791514
52,144,1,3599,36.113167,280.113386
52,144,1,3600,-16.247714,300.791514
52,144,1,3601,11.999413,296.037921
52,144,1,3602,9.407698,301.029193
52,144,1,3603,24.398915,293.661125
52,144,1,3604,-14.661073,277.023551
52,144,1,3605,27.550324,301.979912
52,144,1,3606,11.485321,278.687308
52,144,1,3607,-22.253815,275.835153
52,144,1,3608,-0.697422,270.843881
52,144,1,3609,13.278093,290.571290
52,144,1,3610,14.191348,281.539464
52,144,1,3611,17.856849,307.208864
52,144,1,3612,1.780600,293.898804
52,144,1,3613,-30.885369,285.817697
52,144,1,3614,-35.018743,274.646755
52,144,1,3615,-9.340221,290.808969
52,144,1,3616,11.450966,272.745318
52,144,1,3617,-10.755704,308.397262
52,144,1,3618,-2.112905,288.432173
52,144,1,3619,12.581598,289.382892
52,144,1,3620,1.072859,302.692951
52,144,1,3621,6.199443,306.733504
52,144,1,3622,-16.978565,293.661125
52,144,1,3623,13.346804,302.455271
52,144,1,3624,-11.258551,281.064105
52,144,1,3625,24.524472,291.522008
52,144,1,3626,6.210689,296.750960
52,144,1,3627,-19.194227,256.345423
52,144,1,3628,-19.068052,290.095930
52,144,1,3629,30.769824,286.293056
52,144,1,3630,-12.000647,283.916260
52,144,1,3631,-0.046527,276.072832
52,144,1,3632,23.371349,294.849523
52,144,1,3633,1.620688,290.095930
52,144,1,3634,-29.869049,294.611843
52,144,1,3635,-17.184078,293.898804
52,144,1,3636,9.282141,303.168310
52,144,1,3637,-11.920691,285.817697
52,144,1,3638,33.761320,290.808969
52,144,1,3639,9.761260,278.687308
52,144,1,3640,5.023211,294.136484
52,144,1,3641,22.766055,285.580017
52,144,1,3642,2.066070,295.562562
52,144,1,3643,17.525778,309.585660
52,144,1,3644,-23.772364,275.597473
52,144,1,3645,-3.962523,290.571290
52,144,1,3646,1.837447,279.875706
52,144,1,3647,32.721890,266.090288
52,144,1,3648,-19.227964,286.293056
52,144,1,3649,-0.594356,288.669853
52,144,1,3650,9.087873,293.423445
52,144,1,3651,2.225982,299.365436
52,144,1,3652,-16.430736,281.064105
52,144,1,3653,6.062022,282.965542
52,144,1,3654,12.010659,286.055377
52,144,1,3655,-8.095897,279.400347
52,144,1,3656,-21.397407,280.826425
52,144,1,3657,-1.816190,280.113386
52,144,1,3658,33.099180,295.562562
52,144,1,3659,16.417638,272.982997
52,144,1,3660,13.083826,280.826425
52,144,1,3661,-11.817625,303.643669
52,144,1,3662,-24.445750,290.333610
52,144,1,3663,-3.814475,268.467084
52,144,1,3664,5.308680,295.800241
52,144,1,3665,-54.554360,271.319240
52,144,1,3666,14.465572,293.185766
52,144,1,3667,51.938301,297.701678
52,144,1,3668,14.602374,281.064105
52,144,1,3669,-10.447743,290.095930
52,144,1,3670,5.617259,313.388534
52,144,1,3671,-16.247714,300.791514
52,144,1,3672,-29.823448,290.571290
52,144,1,3673,-3.540251,280.113386
52,144,1,3674,4.417917,284.866979
52,144,1,3675,20.208695,296.513280
52,144,1,3676,-27.471601,279.875706
52,144,1,3677,-6.052010,287.006095
52,144,1,3678,-27.733961,294.136484
52,144,1,3679,11.063049,289.145212
52,144,1,3680,-0.822360,308.872621
52,144,1,3681,34.275412,308.159582
52,144,1,3682,6.827228,296.037921
52,144,1,3683,-19.113653,294.136484
52,144,1,3684,12.901422,296.988640
52,144,1,3685,0.741789,305.069747
52,144,1,3686,-0.388843,288.432173
52,144,1,3687,2.237228,289.382892
52,144,1,3688,-24.114680,287.956814
52,144,1,3689,22.309428,290.095930
52,144,1,3690,-8.563769,293.898804
52,144,1,3691,-8.392612,287.719134
52,144,1,3692,19.763314,291.046649
52,144,1,3693,-9.100353,296.513280
52,144,1,3694,-8.426967,281.777143
52,144,1,3695,-0.411953,272.507638
52,144,1,3696,22.891612,283.440901
52,144,1,3697,-21.774079,287.243775
52,144,1,3698,23.644955,270.606201
52,144,1,3699,1.449530,296.275601
52,144,1,3700,5.206233,313.863893
52,144,1,3701,30.518710,290.571290
52,144,1,3702,-17.960530,290.808969
52,144,1,3703,4.509118,276.785871
52,144,1,3704,37.620470,290.333610
52,144,1,3705,15.686787,265.852608
52,144,1,3706,-12.160560,280.113386
52,144,1,3707,-15.699885,288.194493
52,144,1,3708,-35.966353,277.736590
52,144,1,3709,-0.434444,292.472727
52,144,1,3710,16.337682,271.081560
52,144,1,3711,-5.401116,292.235047
52,144,1,3712,26.077376,297.701678
52,144,1,3713,-9.363331,274.884434
52,144,1,3714,-3.540251,280.113386
52,144,1,3715,-6.497392,281.539464
52,144,1,3716,6.484294,272.507638
52,144,1,3717,-31.878580,292.948086
52,144,1,3718,-18.200398,285.104658
52,144,1,3719,18.495879,286.530736
52,144,1,3720,3.698930,303.643669
52,144,1,3721,-17.252788,282.014823
52,144,1,3722,15.653050,295.800241
52,144,1,3723,15.904164,291.522008
52,144,1,3724,-11.886336,291.759688
52,144,1,3725,-13.872757,306.020465
52,144,1,3726,-17.731907,306.495825
52,144,1,3727,-14.683564,296.988640
52,144,1,3728,6.370601,300.553834
52,144,1,3729,-6.188813,299.127756
52,144,1,3730,5.285570,279.875706
52,144,1,3731,6.998386,289.858251
52,144,1,3732,-5.618493,266.565647
52,144,1,3733,27.447258,284.153940
52,144,1,3734,-15.414415,289.858251
52,144,1,3735,23.188946,311.011738
52,144,1,3736,45.897844,266.803327
52,144,1,3737,4.452272,290.808969
52,144,1,3738,9.578856,294.849523
52,144,1,3739,-17.560749,300.316154
52,144,1,3740,-19.593390,282.727862
52,144,1,3741,-13.964577,278.211949
52,144,1,3742,8.927961,289.620571
52,144,1,3743,-25.633228,287.719134
52,144,1,3744,11.690834,278.449629
52,144,1,3745,20.722169,277.974269
52,144,1,3746,-14.683564,296.988640
52,144,1,3747,2.202872,283.440901
52,144,1,3748,12.352975,273.696036
52,144,1,3749,-1.450764,283.678580
52,144,1,3750,5.411127,277.736590
52,144,1,3751,-24.137789,272.032279
52,144,1,3752,9.795615,284.629299
52,144,1,3753,-1.793080,296.037921
52,144,1,3754,-7.570559,286.768416
52,144,1,3755,8.311422,290.333610
52,144,1,3756,13.449870,320.281243
52,144,1,3757,4.932009,302.217591
52,144,1,3758,6.587360,290.333610
52,144,1,3759,11.222962,292.948086
52,144,1,3760,35.131202,277.261231
52,144,1,3761,4.292360,287.006095
52,144,1,3762,-14.158845,268.467084
52,144,1,3763,-9.192173,268.704764
52,144,1,3764,12.273019,271.794599
52,144,1,3765,-4.659019,289.382892
52,144,1,3766,-5.378624,272.269958
52,144,1,3767,-13.781555,297.939358
52,144,1,3768,33.475851,289.145212
52,144,1,3769,1.072859,302.692951
52,144,1,3770,29.627947,279.638027
52,144,1,3771,3.299149,294.136484
52,144,1,3772,-21.511719,272.982997
52,144,1,3773,4.143693,273.220677
52,144,1,3774,-6.999620,290.095930
52,144,1,3775,-1.793080,296.037921
52,144,1,3776,-10.778814,292.472727
52,144,1,3777,-11.623976,277.498910
52,144,1,3778,6.130733,294.849523
52,144,1,3779,3.355995,280.113386
52,144,1,3780,3.333504,300.078475
52,144,1,3781,-18.120442,287.006095
52,144,1,3782,-8.803638,288.194493
52,144,1,3783,-24.674373,274.646755
52,144,1,3784,34.994399,289.382892
52,144,1,3785,31.591877,285.342338
52,144,1,3786,1.460776,286.293056
52,144,1,3787,10.560821,297.701678
52,144,1,3788,-2.364019,292.710406
52,144,1,3789,-16.898608,295.562562
52,144,1,3790,23.964779,278.211949
52,144,1,3791,0.262052,293.661125
52,144,1,3792,12.216172,285.817697
52,144,1,3793,-11.464064,281.301784
52,144,1,3794,-5.138756,277.974269
52,144,1,3795,-7.684870,278.924988
52,144,1,3796,23.131481,289.145212
52,144,1,3797,-20.004416,283.203221
52,144,1,3798,-5.184357,282.014823
52,144,1,3799,12.627199,285.342338
52,144,1,3800,6.872829,291.997367
52,144,1,3801,-3.882567,292.472727
52,144,1,3802,9.613211,300.791514
52,144,1,3803,-5.469826,280.351066
52,144,1,3804,-9.420178,288.907532
52,144,1,3805,4.030000,301.266873
52,144,1,3806,-18.211644,295.087203
52,144,1,3807,-3.003668,277.498910
52,144,1,3808,-14.581117,278.924988
52,144,1,3809,8.642492,287.956814
52,144,1,3810,3.310395,284.153940
52,144,1,3811,1.060995,276.785871
52,144,1,3812,8.425733,298.177038
52,144,1,3813,-1.952992,292.235047
52,144,1,3814,-16.373271,302.930630
52,144,1,3815,17.593870,285.580017
52,144,1,3816,4.977610,298.177038
52,144,1,3817,27.732727,285.817697
52,144,1,3818,26.043021,291.759688
52,144,1,3819,-3.540251,280.113386
52,144,1,3820,-12.251761,288.194493
52,144,1,3821,19.192375,287.719134
52,144,1,3822,-3.722655,296.275601
52,144,1,3823,5.319926,285.817697
52,144,1,3824,5.810908,287.243775
52,144,1,3825,30.210750,308.872621
52,144,1,3826,-5.697830,300.553834
52,144,1,3827,-26.786351,291.046649
52,144,1,3828,37.860338,296.037921
52,144,1,3829,-8.449458,301.742232
52,144,1,3830,9.806860,274.646755
52,144,1,3831,8.025952,288.669853
52,144,1,3832,-28.224943,292.710406
52,144,1,3833,-5.515427,284.391619
52,144,1,3834,-15.391924,269.893162
52,144,1,3835,5.343035,301.742232
52,144,1,3836,-17.423946,288.194493
52,144,1,3837,13.734721,286.055377
52,144,1,3838,19.032463,283.916260
52,144,1,3839,-30.725457,289.620571
52,144,1,3840,14.100146,289.620571
52,144,1,3841,27.470367,300.078475
52,144,1,3842,-20.426688,293.661125
52,144,1,3843,-6.108857,301.029193
52,144,1,3844,-20.026907,303.168310
52,144,1,3845,9.475790,277.023551
52,144,1,3846,20.025673,276.785871
52,144,1,3847,19.523445,285.342338
52,144,1,3848,7.546215,277.261231
52,144,1,3849,16.555059,296.750960
52,144,1,3850,-16.533183,299.127756
52,144,1,3851,31.854855,306.971184
52,144,1,3852,-19.399122,292.472727
52,144,1,3853,22.343783,296.037921
52,144,1,3854,8.596891,291.997367
52,144,1,3855,-20.141219,295.324882
52,144,1,3856,-13.039459,295.087203
52,144,1,3857,-30.519944,289.382892
52,144,1,3858,10.731979,291.522008
52,144,1,3859,-10.949972,298.652397
52,144,1,3860,11.896348,278.211949
52,144,1,3861,8.162755,276.548192
52,144,1,3862,-4.213637,294.849523
52,144,1,3863,28.566644,310.774058
52,144,1,3864,-17.983639,274.884434
52,144,1,3865,-12.617187,284.629299
52,144,1,3866,21.601687,298.890077
52,144,1,3867,-39.460077,281.777143
52,144,1,3868,15.904164,291.522008
52,144,1,3869,16.680616,294.611843
52,144,1,3870,7.055851,311.724776
52,144,1,3871,-1.656277,283.916260
52,144,1,3872,-5.526673,294.374164
52,144,1,3873,-12.571586,280.588745
52,144,1,3874,37.609224,300.316154
52,144,1,3875,-27.003110,301.266873
52,144,1,3876,9.259031,287.243775
52,144,1,3877,1.266508,276.548192
52,144,1,3878,-21.659767,295.087203
52,144,1,3879,13.700365,280.113386
52,144,1,3880,6.393092,280.588745
52,144,1,3881,4.623430,284.629299
52,144,1,3882,19.226730,293.661125
52,144,1,3883,-24.422640,306.258145
52,144,1,3884,-10.071072,283.678580
52,144,1,3885,-15.894152,278.449629
52,144,1,3886,23.302639,282.965542
52,144,1,3887,-23.075868,276.785871
52,144,1,3888,44.288712,310.536378
52,144,1,3889,-10.949972,298.652397
52,144,1,3890,-5.515427,284.391619
52,144,1,3891,-10.813169,286.530736
52,144,1,3892,25.734442,274.171395
52,144,1,3893,-18.748227,297.701678
52,144,1,3894,3.276039,278.211949
52,144,1,3895,-12.000647,283.916260
52,144,1,3896,21.373064,283.203221
52,144,1,3897,-31.581865,284.629299
52,144,1,3898,26.465293,281.301784
52,144,1,3899,13.095071,270.843881
52,144,1,3900,4.577829,288.669853
52,144,1,3901,8.300176,300.316154
52,144,1,3902,-15.836687,300.316154
52,144,1,3903,-28.579123,279.162668
52,144,1,3904,5.114412,286.055377
52,144,1,3905,-43.250516,294.136484
52,144,1,3906,-32.700633,293.898804
52,144,1,3907,24.889898,295.087203
52,144,1,3908,0.718679,289.145212
52,144,1,3909,-2.432729,280.826425
52,144,1,3910,-12.171805,290.095930
52,144,1,3911,-22.424973,282.014823
52,144,1,3912,-1.713124,297.939358
52,144,1,3913,-6.999620,290.095930
52,144,1,3914,13.586672,308.159582
52,144,1,3915,7.043987,285.817697
52,144,1,3916,-4.236747,278.924988
52,144,1,3917,46.480647,296.037921
52,144,1,3918,-5.344269,278.211949
52,144,1,3919,5.834018,303.168310
52,144,1,3920,-18.953740,297.939358
52,144,1,3921,-10.379033,301.979912
52,144,1,3922,-0.663067,276.785871
52,144,1,3923,-0.959782,285.104658
52,144,1,3924,3.950044,299.365436
52,144,1,3925,-16.030955,290.571290
52,144,1,3926,-4.339194,296.988640
52,144,1,3927,1.563842,304.119028
52,144,1,3928,14.830997,296.750960
52,144,1,3929,-5.355515,288.194493
52,144,1,3930,-7.193888,280.351066
52,144,1,3931,-20.004416,283.203221
52,144,1,3932,10.355308,297.939358
52,144,1,3933,11.474076,288.669853
52,144,1,3934,-1.154049,275.359793
52,144,1,3935,34.297904,288.194493
52,144,1,3936,-22.687333,296.275601
52,144,1,3937,-16.305179,278.924988
52,144,1,3938,20.916437,287.719134
52,144,1,3939,-0.434444,292.472727
52,144,1,3940,-14.078270,306.258145
52,144,1,3941,-8.472568,285.817697
52,144,1,3942,-23.269517,302.930630
52,144,1,3943,43.569107,293.423445
52,144,1,3944,18.724502,302.217591
52,144,1,3945,2.362785,287.243775
52,144,1,3946,-18.462758,299.365436
52,144,1,3947,-10.539564,262.287414
52,144,1,3948,10.800071,267.516366
52,144,1,3949,-3.665808,282.252503
52,144,1,3950,0.136495,295.800241
52,144,1,3951,-18.257245,299.127756
52,144,1,3952,-16.773051,293.423445
52,144,1,3953,0.262052,293.661125
52,144,1,3954,-9.580090,285.104658
52,144,1,3955,12.432931,275.597473
52,144,1,3956,33.270338,289.382892
52,144,1,3957,30.096438,301.029193
52,144,1,3958,-7.388155,270.606201
52,144,1,3959,-16.190867,286.768416
52,144,1,3960,-8.552524,283.916260
52,144,1,3961,2.282829,285.342338
52,144,1,3962,4.486627,296.750960
52,144,1,3963,-25.644474,297.701678
52,144,1,3964,3.424706,291.997367
52,144,1,3965,0.238942,277.736590
52,144,1,3966,-2.318418,288.669853
52,144,1,3967,-15.311968,271.794599
52,144,1,3968,25.220968,292.710406
52,144,1,3969,-3.289137,275.835153
52,144,1,3970,-1.142185,301.266873
52,144,1,3971,33.167272,271.556919
52,144,1,3972,-12.708389,292.710406
52,144,1,3973,21.978358,292.472727
52,144,1,3974,-20.312376,301.504553
52,144,1,3975,35.507873,270.843881
52,144,1,3976,-29.766602,276.548192
52,144,1,3977,-6.714151,291.759688
52,144,1,3978,23.005924,291.284329
52,144,1,3979,-15.345705,301.742232
52,144,1,3980,40.817479,294.611843
52,144,1,3981,-0.719913,290.808969
52,144,1,3982,2.670745,268.942444
52,144,1,3983,-29.960251,302.692951
52,144,1,3984,-10.642011,280.351066
52,144,1,3985,0.182096,291.759688
52,144,1,3986,11.268562,288.907532
52,144,1,3987,-9.831204,289.382892
52,144,1,3988,-12.777099,280.826425
52,144,1,3989,22.617389,271.794599
52,144,1,3990,23.873577,286.293056
52,144,1,3991,1.506377,282.252503
52,144,1,3992,13.163782,282.727862
52,144,1,3993,-15.734240,282.252503
52,144,1,3994,-7.159532,286.293056
52,144,1,3995,-15.163301,285.580017
52,144,1,3996,-17.001674,277.736590
52,144,1,3997,31.569386,305.307427
52,144,1,3998,16.018475,299.365436
52,144,1,3999,-24.480105,284.391619
52,144,1,4000,-21.614166,291.046649
52,144,1,4001,-7.970340,277.261231
52,144,1,4002,17.537024,299.603115
52,144,1,4003,12.467286,281.539464
52,144,1,4004,40.417698,285.104658
52,144,1,4005,10.777580,287.481454
52,144,1,4006,-24.856776,290.808969
52,144,1,4007,13.232493,294.611843
52,144,1,4008,8.859251,277.736590
52,144,1,4009,24.558828,297.463999
52,144,1,4010,-7.856028,285.104658
52,144,1,4011,-1.233387,309.347980
52,144,1,4012,0.239561,313.626214
52,144,1,4013,18.359077,298.652397
52,144,1,4014,-26.751996,296.988640
52,144,1,4015,-7.616160,290.808969
52,144,1,4016,-7.365046,286.530736
52,144,1,4017,-24.080324,293.898804
52,144,1,4018,22.138270,296.275601
52,144,1,4019,4.224268,311.011738
52,144,1,4020,23.154591,305.069747
52,144,1,4021,7.500614,281.301784
52,144,1,4022,29.776613,293.423445
52,144,1,4023,-21.762833,277.261231
52,144,1,4024,9.773124,304.594388
52,144,1,4025,-0.868580,277.023551
52,144,1,4026,-20.552245,295.800241
52,144,1,4027,8.391378,292.235047
52,144,1,4028,21.190660,299.365436
52,144,1,4029,5.936465,285.104658
52,144,1,4030,4.383561,278.924988
52,144,1,4031,-8.872349,276.310512
52,144,1,4032,-15.539972,291.997367
52,144,1,4033,16.223370,263.238132
52,144,1,4034,21.761599,302.692951
52,144,1,4035,-10.116673,287.719134
52,144,1,4036,6.290645,298.652397
52,144,1,4037,1.084105,292.710406
52,144,1,4038,-19.718947,284.866979
52,144,1,4039,-2.638242,281.064105
52,144,1,4040,32.082859,286.768416
52,144,1,4041,4.109956,303.168310
52,144,1,4042,-25.267803,291.284329
52,144,1,4043,-5.868988,306.733504
52,144,1,4044,5.160013,282.014823
52,144,1,4045,23.040279,297.226319
52,144,1,4046,10.217887,274.171395
52,144,1,4047,15.435673,270.130842
52,144,1,4048,5.810908,287.243775
52,144,1,4049,-4.384795,301.029193
52,144,1,4050,16.954221,270.368521
52,144,1,4051,-1.952992,292.235047
52,144,1,4052,-16.099665,278.687308
52,144,1,4053,21.247507,285.342338
52,144,1,4054,33.247846,309.347980
52,144,1,4055,0.593122,291.284329
52,144,1,4056,8.539426,270.130842
52,144,1,4057,9.384588,285.104658
52,144,1,4058,28.589135,290.808969
52,144,1,4059,14.807887,280.826425
52,144,1,4060,23.896687,302.217591
52,144,1,4061,-28.681571,297.226319
52,144,1,4062,-21.499855,298.890077
52,144,1,4063,28.269311,283.203221
52,144,1,4064,-20.335486,285.580017
52,144,1,4065,24.330205,281.777143
52,144,1,4066,-13.484840,289.620571
52,144,1,4067,0.787390,301.029193
52,144,1,4068,14.716686,288.907532
52,144,1,4069,6.107623,278.924988
52,144,1,4070,-12.662788,288.669853
52,144,1,4071,17.970541,279.162668
52,144,1,4072,-5.481072,290.333610
52,144,1,4073,14.340015,295.324882
52,144,1,4074,19.763314,291.046649
52,144,1,4075,18.256011,280.826425
52,144,1,4076,15.595585,273.933716
52,144,1,4077,-31.707422,286.768416
52,144,1,4078,18.450278,290.571290
52,144,1,4079,10.492111,285.817697
52,144,1,4080,-8.837993,282.252503
52,144,1,4081,2.122916,281.539464
52,144,1,4082,12.581598,289.382892
52,144,1,4083,-6.348725,295.324882
52,144,1,4084,-17.081630,275.835153
52,144,1,4085,-17.709416,286.530736
52,144,1,4086,-10.778814,292.472727
52,144,1,4087,21.076349,291.522008
52,144,1,4088,24.353314,297.701678
52,144,1,4089,5.650996,283.440901
52,144,1,4090,19.603401,287.243775
52,144,1,4091,-26.946263,287.243775
52,144,1,4092,10.480865,295.800241
52,144,1,4093,6.507404,288.432173
52,144,1,4094,-32.187159,275.359793
52,144,1,4095,-0.914181,281.064105
52,144,1,4096,-13.701599,299.840795
52,144,1,4097,11.656479,272.507638
52,144,1,4098,2.271583,295.324882
52,144,1,4099,-16.613139,297.226319
52,144,1,4100,-19.422232,276.548192
52,144,1,4101,-9.740002,281.301784
52,144,1,4102,11.965058,290.095930
52,144,1,4103,30.438754,288.669853
52,144,1,4104,20.608476,306.020465
52,144,1,4105,13.586054,272.269958
52,144,1,4106,19.032463,283.916260
52,144,1,4107,-17.367100,274.171395
52,144,1,4108,12.033769,301.979912
52,144,1,4109,-3.905677,276.548192
52,144,1,4110,-29.903404,288.669853
52,144,1,4111,20.094384,288.669853
52,144,1,4112,18.758857,308.159582
52,144,1,4113,-2.729444,289.145212
52,144,1,4114,-10.904371,294.611843
52,144,1,4115,-1.199650,279.400347
52,144,1,4116,-3.916922,286.530736
52,144,1,4117,20.482919,308.159582
52,144,1,4118,-25.462070,281.539464
52,144,1,4119,19.614647,277.261231
52,144,1,4120,24.718740,301.266873
52,144,1,4121,-5.572273,298.414717
52,144,1,4122,7.945996,286.768416
52,144,1,4123,29.525499,297.701678
52,144,1,4124,-35.817686,291.522008
52,144,1,4125,-3.905677,276.548192
52,144,1,4126,12.079370,297.939358
52,144,1,4127,-13.884621,280.113386
52,144,1,4128,-15.220148,299.603115
52,144,1,4129,-4.784576,291.522008
52,144,1,4130,12.547242,283.440901
52,144,1,4131,-13.918977,274.171395
52,144,1,4132,13.072580,290.808969
52,144,1,4133,-13.975823,288.194493
52,144,1,4134,7.854794,294.849523
52,144,1,4135,-5.880852,280.826425
52,144,1,4136,5.399882,287.719134
52,144,1,4137,20.699678,297.939358
52,144,1,4138,11.291672,304.832067
52,144,1,4139,3.150482,280.351066
52,144,1,4140,25.928709,283.916260
52,144,1,4141,32.653798,290.095930
52,144,1,4142,4.178048,279.162668
52,144,1,4143,-13.028213,285.104658
52,144,1,4144,7.478123,301.266873
52,144,1,4145,17.217199,291.997367
52,144,1,4146,25.677595,288.194493
52,144,1,4147,21.190660,299.365436
52,144,1,4148,-0.628711,282.727862
52,144,1,4149,2.077315,285.580017
52,144,1,4150,-4.818931,285.580017
52,144,1,4151,5.274325,289.858251
52,144,1,4152,8.002843,272.745318
52,144,1,4153,-10.287831,293.898804
52,144,1,4154,-50.226719,292.235047
52,144,1,4155,-10.618901,296.275601
52,144,1,4156,-3.471541,291.997367
52,144,1,4157,13.392405,298.414717
52,144,1,4158,14.431216,287.243775
52,144,1,4159,10.469619,305.782786
52,144,1,4160,-5.526673,294.374164
52,144,1,4161,35.656540,284.629299
52,144,1,4162,11.953813,300.078475
52,144,1,4163,20.128739,294.611843
52,144,1,4164,-5.892098,290.808969
52,144,1,4165,-29.812203,280.588745
52,144,1,4166,20.608476,306.020465
52,144,1,4167,1.677535,276.072832
52,144,1,4168,-8.963550,284.391619
52,144,1,4169,-20.175574,289.382892
52,144,1,4170,9.282141,303.168310
52,144,1,4171,26.499648,287.243775
52,144,1,4172,-4.727730,277.498910
52,144,1,4173,0.889837,282.965542
52,144,1,4174,24.843678,263.238132
52,144,1,4175,-19.924460,285.104658
52,144,1,4176,7.158299,293.661125
52,144,1,4177,-0.308887,290.333610
52,144,1,4178,19.215485,303.643669
52,144,1,4179,-14.215691,282.490182
52,144,1,4180,-18.497113,293.423445
52,144,1,4181,23.987889,294.136484
52,144,1,4182,-2.547041,272.982997
52,144,1,4183,4.030000,301.266873
52,144,1,4184,-8.860484,302.217591
52,144,1,4185,-2.786291,303.168310
52,144,1,4186,3.595864,285.817697
52,144,1,4187,27.219253,304.356708
52,144,1,4188,13.951479,275.835153
52,144,1,4189,7.466259,275.359793
52,144,1,4190,-17.252788,282.014823
52,144,1,4191,15.573094,293.898804
52,144,1,4192,23.131481,289.145212
52,144,1,4193,-26.729505,277.023551
52,144,1,4194,-7.376910,260.623657
52,144,1,4195,-14.752275,285.104658
52,144,1,4196,13.015734,304.832067
52,144,1,4197,8.733694,279.875706
52,144,1,4198,-49.096705,272.982997
52,144,1,4199,-8.255809,275.597473
52,144,1,4200,-10.790059,302.455271
52,144,1,4201,-26.740750,287.006095
52,144,1,4202,-13.233726,285.342338
52,144,1,4203,-5.720940,284.629299
52,144,1,4204,7.591816,273.220677
52,144,1,4205,8.357022,286.293056
52,144,1,4206,26.750762,282.965542
52,144,1,4207,6.667316,292.235047
52,144,1,4208,-8.163989,303.405990
52,144,1,4209,-9.385822,294.849523
52,144,1,4210,-3.528387,306.020465
52,144,1,4211,-12.434165,304.356708
52,144,1,4212,-2.158505,292.472727
52,144,1,4213,-8.883594,286.293056
52,144,1,4214,12.775865,299.127756
52,144,1,4215,7.283856,291.522008
52,144,1,4216,1.586333,284.153940
52,144,1,4217,4.885789,270.368521
52,144,1,4218,-19.433477,286.530736
52,144,1,4219,-3.266027,291.759688
52,144,1,4220,25.620749,302.217591
52,144,1,4221,3.584618,295.800241
52,144,1,4222,-30.965326,283.916260
52,144,1,4223,22.903476,309.347980
52,144,1,4224,-10.219121,305.782786
52,144,1,4225,16.075322,285.342338
52,144,1,4226,0.273298,283.678580
52,144,1,4227,-14.706674,281.064105
52,144,1,4228,-34.550251,296.037921
52,144,1,4229,-12.777099,280.826425
52,144,1,4230,12.512887,277.498910
52,144,1,4231,-26.557728,306.733504
52,144,1,4232,-3.551497,290.095930
52,144,1,4233,25.906218,303.881349
52,144,1,4234,-10.562055,282.252503
52,144,1,4235,7.375057,283.440901
52,144,1,4236,-3.014913,287.481454
52,144,1,4237,11.211097,267.041007
52,144,1,4238,-18.417157,295.324882
52,144,1,4239,-5.389870,282.252503
52,144,1,4240,22.069560,284.391619
52,144,1,4241,4.429162,274.884434
52,144,1,4242,6.576114,300.316154
52,144,1,4243,-13.039459,295.087203
52,144,1,4244,23.291393,292.948086
52,144,1,4245,-7.125177,292.235047
52,144,1,4246,-15.083345,287.481454
52,144,1,4247,-0.948536,275.122114
52,144,1,4248,-6.668550,287.719134
52,144,1,4249,9.259031,287.243775
52,144,1,4250,-11.201086,302.930630
52,144,1,4251,-0.446308,266.565647
52,144,1,4252,-28.453566,277.023551
52,144,1,4253,-5.035690,295.800241
52,144,1,4254,0.444455,277.498910
52,144,1,4255,-23.817965,279.638027
52,144,1,4256,-17.298389,286.055377
52,144,1,4257,-20.540999,285.817697
52,144,1,4258,-3.688299,302.217591
52,144,1,4259,-0.560001,294.611843
52,144,1,4260,-2.661352,265.139570
52,144,1,4261,3.344750,290.095930
52,144,1,4262,49.380941,308.634941
52,144,1,4263,1.814956,299.840795
52,144,1,4264,8.893606,283.678580
52,144,1,4265,11.063049,289.145212
52,144,1,4266,-11.349752,289.145212
52,144,1,4267,24.729985,291.284329
52,144,1,4268,11.017448,293.185766
52,144,1,4269,9.966773,278.449629
52,144,1,4270,5.080057,280.113386
52,144,1,4271,52.680398,294.849523
52,144,1,4272,15.298870,282.252503
52,144,1,4273,-8.084651,269.417803
52,144,1,4274,-21.762833,277.261231
52,144,1,4275,-7.799182,271.081560
52,144,1,4276,-6.268769,297.226319
52,144,1,4277,-34.915677,292.472727
52,144,1,4278,13.346804,302.455271
52,144,1,4279,0.684324,283.203221
52,144,1,4280,18.267256,270.843881
52,144,1,4281,3.036171,272.507638
52,144,1,4282,-5.800896,282.727862
52,144,1,4283,-14.706674,281.064105
52,144,1,4284,-13.587906,271.794599
52,144,1,4285,6.838474,286.055377
52,144,1,4286,3.550263,289.858251
52,144,1,4287,-13.268082,279.400347
52,144,1,4288,-16.761806,283.440901
52,144,1,4289,-1.027874,309.110301
52,144,1,4290,2.933723,290.571290
52,144,1,4291,-22.812890,298.414717
52,144,1,4292,-3.962523,290.571290
52,144,1,4293,6.370601,300.553834
52,144,1,4294,14.020190,287.719134
52,144,1,4295,0.182096,291.759688
52,144,1,4296,-14.832231,283.203221
52,144,1,4297,-19.307920,284.391619
52,144,1,4298,14.260058,293.423445
52,144,1,4299,6.987141,299.840795
52,144,1,4300,-17.571994,310.298699
52,144,1,4301,15.115848,262.525094
52,144,1,4302,-39.836748,288.194493
52,144,1,4303,14.854107,312.675495
52,144,1,4304,9.510145,282.965542
52,144,1,4305,12.570352,299.365436
52,144,1,4306,22.777301,275.597473
52,144,1,4307,-40.167818,290.571290
52,144,1,4308,13.061335,300.791514
52,144,1,4309,-7.490603,288.669853
52,144,1,4310,3.595864,285.817697
52,144,1,4311,7.797948,308.872621
52,144,1,4312,-20.666556,287.956814
52,144,1,4313,-5.949563,268.942444
52,144,1,4314,13.666010,274.171395
52,144,1,4315,12.832712,285.104658
52,144,1,4316,-24.034724,289.858251
52,144,1,4317,9.384588,285.104658
52,144,1,4318,14.191348,281.539464
52,144,1,4319,25.255323,298.652397
52,144,1,4320,-19.993170,273.220677
52,144,1,4321,-27.562803,287.956814
52,144,1,4322,24.261494,269.893162
52,144,1,4323,-47.178376,282.727862
52,144,1,4324,26.568359,299.127756
52,144,1,4325,-7.137041,266.327968
52,144,1,4326,20.299897,288.432173
52,144,1,4327,-25.199092,303.168310
52,144,1,4328,2.259719,269.417803
52,144,1,4329,-0.879825,287.006095
52,144,1,4330,-22.116394,299.603115
52,144,1,4331,-27.106176,283.440901
52,144,1,4332,3.299149,294.136484
52,144,1,4333,13.426142,268.467084
52,144,1,4334,-7.661761,294.849523
52,144,1,4335,-9.385822,294.849523
52,144,1,4336,28.714692,288.669853
52,144,1,4337,30.975337,286.055377
52,144,1,4338,-4.076835,282.727862
52,144,1,4339,33.121671,275.597473
52,144,1,4340,-9.465778,292.948086
52,144,1,4341,6.712917,288.194493
52,144,1,4342,19.284195,315.527651
52,144,1,4343,-21.750969,303.168310
52,144,1,4344,-31.136483,290.095930
52,144,1,4345,-7.639269,274.884434
52,144,1,4346,27.550324,301.979912
52,144,1,4347,17.788138,295.324882
52,144,1,4348,9.053518,287.481454
52,144,1,4349,-35.725866,319.330525
52,144,1,4350,13.609164,288.194493
52,144,1,4351,10.983093,287.243775
52,144,1,4352,9.464545,287.006095
52,144,1,4353,-19.376631,272.507638
52,144,1,4354,-25.062290,291.046649
52,144,1,4355,-15.585573,296.037921
52,144,1,4356,-11.886336,291.759688
52,144,1,4357,-8.895458,260.385977
52,144,1,4358,-1.222141,299.365436
52,144,1,4359,14.100146,289.620571
52,144,1,4360,36.775307,275.359793
52,144,1,4361,11.850747,282.252503
52,144,1,4362,-2.067304,284.391619
52,144,1,4363,-0.491290,306.495825
52,144,1,4364,-23.052759,292.710406
52,144,1,4365,-2.272817,284.629299
52,144,1,4366,-17.869328,282.727862
52,144,1,4367,-0.491290,306.495825
52,144,1,4368,0.558767,285.342338
52,144,1,4369,-10.618901,296.275601
52,144,1,4370,37.072641,302.930630
52,144,1,4371,19.683358,289.145212
52,144,1,4372,-16.887363,285.580017
52,144,1,4373,30.712978,300.316154
52,144,1,4374,-1.507611,297.701678
52,144,1,4375,8.665602,303.881349
52,144,1,4376,5.993930,306.971184
52,144,1,4377,-6.474282,297.463999
52,144,1,4378,7.945996,286.768416
52,144,1,4379,11.325409,274.884434
52,144,1,4380,15.653050,295.800241
52,144,1,4381,14.271304,283.440901
52,144,1,4382,-12.857055,278.924988
52,144,1,4383,8.071553,284.629299
52,144,1,4384,-12.742744,286.768416
52,144,1,4385,-0.172084,278.211949
52,144,1,4386,23.896687,302.217591
52,144,1,4387,11.793900,296.275601
52,144,1,4388,1.768736,267.991725
52,144,1,4389,-12.948257,287.006095
52,144,1,4390,-22.630487,282.252503
52,144,1,4391,-3.505896,286.055377
52,144,1,4392,-4.841422,305.545106
52,144,1,4393,-16.441981,291.046649
52,144,1,4394,-30.314431,289.145212
52,144,1,4395,3.424706,291.997367
52,144,1,4396,-29.309974,272.032279
52,144,1,4397,-18.736982,287.719134
52,144,1,4398,-13.952713,304.119028
52,144,1,4399,-1.245251,283.440901
52,144,1,4400,7.660527,285.104658
52,144,1,4401,3.493417,303.881349
52,144,1,4402,15.812962,299.603115
52,144,1,4403,30.461864,304.594388
52,144,1,4404,-9.819958,279.400347
52,144,1,4405,2.842522,298.652397
52,144,1,4406,-0.423198,282.490182
52,144,1,4407,9.693167,302.692951
52,144,1,4408,7.637417,269.180123
52,144,1,4409,-19.433477,286.530736
52,144,1,4410,-15.654284,284.153940
52,144,1,4411,7.386303,273.458356
52,144,1,4412,2.979324,286.530736
52,144,1,4413,15.242024,296.275601
52,144,1,4414,19.854515,282.965542
52,144,1,4415,23.656819,296.513280
52,144,1,4416,25.266569,288.669853
52,144,1,4417,-3.585852,284.153940
52,144,1,4418,5.834018,303.168310
52,144,1,4419,-1.199650,279.400347
52,144,1,4420,25.346525,290.571290
52,144,1,4421,24.193402,293.898804
52,144,1,4422,-17.811863,304.594388
52,144,1,4423,-0.971027,295.087203
52,144,1,4424,-6.052010,287.006095
52,144,1,4425,9.909926,292.472727
52,144,1,4426,3.595864,285.817697
52,144,1,4427,17.102888,284.153940
52,144,1,4428,37.631715,280.351066
52,144,1,4429,-7.730471,282.965542
52,144,1,4430,7.398167,299.365436
52,144,1,4431,19.728958,285.104658
52,144,1,4432,-14.306893,290.571290
52,144,1,4433,48.569515,263.713492
52,144,1,4434,-10.025472,279.638027
52,144,1,4435,2.968079,296.513280
52,144,1,4436,8.242711,278.449629
52,144,1,4437,6.998386,289.858251
52,144,1,4438,-10.858770,290.571290
52,144,1,4439,9.167830,295.324882
52,144,1,4440,6.461803,292.472727
52,144,1,4441,-0.594356,288.669853
52,144,1,4442,-15.323214,281.777143
52,144,1,4443,-18.622670,295.562562
52,144,1,4444,24.478871,295.562562
52,144,1,4445,-10.310941,277.974269
52,144,1,4446,0.330763,305.545106
52,144,1,4447,-0.651202,302.692951
52,144,1,4448,-0.023417,291.997367
52,144,1,4449,7.146435,267.754045
52,144,1,4450,42.906966,298.177038
52,144,1,4451,17.948050,299.127756
52,144,1,4452,-11.464064,281.301784
52,144,1,4453,10.937492,291.284329
52,144,1,4454,-9.625691,289.145212
52,144,1,4455,-27.288579,299.603115
52,144,1,4456,31.637478,281.301784
52,144,1,4457,0.764280,285.104658
52,144,1,4458,1.986114,293.661125
52,144,1,4459,42.301672,288.907532
52,144,1,4460,-3.688299,302.217591
52,144,1,4461,-18.405911,285.342338
52,144,1,4462,-25.245312,271.319240
52,144,1,4463,38.830439,272.982997
52,144,1,4464,25.643240,282.252503
52,144,1,4465,8.311422,290.333610
52,144,1,4466,31.124004,299.840795
52,144,1,4467,10.046729,280.351066
52,144,1,4468,33.635763,292.948086
52,144,1,4469,-6.599839,299.603115
52,144,1,4470,7.158299,293.661125
52,144,1,4471,10.823181,283.440901
52,144,1,4472,18.370322,288.669853
52,144,1,4473,-7.559313,276.785871
52,144,1,4474,17.399603,275.835153
52,144,1,4475,-14.078270,306.258145
52,144,1,4476,-8.518169,289.858251
52,144,1,4477,-0.503154,280.588745
52,144,1,4478,1.655043,296.037921
52,144,1,4479,17.719427,283.440901
52,144,1,4480,-1.621922,289.858251
52,144,1,4481,25.186613,286.768416
52,144,1,4482,9.498900,292.948086
52,144,1,4483,-5.903344,300.791514
52,144,1,4484,-9.374577,284.866979
52,144,1,4485,2.522697,291.046649
52,144,1,4486,4.623430,284.629299
52,144,1,4487,-14.284402,270.606201
52,144,1,4488,8.756803,295.800241
52,144,1,4489,-32.529475,287.719134
52,144,1,4490,-47.863626,271.556919
52,144,1,4491,-27.551557,277.974269
52,144,1,4492,3.527153,273.933716
52,144,1,4493,-16.350779,282.965542
52,144,1,4494,1.220907,280.588745
52,144,1,4495,22.709209,299.603115
52,144,1,4496,-33.351528,288.669853
52,144,1,4497,2.042960,279.638027
52,144,1,4498,-3.106115,295.562562
52,144,1,4499,-15.985354,286.530736
52,144,1,4500,-34.926923,302.455271
52,144,1,4501,18.770103,298.177038
52,144,1,4502,22.514941,289.858251
52,144,1,4503,-12.765854,270.843881
52,144,1,4504,-12.571586,280.588745
52,144,1,4505,13.209383,278.687308
52,144,1,4506,4.988855,288.194493
52,144,1,4507,-6.028901,302.930630
52,144,1,4508,-22.185105,287.719134
52,144,1,4509,-8.643726,291.997367
52,144,1,4510,-33.545795,278.924988
52,144,1,4511,2.111671,291.522008
52,144,1,4512,-8.746792,274.171395
52,144,1,4513,7.363812,293.423445
52,144,1,4514,22.982814,275.359793
52,144,1,4515,-4.887642,273.696036
52,144,1,4516,24.546963,271.556919
52,144,1,4517,6.907185,297.939358
52,144,1,4518,9.293387,293.185766
52,144,1,4519,-39.927950,296.275601
52,144,1,4520,-8.929195,290.333610
52,144,1,4521,12.775865,299.127756
52,144,1,4522,-9.351467,300.791514
52,144,1,4523,-15.037744,283.440901
52,144,1,4524,10.195396,294.136484
52,144,1,4525,32.619443,284.153940
52,144,1,4526,11.074295,279.162668
52,144,1,4527,-40.647555,279.162668
52,144,1,4528,19.443489,283.440901
52,144,1,4529,-6.588594,289.620571
52,144,1,4530,-10.196629,285.817697
52,144,1,4531,26.830718,284.866979
52,144,1,4532,-3.962523,290.571290
52,144,1,4533,-4.019370,304.594388
52,144,1,4534,-26.946263,287.243775
52,144,1,4535,8.231465,288.432173
52,144,1,4536,-15.425661,299.840795
52,144,1,4537,6.267535,282.727862
52,144,1,4538,-49.610179,291.522008
52,144,1,4539,-14.352494,294.611843
52,144,1,4540,2.408386,283.203221
52,144,1,4541,10.903137,285.342338
52,144,1,4542,21.201906,289.382892
52,144,1,4543,-53.594886,294.136484
52,144,1,4544,-25.598873,293.661125
52,144,1,4545,-9.420178,288.907532
52,144,1,4546,-6.622949,283.678580
52,144,1,4547,16.771818,286.530736
52,144,1,4548,-1.587567,295.800241
52,144,1,4549,20.025673,276.785871
52,144,1,4550,-27.140531,277.498910
52,144,1,4551,20.425454,286.293056
52,144,1,4552,11.861992,272.269958
52,144,1,4553,-34.630208,294.136484
52,144,1,4554,0.022184,287.956814
52,144,1,4555,-11.258551,281.064105
52,144,1,4556,8.345777,296.275601
52,144,1,4557,-15.516863,307.921902
52,144,1,4558,8.528180,280.113386
52,144,1,4559,26.225424,275.597473
52,144,1,4560,-15.494371,287.956814
52,144,1,4561,3.790131,295.562562
52,144,1,4562,-3.266027,291.759688
52,144,1,4563,-20.906425,282.252503
52,144,1,4564,7.295101,281.539464
52,144,1,4565,-9.968007,301.504553
52,144,1,4566,-12.913902,292.948086
52,144,1,4567,-28.773391,269.417803
52,144,1,4568,23.188327,275.122114
52,144,1,4569,29.593591,273.696036
52,144,1,4570,-3.711409,286.293056
52,144,1,4571,-17.606350,304.356708
52,144,1,4572,-25.816250,267.991725
52,144,1,4573,6.587360,290.333610
52,144,1,4574,-15.608683,280.113386
52,144,1,4575,5.194369,287.956814
52,144,1,4576,6.096377,288.907532
52,144,1,4577,3.493417,303.881349
52,144,1,4578,-2.307172,278.687308
52,144,1,4579,37.803492,310.061019
52,144,1,4580,8.733694,279.875706
52,144,1,4581,-1.827435,290.095930
52,144,1,4582,37.437448,270.606201
52,144,1,4583,12.216172,285.817697
52,144,1,4584,0.924192,288.907532
52,144,1,4585,8.037198,278.687308
52,144,1,4586,0.478811,283.440901
52,144,1,4587,2.888123,294.611843
52,144,1,4588,3.664574,297.701678
52,144,1,4589,10.526466,291.759688
52,144,1,4590,-3.094870,285.580017
52,144,1,4591,-14.661073,277.023551
52,144,1,4592,5.445483,283.678580
52,144,1,4593,-12.902656,282.965542
52,144,1,4594,-17.994885,284.866979
52,144,1,4595,16.451993,278.924988
52,144,1,4596,-22.424973,282.014823
52,144,1,4597,26.328490,293.423445
52,144,1,4598,8.265821,294.374164
52,144,1,4599,-5.972054,288.907532
52,144,1,4600,28.063797,283.440901
52,144,1,4601,-11.247305,271.081560
52,144,1,4602,10.891891,295.324882
52,144,1,4603,1.392065,274.409075
52,144,1,4604,-3.437185,297.939358
52,144,1,4605,34.446570,301.979912
52,144,1,4606,26.750762,282.965542
52,144,1,4607,-16.099665,278.687308
52,144,1,4608,43.934532,296.988640
52,144,1,4609,-17.161587,273.933716
52,144,1,4610,8.162755,276.548192
52,144,1,4611,-4.602172,275.359793
52,144,1,4612,-18.782582,291.759688
52,144,1,4613,-7.981585,287.243775
52,144,1,4614,-4.487861,283.203221
52,144,1,4615,-3.871321,282.490182
52,144,1,4616,15.618695,289.858251
52,144,1,4617,4.634675,274.646755
52,144,1,4618,-8.598125,287.956814
52,144,1,4619,-11.829489,277.736590
52,144,1,4620,-21.386162,270.843881
52,144,1,4621,7.009632,279.875706
52,144,1,4622,-30.348786,283.203221
52,144,1,4623,-1.050983,293.185766
52,144,1,4624,3.413460,301.979912
52,144,1,4625,-3.505896,286.055377
52,144,1,4626,-11.349752,289.145212
52,144,1,4627,22.777301,275.597473
52,144,1,4628,16.269589,295.087203
52,144,1,4629,-2.489576,294.849523
52,144,1,4630,-9.808094,305.307427
52,144,1,4631,-0.639957,292.710406
52,144,1,4632,34.914443,287.481454
52,144,1,4633,-11.612731,267.516366
52,144,1,4634,-12.788345,290.808969
52,144,1,4635,-20.095618,291.284329
52,144,1,4636,-19.787657,272.982997
52,144,1,4637,5.696597,279.400347
52,144,1,4638,12.387330,279.638027
52,144,1,4639,9.179075,285.342338
52,144,1,4640,-9.066616,266.565647
52,144,1,4641,-6.908418,282.014823
52,144,1,4642,-16.327670,298.890077
52,144,1,4643,8.288312,274.409075
52,144,1,4644,3.961289,289.382892
52,144,1,4645,-10.698858,294.374164
52,144,1,4646,15.458782,286.055377
52,144,1,4647,-15.300104,297.701678
52,144,1,4648,-14.866586,277.261231
52,144,1,4649,1.072859,302.692951
52,144,1,4650,-29.937760,282.727862
52,144,1,4651,-3.140470,289.620571
52,144,1,4652,6.827228,296.037921
52,144,1,4653,7.969106,302.692951
52,144,1,4654,-15.643038,274.171395
52,144,1,4655,-25.142246,289.145212
52,144,1,4656,12.490396,297.463999
52,144,1,4657,-7.022730,274.171395
52,144,1,4658,3.995645,295.324882
52,144,1,4659,29.136964,278.211949
52,144,1,4660,-20.415442,283.678580
52,144,1,4661,16.463239,268.942444
52,144,1,4662,3.721421,283.678580
52,144,1,4663,-8.575015,303.881349
52,144,1,4664,17.182844,286.055377
52,144,1,4665,-9.283375,276.785871
52,144,1,4666,-19.056806,280.113386
52,144,1,4667,18.507125,276.548192
52,144,1,4668,14.671085,292.948086
52,144,1,4669,-6.954019,286.055377
52,144,1,4670,-8.461322,275.835153
52,144,1,4671,19.078064,279.875706
52,144,1,4672,0.079030,273.933716
52,144,1,4673,2.477096,295.087203
52,144,1,4674,-3.380339,283.916260
52,144,1,4675,-6.862818,277.974269
52,144,1,4676,1.095350,282.727862
52,144,1,4677,10.104194,302.217591
52,144,1,4678,-20.997627,290.333610
52,144,1,4679,20.071274,272.745318
52,144,1,4680,0.273298,283.678580
52,144,1,4681,-19.182363,282.252503
52,144,1,4682,-1.119694,281.301784
52,144,1,4683,18.838814,310.061019
52,144,1,4684,2.328429,281.301784
52,144,1,4685,35.507873,270.843881
52,144,1,4686,8.345777,296.275601
52,144,1,4687,-7.501848,298.652397
52,144,1,4688,17.616980,301.504553
52,144,1,4689,0.547521,295.324882
52,144,1,4690,14.156993,275.597473
52,144,1,4691,7.580571,283.203221
52,144,1,4692,-17.640705,298.414717
52,144,1,4693,5.799662,297.226319
52,144,1,4694,-4.613418,285.342338
52,144,1,4695,-7.137041,266.327968
52,144,1,4696,3.870088,297.463999
52,144,1,4697,18.313476,302.692951
52,144,1,4698,37.666071,286.293056
52,144,1,4699,-14.581117,278.924988
52,144,1,4700,-4.795822,301.504553
52,144,1,4701,-30.485589,295.324882
52,144,1,4702,-25.416469,277.498910
52,144,1,4703,10.663268,279.638027
52,144,1,4704,-6.257524,287.243775
52,144,1,4705,-18.371556,291.284329
52,144,1,4706,-10.207875,295.800241
52,144,1,4707,17.525778,309.585660
52,144,1,4708,-0.914181,281.064105
52,144,1,4709,-33.020457,286.293056
52,144,1,4710,-0.525645,300.553834
52,144,1,4711,9.875571,286.530736
52,144,1,4712,7.318211,297.463999
52,144,1,4713,9.806860,274.646755
52,144,1,4714,20.722169,277.974269
52,144,1,4715,-15.460016,293.898804
52,144,1,4716,-37.667305,293.661125
52,144,1,4717,43.580352,283.440901
52,144,1,4718,38.396922,293.423445
52,144,1,4719,-2.238462,290.571290
52,144,1,4720,9.213431,291.284329
52,144,1,4721,7.043987,285.817697
52,144,1,4722,-1.187786,305.307427
52,144,1,4723,9.738150,262.762773
52,144,1,4724,2.865013,278.687308
52,144,1,4725,-11.109884,294.849523
52,144,1,4726,-16.373889,267.041007
52,144,1,4727,14.385616,291.284329
52,144,1,4728,-37.598594,305.545106
52,144,1,4729,-15.836687,300.316154
52,144,1,4730,5.867755,273.220677
52,144,1,4731,14.887844,282.727862
52,144,1,4732,12.958269,282.965542
52,144,1,4733,14.145747,285.580017
52,144,1,4734,7.534970,287.243775
52,144,1,4735,-9.145954,300.553834
52,144,1,4736,-1.290852,287.481454
52,144,1,4737,-9.876805,293.423445
52,144,1,4738,4.292360,287.006095
52,144,1,4739,-7.376291,296.513280
52,144,1,4740,26.248534,291.522008
52,144,1,4741,6.712917,288.194493
52,144,1,4742,-0.080264,306.020465
52,144,1,4743,-12.160560,280.113386
52,144,1,4744,9.155966,269.417803
52,144,1,4745,-15.357569,275.835153
52,144,1,4746,9.681303,276.785871
52,144,1,4747,15.013401,280.588745
52,144,1,4748,12.148080,309.823339
52,144,1,4749,1.209662,290.571290
52,144,1,4750,11.736435,274.409075
52,144,1,4751,-25.724430,295.800241
52,144,1,4752,-27.459737,305.782786
52,144,1,4753,1.746245,287.956814
52,144,1,4754,23.462551,286.768416
52,144,1,4755,-3.014913,287.481454
52,144,1,4756,3.515908,283.916260
52,144,1,4757,-3.620207,278.211949
52,144,1,4758,11.359764,280.826425
52,144,1,4759,7.900395,290.808969
52,144,1,4760,-0.834225,282.965542
52,144,1,4761,37.003930,291.046649
52,144,1,4762,25.666350,298.177038
52,144,1,4763,22.434985,287.956814
52,144,1,4764,1.415175,290.333610
52,144,1,4765,-4.476615,273.220677
52,144,1,4766,-18.325955,287.243775
52,144,1,4767,-29.617935,290.333610
52,144,1,4768,-35.703374,299.365436
52,144,1,4769,-10.036717,289.620571
52,144,1,4770,0.010938,297.939358
52,144,1,4771,8.402623,282.252503
52,144,1,4772,-21.168785,296.513280
52,144,1,4773,-23.966013,301.742232
52,144,1,4774,28.885850,282.490182
52,144,1,4775,29.867815,285.342338
52,144,1,4776,-1.359562,275.597473
52,144,1,4777,-29.206909,289.858251
52,144,1,4778,-3.860076,272.507638
52,144,1,4779,1.620688,290.095930
52,144,1,4780,5.936465,285.104658
52,144,1,4781,6.187579,280.826425
52,144,1,4782,4.509737,312.675495
52,144,1,4783,41.137304,302.217591
52,144,1,4784,-8.358256,293.661125
52,144,1,4785,17.068533,278.211949
52,144,1,4786,-2.649488,291.046649
52,144,1,4787,-2.523931,288.907532
52,144,1,4788,16.155278,287.243775
52,144,1,4789,-23.121469,280.826425
52,144,1,4790,8.916716,299.603115
52,144,1,4791,-10.230985,279.875706
52,144,1,4792,23.999134,284.153940
52,144,1,4793,-6.154458,305.069747
52,144,1,4794,20.938928,267.754045
52,144,1,4795,0.364499,275.597473
52,144,1,4796,23.633709,280.588745
52,144,1,4797,8.049062,304.594388
52,144,1,4798,11.359764,280.826425
52,144,1,4799,-19.399122,292.472727
52,144,1,4800,-14.364358,268.704764
52,144,1,4801,1.700644,291.997367
52,144,1,4802,19.477844,289.382892
52,144,1,4803,28.452333,302.930630
52,144,1,4804,36.512948,289.620571
52,144,1,4805,-17.343990,290.095930
52,144,1,4806,-7.421892,300.553834
52,144,1,4807,-11.555266,289.382892
52,144,1,4808,0.193341,281.777143
52,144,1,4809,17.274664,313.863893
52,144,1,4810,-5.275558,290.095930
52,144,1,4811,21.350573,303.168310
52,144,1,4812,3.230438,282.252503
52,144,1,4813,-8.894840,296.275601
52,144,1,4814,21.156305,293.423445
52,144,1,4815,5.479838,289.620571
52,144,1,4816,3.790131,295.562562
52,144,1,4817,17.262800,287.956814
52,144,1,4818,26.853828,300.791514
52,144,1,4819,4.006890,285.342338
52,144,1,4820,-8.072787,295.324882
52,144,1,4821,19.728958,285.104658
52,144,1,4822,-49.073596,288.907532
52,144,1,4823,-5.766541,288.669853
52,144,1,4824,-10.767568,282.490182
52,144,1,4825,-25.576382,273.696036
52,144,1,4826,-13.759064,277.974269
52,144,1,4827,14.316905,279.400347
52,144,1,4828,2.693855,284.866979
52,144,1,4829,-4.054343,262.762773
52,144,1,4830,-5.001953,265.852608
52,144,1,4831,-15.300104,297.701678
52,144,1,4832,-1.336453,291.522008
52,144,1,4833,-15.517481,272.032279
52,144,1,4834,-27.140531,277.498910
52,144,1,4835,-30.314431,289.145212
52,144,1,4836,-29.195663,279.875706
52,144,1,4837,8.471334,294.136484
52,144,1,4838,0.010938,297.939358
52,144,1,4839,17.365866,305.782786
52,144,1,4840,-11.817625,303.643669
52,144,1,4841,-0.685558,296.750960
52,144,1,4842,1.380820,284.391619
52,144,1,4843,4.372316,288.907532
52,144,1,4844,2.922478,300.553834
52,144,1,4845,34.651465,265.852608
52,144,1,4846,-3.757010,290.333610
52,144,1,4847,19.272331,289.620571
52,144,1,4848,27.881394,299.603115
52,144,1,4849,21.498621,281.064105
52,144,1,4850,-13.085060,299.127756
52,144,1,4851,6.849720,276.072832
52,144,1,4852,26.534003,293.185766
52,144,1,4853,-21.454254,294.849523
52,144,1,4854,22.663608,303.643669
52,144,1,4855,20.208695,296.513280
52,144,1,4856,-41.766323,288.432173
52,144,1,4857,-12.857055,278.924988
52,144,1,4858,-8.506923,279.875706
52,144,1,4859,10.709488,311.487097
52,144,1,4860,-20.301131,291.522008
52,144,1,4861,-21.294342,298.652397
52,144,1,4862,22.480586,283.916260
52,144,1,4863,-17.778126,274.646755
52,144,1,4864,16.349546,296.988640
52,144,1,4865,-7.570559,286.768416
52,144,1,4866,-12.742744,286.768416
52,144,1,4867,12.901422,296.988640
52,144,1,4868,-6.588594,289.620571
52,144,1,4869,5.034456,284.153940
52,144,1,4870,29.731013,297.463999
52,144,1,4871,-26.284123,282.490182
52,144,1,4872,0.296407,299.603115
52,144,1,4873,-6.131967,285.104658
52,144,1,4874,30.564311,286.530736
52,144,1,4875,-13.507950,273.696036
52,144,1,4876,-4.122436,286.768416
52,144,1,4877,6.233180,276.785871
52,144,1,4878,-11.464064,281.301784
52,144,1,4879,-16.727451,289.382892
52,144,1,4880,-17.160968,309.823339
52,144,1,4881,-20.095618,291.284329
52,144,1,4882,3.459061,297.939358
52,144,1,4883,5.947711,275.122114
52,144,1,4884,6.689807,272.269958
52,144,1,4885,-17.651951,308.397262
52,144,1,4886,4.931390,266.327968
52,144,1,4887,7.009632,279.875706
52,144,1,4888,5.639750,293.423445
52,144,1,4889,9.213431,291.284329
52,144,1,4890,1.575087,294.136484
52,144,1,4891,29.959017,277.261231
52,144,1,4892,-8.894840,296.275601
52,144,1,4893,8.562536,286.055377
52,144,1,4894,-8.038432,301.266873
52,144,1,4895,-17.252788,282.014823
52,144,1,4896,3.732666,273.696036
52,144,1,4897,-2.729444,289.145212
52,144,1,4898,-16.441981,291.046649
52,144,1,4899,17.685072,277.498910
52,144,1,4900,4.246759,291.046649
52,144,1,4901,7.043987,285.817697
52,144,1,4902,21.807200,298.652397
52,144,1,4903,29.742258,287.481454
52,144,1,4904,-20.506644,291.759688
52,144,1,4905,-11.144239,288.907532
52,144,1,4906,-17.698170,276.548192
52,144,1,4907,2.888123,294.611843
52,144,1,4908,22.103915,290.333610
52,144,1,4909,-3.734519,270.368521
52,144,1,4910,3.299149,294.136484
52,144,1,4911,2.899368,284.629299
52,144,1,4912,-6.394326,299.365436
52,144,1,4913,1.986114,293.661125
52,144,1,4914,-8.941059,264.426531
52,144,1,4915,19.705849,269.180123
52,144,1,4916,27.264854,300.316154
52,144,1,4917,-13.884621,280.113386
52,144,1,4918,-7.056467,304.119028
52,144,1,4919,-31.307641,296.275601
52,144,1,4920,19.306686,295.562562
52,144,1,4921,12.330484,293.661125
52,144,1,4922,19.261086,299.603115
52,144,1,4923,-1.222141,299.365436
52,144,1,4924,34.332259,294.136484
52,144,1,4925,-2.695089,295.087203
52,144,1,4926,12.307374,277.736590
52,144,1,4927,15.173313,284.391619
52,144,1,4928,-31.661821,282.727862
52,144,1,4929,-31.319505,270.368521
52,144,1,4930,-27.562803,287.956814
52,144,1,4931,-6.131967,285.104658
52,144,1,4932,15.984120,293.423445
52,144,1,4933,-28.659080,277.261231
52,144,1,4934,12.045014,291.997367
52,144,1,4935,-15.505617,297.939358
52,144,1,4936,31.797390,285.104658
52,144,1,4937,10.526466,291.759688
52,144,1,4938,25.152257,280.826425
52,144,1,4939,37.003930,291.046649
52,144,1,4940,-54.371338,291.046649
52,144,1,4941,-23.554987,301.266873
52,144,1,4942,-9.660046,283.203221
52,144,1,4943,-11.623976,277.498910
52,144,1,4944,10.652023,289.620571
52,144,1,4945,-21.316833,318.617486
52,144,1,4946,-10.287831,293.898804
52,144,1,4947,7.980351,292.710406
52,144,1,4948,16.178388,303.168310
52,144,1,4949,30.438754,288.669853
52,144,1,4950,-5.766541,288.669853
52,144,1,4951,19.397888,287.481454
52,144,1,4952,4.281114,296.988640
52,144,1,4953,8.585645,301.979912
52,144,1,4954,-17.618214,278.449629
52,144,1,4955,-4.088080,292.710406
52,144,1,4956,1.609443,300.078475
52,144,1,4957,0.170850,301.742232
52,144,1,4958,0.695570,273.220677
52,144,1,4959,11.166115,306.971184
52,144,1,4960,26.168578,289.620571
52,144,1,4961,4.235513,301.029193
52,144,1,4962,13.118181,286.768416
52,144,1,4963,-13.724709,283.916260
52,144,1,4964,-4.762085,271.556919
52,144,1,4965,6.872829,291.997367
52,144,1,4966,31.352008,279.638027
52,144,1,4967,8.277066,284.391619
52,144,1,4968,-22.870355,276.548192
52,144,1,4969,7.889150,300.791514
52,144,1,4970,36.364281,275.835153
52,144,1,4971,-13.599152,281.777143
52,144,1,4972,-27.163022,297.463999
52,144,1,4973,23.177082,285.104658
52,144,1,4974,16.646261,288.669853
52,144,1,4975,-11.875090,281.777143
52,144,1,4976,-0.788624,278.924988
52,144,1,4977,-8.506923,279.875706
52,144,1,4978,-17.138477,289.858251
52,144,1,4979,9.886817,276.548192
52,144,1,4980,-12.171805,290.095930
52,144,1,4981,-20.906425,282.252503
52,144,1,4982,42.107405,279.162668
52,144,1,4983,34.594618,279.875706
52,144,1,4984,4.178048,279.162668
52,144,1,4985,-1.199650,279.400347
52,144,1,4986,-8.849239,292.235047
52,144,1,4987,16.246480,279.162668
52,144,1,4988,13.483607,290.333610
52,144,1,4989,27.698372,279.875706
52,144,1,4990,14.100146,289.620571
52,144,1,4991,-8.758037,284.153940
52,144,1,4992,7.192654,299.603115
52,144,1,4993,-1.656277,283.916260
52,144,1,4994,-4.133681,296.750960
52,144,1,4995,-45.351249,300.553834
52,144,1,4996,22.275073,284.153940
52,144,1,4997,-11.304152,285.104658
52,144,1,4998,32.242772,290.571290
52,144,1,4999,-0.594356,288.669853
50,67,1,0,3.048035,298.414717
50,67,1,1,20.414209,296.275601
50,67,1,2,-15.791086,296.275601
50,67,1,3,-8.175234,313.388534
50,67,1,4,5.125658,276.072832
50,67,1,5,-4.910133,293.661125
50,67,1,6,17.696936,303.405990
50,67,1,7,4.075601,297.226319
50,67,1,8,-18.531468,287.481454
50,67,1,9,8.848005,287.719134
50,67,1,10,-19.113653,294.136484
50,67,1,11,19.295441,305.545106
50,67,1,12,5.730952,285.342338
50,67,1,13,-1.747479,291.997367
50,67,1,14,-8.072787,295.324882
50,67,1,15,-14.306893,290.571290
50,67,1,16,-8.358256,293.661125
50,67,1,17,-5.298668,274.171395
50,67,1,18,0.593122,291.284329
50,67,1,19,8.208356,272.507638
50,67,1,20,-28.419211,282.965542
50,67,1,21,-7.296335,298.414717
50,67,1,22,-1.325207,281.539464
50,67,1,23,-18.622670,295.562562
50,67,1,24,20.916437,287.719134
50,67,1,25,9.989882,294.374164
50,67,1,26,2.408386,283.203221
50,67,1,27,-14.032669,302.217591
50,67,1,28,-10.927480,278.687308
50,67,1,29,5.982066,281.064105
50,67,1,30,8.699338,273.933716
50,67,1,31,-3.836966,288.432173
50,67,1,32,13.381159,308.397262
50,67,1,33,-6.120102,311.011738
50,67,1,34,19.808915,287.006095
50,67,1,35,24.673139,305.307427
50,67,1,36,2.922478,300.553834
50,67,1,37,-42.314152,301.029193
50,67,1,38,6.656071,302.217591
50,67,1,39,34.926307,313.388534
50,67,1,40,1.164061,294.611843
50,67,1,41,16.863019,278.449629
50,67,1,42,7.569325,293.185766
50,67,1,43,-10.755704,308.397262
50,67,1,44,-18.577069,291.522008
50,67,1,45,-13.576042,297.701678
50,67,1,46,12.958269,282.965542
50,67,1,47,18.450278,290.571290
50,67,1,48,-20.426688,293.661125
50,67,1,49,29.399942,299.840795
50,67,1,50,8.802404,291.759688
50,67,1,51,7.992216,318.617486
50,67,1,52,28.406732,306.971184
50,67,1,53,4.064355,307.208864
50,67,1,54,9.693167,302.692951
50,67,1,55,26.945030,292.710406
50,67,1,56,-0.867961,312.913175
50,67,1,57,12.456041,291.522008
50,67,1,58,45.795396,284.866979
50,67,1,59,-16.453227,301.029193
50,67,1,60,17.160353,306.020465
50,67,1,61,9.829970,290.571290
50,67,1,62,-24.959224,308.872621
50,67,1,63,17.913695,293.185766
50,67,1,64,14.043300,303.643669
50,67,1,65,3.516526,319.805884
50,67,1,66,-6.188813,299.127756
50,67,1,67,5.491083,279.638027
50,67,1,68,8.300176,300.316154
50,67,1,69,-6.759752,295.800241
50,67,1,70,40.839970,274.646755
50,67,1,71,-5.070045,289.858251
50,67,1,72,23.222683,281.064105
50,67,1,73,15.025265,306.495825
50,67,1,74,-18.885030,309.823339
50,67,1,75,15.629940,279.875706
50,67,1,76,28.246819,303.168310
50,67,1,77,-17.469547,292.235047
50,67,1,78,18.484634,296.513280
50,67,1,79,-1.678768,303.881349
50,67,1,80,2.625763,308.872621
50,67,1,81,14.990909,300.553834
50,67,1,82,-12.616568,320.518923
50,67,1,83,1.609443,300.078475
50,67,1,84,-5.195602,291.997367
50,67,1,85,20.482301,272.269958
50,67,1,86,-25.313404,295.324882
50,67,1,87,-11.509665,285.342338
50,67,1,88,-3.026159,297.463999
50,67,1,89,-4.475997,309.110301
50,67,1,90,-0.514400,290.571290
50,67,1,91,-18.771337,281.777143
50,67,1,92,19.409134,277.498910
50,67,1,93,15.504383,282.014823
50,67,1,94,6.872829,291.997367
50,67,1,95,-14.272538,296.513280
50,67,1,96,-2.523931,288.907532
50,67,1,97,-19.284811,300.316154
50,67,1,98,-8.072787,295.324882
50,67,1,99,3.253548,298.177038
50,67,1,100,4.852053,300.316154
50,67,1,101,10.629532,309.585660
50,67,1,102,17.616980,301.504553
50,67,1,103,8.813650,281.777143
50,67,1,104,19.021217,293.898804
50,67,1,105,-29.401176,280.113386
50,67,1,106,3.618974,301.742232
50,67,1,107,-24.879267,310.774058
50,67,1,108,4.863298,290.333610
50,67,1,109,-25.039798,271.081560
50,67,1,110,17.993651,295.087203
50,67,1,111,27.059341,300.553834
50,67,1,112,-5.972054,288.907532
50,67,1,113,-10.904371,294.611843
50,67,1,114,42.747054,294.374164
50,67,1,115,-17.743152,316.478369
50,67,1,116,-1.747479,291.997367
50,67,1,117,-5.138756,277.974269
50,67,1,118,44.140045,296.750960
50,67,1,119,6.518649,278.449629
50,67,1,120,-1.507611,297.701678
50,67,1,121,-25.027934,296.988640
50,67,1,122,-15.836687,300.316154
50,67,1,123,19.409752,313.388534
50,67,1,124,-2.615133,296.988640
50,67,1,125,18.735748,292.235047
50,67,1,126,44.220002,298.652397
50,67,1,127,14.727931,278.924988
50,67,1,128,-17.549503,290.333610
50,67,1,129,-12.822700,284.866979
50,67,1,130,31.911701,292.948086
50,67,1,131,-21.579811,296.988640
50,67,1,132,-20.940780,276.310512
50,67,1,133,11.839501,292.235047
50,67,1,134,10.149795,298.177038
50,67,1,135,22.903476,309.347980
50,67,1,136,2.762566,296.750960
50,67,1,137,8.676847,293.898804
50,67,1,138,14.020190,287.719134
50,67,1,139,-32.563830,281.777143
50,67,1,140,-10.664502,300.316154
50,67,1,141,-3.094870,285.580017
50,67,1,142,-4.636528,269.417803
50,67,1,143,-9.751248,291.284329
50,67,1,144,-25.473316,291.522008
50,67,1,145,2.933723,290.571290
50,67,1,146,16.200879,283.203221
50,67,1,147,-12.137450,296.037921
50,67,1,148,-9.842449,299.365436
50,67,1,149,-0.925426,291.046649
50,67,1,150,5.594149,297.463999
50,67,1,151,31.169605,295.800241
50,67,1,152,17.513914,283.678580
50,67,1,153,11.519676,284.629299
50,67,1,154,16.280835,285.104658
50,67,1,155,20.608476,306.020465
50,67,1,156,-7.433138,310.536378
50,67,1,157,7.569325,293.185766
50,67,1,158,9.247786,297.226319
50,67,1,159,18.244765,290.808969
50,67,1,160,6.781628,300.078475
50,67,1,161,21.521731,296.988640
50,67,1,162,1.631934,280.113386
50,67,1,163,12.193062,269.893162
50,67,1,164,10.480865,295.800241
50,67,1,165,0.010938,297.939358
50,67,1,166,-7.421892,300.553834
50,67,1,167,5.594149,297.463999
50,67,1,168,15.207668,290.333610
50,67,1,169,3.903824,267.516366
50,67,1,170,18.199164,294.849523
50,67,1,171,3.881333,287.481454
50,67,1,172,3.744531,299.603115
50,67,1,173,13.324313,322.420360
50,67,1,174,-24.525706,288.432173
50,67,1,175,-8.598125,287.956814
50,67,1,176,10.092948,312.200136
50,67,1,177,32.482640,296.275601
50,67,1,178,27.926995,295.562562
50,67,1,179,19.832024,302.930630
50,67,1,180,25.483328,278.449629
50,67,1,181,10.503356,275.835153
50,67,1,182,-6.463037,287.481454
50,67,1,183,-16.818652,297.463999
50,67,1,184,10.240996,290.095930
50,67,1,185,-13.233726,285.342338
50,67,1,186,5.537303,311.487097
50,67,1,187,-22.436219,291.997367
50,67,1,188,50.773932,311.011738
50,67,1,189,24.856161,325.034836
50,67,1,190,-0.434444,292.472727
50,67,1,191,26.294135,287.481454
50,67,1,192,7.889150,300.791514
50,67,1,193,-1.998593,296.275601
50,67,1,194,-5.777787,298.652397
50,67,1,195,6.850338,311.962456
50,67,1,196,3.915689,293.423445
50,67,1,197,9.544501,288.907532
50,67,1,198,-33.842510,287.243775
50,67,1,199,2.122916,281.539464
50,67,1,200,39.584400,296.037921
50,67,1,201,-14.957788,285.342338
50,67,1,202,-4.864532,289.620571
50,67,1,203,6.153842,310.774058
50,67,1,204,-2.900602,295.324882
50,67,1,205,-26.249768,288.432173
50,67,1,206,10.663887,315.527651
50,67,1,207,1.209662,290.571290
50,67,1,208,-24.708110,304.594388
50,67,1,209,3.299149,294.136484
50,67,1,210,-16.156512,292.710406
50,67,1,211,6.050777,292.948086
50,67,1,212,-7.547449,302.692951
50,67,1,213,-31.924181,296.988640
50,67,1,214,11.417229,302.692951
50,67,1,215,19.603401,287.243775
50,67,1,216,-4.898887,283.678580
50,67,1,217,7.614926,289.145212
50,67,1,218,-22.527421,300.078475
50,67,1,219,-6.805353,299.840795
50,67,1,220,8.631246,297.939358
50,67,1,221,-46.356323,281.777143
50,67,1,222,-31.193330,304.119028
50,67,1,223,11.029312,319.092845
50,67,1,224,35.554092,302.692951
50,67,1,225,6.073886,308.872621
50,67,1,226,4.497873,286.768416
50,67,1,227,8.094663,300.553834
50,67,1,228,19.283577,279.638027
50,67,1,229,6.050777,292.948086
50,67,1,230,-14.945924,311.249417
50,67,1,231,-3.060514,291.522008
50,67,1,232,40.691922,296.750960
50,67,1,233,2.888123,294.611843
50,67,1,234,5.765307,291.284329
50,67,1,235,15.721760,307.684223
50,67,1,236,-11.840735,287.719134
50,67,1,237,-13.199371,291.284329
50,67,1,238,-22.276307,295.800241
50,67,1,239,-9.225910,298.652397
50,67,1,240,-44.266836,285.342338
50,67,1,241,27.835793,303.643669
50,67,1,242,20.379853,290.333610
50,67,1,243,-0.320132,300.316154
50,67,1,244,-1.861790,284.153940
50,67,1,245,6.701671,298.177038
50,67,1,246,15.401936,300.078475
50,67,1,247,4.075601,297.226319
50,67,1,248,-0.503154,280.588745
50,67,1,249,-17.081630,275.835153
50,67,1,250,20.482919,308.159582
50,67,1,251,-0.137729,284.153940
50,67,1,252,18.028006,301.029193
50,67,1,253,3.550263,289.858251
50,67,1,254,4.566583,298.652397
50,67,1,255,0.809881,281.064105
50,67,1,256,-18.257245,299.127756
50,67,1,257,-8.152743,293.423445
50,67,1,258,-20.050017,287.243775
50,67,1,259,4.657785,290.571290
50,67,1,260,22.343783,296.037921
50,67,1,261,18.964371,307.921902
50,67,1,262,26.065512,271.794599
50,67,1,263,7.009632,279.875706
50,67,1,264,-3.631453,288.194493
50,67,1,265,7.820439,288.907532
50,67,1,266,26.111731,303.643669
50,67,1,267,7.923505,306.733504
50,67,1,268,-35.029988,284.629299
50,67,1,269,-7.102067,308.159582
50,67,1,270,-11.007437,276.785871
50,67,1,271,-18.462758,299.365436
50,67,1,272,19.181129,297.701678
50,67,1,273,3.618974,301.742232
50,67,1,274,-5.058800,279.875706
50,67,1,275,1.015394,280.826425
50,67,1,276,29.719767,307.446543
50,67,1,277,-18.097332,302.930630
50,67,1,278,-2.638242,281.064105
50,67,1,279,-0.423198,282.490182
50,67,1,280,-10.630147,306.258145
50,67,1,281,-11.851980,297.701678
50,67,1,282,17.000440,302.217591
50,67,1,283,33.315938,285.342338
50,67,1,284,-6.508638,291.522008
50,67,1,285,19.146774,291.759688
50,67,1,286,-7.445002,284.629299
50,67,1,287,-33.180370,282.490182
50,67,1,288,9.533255,298.890077
50,67,1,289,22.709209,299.603115
50,67,1,290,-18.029240,278.924988
50,67,1,291,9.807479,310.536378
50,67,1,292,-3.186071,293.661125
50,67,1,293,5.183123,297.939358
50,67,1,294,22.400630,282.014823
50,67,1,295,-11.738288,269.655482
50,67,1,296,3.253548,298.177038
50,67,1,297,-9.602581,305.069747
50,67,1,298,16.235234,289.145212
50,67,1,299,7.672391,311.011738
50,67,1,300,-8.780528,304.119028
50,67,1,301,-4.339194,296.988640
50,67,1,302,-2.478330,284.866979
50,67,1,303,20.619722,296.037921
50,67,1,304,12.512887,277.498910
50,67,1,305,-18.953740,297.939358
50,67,1,306,3.835732,291.522008
50,67,1,307,16.247098,315.052291
50,67,1,308,34.891952,307.446543
50,67,1,309,1.175306,284.629299
50,67,1,310,7.238255,295.562562
50,67,1,311,11.497185,304.594388
50,67,1,312,13.186892,298.652397
50,67,1,313,0.615613,271.319240
50,67,1,314,-4.259238,298.890077
50,67,1,315,-22.561776,294.136484
50,67,1,316,-30.851014,291.759688
50,67,1,317,-5.846497,286.768416
50,67,1,318,-6.086366,281.064105
50,67,1,319,-9.888050,303.405990
50,67,1,320,9.875571,286.530736
50,67,1,321,25.084165,304.832067
50,67,1,322,12.113725,303.881349
50,67,1,323,0.649969,277.261231
50,67,1,324,14.716686,288.907532
50,67,1,325,22.320674,280.113386
50,67,1,326,-10.127919,297.701678
50,67,1,327,-3.620207,278.211949
50,67,1,328,-22.401864,297.939358
50,67,1,329,42.781409,300.316154
50,67,1,330,11.257317,298.890077
50,67,1,331,0.581877,301.266873
50,67,1,332,-38.180778,312.200136
50,67,1,333,14.419971,297.226319
50,67,1,334,51.081893,292.710406
50,67,1,335,-6.303124,291.284329
50,67,1,336,0.730543,315.052291
50,67,1,337,-5.892098,290.808969
50,67,1,338,-1.599431,269.893162
50,67,1,339,3.561509,279.875706
50,67,1,340,-14.912187,281.301784
50,67,1,341,-0.902317,306.971184
50,67,1,342,0.570631,311.249417
50,67,1,343,30.792934,302.217591
50,67,1,344,3.904443,303.405990
50,67,1,345,19.009971,303.881349
50,67,1,346,10.424018,309.823339
50,67,1,347,25.791907,296.037921
50,67,1,348,-21.043227,294.374164
50,67,1,349,6.541759,294.374164
50,67,1,350,-19.193609,292.235047
50,67,1,351,5.925220,295.087203
50,67,1,352,1.164061,294.611843
50,67,1,353,10.252242,280.113386
50,67,1,354,-8.678081,286.055377
50,67,1,355,13.814677,287.956814
50,67,1,356,-0.685558,296.750960
50,67,1,357,19.066818,289.858251
50,67,1,358,-30.987817,303.881349
50,67,1,359,21.430529,305.069747
50,67,1,360,28.086907,299.365436
50,67,1,361,10.344062,307.921902
50,67,1,362,10.297843,276.072832
50,67,1,363,-25.678829,291.759688
50,67,1,364,18.518989,302.455271
50,67,1,365,-3.928168,296.513280
50,67,1,366,-21.579811,296.988640
50,67,1,367,0.798635,291.046649
50,67,1,368,6.165088,300.791514
50,67,1,369,-20.437934,303.643669
50,67,1,370,-24.217127,306.020465
50,67,1,371,-2.409619,296.750960
50,67,1,372,-16.898608,295.562562
50,67,1,373,11.439720,282.727862
50,67,1,374,9.053518,287.481454
50,67,1,375,-16.498828,305.069747
50,67,1,376,-21.830925,301.266873
50,67,1,377,-15.539972,291.997367
50,67,1,378,-6.908418,282.014823
50,67,1,379,-19.079297,300.078475
50,67,1,380,-5.915208,274.884434
50,67,1,381,-14.729165,301.029193
50,67,1,382,2.762566,296.750960
50,67,1,383,10.149795,298.177038
50,67,1,384,-5.046936,305.782786
50,67,1,385,5.879619,299.127756
50,67,1,386,20.734033,303.881349
50,67,1,387,22.537432,269.893162
50,67,1,388,18.450278,290.571290
50,67,1,389,-0.605602,298.652397
50,67,1,390,-22.413109,307.921902
50,67,1,391,-15.996600,296.513280
50,67,1,392,-3.996878,284.629299
50,67,1,393,-3.905058,312.437815
50,67,1,394,-22.961557,284.629299
50,67,1,395,-2.718199,279.162668
50,67,1,396,-9.671292,293.185766
50,67,1,397,17.628226,291.522008
50,67,1,398,3.082390,304.356708
50,67,1,399,14.934063,314.576932
50,67,1,400,-9.465778,292.948086
50,67,1,401,21.361818,293.185766
50,67,1,402,-14.306893,290.571290
50,67,1,403,23.154591,305.069747
50,67,1,404,-10.550191,308.159582
50,67,1,405,27.847039,293.661125
50,67,1,406,-17.309635,296.037921
50,67,1,407,0.090894,299.840795
50,67,1,408,-8.575015,303.881349
50,67,1,409,-23.783610,285.580017
50,67,1,410,24.741231,281.301784
50,67,1,411,-5.629738,276.548192
50,67,1,412,4.520982,302.692951
50,67,1,413,-12.068739,307.921902
50,67,1,414,17.331511,299.840795
50,67,1,415,-13.290573,299.365436
50,67,1,416,-17.823109,314.576932
50,67,1,417,8.151509,286.530736
50,67,1,418,-2.432729,280.826425
50,67,1,419,4.714632,276.548192
50,67,1,420,20.848345,311.724776
50,67,1,421,16.337682,271.081560
50,67,1,422,10.161040,288.194493
50,67,1,423,-10.984327,292.710406
50,67,1,424,2.693855,284.866979
50,67,1,425,21.898402,290.571290
50,67,1,426,11.908212,304.119028
50,67,1,427,-21.819679,291.284329
50,67,1,428,-3.951278,280.588745
50,67,1,429,10.435264,299.840795
50,67,1,430,21.236261,295.324882
50,67,1,431,9.544501,288.907532
50,67,1,432,-14.180718,324.321797
50,67,1,433,21.190660,299.365436
50,67,1,434,-16.521937,289.145212
50,67,1,435,1.050368,322.658039
50,67,1,436,15.036510,296.513280
50,67,1,437,34.788886,289.620571
50,67,1,438,17.422712,291.759688
50,67,1,439,-3.197317,303.643669
50,67,1,440,-13.256218,305.307427
50,67,1,441,28.383622,291.046649
50,67,1,442,-8.472568,285.817697
50,67,1,443,-13.096924,273.220677
50,67,1,444,-35.441015,285.104658
50,67,1,445,13.198137,288.669853
50,67,1,446,-15.939753,282.490182
50,67,1,447,26.990631,288.669853
50,67,1,448,6.256290,292.710406
50,67,1,449,-1.062229,303.168310
50,67,1,450,8.631246,297.939358
50,67,1,451,-18.291600,293.185766
50,67,1,452,-2.078549,294.374164
50,67,1,453,16.429502,298.890077
50,67,1,454,6.507404,288.432173
50,67,1,455,13.426760,304.356708
50,67,1,456,31.203960,301.742232
50,67,1,457,-21.522964,282.965542
50,67,1,458,3.059280,288.432173
50,67,1,459,-25.667583,281.777143
50,67,1,460,13.106936,296.750960
50,67,1,461,1.289618,292.472727
50,67,1,462,3.379105,296.037921
50,67,1,463,-13.359283,287.481454
50,67,1,464,-7.113932,282.252503
50,67,1,465,37.392465,310.536378
50,67,1,466,-4.168036,290.808969
50,67,1,467,3.870088,297.463999
50,67,1,468,-48.628214,294.374164
50,67,1,469,-22.116394,299.603115
50,67,1,470,3.470307,287.956814
50,67,1,471,-8.038432,301.266873
50,67,1,472,9.670058,286.768416
50,67,1,473,1.369574,294.374164
50,67,1,474,-11.966292,289.858251
50,67,1,475,4.634675,274.646755
50,67,1,476,-2.809400,287.243775
50,67,1,477,14.236949,277.498910
50,67,1,478,14.088901,299.603115
50,67,1,479,-15.745485,292.235047
50,67,1,480,-25.176601,283.203221
50,67,1,481,13.426760,304.356708
50,67,1,482,-32.141558,271.319240
50,67,1,483,-5.732186,294.611843
50,67,1,484,-16.818652,297.463999
50,67,1,485,22.720454,289.620571
50,67,1,486,-20.426688,293.661125
50,67,1,487,14.910953,298.652397
50,67,1,488,8.288312,274.409075
50,67,1,489,23.713665,282.490182
50,67,1,490,7.694882,291.046649
50,67,1,491,6.073886,308.872621
50,67,1,492,0.593122,291.284329
50,67,1,493,-3.151716,299.603115
50,67,1,494,-39.140252,289.382892
50,67,1,495,5.936465,285.104658
50,67,1,496,-16.305179,278.924988
50,67,1,497,-8.438212,291.759688
50,67,1,498,-21.671013,305.069747
50,67,1,499,-5.926453,284.866979
50,67,1,500,4.726496,302.455271
50,67,1,501,10.492111,285.817697
50,67,1,502,14.865352,302.692951
50,67,1,503,-21.945236,293.423445
50,67,1,504,-22.185105,287.719134
50,67,1,505,-8.415103,307.684223
50,67,1,506,-8.883594,286.293056
50,67,1,507,-13.073814,289.145212
50,67,1,508,-7.330690,292.472727
50,67,1,509,-4.579063,291.284329
50,67,1,510,-11.612112,303.405990
50,67,1,511,-28.487303,306.971184
50,67,1,512,-27.870764,306.258145
50,67,1,513,27.401657,288.194493
50,67,1,514,-29.332466,291.997367
50,67,1,515,32.562596,298.177038
50,67,1,516,17.833739,291.284329
50,67,1,517,-14.649209,302.930630
50,67,1,518,18.804458,304.119028
50,67,1,519,-3.106115,295.562562
50,67,1,520,-13.724709,283.916260
50,67,1,521,5.068811,290.095930
50,67,1,522,-10.870015,300.553834
50,67,1,523,-37.096366,296.988640
50,67,1,524,31.409473,301.504553
50,67,1,525,32.984868,287.719134
50,67,1,526,-11.851980,297.701678
50,67,1,527,12.376084,289.620571
50,67,1,528,-32.837435,306.020465
50,67,1,529,5.559794,291.522008
50,67,1,530,8.551290,296.037921
50,67,1,531,10.846290,299.365436
50,67,1,532,-9.785603,285.342338
50,67,1,533,16.578169,312.675495
50,67,1,534,23.017169,281.301784
50,67,1,535,-2.489576,294.849523
50,67,1,536,-6.063256,296.988640
50,67,1,537,1.118460,298.652397
50,67,1,538,6.108242,314.814612
50,67,1,539,-6.954019,286.055377
50,67,1,540,23.314503,308.872621
50,67,1,541,11.782655,306.258145
50,67,1,542,-17.880574,292.710406
50,67,1,543,17.205954,301.979912
50,67,1,544,-8.769283,294.136484
50,67,1,545,-23.509386,297.226319
50,67,1,546,-2.204106,296.513280
50,67,1,547,-4.247993,288.907532
50,67,1,548,4.292360,287.006095
50,67,1,549,8.060308,294.611843
50,67,1,550,-23.589342,295.324882
50,67,1,551,3.790131,295.562562
50,67,1,552,-29.378066,296.037921
50,67,1,553,2.888123,294.611843
50,67,1,554,-0.491290,306.495825
50,67,1,555,-12.251143,324.084117
50,67,1,556,-6.040765,277.023551
50,67,1,557,-10.105428,277.736590
50,67,1,558,-3.322874,305.782786
50,67,1,559,10.583931,313.626214
50,67,1,560,16.280835,285.104658
50,67,1,561,-13.655998,295.800241
50,67,1,562,-20.506644,291.759688
50,67,1,563,11.394119,286.768416
50,67,1,564,16.771818,286.530736
50,67,1,565,-0.594356,288.669853
50,67,1,566,18.039252,291.046649
50,67,1,567,-20.437934,303.643669
50,67,1,568,-6.028901,302.930630
50,67,1,569,-1.119694,281.301784
50,67,1,570,3.207947,302.217591
50,67,1,571,9.566992,268.942444
50,67,1,572,-1.929882,308.159582
50,67,1,573,21.898402,290.571290
50,67,1,574,-7.090822,298.177038
50,67,1,575,28.269929,319.092845
50,67,1,576,31.489430,303.405990
50,67,1,577,-6.748506,285.817697
50,67,1,578,3.310395,284.153940
50,67,1,579,11.257317,298.890077
50,67,1,580,-18.988096,291.997367
50,67,1,581,16.269589,295.087203
50,67,1,582,-0.057773,286.055377
50,67,1,583,1.472021,276.310512
50,67,1,584,13.609164,288.194493
50,67,1,585,-4.784576,291.522008
50,67,1,586,6.656071,302.217591
50,67,1,587,15.653050,295.800241
50,67,1,588,37.483667,302.455271
50,67,1,589,-19.068052,290.095930
50,67,1,590,-4.624664,295.324882
50,67,1,591,25.643240,282.252503
50,67,1,592,10.480865,295.800241
50,67,1,593,-8.506923,279.875706
50,67,1,594,1.358329,304.356708
50,67,1,595,-9.351467,300.791514
50,67,1,596,-7.205133,290.333610
50,67,1,597,6.907185,297.939358
50,67,1,598,-0.445689,302.455271
50,67,1,599,-46.002144,295.324882
50,67,1,600,1.107214,308.634941
50,67,1,601,-5.241203,296.037921
50,67,1,602,11.337273,300.791514
50,67,1,603,-7.445002,284.629299
50,67,1,604,20.619722,296.037921
50,67,1,605,-0.628711,282.727862
50,67,1,606,-13.850266,286.055377
50,67,1,607,13.677256,264.188851
50,67,1,608,-46.333214,297.701678
50,67,1,609,-20.803359,300.078475
50,67,1,610,5.571040,281.539464
50,67,1,611,-16.955455,309.585660
50,67,1,612,10.755089,307.446543
50,67,1,613,0.045293,303.881349
50,67,1,614,28.052552,293.423445
50,67,1,615,-1.610676,279.875706
50,67,1,616,-17.309635,296.037921
50,67,1,617,7.032742,295.800241
50,67,1,618,-28.887084,297.463999
50,67,1,619,6.210689,296.750960
50,67,1,620,5.650996,283.440901
50,67,1,621,-3.733900,306.258145
50,67,1,622,-6.154458,305.069747
50,67,1,623,4.018754,311.249417
50,67,1,624,-27.459737,305.782786
50,67,1,625,14.111392,279.638027
50,67,1,626,11.257317,298.890077
50,67,1,627,31.946057,298.890077
50,67,1,628,-0.228931,292.235047
50,67,1,629,-33.214106,312.437815
50,67,1,630,-5.206848,301.979912
50,67,1,631,17.468313,287.719134
50,67,1,632,-17.058521,291.759688
50,67,1,633,-7.707361,298.890077
50,67,1,634,-6.577348,279.638027
50,67,1,635,6.576114,300.316154
50,67,1,636,3.150482,280.351066
50,67,1,637,5.045702,274.171395
50,67,1,638,-10.710103,304.356708
50,67,1,639,1.038504,296.750960
50,67,1,640,-2.683843,285.104658
50,67,1,641,19.557800,291.284329
50,67,1,642,-12.286117,282.252503
50,67,1,643,-8.974796,294.374164
50,67,1,644,19.021217,293.898804
50,67,1,645,8.197729,318.379806
50,67,1,646,41.776334,281.539464
50,67,1,647,12.764620,309.110301
50,67,1,648,-26.306614,302.455271
50,67,1,649,-20.848960,304.119028
50,67,1,650,15.470646,311.962456
50,67,1,651,-20.015662,293.185766
50,67,1,652,3.790131,295.562562
50,67,1,653,12.330484,293.661125
50,67,1,654,20.060029,282.727862
50,67,1,655,3.892579,277.498910
50,67,1,656,13.232493,294.611843
50,67,1,657,-13.576042,297.701678
50,67,1,658,-0.867961,312.913175
50,67,1,659,4.189912,305.069747
50,67,1,660,3.459061,297.939358
50,67,1,661,-0.765514,294.849523
50,67,1,662,-7.878519,305.069747
50,67,1,663,-16.213977,270.843881
50,67,1,664,22.423740,297.939358
50,67,1,665,28.669091,292.710406
50,67,1,666,-2.044194,300.316154
50,67,1,667,-10.425252,270.130842
50,67,1,668,-6.657304,277.736590
50,67,1,669,23.005924,291.284329
50,67,1,670,14.260058,293.423445
50,67,1,671,4.212403,285.104658
50,67,1,672,-4.864532,289.620571
50,67,1,673,-43.867055,294.849523
50,67,1,674,11.405984,312.675495
50,67,1,675,14.454326,303.168310
50,67,1,676,29.285631,291.997367
50,67,1,677,11.177361,296.988640
50,67,1,678,6.096377,288.907532
50,67,1,679,-12.445410,314.339252
50,67,1,680,22.925968,289.382892
50,67,1,681,-5.013199,275.835153
50,67,1,682,0.090894,299.840795
50,67,1,683,31.020938,282.014823
50,67,1,684,17.571379,305.545106
50,67,1,685,7.591816,273.220677
50,67,1,686,-4.236128,314.814612
50,67,1,687,-10.562055,282.252503
50,67,1,688,-7.193888,280.351066
50,67,1,689,-11.726423,295.562562
50,67,1,690,-19.615881,302.692951
50,67,1,691,24.136556,307.921902
50,67,1,692,12.855821,301.029193
50,67,1,693,7.158299,293.661125
50,67,1,694,-20.243666,313.388534
50,67,1,695,-3.768256,300.316154
50,67,1,696,21.989603,282.490182
50,67,1,697,20.139985,284.629299
50,67,1,698,-37.245033,283.203221
50,67,1,699,0.809881,281.064105
50,67,1,700,-21.499855,298.890077
50,67,1,701,-7.490603,288.669853
50,67,1,702,15.127712,288.432173
50,67,1,703,-21.088828,298.414717
50,67,1,704,11.302918,294.849523
50,67,1,705,35.930763,296.275601
50,67,1,706,-4.431015,269.180123
50,67,1,707,34.788886,289.620571
50,67,1,708,13.860278,283.916260
50,67,1,709,7.854794,294.849523
50,67,1,710,-8.278300,295.562562
50,67,1,711,21.065103,301.504553
50,67,1,712,-26.420926,294.611843
50,67,1,713,12.090615,287.956814
50,67,1,714,27.550324,301.979912
50,67,1,715,-1.964238,302.217591
50,67,1,716,-11.109884,294.849523
50,67,1,717,-6.337480,285.342338
50,67,1,718,-0.069018,296.037921
50,67,1,719,2.054824,305.545106
50,67,1,720,-6.303124,291.284329
50,67,1,721,3.264794,288.194493
50,67,1,722,-4.464751,299.127756
50,67,1,723,-20.301131,291.522008
50,67,1,724,-10.893125,284.629299
50,67,1,725,-6.748506,285.817697
50,67,1,726,19.957581,300.791514
50,67,1,727,9.122229,299.365436
50,67,1,728,8.723067,325.747874
50,67,1,729,-19.958815,279.162668
50,67,1,730,22.218226,298.177038
50,67,1,731,-1.050983,293.185766
50,67,1,732,-16.510692,279.162668
50,67,1,733,-4.910133,293.661125
50,67,1,734,-10.562055,282.252503
50,67,1,735,23.907933,292.235047
50,67,1,736,3.299149,294.136484
50,67,1,737,5.685351,289.382892
50,67,1,738,16.794927,302.455271
50,67,1,739,-0.982273,305.069747
50,67,1,740,3.595864,285.817697
50,67,1,741,22.423740,297.939358
50,67,1,742,-9.888669,267.516366
50,67,1,743,23.165836,295.087203
50,67,1,744,0.524412,279.400347
50,67,1,745,-14.694810,306.971184
50,67,1,746,10.788825,277.498910
50,67,1,747,-10.653257,290.333610
50,67,1,748,-12.263007,298.177038
50,67,1,749,5.034456,284.153940
50,67,1,750,14.522418,279.162668
50,67,1,751,-17.755016,290.571290
50,67,1,752,-14.843477,293.185766
50,67,1,753,-22.161995,303.643669
50,67,1,754,33.099180,295.562562
50,67,1,755,-8.403857,297.701678
50,67,1,756,-16.853008,291.522008
50,67,1,757,-13.576042,297.701678
50,67,1,758,-2.889356,285.342338
50,67,1,759,7.523724,297.226319
50,67,1,760,6.998386,289.858251
50,67,1,761,15.641804,305.782786
50,67,1,762,-1.176540,295.324882
50,67,1,763,-2.238462,290.571290
50,67,1,764,-1.610676,279.875706
50,67,1,765,20.391099,280.351066
50,67,1,766,-20.643447,303.881349
50,67,1,767,14.545528,295.087203
50,67,1,768,-11.246687,306.971184
50,67,1,769,2.785057,276.785871
50,67,1,770,15.310734,308.159582
50,67,1,771,30.621776,308.397262
50,67,1,772,-11.897581,301.742232
50,67,1,773,9.944282,298.414717
50,67,1,774,27.150543,292.472727
50,67,1,775,-4.567817,281.301784
50,67,1,776,-0.252040,276.310512
50,67,1,777,-2.101659,278.449629
50,67,1,778,-14.934678,301.266873
50,67,1,779,-14.432450,292.710406
50,67,1,780,-16.533183,299.127756
50,67,1,781,-13.290573,299.365436
50,67,1,782,-21.614166,291.046649
50,67,1,783,-10.173520,301.742232
50,67,1,784,10.047347,316.240689
50,67,1,785,-21.534210,292.948086
50,67,1,786,-4.510352,303.168310
50,67,1,787,-1.062229,303.168310
50,67,1,788,-14.934678,301.266873
50,67,1,789,13.814677,287.956814
50,67,1,790,-3.813856,304.356708
50,67,1,791,-18.702626,293.661125
50,67,1,792,40.200940,295.324882
50,67,1,793,23.576862,294.611843
50,67,1,794,10.926247,301.266873
50,67,1,795,1.758109,313.863893
50,67,1,796,-22.881601,286.530736
50,67,1,797,18.279120,296.750960
50,67,1,798,24.444516,289.620571
50,67,1,799,-14.398095,298.652397
50,67,1,800,-19.239210,296.275601
50,67,1,801,-18.919385,303.881349
50,67,1,802,51.127494,288.669853
50,67,1,803,-8.027186,291.284329
50,67,1,804,33.019224,293.661125
50,67,1,805,-2.683843,285.104658
50,67,1,806,12.524751,303.405990
50,67,1,807,2.031715,289.620571
50,67,1,808,5.571040,281.539464
50,67,1,809,6.393092,280.588745
50,67,1,810,-26.352215,306.495825
50,67,1,811,8.951071,305.545106
50,67,1,812,20.265542,282.490182
50,67,1,813,-7.365046,286.530736
50,67,1,814,7.443768,295.324882
50,67,1,815,2.625763,308.872621
50,67,1,816,-5.001335,301.742232
50,67,1,817,3.710175,293.661125
50,67,1,818,-17.891819,302.692951
50,67,1,819,-17.960530,290.808969
50,67,1,820,13.289958,316.478369
50,67,1,821,-36.925208,290.808969
50,67,1,822,23.200191,301.029193
50,67,1,823,-19.159254,298.177038
50,67,1,824,7.101452,307.684223
50,67,1,825,-20.106863,301.266873
50,67,1,826,7.603680,299.127756
50,67,1,827,0.010938,297.939358
50,67,1,828,-16.989810,303.643669
50,67,1,829,-12.366073,280.351066
50,67,1,830,33.110425,285.580017
50,67,1,831,-4.487861,283.203221
50,67,1,832,-5.401116,292.235047
50,67,1,833,-15.631174,300.078475
50,67,1,834,8.848005,287.719134
50,67,1,835,18.028006,301.029193
50,67,1,836,-23.623697,289.382892
50,67,1,837,-25.826877,313.863893
50,67,1,838,6.541759,294.374164
50,67,1,839,-4.213637,294.849523
50,67,1,840,-32.220896,305.307427
50,67,1,841,-5.150001,287.956814
50,67,1,842,15.321980,298.177038
50,67,1,843,16.851774,288.432173
50,67,1,844,-25.165355,273.220677
50,67,1,845,17.868094,297.226319
50,67,1,846,-16.258959,310.774058
50,67,1,847,14.214458,297.463999
50,67,1,848,13.643519,294.136484
50,67,1,849,12.935778,302.930630
50,67,1,850,-10.299077,303.881349
50,67,1,851,-20.369841,279.638027
50,67,1,852,9.784369,294.611843
50,67,1,853,12.570352,299.365436
50,67,1,854,-3.665808,282.252503
50,67,1,855,4.258004,281.064105
50,67,1,856,-13.268082,279.400347
50,67,1,857,-10.253476,299.840795
50,67,1,858,-17.629459,288.432173
50,67,1,859,3.983781,269.417803
50,67,1,860,1.540732,288.194493
50,67,1,861,1.483886,302.217591
50,67,1,862,-6.987756,316.003010
50,67,1,863,-17.549503,290.333610
50,67,1,864,-6.999620,290.095930
50,67,1,865,13.449251,284.391619
50,67,1,866,5.354281,291.759688
50,67,1,867,-13.279327,289.382892
50,67,1,868,15.881673,311.487097
50,67,1,869,31.215206,291.759688
50,67,1,870,-32.575076,291.759688
50,67,1,871,-14.592363,288.907532
50,67,1,872,-2.204106,296.513280
50,67,1,873,-8.906085,306.258145
50,67,1,874,-10.162274,291.759688
50,67,1,875,-21.819679,291.284329
50,67,1,876,22.309428,290.095930
50,67,1,877,6.632961,286.293056
50,67,1,878,-29.994606,296.750960
50,67,1,879,-8.152743,293.423445
50,67,1,880,12.581598,289.382892
50,67,1,881,10.606422,293.661125
50,67,1,882,19.500954,305.307427
50,67,1,883,-4.042479,288.669853
50,67,1,884,2.944969,280.588745
50,67,1,885,-1.462010,293.661125
50,67,1,886,19.009971,303.881349
50,67,1,887,13.894633,289.858251
50,67,1,888,-0.799869,288.907532
50,67,1,889,-27.254224,305.545106
50,67,1,890,32.562596,298.177038
50,67,1,891,28.657846,302.692951
50,67,1,892,-5.229958,286.055377
50,67,1,893,25.449591,308.397262
50,67,1,894,2.956833,306.495825
50,67,1,895,-1.667523,293.898804
50,67,1,896,-33.465839,280.826425
50,67,1,897,32.699399,286.055377
50,67,1,898,-14.352494,294.611843
50,67,1,899,5.434237,293.661125
50,67,1,900,-18.451512,289.382892
50,67,1,901,6.964031,283.916260
50,67,1,902,11.941948,274.171395
50,67,1,903,-11.646467,297.463999
50,67,1,904,6.039531,302.930630
50,67,1,905,-9.111598,306.495825
50,67,1,906,17.513914,283.678580
50,67,1,907,-7.798563,306.971184
50,67,1,908,-4.339194,296.988640
50,67,1,909,8.562536,286.055377
50,67,1,910,-18.930631,313.863893
50,67,1,911,33.190381,287.481454
50,67,1,912,6.210689,296.750960
50,67,1,913,-15.528727,282.014823
50,67,1,914,-9.283375,276.785871
50,67,1,915,11.314782,320.756602
50,67,1,916,25.449591,308.397262
50,67,1,917,23.097126,283.203221
50,67,1,918,17.342756,289.858251
50,67,1,919,-4.464751,299.127756
50,67,1,920,3.059280,288.432173
50,67,1,921,-15.505617,297.939358
50,67,1,922,-1.416409,289.620571
50,67,1,923,5.422991,303.643669
50,67,1,924,18.735748,292.235047
50,67,1,925,6.747272,294.136484
50,67,1,926,-2.489576,294.849523
50,67,1,927,-12.970748,306.971184
50,67,1,928,14.910953,298.652397
50,67,1,929,1.529486,298.177038
50,67,1,930,18.450278,290.571290
50,67,1,931,26.808227,304.832067
50,67,1,932,1.060995,276.785871
50,67,1,933,-9.271511,302.692951
50,67,1,934,18.313476,302.692951
50,67,1,935,19.055572,299.840795
50,67,1,936,-15.208902,289.620571
50,67,1,937,18.107963,302.930630
50,67,1,938,-20.644065,267.991725
50,67,1,939,1.769355,303.881349
50,67,1,940,23.017169,281.301784
50,67,1,941,23.405705,300.791514
50,67,1,942,26.602714,305.069747
50,67,1,943,-4.293593,292.948086
50,67,1,944,14.853488,276.785871
50,67,1,945,6.268154,318.617486
50,67,1,946,28.908960,298.414717
50,67,1,947,11.451584,308.634941
50,67,1,948,0.353254,285.580017
50,67,1,949,-12.799590,300.791514
50,67,1,950,-12.514121,302.455271
50,67,1,951,-5.617874,302.455271
50,67,1,952,16.920484,300.316154
50,67,1,953,11.793900,296.275601
50,67,1,954,-18.428403,305.307427
50,67,1,955,-17.891819,302.692951
50,67,1,956,-22.550530,284.153940
50,67,1,957,-1.747479,291.997367
50,67,1,958,-18.725117,313.626214
50,67,1,959,-16.853008,291.522008
50,67,1,960,7.969106,302.692951
50,67,1,961,10.264106,306.020465
50,67,1,962,5.617259,313.388534
50,67,1,963,4.635294,310.536378
50,67,1,964,-3.357229,299.840795
50,67,1,965,18.450278,290.571290
50,67,1,966,-1.667523,293.898804
50,67,1,967,-25.758785,289.858251
50,67,1,968,-13.370529,297.463999
50,67,1,969,10.766334,297.463999
50,67,1,970,-16.556293,283.203221
50,67,1,971,9.442053,306.971184
50,67,1,972,4.497873,286.768416
50,67,1,973,-9.408932,278.924988
50,67,1,974,10.720733,301.504553
50,67,1,975,-17.309635,296.037921
50,67,1,976,11.805146,286.293056
50,67,1,977,-1.941747,282.252503
50,67,1,978,24.855542,289.145212
50,67,1,979,-10.264721,309.823339
50,67,1,980,-15.128946,291.522008
50,67,1,981,39.653111,307.921902
50,67,1,982,5.057566,300.078475
50,67,1,983,2.317184,291.284329
50,67,1,984,-6.028901,302.930630
50,67,1,985,21.030748,295.562562
50,67,1,986,-1.336453,291.522008
50,67,1,987,20.243051,302.455271
50,67,1,988,-14.694810,306.971184
50,67,1,989,-12.799590,300.791514
50,67,1,990,-33.625751,277.023551
50,67,1,991,-29.172553,295.800241
50,67,1,992,-5.674721,316.478369
50,67,1,993,-21.157539,286.530736
50,67,1,994,3.595864,285.817697
50,67,1,995,28.361131,311.011738
50,67,1,996,-5.275558,290.095930
50,67,1,997,28.166863,301.266873
50,67,1,998,-8.198344,297.463999
50,67,1,999,4.646540,300.553834
50,67,1,1000,-5.264313,280.113386
50,67,1,1001,-6.143212,295.087203
50,67,1,1002,-2.044194,300.316154
50,67,1,1003,-29.252509,293.898804
50,67,1,1004,21.361818,293.185766
50,67,1,1005,-21.888390,279.400347
50,67,1,1006,25.517683,284.391619
50,67,1,1007,1.129706,288.669853
50,67,1,1008,4.132447,283.203221
50,67,1,1009,0.433210,287.481454
50,67,1,1010,11.793900,296.275601
50,67,1,1011,-3.619589,314.101573
50,67,1,1012,15.767361,303.643669
50,67,1,1013,-12.342963,296.275601
50,67,1,1014,-16.807407,287.481454
50,67,1,1015,4.246759,291.046649
50,67,1,1016,-12.777099,280.826425
50,67,1,1017,10.184150,304.119028
50,67,1,1018,-24.331439,298.177038
50,67,1,1019,-6.794107,289.858251
50,67,1,1020,8.448224,278.211949
50,67,1,1021,7.227009,305.545106
50,67,1,1022,10.663268,279.638027
50,67,1,1023,10.983093,287.243775
50,67,1,1024,-8.312655,289.620571
50,67,1,1025,-5.972054,288.907532
50,67,1,1026,-2.238462,290.571290
50,67,1,1027,4.121202,293.185766
50,67,1,1028,-12.171805,290.095930
50,67,1,1029,-21.865280,295.324882
50,67,1,1030,27.961350,301.504553
50,67,1,1031,8.825514,307.684223
50,67,1,1032,20.847726,275.835153
50,67,1,1033,1.244017,296.513280
50,67,1,1034,-10.458989,300.078475
50,67,1,1035,10.400909,293.898804
50,67,1,1036,-3.585852,284.153940
50,67,1,1037,18.199164,294.849523
50,67,1,1038,0.924192,288.907532
50,67,1,1039,-27.630895,311.962456
50,67,1,1040,-8.974796,294.374164
50,67,1,1041,-16.145266,282.727862
50,67,1,1042,13.597918,298.177038
50,67,1,1043,-5.241203,296.037921
50,67,1,1044,34.104254,314.339252
50,67,1,1045,7.614926,289.145212
50,67,1,1046,-0.468799,286.530736
50,67,1,1047,-27.426000,275.835153
50,67,1,1048,-12.217406,294.136484
50,67,1,1049,-2.409619,296.750960
50,67,1,1050,-6.497392,281.539464
50,67,1,1051,8.368887,312.200136
50,67,1,1052,17.537024,299.603115
50,67,1,1053,17.514533,319.568204
50,67,1,1054,-10.584546,302.217591
50,67,1,1055,25.072920,314.814612
50,67,1,1056,-21.854035,285.342338
50,67,1,1057,-53.857246,308.397262
50,67,1,1058,50.534064,305.307427
50,67,1,1059,-4.213637,294.849523
50,67,1,1060,-7.604914,280.826425
50,67,1,1061,-3.642699,298.177038
50,67,1,1062,3.287903,304.119028
50,67,1,1063,2.442741,289.145212
50,67,1,1064,33.304693,295.324882
50,67,1,1065,-0.263286,286.293056
50,67,1,1066,-4.190528,310.774058
50,67,1,1067,40.326497,293.185766
50,67,1,1068,-2.398374,286.768416
50,67,1,1069,-1.313961,271.556919
50,67,1,1070,33.007978,303.643669
50,67,1,1071,20.254296,292.472727
50,67,1,1072,-26.500882,292.710406
50,67,1,1073,-0.354488,294.374164
50,67,1,1074,-27.848272,286.293056
50,67,1,1075,8.471334,294.136484
50,67,1,1076,-15.996600,296.513280
50,67,1,1077,1.129706,288.669853
50,67,1,1078,34.012434,286.530736
50,67,1,1079,6.188198,316.716049
50,67,1,1080,-2.192861,286.530736
50,67,1,1081,28.166863,301.266873
50,67,1,1082,-10.562055,282.252503
50,67,1,1083,7.980351,292.710406
50,67,1,1084,-3.597098,294.136484
50,67,1,1085,1.129706,288.669853
50,67,1,1086,25.837508,291.997367
50,67,1,1087,-14.854722,303.168310
50,67,1,1088,-8.278300,295.562562
50,67,1,1089,-11.680823,291.522008
50,67,1,1090,-1.234005,273.458356
50,67,1,1091,-2.489576,294.849523
50,67,1,1092,-51.436688,309.585660
50,67,1,1093,2.796921,302.692951
50,67,1,1094,-22.447465,301.979912
50,67,1,1095,16.315190,291.046649
50,67,1,1096,-46.573082,291.997367
50,67,1,1097,16.327054,316.953728
50,67,1,1098,14.511173,289.145212
50,67,1,1099,7.694882,291.046649
50,67,1,1100,-8.529414,299.840795
50,67,1,1101,-0.445689,302.455271
50,67,1,1102,-1.507611,297.701678
50,67,1,1103,5.263079,299.840795
50,67,1,1104,16.383901,302.930630
50,67,1,1105,20.745279,293.898804
50,67,1,1106,-5.435471,286.293056
50,67,1,1107,-26.615193,284.866979
50,67,1,1108,-8.666835,276.072832
50,67,1,1109,-0.583110,278.687308
50,67,1,1110,-22.767289,294.374164
50,67,1,1111,-4.864532,289.620571
50,67,1,1112,20.003182,296.750960
50,67,1,1113,6.907185,297.939358
50,67,1,1114,18.872550,280.113386
50,67,1,1115,-1.245251,283.440901
50,67,1,1116,-26.318478,276.548192
50,67,1,1117,8.334531,306.258145
50,67,1,1118,-4.795822,301.504553
50,67,1,1119,1.768736,267.991725
50,67,1,1120,27.287345,280.351066
50,67,1,1121,-19.821394,302.930630
50,67,1,1122,-5.880852,280.826425
50,67,1,1123,17.011686,292.235047
50,67,1,1124,-15.254503,293.661125
50,67,1,1125,-4.990089,291.759688
50,67,1,1126,-2.969313,283.440901
50,67,1,1127,-27.357290,287.719134
50,67,1,1128,13.232493,294.611843
50,67,1,1129,-10.721967,278.449629
50,67,1,1130,7.603680,299.127756
50,67,1,1131,-22.002701,271.556919
50,67,1,1132,-13.290573,299.365436
50,67,1,1133,21.396174,299.127756
50,67,1,1134,-3.551497,290.095930
50,67,1,1135,-13.404884,291.522008
50,67,1,1136,30.975337,286.055377
50,67,1,1137,0.421964,297.463999
50,67,1,1138,-10.287831,293.898804
50,67,1,1139,-0.263286,286.293056
50,67,1,1140,34.492171,297.939358
50,67,1,1141,19.717713,295.087203
50,67,1,1142,-36.388625,288.194493
50,67,1,1143,3.813241,311.487097
50,67,1,1144,-25.267803,291.284329
50,67,1,1145,4.920763,312.200136
50,67,1,1146,4.497873,286.768416
50,67,1,1147,-13.176261,307.208864
50,67,1,1148,-1.553211,301.742232
50,67,1,1149,-9.089107,286.530736
50,67,1,1150,31.786144,295.087203
50,67,1,1151,9.156584,305.307427
50,67,1,1152,-9.808094,305.307427
50,67,1,1153,18.553344,308.397262
50,67,1,1154,38.260119,305.545106
50,67,1,1155,-2.238462,290.571290
50,67,1,1156,19.808915,287.006095
50,67,1,1157,-21.614166,291.046649
50,67,1,1158,20.539766,294.136484
50,67,1,1159,-21.717232,273.220677
50,67,1,1160,15.436291,306.020465
50,67,1,1161,-23.463785,293.185766
50,67,1,1162,18.690147,296.275601
50,67,1,1163,3.379105,296.037921
50,67,1,1164,44.014488,298.890077
50,67,1,1165,-35.417905,301.029193
50,67,1,1166,-2.831891,307.208864
50,67,1,1167,-1.507611,297.701678
50,67,1,1168,14.191348,281.539464
50,67,1,1169,12.730264,303.168310
50,67,1,1170,4.772097,298.414717
50,67,1,1171,-17.423946,288.194493
50,67,1,1172,15.619313,325.747874
50,67,1,1173,21.887156,300.553834
50,67,1,1174,-1.656277,283.916260
50,67,1,1175,21.281862,291.284329
50,67,1,1176,-4.464751,299.127756
50,67,1,1177,2.431495,299.127756
50,67,1,1178,-7.456247,294.611843
50,67,1,1179,0.250806,303.643669
50,67,1,1180,8.608137,282.014823
50,67,1,1181,-32.140940,307.208864
50,67,1,1182,-7.776072,287.006095
50,67,1,1183,9.738768,298.652397
50,67,1,1184,10.024238,300.316154
50,67,1,1185,4.680895,306.495825
50,67,1,1186,6.507404,288.432173
50,67,1,1187,3.801377,285.580017
50,67,1,1188,-6.017655,292.948086
50,67,1,1189,-17.743771,280.588745
50,67,1,1190,23.827977,290.333610
50,67,1,1191,-1.678768,303.881349
50,67,1,1192,25.906218,303.881349
50,67,1,1193,-1.530720,281.777143
50,67,1,1194,11.177361,296.988640
50,67,1,1195,-6.759752,295.800241
50,67,1,1196,33.886877,288.669853
50,67,1,1197,8.117154,280.588745
50,67,1,1198,16.737462,280.588745
50,67,1,1199,-29.640426,310.298699
50,67,1,1200,-10.493344,294.136484
50,67,1,1201,12.124970,293.898804
50,67,1,1202,-28.110632,300.553834
50,67,1,1203,21.008257,315.527651
50,67,1,1204,-9.431423,298.890077
50,67,1,1205,12.992624,288.907532
50,67,1,1206,8.322667,280.351066
50,67,1,1207,2.453986,279.162668
50,67,1,1208,18.632682,274.409075
50,67,1,1209,2.705101,274.884434
50,67,1,1210,9.635702,280.826425
50,67,1,1211,-2.340909,308.634941
50,67,1,1212,-7.867274,295.087203
50,67,1,1213,-10.345296,272.032279
50,67,1,1214,22.423740,297.939358
50,67,1,1215,-2.295927,268.704764
50,67,1,1216,1.369574,294.374164
50,67,1,1217,4.497873,286.768416
50,67,1,1218,11.588387,296.513280
50,67,1,1219,-4.544707,297.226319
50,67,1,1220,4.760851,308.397262
50,67,1,1221,15.858563,295.562562
50,67,1,1222,-10.538945,298.177038
50,67,1,1223,20.859590,301.742232
50,67,1,1224,-5.172493,307.921902
50,67,1,1225,-3.380339,283.916260
50,67,1,1226,-12.662788,288.669853
50,67,1,1227,-21.499855,298.890077
50,67,1,1228,-6.451173,313.388534
50,67,1,1229,-4.247993,288.907532
50,67,1,1230,-13.496086,299.603115
50,67,1,1231,4.372316,288.907532
50,67,1,1232,1.871802,285.817697
50,67,1,1233,-10.127919,297.701678
50,67,1,1234,-44.232481,291.284329
50,67,1,1235,7.386922,309.347980
50,67,1,1236,-0.639957,292.710406
50,67,1,1237,23.748020,288.432173
50,67,1,1238,22.629253,297.701678
50,67,1,1239,-10.687612,284.391619
50,67,1,1240,-14.501161,280.826425
50,67,1,1241,15.447537,296.037921
50,67,1,1242,-6.017655,292.948086
50,67,1,1243,-34.139225,295.562562
50,67,1,1244,-8.141498,283.440901
50,67,1,1245,-4.887642,273.696036
50,67,1,1246,-10.219121,305.782786
50,67,1,1247,-13.781555,297.939358
50,67,1,1248,2.100425,301.504553
50,67,1,1249,23.736775,298.414717
50,67,1,1250,13.792186,307.921902
50,67,1,1251,11.154251,281.064105
50,67,1,1252,4.166803,289.145212
50,67,1,1253,14.214458,297.463999
50,67,1,1254,21.236261,295.324882
50,67,1,1255,42.358519,274.884434
50,67,1,1256,23.736775,298.414717
50,67,1,1257,-18.988096,291.997367
50,67,1,1258,-14.889077,297.226319
50,67,1,1259,-0.628711,282.727862
50,67,1,1260,-4.555953,307.208864
50,67,1,1261,-27.379781,307.684223
50,67,1,1262,-3.471541,291.997367
50,67,1,1263,24.547582,307.446543
50,67,1,1264,-24.560061,282.490182
50,67,1,1265,-7.513712,272.745318
50,67,1,1266,14.830997,296.750960
50,67,1,1267,46.149576,298.414717
50,67,1,1268,-20.141219,295.324882
50,67,1,1269,-9.225910,298.652397
50,67,1,1270,-10.436498,280.113386
50,67,1,1271,4.532228,292.710406
50,67,1,1272,-4.613418,285.342338
50,67,1,1273,38.705501,311.011738
50,67,1,1274,-5.617874,302.455271
50,67,1,1275,-12.582832,290.571290
50,67,1,1276,4.783342,288.432173
50,67,1,1277,-23.429430,299.127756
50,67,1,1278,15.082111,292.472727
50,67,1,1279,-29.731628,318.379806
50,67,1,1280,-4.784576,291.522008
50,67,1,1281,27.344810,302.217591
50,67,1,1282,9.727523,308.634941
50,67,1,1283,0.787390,301.029193
50,67,1,1284,-2.820646,297.226319
50,67,1,1285,-20.632201,293.898804
50,67,1,1286,-13.359283,287.481454
50,67,1,1287,-6.394326,299.365436
50,67,1,1288,9.487654,302.930630
50,67,1,1289,-2.238462,290.571290
50,67,1,1290,0.867346,302.930630
50,67,1,1291,-13.324928,293.423445
50,67,1,1292,-1.873036,294.136484
50,67,1,1293,-2.249707,300.553834
50,67,1,1294,25.346525,290.571290
50,67,1,1295,19.683358,289.145212
50,67,1,1296,-0.628711,282.727862
50,67,1,1297,5.810908,287.243775
50,67,1,1298,-7.856028,285.104658
50,67,1,1299,3.539017,299.840795
50,67,1,1300,28.566644,310.774058
50,67,1,1301,-2.158505,292.472727
50,67,1,1302,-8.700572,306.020465
50,67,1,1303,-23.543741,291.284329
50,67,1,1304,3.961289,289.382892
50,67,1,1305,9.076628,303.405990
50,67,1,1306,8.014707,298.652397
50,67,1,1307,-6.097611,291.046649
50,67,1,1308,2.089180,311.487097
50,67,1,1309,0.387609,291.522008
50,67,1,1310,7.729237,296.988640
50,67,1,1311,21.327463,287.243775
50,67,1,1312,12.570352,299.365436
50,67,1,1313,18.415923,284.629299
50,67,1,1314,10.652023,289.620571
50,67,1,1315,5.091303,270.130842
50,67,1,1316,9.498900,292.948086
50,67,1,1317,-16.076556,294.611843
50,67,1,1318,18.941261,291.997367
50,67,1,1319,0.387609,291.522008
50,67,1,1320,-3.893813,302.455271
50,67,1,1321,-9.842449,299.365436
50,67,1,1322,-4.168036,290.808969
50,67,1,1323,15.093357,282.490182
50,67,1,1324,-13.895867,290.095930
50,67,1,1325,-33.808155,293.185766
50,67,1,1326,29.856570,295.324882
50,67,1,1327,-5.766541,288.669853
50,67,1,1328,-8.187098,287.481454
50,67,1,1329,13.358050,292.472727
50,67,1,1330,6.176334,290.808969
50,67,1,1331,-19.513433,284.629299
50,67,1,1332,34.732040,303.643669
50,67,1,1333,13.403650,288.432173
50,67,1,1334,11.051804,299.127756
50,67,1,1335,18.199164,294.849523
50,67,1,1336,-6.417436,283.440901
50,67,1,1337,-10.801923,276.548192
50,67,1,1338,-5.937699,294.849523
50,67,1,1339,-9.065998,302.455271
50,67,1,1340,14.511173,289.145212
50,67,1,1341,24.764341,297.226319
50,67,1,1342,8.688711,319.805884
50,67,1,1343,13.346804,302.455271
50,67,1,1344,8.722448,289.858251
50,67,1,1345,-27.083066,299.365436
50,67,1,1346,-1.358944,311.487097
50,67,1,1347,-4.955734,297.701678
50,67,1,1348,-7.650515,284.866979
50,67,1,1349,8.322667,280.351066
50,67,1,1350,20.174340,290.571290
50,67,1,1351,12.284883,297.701678
50,67,1,1352,28.349267,285.104658
50,67,1,1353,-9.009151,288.432173
50,67,1,1354,18.930015,301.979912
50,67,1,1355,-2.512685,278.924988
50,67,1,1356,4.018754,311.249417
50,67,1,1357,-0.217685,282.252503
50,67,1,1358,17.342756,289.858251
50,67,1,1359,21.612932,288.907532
50,67,1,1360,-31.741777,280.826425
50,67,1,1361,-12.788345,290.808969
50,67,1,1362,5.205614,277.974269
50,67,1,1363,-1.267742,303.405990
50,67,1,1364,-16.613139,297.226319
50,67,1,1365,-24.548197,308.397262
50,67,1,1366,18.598945,304.356708
50,67,1,1367,-5.355515,288.194493
50,67,1,1368,-25.347140,325.272515
50,67,1,1369,2.477096,295.087203
50,67,1,1370,-17.994885,284.866979
50,67,1,1371,-11.657713,307.446543
50,67,1,1372,21.944003,286.530736
50,67,1,1373,-24.000368,295.800241
50,67,1,1374,-20.552245,295.800241
50,67,1,1375,8.779294,275.835153
50,67,1,1376,2.533943,281.064105
50,67,1,1377,-2.923712,279.400347
50,67,1,1378,7.843549,304.832067
50,67,1,1379,-28.270544,296.750960
50,67,1,1380,3.413460,301.979912
50,67,1,1381,-29.789093,296.513280
50,67,1,1382,-1.987347,286.293056
50,67,1,1383,-10.458989,300.078475
50,67,1,1384,-17.423946,288.194493
50,67,1,1385,27.481613,290.095930
50,67,1,1386,4.828943,284.391619
50,67,1,1387,8.391378,292.235047
50,67,1,1388,-13.279327,289.382892
50,67,1,1389,-8.198344,297.463999
50,67,1,1390,16.007230,309.347980
50,67,1,1391,-15.631174,300.078475
50,67,1,1392,-13.290573,299.365436
50,67,1,1393,3.184837,286.293056
50,67,1,1394,8.254575,304.356708
50,67,1,1395,2.249092,315.289971
50,67,1,1396,11.474076,288.669853
50,67,1,1397,-3.939413,306.495825
50,67,1,1398,22.834766,297.463999
50,67,1,1399,0.307653,289.620571
50,67,1,1400,11.565277,280.588745
50,67,1,1401,-8.380747,313.626214
50,67,1,1402,-21.100692,272.507638
50,67,1,1403,-21.945236,293.423445
50,67,1,1404,2.773811,286.768416
50,67,1,1405,17.411467,301.742232
50,67,1,1406,8.242711,278.449629
50,67,1,1407,-24.913623,304.832067
50,67,1,1408,4.577829,288.669853
50,67,1,1409,-14.283783,306.495825
50,67,1,1410,-6.006410,282.965542
50,67,1,1411,1.917403,281.777143
50,67,1,1412,7.398167,299.365436
50,67,1,1413,23.656819,296.513280
50,67,1,1414,23.748020,288.432173
50,67,1,1415,31.455074,297.463999
50,67,1,1416,18.895660,296.037921
50,67,1,1417,59.143127,315.289971
50,67,1,1418,17.457068,297.701678
50,67,1,1419,7.900395,290.808969
50,67,1,1420,-0.285777,306.258145
50,67,1,1421,14.956554,294.611843
50,67,1,1422,-28.236189,302.692951
50,67,1,1423,-2.272817,284.629299
50,67,1,1424,6.347491,284.629299
50,67,1,1425,18.678901,306.258145
50,67,1,1426,-17.515148,296.275601
50,67,1,1427,27.401657,288.194493
50,67,1,1428,37.243799,296.750960
50,67,1,1429,-5.070045,289.858251
50,67,1,1430,-11.041173,306.733504
50,67,1,1431,0.547521,295.324882
50,67,1,1432,-20.540999,285.817697
50,67,1,1433,-22.059548,285.580017
50,67,1,1434,23.736775,298.414717
50,67,1,1435,7.729237,296.988640
50,67,1,1436,4.441026,300.791514
50,67,1,1437,-3.357229,299.840795
50,67,1,1438,-12.068739,307.921902
50,67,1,1439,6.964650,319.805884
50,67,1,1440,25.209722,302.692951
50,67,1,1441,10.195396,294.136484
50,67,1,1442,-0.594356,288.669853
50,67,1,1443,29.719767,307.446543
50,67,1,1444,-7.170778,296.275601
50,67,1,1445,19.888871,288.907532
50,67,1,1446,-7.033975,284.153940
