u,v,true_S,trial,S_prime,var_hat
52,144,1,0,-71.155056,7155.831596
52,144,1,1,-73.657436,7448.698926
52,144,1,2,-149.609681,7524.406128
52,144,1,3,-16.330285,7528.390717
52,144,1,4,-28.905122,7311.230587
52,144,1,5,123.885082,7402.876147
52,144,1,6,-52.248138,7414.829915
52,144,1,7,49.316760,7394.906968
52,144,1,8,-168.020899,7464.637285
52,144,1,9,75.869224,7508.467769
52,144,1,10,-48.434799,7460.652695
52,144,1,11,-110.479872,7329.161240
52,144,1,12,99.726807,7367.014841
52,144,1,13,-121.708522,7502.490885
52,144,1,14,75.443981,7412.837621
52,144,1,15,90.396647,7418.814505
52,144,1,16,15.438308,7367.014841
52,144,1,17,69.501916,7414.829915
52,144,1,18,-61.683983,7311.230587
52,144,1,19,110.635898,7253.454039
52,144,1,20,-118.816127,7253.454039
52,144,1,21,-8.134943,7396.899262
52,144,1,22,56.607519,7257.438629
52,144,1,23,-13.242881,7301.269114
52,144,1,24,-113.938424,7275.369282
52,144,1,25,-49.179602,7424.791389
52,144,1,26,-55.457587,7197.669786
52,144,1,27,-13.757449,7339.122714
52,144,1,28,-29.438557,7586.167265
52,144,1,29,-222.899766,7277.361576
52,144,1,30,55.134273,7474.598758
52,144,1,31,60.632227,7614.059392
52,144,1,32,-94.392388,7414.829915
52,144,1,33,62.140701,7448.698926
52,144,1,34,-44.797600,7247.477155
52,144,1,35,-145.227679,7347.091893
52,144,1,36,4.529218,7480.575643
52,144,1,37,148.468601,7534.367601
52,144,1,38,66.113820,7464.637285
52,144,1,39,73.794594,7370.999431
52,144,1,40,-50.084185,7418.814505
52,144,1,41,21.380373,7365.022546
52,144,1,42,238.558252,7325.176651
52,144,1,43,-194.608592,7299.276819
52,144,1,44,4.829910,7657.889877
52,144,1,45,99.548160,7633.982340
52,144,1,46,47.277358,7309.238293
52,144,1,47,84.879826,7516.436949
52,144,1,48,-64.592740,7271.384692
52,144,1,49,-39.743757,7528.390717
52,144,1,50,-55.866470,7390.922378
52,144,1,51,161.062306,7514.444654
52,144,1,52,58.982841,7572.221202
52,144,1,53,-13.456756,7516.436949
52,144,1,54,-153.298469,7396.899262
52,144,1,55,-7.035352,7424.791389
52,144,1,56,-111.473779,7456.668105
52,144,1,57,-89.939929,7341.115009
52,144,1,58,-10.653684,7400.883852
52,144,1,59,-72.503750,7291.307640
52,144,1,60,-48.984594,7446.706632
52,144,1,61,-35.131519,7424.791389
52,144,1,62,20.955130,7269.392397
52,144,1,63,144.425026,7414.829915
52,144,1,64,12.635236,7482.567937
52,144,1,65,80.836250,7396.899262
52,144,1,66,-94.037600,7406.860736
52,144,1,67,132.576124,7470.614169
52,144,1,68,37.627638,7420.806800
52,144,1,69,-24.062648,7281.346166
52,144,1,70,62.495488,7440.729747
52,144,1,71,73.740499,7556.282844
52,144,1,72,130.872643,7614.059392
52,144,1,73,108.932416,7396.899262
52,144,1,74,54.763125,7193.685196
52,144,1,75,-96.450657,7566.244318
52,144,1,76,73.190704,7542.336780
52,144,1,77,88.392473,7384.945494
52,144,1,78,42.310332,7420.806800
52,144,1,79,-71.368931,7370.999431
52,144,1,80,-145.352230,7428.775979
52,144,1,81,8.591661,7363.030251
52,144,1,82,7.172510,7394.906968
52,144,1,83,-108.475699,7363.030251
52,144,1,84,-74.331783,7516.436949
52,144,1,85,-58.864550,7484.560232
52,144,1,86,-33.021661,7614.059392
52,144,1,87,131.866549,7486.552527
52,144,1,88,179.722627,7410.845326
52,144,1,89,-9.394314,7398.891557
52,144,1,90,-4.321604,7442.722042
52,144,1,91,-90.454496,7378.968610
52,144,1,92,-69.594994,7331.153535
52,144,1,93,107.478038,7376.976315
52,144,1,94,-18.740835,7161.808480
52,144,1,95,1.051799,7663.866761
52,144,1,96,-27.770304,7390.922378
52,144,1,97,12.830244,7504.483180
52,144,1,98,-2.404247,7084.108984
52,144,1,99,-93.328025,7390.922378
52,144,1,100,-125.202303,7396.899262
52,144,1,101,78.867304,7414.829915
52,144,1,102,-3.398153,7211.615849
52,144,1,103,0.946114,7508.467769
52,144,1,104,116.274764,7600.113329
52,144,1,105,-6.645337,7468.621874
52,144,1,106,3.164163,7327.168946
52,144,1,107,19.535979,7301.269114
52,144,1,108,247.994097,7428.775979
52,144,1,109,22.710200,7466.629579
52,144,1,110,73.724138,7267.400103
52,144,1,111,27.517446,7384.945494
52,144,1,112,55.383376,7311.230587
52,144,1,113,-16.170505,7498.506296
52,144,1,114,120.656766,7422.799094
52,144,1,115,73.209571,7305.253703
52,144,1,116,18.932089,7472.606464
52,144,1,117,8.041865,7349.084188
52,144,1,118,-123.552916,7438.737453
52,144,1,119,38.177433,7434.752863
52,144,1,120,40.980506,7319.199767
52,144,1,121,-20.817971,7550.305960
52,144,1,122,-83.147377,7530.383012
52,144,1,123,-31.282951,7522.413833
52,144,1,124,-0.703272,7466.629579
52,144,1,125,128.337541,7329.161240
52,144,1,126,22.125177,7400.883852
52,144,1,127,-190.120905,7277.361576
52,144,1,128,-184.338620,7305.253703
52,144,1,129,-115.712362,7315.215177
52,144,1,130,159.908620,7671.835940
52,144,1,131,63.134607,7321.192061
52,144,1,132,115.034261,7365.022546
52,144,1,133,-14.272016,7376.976315
52,144,1,134,29.007052,7456.668105
52,144,1,135,125.943351,7251.461744
52,144,1,136,-79.456082,7131.924058
52,144,1,137,40.766631,7534.367601
52,144,1,138,117.073663,7450.691221
52,144,1,139,-15.230694,7556.282844
52,144,1,140,-0.668044,7518.429243
52,144,1,141,106.857786,7259.430924
52,144,1,142,175.359492,7351.076483
52,144,1,143,-120.005041,7359.045662
52,144,1,144,73.954374,7341.115009
52,144,1,145,-19.699513,7341.115009
52,144,1,146,17.797270,7392.914673
52,144,1,147,-67.501496,7231.538797
52,144,1,148,-43.467773,7349.084188
52,144,1,149,-189.925897,7299.276819
52,144,1,150,91.106222,7402.876147
52,144,1,151,-89.444229,7540.344486
52,144,1,152,-71.263247,7526.398422
52,144,1,153,11.996117,7602.105623
52,144,1,154,-54.447320,7359.045662
52,144,1,155,-24.525627,7659.882172
52,144,1,156,19.056640,7390.922378
52,144,1,157,88.871812,7295.292229
52,144,1,158,72.730232,7394.906968
52,144,1,159,-96.131097,7506.475475
52,144,1,160,74.078926,7259.430924
52,144,1,161,133.605259,7394.906968
52,144,1,162,-39.280779,7149.854711
52,144,1,163,9.425787,7265.407808
52,144,1,164,47.507594,7382.953199
52,144,1,165,-53.011809,7616.051687
52,144,1,166,168.033505,7436.745158
52,144,1,167,119.911963,7386.937789
52,144,1,168,-27.469611,7568.236612
52,144,1,169,7.102054,7291.307640
52,144,1,170,133.285699,7454.675811
52,144,1,171,-86.286369,7416.822210
52,144,1,172,44.349734,7506.475475
52,144,1,173,42.735576,7516.436949
52,144,1,174,-27.645752,7309.238293
52,144,1,175,29.025920,7219.585028
52,144,1,176,113.260323,7404.868442
52,144,1,177,45.113405,7305.253703
52,144,1,178,-27.415516,7382.953199
52,144,1,179,-25.411342,7416.822210
52,144,1,180,45.999120,7548.313665
52,144,1,181,217.024403,7440.729747
52,144,1,182,83.000203,7400.883852
52,144,1,183,-162.504078,7367.014841
52,144,1,184,35.428456,7365.022546
52,144,1,185,86.388299,7351.076483
52,144,1,186,-14.396567,7458.660400
52,144,1,187,62.354576,7233.531092
52,144,1,188,-106.206061,7522.413833
52,144,1,189,-96.591569,7359.045662
52,144,1,190,-53.382957,7335.138125
52,144,1,191,-26.635485,7470.614169
52,144,1,192,-9.659778,7273.376987
52,144,1,193,-137.725551,7520.421538
52,144,1,194,-5.651430,7341.115009
52,144,1,195,106.698007,7289.315345
52,144,1,196,129.542816,7512.452359
52,144,1,197,-53.967981,7269.392397
52,144,1,198,35.907796,7275.369282
52,144,1,199,-80.964556,7297.284524
52,144,1,200,-46.945192,7532.375307
52,144,1,201,3.608274,7185.716017
52,144,1,202,-73.018317,7329.161240
52,144,1,203,48.252397,7418.814505
52,144,1,204,38.922237,7470.614169
52,144,1,205,-69.825230,7257.438629
52,144,1,206,120.976326,7363.030251
52,144,1,207,78.068406,7564.252023
52,144,1,208,43.090364,7508.467769
52,144,1,209,-39.334874,7335.138125
52,144,1,210,59.835835,7237.515681
52,144,1,211,-23.247389,7420.806800
52,144,1,212,-15.566614,7327.168946
52,144,1,213,-59.484802,7367.014841
52,144,1,214,136.833575,7374.984020
52,144,1,215,-61.738078,7496.514001
52,144,1,216,39.241796,7410.845326
52,144,1,217,-65.161402,7494.521706
52,144,1,218,28.067241,7398.891557
52,144,1,219,70.086939,7480.575643
52,144,1,220,146.783987,7440.729747
52,144,1,221,-73.657436,7448.698926
52,144,1,222,102.955123,7347.091893
52,144,1,223,-208.301887,7291.307640
52,144,1,224,-91.784323,7277.361576
52,144,1,225,-56.576045,7406.860736
52,144,1,226,175.944516,7416.822210
52,144,1,227,-6.751021,7313.222882
52,144,1,228,44.474286,7424.791389
52,144,1,229,-172.863373,7494.521706
52,144,1,230,-40.754024,7367.014841
52,144,1,231,-14.236788,7428.775979
52,144,1,232,-43.752104,7460.652695
52,144,1,233,71.275853,7374.984020
52,144,1,234,99.637484,7500.498590
52,144,1,235,-61.524203,7281.346166
52,144,1,236,-62.073999,7267.400103
52,144,1,237,16.253568,7506.475475
52,144,1,238,-52.513602,7289.315345
52,144,1,239,-105.052375,7365.022546
52,144,1,240,219.562011,7199.662081
52,144,1,241,-37.384796,7554.290549
52,144,1,242,-73.532885,7367.014841
52,144,1,243,-166.387874,7217.592733
52,144,1,244,-108.830486,7370.999431
52,144,1,245,74.468941,7303.261408
52,144,1,246,-62.109227,7215.600439
52,144,1,247,-2.298563,7239.507976
52,144,1,248,-71.209152,7341.115009
52,144,1,249,-185.172747,7402.876147
52,144,1,250,107.957377,7287.323050
52,144,1,251,140.896017,7257.438629
52,144,1,252,41.245970,7444.714337
52,144,1,253,23.029759,7406.860736
52,144,1,254,-151.489303,7408.853031
52,144,1,255,-25.216335,7438.737453
52,144,1,256,-46.165161,7620.036276
52,144,1,257,157.923313,7400.883852
52,144,1,258,119.397396,7424.791389
52,144,1,259,-116.955372,7606.090213
52,144,1,260,-154.362831,7420.806800
52,144,1,261,41.264837,7207.631260
52,144,1,262,-99.624877,7400.883852
52,144,1,263,23.899114,7361.037957
52,144,1,264,119.611271,7209.623554
52,144,1,265,0.805202,7301.269114
52,144,1,266,-28.710115,7333.145830
52,144,1,267,-18.935843,7139.893238
52,144,1,268,-87.101629,7277.361576
52,144,1,269,-30.448824,7424.791389
52,144,1,270,134.314834,7378.968610
52,144,1,271,-135.862290,7347.091893
52,144,1,272,-62.144455,7163.800775
52,144,1,273,80.836250,7396.899262
52,144,1,274,34.204314,7418.814505
52,144,1,275,9.052133,7510.460064
52,144,1,276,-61.543071,7518.429243
52,144,1,277,-121.459419,7339.122714
52,144,1,278,-57.301981,7133.916353
52,144,1,279,127.503414,7426.783684
52,144,1,280,17.602262,7370.999431
52,144,1,281,4.813549,7369.007136
52,144,1,282,-25.801358,7372.991725
52,144,1,283,104.604509,7388.930083
52,144,1,284,-75.981169,7474.598758
52,144,1,285,25.778736,7476.591053
52,144,1,286,-6.325777,7408.853031
52,144,1,287,-67.520364,7468.621874
52,144,1,288,56.943439,7486.552527
52,144,1,289,-2.707446,7432.760568
52,144,1,290,58.982841,7572.221202
52,144,1,291,-70.553672,7510.460064
52,144,1,292,-34.137612,7297.284524
52,144,1,293,-143.933080,7396.899262
52,144,1,294,141.960380,7233.531092
52,144,1,295,83.230439,7474.598758
52,144,1,296,-106.986092,7434.752863
52,144,1,297,-104.822139,7438.737453
52,144,1,298,128.567777,7402.876147
52,144,1,299,36.652599,7311.230587
52,144,1,300,11.624969,7321.192061
52,144,1,301,87.577213,7245.484860
52,144,1,302,-73.781988,7530.383012
52,144,1,303,-90.614276,7408.853031
52,144,1,304,11.679064,7135.908648
52,144,1,305,-35.911550,7337.130419
52,144,1,306,20.121003,7367.014841
52,144,1,307,-119.864128,7566.244318
52,144,1,308,-49.604846,7329.161240
52,144,1,309,44.829073,7416.822210
52,144,1,310,7.527298,7386.937789
52,144,1,311,127.432958,7323.184356
52,144,1,312,-101.788831,7396.899262
52,144,1,313,129.082344,7365.022546
52,144,1,314,-49.764625,7359.045662
52,144,1,315,-33.907376,7370.999431
52,144,1,316,-3.771808,7456.668105
52,144,1,317,109.747676,7536.359896
52,144,1,318,-6.910801,7343.107304
52,144,1,319,52.225516,7434.752863
52,144,1,320,-156.686565,7446.706632
52,144,1,321,-100.670373,7187.708312
52,144,1,322,-108.440471,7414.829915
52,144,1,323,70.281947,7502.490885
52,144,1,324,54.868809,7349.084188
52,144,1,325,47.862382,7374.984020
52,144,1,326,19.197553,7598.121034
52,144,1,327,-9.039526,7390.922378
52,144,1,328,58.167581,7432.760568
52,144,1,329,127.432958,7323.184356
52,144,1,330,-49.534389,7432.760568
52,144,1,331,2.224352,7269.392397
52,144,1,332,-111.704015,7382.953199
52,144,1,333,-70.234112,7450.691221
52,144,1,334,-71.049372,7311.230587
52,144,1,335,-56.771053,7384.945494
52,144,1,336,-17.554427,7582.182676
52,144,1,337,-0.188705,7428.775979
52,144,1,338,-97.940263,7494.521706
52,144,1,339,87.168331,7438.737453
52,144,1,340,-74.028585,7167.785364
52,144,1,341,-114.861875,7506.475475
52,144,1,342,-28.515107,7355.061072
52,144,1,343,-135.632054,7420.806800
52,144,1,344,96.498491,7386.937789
52,144,1,345,130.127839,7578.198086
52,144,1,346,75.852863,7219.585028
52,144,1,347,74.999869,7554.290549
52,144,1,348,0.325863,7390.922378
52,144,1,349,-122.082177,7747.543141
52,144,1,350,178.977824,7374.984020
52,144,1,351,55.188368,7289.315345
52,144,1,352,-6.466690,7201.654375
52,144,1,353,117.517774,7309.238293
52,144,1,354,-57.320848,7370.999431
52,144,1,355,24.058894,7331.153535
52,144,1,356,96.763955,7512.452359
52,144,1,357,22.425869,7578.198086
52,144,1,358,-1.997870,7416.822210
52,144,1,359,-14.377700,7221.577323
52,144,1,360,9.247140,7532.375307
52,144,1,361,-87.385960,7388.930083
52,144,1,362,-14.272016,7376.976315
52,144,1,363,44.829073,7416.822210
52,144,1,364,19.712120,7560.267433
52,144,1,365,-83.093281,7345.099599
52,144,1,366,78.087273,7327.168946
52,144,1,367,-37.685488,7376.976315
52,144,1,368,100.861626,7446.706632
52,144,1,369,56.553423,7442.722042
52,144,1,370,-92.547994,7478.583348
52,144,1,371,8.041865,7349.084188
52,144,1,372,-58.775226,7351.076483
52,144,1,373,12.990024,7474.598758
52,144,1,374,-132.279186,7319.199767
52,144,1,375,-19.309498,7384.945494
52,144,1,376,110.901362,7378.968610
52,144,1,377,-1.713539,7305.253703
52,144,1,378,29.077509,7560.267433
52,144,1,379,-18.353326,7731.604783
52,144,1,380,-38.998954,7564.252023
52,144,1,381,-10.174345,7311.230587
52,144,1,382,-19.558601,7548.313665
52,144,1,383,-64.097040,7470.614169
52,144,1,384,-32.117078,7620.036276
52,144,1,385,126.829067,7494.521706
52,144,1,386,-96.467017,7277.361576
52,144,1,387,-44.177348,7365.022546
52,144,1,388,-1.323523,7349.084188
52,144,1,389,-119.490474,7321.192061
52,144,1,390,-24.861547,7430.768274
52,144,1,391,19.907128,7582.182676
52,144,1,392,8.502337,7496.514001
52,144,1,393,155.759360,7396.899262
52,144,1,394,-44.691915,7402.876147
52,144,1,395,11.021078,7492.529411
52,144,1,396,-138.576039,7329.161240
52,144,1,397,155.919140,7367.014841
52,144,1,398,32.980172,7472.606464
52,144,1,399,63.595079,7468.621874
52,144,1,400,-79.439721,7420.806800
52,144,1,401,-271.979986,7406.860736
52,144,1,402,-78.854698,7486.552527
52,144,1,403,-160.304896,7422.799094
52,144,1,404,64.144874,7482.567937
52,144,1,405,32.519700,7325.176651
52,144,1,406,-162.078834,7462.644990
52,144,1,407,-126.461673,7398.891557
52,144,1,408,12.050213,7416.822210
52,144,1,409,57.049123,7641.951519
52,144,1,410,-13.402661,7331.153535
52,144,1,411,-17.855119,7404.868442
52,144,1,412,78.157729,7430.768274
52,144,1,413,-99.039854,7466.629579
52,144,1,414,122.005460,7287.323050
52,144,1,415,73.334122,7223.569618
52,144,1,416,153.205391,7349.084188
52,144,1,417,33.779070,7323.184356
52,144,1,418,-79.014478,7516.436949
52,144,1,419,12.759788,7400.883852
52,144,1,420,-72.628302,7372.991725
52,144,1,421,-68.034931,7506.475475
52,144,1,422,-52.443146,7392.914673
52,144,1,423,23.473870,7265.407808
52,144,1,424,-25.606350,7394.906968
52,144,1,425,0.095627,7317.207472
52,144,1,426,-86.941849,7247.477155
52,144,1,427,82.894519,7245.484860
52,144,1,428,-37.241377,7235.523386
52,144,1,429,47.009388,7709.689541
52,144,1,430,89.616615,7331.153535
52,144,1,431,-35.396983,7299.276819
52,144,1,432,221.317081,7396.899262
52,144,1,433,-27.131185,7271.384692
52,144,1,434,-67.590820,7365.022546
52,144,1,435,147.528790,7476.591053
52,144,1,436,80.906706,7500.498590
52,144,1,437,-124.652507,7410.845326
52,144,1,438,62.406165,7574.213497
52,144,1,439,-32.062982,7434.752863
52,144,1,440,-2.211746,7631.990045
52,144,1,441,38.532221,7426.783684
52,144,1,442,-42.457506,7510.460064
52,144,1,443,-117.131512,7347.091893
52,144,1,444,-174.388208,7370.999431
52,144,1,445,-57.320848,7370.999431
52,144,1,446,0.556099,7464.637285
52,144,1,447,48.111485,7211.615849
52,144,1,448,135.663528,7243.492565
52,144,1,449,17.158151,7512.452359
52,144,1,450,-71.209152,7341.115009
52,144,1,451,-71.918727,7357.053367
52,144,1,452,-5.385966,7466.629579
52,144,1,453,-7.531052,7225.561913
52,144,1,454,72.499996,7321.192061
52,144,1,455,201.627626,7576.205792
52,144,1,456,78.956628,7281.346166
52,144,1,457,-150.175837,7221.577323
52,144,1,458,73.970735,7629.997750
52,144,1,459,66.113820,7464.637285
52,144,1,460,15.473537,7418.814505
52,144,1,461,125.799933,7570.228907
52,144,1,462,-1.217839,7504.483180
52,144,1,463,1.904793,7329.161240
52,144,1,464,72.871144,7602.105623
52,144,1,465,13.504591,7436.745158
52,144,1,466,-20.923656,7394.906968
52,144,1,467,81.740833,7402.876147
52,144,1,468,-24.755863,7586.167265
52,144,1,469,98.822224,7361.037957
52,144,1,470,14.958969,7456.668105
52,144,1,471,44.598837,7343.107304
52,144,1,472,63.169835,7372.991725
52,144,1,473,28.757949,7620.036276
52,144,1,474,-7.284456,7588.159560
52,144,1,475,-8.329951,7374.984020
52,144,1,476,-53.152721,7408.853031
52,144,1,477,31.826486,7629.997750
52,144,1,478,24.963477,7337.130419
52,144,1,479,-31.637739,7530.383012
52,144,1,480,-2.512438,7454.675811
52,144,1,481,-137.121660,7349.084188
52,144,1,482,-80.130429,7199.662081
52,144,1,483,-138.186023,7372.991725
52,144,1,484,46.743924,7584.174971
52,144,1,485,-9.199306,7420.806800
52,144,1,486,-55.192123,7323.184356
52,144,1,487,-30.129265,7365.022546
52,144,1,488,-44.656687,7454.675811
52,144,1,489,-23.106476,7628.005455
52,144,1,490,12.865472,7556.282844
52,144,1,491,-7.780156,7388.930083
52,144,1,492,62.370937,7522.413833
52,144,1,493,6.108148,7418.814505
52,144,1,494,70.051711,7428.775979
52,144,1,495,50.540902,7341.115009
52,144,1,496,11.695425,7424.791389
52,144,1,497,35.888928,7512.452359
52,144,1,498,30.745762,7365.022546
52,144,1,499,53.804446,7372.991725
52,144,1,500,-83.093281,7345.099599
52,144,1,501,-0.987603,7578.198086
52,144,1,502,3.110068,7512.452359
52,144,1,503,-3.097461,7388.930083
52,144,1,504,118.192121,7241.500271
52,144,1,505,-55.032343,7293.299935
52,144,1,506,31.011226,7490.537117
52,144,1,507,37.362174,7295.292229
52,144,1,508,77.217918,7372.991725
52,144,1,509,-15.710033,7645.936108
52,144,1,510,-12.338298,7307.245998
52,144,1,511,89.562520,7516.436949
52,144,1,512,15.847191,7173.762249
52,144,1,513,7.012731,7424.791389
52,144,1,514,-42.953206,7311.230587
52,144,1,515,23.384547,7398.891557
52,144,1,516,-18.085355,7331.153535
52,144,1,517,-31.247723,7574.213497
52,144,1,518,121.171334,7384.945494
52,144,1,519,3.819643,7496.514001
52,144,1,520,-122.309907,7147.862417
52,144,1,521,41.600757,7436.745158
52,144,1,522,-22.183026,7396.899262
52,144,1,523,74.520530,7643.943814
52,144,1,524,25.849193,7580.190381
52,144,1,525,60.989521,7080.124395
52,144,1,526,-161.529039,7476.591053
52,144,1,527,-95.456750,7438.737453
52,144,1,528,-176.162145,7410.845326
52,144,1,529,84.205479,7584.174971
52,144,1,530,-9.464770,7295.292229
52,144,1,531,1.531138,7574.213497
52,144,1,532,-45.737411,7189.700607
52,144,1,533,10.790842,7418.814505
52,144,1,534,-9.164078,7472.606464
52,144,1,535,113.455331,7426.783684
52,144,1,536,-29.899029,7438.737453
52,144,1,537,-43.432545,7400.883852
52,144,1,538,-85.701346,7482.567937
52,144,1,539,67.213411,7492.529411
52,144,1,540,16.023332,7432.760568
52,144,1,541,-52.142454,7570.228907
52,144,1,542,108.702180,7323.184356
52,144,1,543,-74.862711,7265.407808
52,144,1,544,12.494324,7275.369282
52,144,1,545,-35.112651,7187.708312
52,144,1,546,-21.332539,7588.159560
52,144,1,547,33.689747,7456.668105
52,144,1,548,121.260657,7251.461744
52,144,1,549,39.117244,7492.529411
52,144,1,550,-128.750178,7476.591053
52,144,1,551,-185.847094,7470.614169
52,144,1,552,4.653769,7398.891557
52,144,1,553,-74.223593,7145.870122
52,144,1,554,-55.032343,7293.299935
52,144,1,555,-21.402995,7484.560232
52,144,1,556,-88.220087,7486.552527
52,144,1,557,114.200134,7462.644990
52,144,1,558,-4.587068,7317.207472
52,144,1,559,-104.342800,7349.084188
52,144,1,560,51.800273,7339.122714
52,144,1,561,9.691251,7390.922378
52,144,1,562,285.279512,7169.777659
52,144,1,563,62.105472,7396.899262
52,144,1,564,-29.544241,7430.768274
52,144,1,565,-10.369353,7289.315345
52,144,1,566,-81.107975,7616.051687
52,144,1,567,-39.104638,7408.853031
52,144,1,568,117.783238,7434.752863
52,144,1,569,-64.646835,7456.668105
52,144,1,570,-41.623379,7412.837621
52,144,1,571,-17.749435,7560.267433
52,144,1,572,12.139536,7283.338461
52,144,1,573,23.509099,7317.207472
52,144,1,574,119.042608,7432.760568
52,144,1,575,76.064232,7530.383012
52,144,1,576,-128.306067,7335.138125
52,144,1,577,-58.864550,7484.560232
52,144,1,578,-169.954616,7534.367601
52,144,1,579,22.799523,7333.145830
52,144,1,580,88.143370,7548.313665
52,144,1,581,60.030843,7259.430924
52,144,1,582,101.552334,7667.851351
52,144,1,583,-1.643083,7408.853031
52,144,1,584,-95.936089,7528.390717
52,144,1,585,-65.906206,7458.660400
52,144,1,586,216.528703,7241.500271
52,144,1,587,106.608683,7422.799094
52,144,1,588,56.128180,7347.091893
52,144,1,589,-49.374610,7402.876147
52,144,1,590,-178.272003,7221.577323
52,144,1,591,-37.100464,7442.722042
52,144,1,592,40.536395,7460.652695
52,144,1,593,7.882086,7378.968610
52,144,1,594,103.610603,7516.436949
52,144,1,595,102.741248,7562.259728
52,144,1,596,-22.591909,7590.151855
52,144,1,597,79.807115,7472.606464
52,144,1,598,59.231944,7408.853031
52,144,1,599,-9.608189,7614.059392
52,144,1,600,-1.537399,7564.252023
52,144,1,601,71.825649,7388.930083
52,144,1,602,-32.807786,7398.891557
52,144,1,603,71.470861,7396.899262
52,144,1,604,102.990351,7398.891557
52,144,1,605,-43.042529,7444.714337
52,144,1,606,68.172089,7313.222882
52,144,1,607,-93.328025,7390.922378
52,144,1,608,-60.603260,7576.205792
52,144,1,609,10.381959,7612.067097
52,144,1,610,-30.643832,7402.876147
52,144,1,611,-56.061478,7369.007136
52,144,1,612,129.632139,7378.968610
52,144,1,613,-40.683568,7470.614169
52,144,1,614,8.857125,7488.544822
52,144,1,615,-39.459425,7416.822210
52,144,1,616,-119.828900,7618.043982
52,144,1,617,-101.168579,7514.444654
52,144,1,618,-37.755944,7273.376987
52,144,1,619,15.969237,7618.043982
52,144,1,620,-101.328359,7544.329075
52,144,1,621,-67.111481,7275.369282
52,144,1,622,-18.724474,7450.691221
52,144,1,623,51.410257,7295.292229
52,144,1,624,-139.764953,7434.752863
52,144,1,625,-164.137103,7614.059392
52,144,1,626,44.030175,7566.244318
52,144,1,627,32.395148,7406.860736
52,144,1,628,59.746511,7370.999431
52,144,1,629,49.617452,7572.221202
52,144,1,630,-76.192538,7163.800775
52,144,1,631,-83.997864,7339.122714
52,144,1,632,25.247808,7225.561913
52,144,1,633,147.138774,7432.760568
52,144,1,634,64.339882,7504.483180
52,144,1,635,50.912051,7622.028571
52,144,1,636,0.840430,7353.068778
52,144,1,637,-25.820225,7610.074803
52,144,1,638,107.372354,7221.577323
52,144,1,639,36.189621,7689.766593
52,144,1,640,-15.406835,7297.284524
52,144,1,641,112.745756,7442.722042
52,144,1,642,-67.520364,7468.621874
52,144,1,643,-19.788837,7474.598758
52,144,1,644,7.917314,7430.768274
52,144,1,645,20.475790,7359.045662
52,144,1,646,-134.513596,7211.615849
52,144,1,647,-31.228856,7337.130419
52,144,1,648,-80.875233,7163.800775
52,144,1,649,-13.083102,7271.384692
52,144,1,650,-111.739243,7331.153535
52,144,1,651,43.214915,7426.783684
52,144,1,652,33.264503,7361.037957
52,144,1,653,163.759694,7243.492565
52,144,1,654,-74.348144,7227.554207
52,144,1,655,61.520449,7331.153535
52,144,1,656,36.208488,7452.683516
52,144,1,657,-34.386715,7460.652695
52,144,1,658,182.666612,7502.490885
52,144,1,659,19.465523,7197.669786
52,144,1,660,336.735055,7355.061072
52,144,1,661,-67.715371,7446.706632
52,144,1,662,27.357666,7414.829915
52,144,1,663,7.278195,7550.305960
52,144,1,664,205.760524,7562.259728
52,144,1,665,-49.339381,7454.675811
52,144,1,666,-47.565444,7414.829915
52,144,1,667,-36.480213,7560.267433
52,144,1,668,-92.938009,7434.752863
52,144,1,669,-36.745677,7434.752863
52,144,1,670,-138.825142,7492.529411
52,144,1,671,-162.059967,7225.561913
52,144,1,672,50.930918,7384.945494
52,144,1,673,67.178183,7440.729747
52,144,1,674,-7.939935,7418.814505
52,144,1,675,-114.648000,7291.307640
52,144,1,676,12.423867,7171.769954
52,144,1,677,1.975249,7432.760568
52,144,1,678,-132.669202,7275.369282
52,144,1,679,52.935092,7418.814505
52,144,1,680,53.254651,7359.045662
52,144,1,681,-69.115654,7241.500271
52,144,1,682,107.708274,7450.691221
52,144,1,683,-64.717291,7353.068778
52,144,1,684,101.411421,7460.652695
52,144,1,685,25.743508,7424.791389
52,144,1,686,114.999033,7313.222882
52,144,1,687,-97.211821,7241.500271
52,144,1,688,51.800273,7339.122714
52,144,1,689,-74.881579,7502.490885
52,144,1,690,19.836672,7478.583348
52,144,1,691,217.999442,7550.305960
52,144,1,692,72.570452,7424.791389
52,144,1,693,63.205063,7424.791389
52,144,1,694,-42.368182,7376.976315
52,144,1,695,-73.072413,7514.444654
52,144,1,696,-127.420351,7578.198086
52,144,1,697,-21.438223,7432.760568
52,144,1,698,46.177767,7281.346166
52,144,1,699,-14.537480,7251.461744
52,144,1,700,174.295130,7374.984020
52,144,1,701,3.979423,7466.629579
52,144,1,702,-62.802441,7520.421538
52,144,1,703,57.192542,7323.184356
52,144,1,704,-95.527206,7335.138125
52,144,1,705,143.929326,7215.600439
52,144,1,706,57.227770,7374.984020
52,144,1,707,-74.331783,7516.436949
52,144,1,708,65.404245,7480.575643
52,144,1,709,101.270509,7253.454039
52,144,1,710,-4.906627,7376.976315
52,144,1,711,56.518195,7390.922378
52,144,1,712,83.549999,7414.829915
52,144,1,713,-24.772223,7297.284524
52,144,1,714,-32.807786,7398.891557
52,144,1,715,-44.461679,7476.591053
52,144,1,716,13.539819,7488.544822
52,144,1,717,46.887342,7265.407808
52,144,1,718,-16.240961,7394.906968
52,144,1,719,12.369772,7357.053367
52,144,1,720,39.401576,7380.960904
52,144,1,721,31.810125,7341.115009
52,144,1,722,-41.019488,7241.500271
52,144,1,723,49.387216,7498.506296
52,144,1,724,71.896105,7492.529411
52,144,1,725,85.713952,7418.814505
52,144,1,726,-51.679476,7191.692901
52,144,1,727,23.934342,7412.837621
52,144,1,728,-49.658941,7514.444654
52,144,1,729,76.437887,7285.330756
52,144,1,730,-125.397310,7374.984020
52,144,1,731,54.638573,7275.369282
52,144,1,732,72.713871,7106.024226
52,144,1,733,158.083093,7370.999431
52,144,1,734,-182.263990,7442.722042
52,144,1,735,108.417849,7434.752863
52,144,1,736,131.156974,7502.490885
52,144,1,737,72.145208,7329.161240
52,144,1,738,-22.608270,7301.269114
52,144,1,739,142.526536,7536.359896
52,144,1,740,-26.085689,7484.560232
52,144,1,741,-52.513602,7289.315345
52,144,1,742,-64.292048,7448.698926
52,144,1,743,-80.449989,7259.430924
52,144,1,744,90.467103,7522.413833
52,144,1,745,30.710534,7313.222882
52,144,1,746,87.274015,7594.136444
52,144,1,747,-50.048957,7470.614169
52,144,1,748,58.522369,7424.791389
52,144,1,749,-140.918639,7592.144150
52,144,1,750,85.359165,7426.783684
52,144,1,751,38.551088,7189.700607
52,144,1,752,-120.235277,7285.330756
52,144,1,753,-48.115239,7400.883852
52,144,1,754,-129.210650,7329.161240
52,144,1,755,-109.894849,7394.906968
52,144,1,756,-9.819557,7303.261408
52,144,1,757,192.671120,7382.953199
52,144,1,758,100.347059,7484.560232
52,144,1,759,62.690496,7462.644990
52,144,1,760,-67.626048,7313.222882
52,144,1,761,-24.506759,7422.799094
52,144,1,762,-35.610858,7514.444654
52,144,1,763,-33.376448,7622.028571
52,144,1,764,19.907128,7582.182676
52,144,1,765,-56.167162,7213.608144
52,144,1,766,99.743168,7655.897582
52,144,1,767,-77.914887,7544.329075
52,144,1,768,31.436470,7586.167265
52,144,1,769,-130.169328,7508.467769
52,144,1,770,-115.552583,7285.330756
52,144,1,771,-40.364008,7410.845326
52,144,1,772,100.720714,7239.507976
52,144,1,773,-48.115239,7400.883852
52,144,1,774,103.859706,7353.068778
52,144,1,775,88.427701,7436.745158
52,144,1,776,-135.187943,7279.353871
52,144,1,777,87.008551,7468.621874
52,144,1,778,-64.522284,7374.984020
52,144,1,779,-155.622202,7422.799094
52,144,1,780,-76.620288,7594.136444
52,144,1,781,-47.936592,7133.916353
52,144,1,782,7.172510,7394.906968
52,144,1,783,-4.676391,7450.691221
52,144,1,784,-60.069825,7301.269114
52,144,1,785,-92.743001,7456.668105
52,144,1,786,-198.210562,7564.252023
52,144,1,787,-80.609768,7289.315345
52,144,1,788,82.450408,7386.937789
52,144,1,789,-86.711613,7321.192061
52,144,1,790,-17.020993,7307.245998
52,144,1,791,-46.750184,7554.290549
52,144,1,792,-119.170914,7261.423218
52,144,1,793,-43.822560,7357.053367
52,144,1,794,-157.360912,7514.444654
52,144,1,795,-32.168667,7279.353871
52,144,1,796,122.130012,7205.638965
52,144,1,797,-114.293212,7283.338461
52,144,1,798,-8.400407,7271.384692
52,144,1,799,53.804446,7372.991725
52,144,1,800,-24.666539,7452.683516
52,144,1,801,-59.024330,7514.444654
52,144,1,802,-21.988018,7418.814505
52,144,1,803,-55.192123,7323.184356
52,144,1,804,-143.648749,7285.330756
52,144,1,805,-30.058809,7468.621874
52,144,1,806,-31.992526,7538.352191
52,144,1,807,163.066480,7548.313665
52,144,1,808,9.601928,7524.406128
52,144,1,809,10.896527,7574.213497
52,144,1,810,47.028255,7472.606464
52,144,1,811,62.671629,7699.728067
52,144,1,812,123.386876,7729.612489
52,144,1,813,-95.207647,7275.369282
52,144,1,814,-11.487811,7498.506296
52,144,1,815,-15.301150,7452.683516
52,144,1,816,-7.319684,7536.359896
52,144,1,817,59.567864,7637.966929
52,144,1,818,-130.897771,7761.489205
52,144,1,819,-65.621874,7347.091893
52,144,1,820,-25.820225,7610.074803
52,144,1,821,42.611025,7598.121034
52,144,1,822,-6.715793,7365.022546
52,144,1,823,39.507260,7536.359896
52,144,1,824,-42.972073,7548.313665
52,144,1,825,6.408840,7596.128739
52,144,1,826,-12.392394,7492.529411
52,144,1,827,66.078592,7412.837621
52,144,1,828,196.484459,7428.775979
52,144,1,829,-184.338620,7305.253703
52,144,1,830,-47.689995,7496.514001
52,144,1,831,57.528462,7552.298254
52,144,1,832,-1.962642,7468.621874
52,144,1,833,-52.727477,7504.483180
52,144,1,834,32.944944,7420.806800
52,144,1,835,-62.677890,7438.737453
52,144,1,836,82.894519,7245.484860
52,144,1,837,17.263835,7667.851351
52,144,1,838,-84.707439,7355.061072
52,144,1,839,-77.541232,7299.276819
52,144,1,840,-21.438223,7432.760568
52,144,1,841,32.146045,7570.228907
52,144,1,842,-76.441641,7327.168946
52,144,1,843,63.524623,7365.022546
52,144,1,844,-96.201553,7402.876147
52,144,1,845,-72.503750,7291.307640
52,144,1,846,-83.217833,7426.783684
52,144,1,847,-130.169328,7508.467769
52,144,1,848,-85.417014,7370.999431
52,144,1,849,-49.144374,7476.591053
52,144,1,850,-78.624462,7560.267433
52,144,1,851,-96.556341,7410.845326
52,144,1,852,104.869974,7514.444654
52,144,1,853,-81.533219,7520.421538
52,144,1,854,28.386801,7339.122714
52,144,1,855,57.387550,7345.099599
52,144,1,856,28.156565,7265.407808
52,144,1,857,-74.987263,7347.091893
52,144,1,858,-110.284865,7351.076483
52,144,1,859,61.910465,7374.984020
52,144,1,860,62.690496,7462.644990
52,144,1,861,-60.443480,7546.321370
52,144,1,862,44.457925,7135.908648
52,144,1,863,18.417521,7510.460064
52,144,1,864,4.209658,7540.344486
52,144,1,865,-119.615025,7402.876147
52,144,1,866,-16.969404,7647.928403
52,144,1,867,99.282696,7508.467769
52,144,1,868,-64.078172,7233.531092
52,144,1,869,-81.603675,7416.822210
52,144,1,870,-77.346224,7321.192061
52,144,1,871,76.632895,7307.245998
52,144,1,872,-128.270839,7386.937789
52,144,1,873,-62.393558,7327.168946
52,144,1,874,-80.468856,7496.514001
52,144,1,875,-113.886835,7616.051687
52,144,1,876,43.266504,7767.466089
52,144,1,877,121.702262,7635.974635
52,144,1,878,-45.526042,7500.498590
52,144,1,879,44.883169,7231.538797
52,144,1,880,-22.272350,7530.383012
52,144,1,881,82.664283,7171.769954
52,144,1,882,43.764711,7440.729747
52,144,1,883,-29.064902,7341.115009
52,144,1,884,45.714789,7659.882172
52,144,1,885,55.578384,7333.145830
52,144,1,886,-36.195881,7448.698926
52,144,1,887,-9.554093,7428.775979
52,144,1,888,18.967317,7524.406128
52,144,1,889,-24.596083,7556.282844
52,144,1,890,-17.056221,7255.446334
52,144,1,891,71.985429,7359.045662
52,144,1,892,-7.460596,7329.161240
52,144,1,893,-89.780149,7311.230587
52,144,1,894,-99.784657,7430.768274
52,144,1,895,-117.664947,7622.028571
52,144,1,896,-66.011890,7303.261408
52,144,1,897,51.001374,7488.544822
52,144,1,898,13.664371,7406.860736
52,144,1,899,16.838591,7572.221202
52,144,1,900,73.225932,7594.136444
52,144,1,901,-3.985683,7671.835940
52,144,1,902,-39.548749,7550.305960
52,144,1,903,-135.737738,7265.407808
52,144,1,904,54.159234,7365.022546
52,144,1,905,65.138781,7355.061072
52,144,1,906,88.267921,7466.629579
52,144,1,907,-0.987603,7578.198086
52,144,1,908,-66.900112,7586.167265
52,144,1,909,-149.875145,7398.891557
52,144,1,910,60.596999,7562.259728
52,144,1,911,4.085107,7622.028571
52,144,1,912,68.898025,7586.167265
52,144,1,913,219.862703,7376.976315
52,144,1,914,48.127846,7500.498590
52,144,1,915,-57.410172,7504.483180
52,144,1,916,-94.587395,7392.914673
52,144,1,917,-43.681648,7564.252023
52,144,1,918,95.878240,7269.392397
52,144,1,919,34.913889,7402.876147
52,144,1,920,-27.114824,7560.267433
52,144,1,921,6.587487,7329.161240
52,144,1,922,-111.243543,7530.383012
52,144,1,923,131.476533,7442.722042
52,144,1,924,-6.396234,7305.253703
52,144,1,925,-54.003209,7217.592733
52,144,1,926,124.665114,7490.537117
52,144,1,927,86.388299,7351.076483
52,144,1,928,87.753354,7504.483180
52,144,1,929,-133.343549,7343.107304
52,144,1,930,-9.199306,7420.806800
52,144,1,931,35.553008,7283.338461
52,144,1,932,197.299719,7568.236612
52,144,1,933,69.057805,7556.282844
52,144,1,934,0.805202,7301.269114
52,144,1,935,1.425453,7418.814505
52,144,1,936,-99.465098,7370.999431
52,144,1,937,-129.104966,7484.560232
52,144,1,938,46.248224,7384.945494
52,144,1,939,-79.829737,7376.976315
52,144,1,940,165.230433,7552.298254
52,144,1,941,-15.710033,7645.936108
52,144,1,942,-126.691909,7325.176651
52,144,1,943,-45.081931,7359.045662
52,144,1,944,20.651931,7618.043982
52,144,1,945,-103.172753,7480.575643
52,144,1,946,-46.146294,7382.953199
52,144,1,947,-30.448824,7424.791389
52,144,1,948,45.219089,7460.652695
52,144,1,949,-173.413168,7480.575643
52,144,1,950,-76.636649,7305.253703
52,144,1,951,74.999869,7554.290549
52,144,1,952,-48.044783,7504.483180
52,144,1,953,55.808620,7406.860736
52,144,1,954,48.891516,7299.276819
52,144,1,955,-120.235277,7285.330756
52,144,1,956,36.173260,7400.883852
52,144,1,957,-95.047867,7245.484860
52,144,1,958,-34.492400,7305.253703
52,144,1,959,-75.501830,7384.945494
52,144,1,960,79.861211,7287.323050
52,144,1,961,-152.553666,7432.760568
52,144,1,962,-25.730902,7476.591053
52,144,1,963,-158.335951,7404.868442
52,144,1,964,34.824566,7536.359896
52,144,1,965,80.286455,7382.953199
52,144,1,966,55.169501,7526.398422
52,144,1,967,-57.339715,7608.082508
52,144,1,968,-3.842264,7353.068778
52,144,1,969,-127.685815,7452.683516
52,144,1,970,-36.816133,7331.153535
52,144,1,971,13.185032,7496.514001
52,144,1,972,-144.128088,7374.984020
52,144,1,973,137.757025,7143.877827
52,144,1,974,44.030175,7566.244318
52,144,1,975,71.186530,7508.467769
52,144,1,976,-51.698343,7428.775979
52,144,1,977,-41.162907,7560.267433
52,144,1,978,73.919146,7289.315345
52,144,1,979,-169.190946,7333.145830
52,144,1,980,77.732486,7335.138125
52,144,1,981,134.404157,7245.484860
52,144,1,982,-58.935006,7380.960904
52,144,1,983,47.258491,7546.321370
52,144,1,984,47.488727,7620.036276
52,144,1,985,-95.616530,7468.621874
52,144,1,986,122.820720,7426.783684
52,144,1,987,59.001708,7335.138125
52,144,1,988,61.520449,7331.153535
52,144,1,989,-120.359828,7367.014841
52,144,1,990,76.224012,7500.498590
52,144,1,991,35.339133,7498.506296
52,144,1,992,-60.939180,7347.091893
52,144,1,993,-40.028088,7639.959224
52,144,1,994,94.369766,7434.752863
52,144,1,995,120.461758,7400.883852
52,144,1,996,-147.410499,7580.190381
52,144,1,997,102.600336,7355.061072
52,144,1,998,-2.228106,7343.107304
52,144,1,999,40.111151,7365.022546
52,144,1,1000,3.854871,7548.313665
52,144,1,1001,69.288041,7629.997750
52,144,1,1002,-147.852104,7195.677491
52,144,1,1003,-28.569202,7540.344486
52,144,1,1004,124.700342,7542.336780
52,144,1,1005,-49.694169,7462.644990
52,144,1,1006,1.850697,7514.444654
52,144,1,1007,50.096791,7482.567937
52,144,1,1008,-56.700597,7488.544822
52,144,1,1009,88.942268,7398.891557
52,144,1,1010,-218.287527,7173.762249
52,144,1,1011,129.648500,7667.851351
52,144,1,1012,3.518951,7319.199767
52,144,1,1013,-60.283700,7516.436949
52,144,1,1014,9.035772,7221.577323
52,144,1,1015,-48.115239,7400.883852
52,144,1,1016,59.941519,7392.914673
52,144,1,1017,-3.506344,7582.182676
52,144,1,1018,50.771138,7414.829915
52,144,1,1019,97.403074,7392.914673
52,144,1,1020,-1.323523,7349.084188
52,144,1,1021,12.759788,7400.883852
52,144,1,1022,191.251969,7414.829915
52,144,1,1023,-42.917977,7363.030251
52,144,1,1024,94.954789,7500.498590
52,144,1,1025,67.408418,7514.444654
52,144,1,1026,-91.678639,7432.760568
52,144,1,1027,-213.287780,7639.959224
52,144,1,1028,18.222513,7488.544822
52,144,1,1029,50.291799,7504.483180
52,144,1,1030,26.932422,7319.199767
52,144,1,1031,84.703685,7257.438629
52,144,1,1032,44.953625,7335.138125
52,144,1,1033,210.887330,7420.806800
52,144,1,1034,-6.964896,7528.390717
52,144,1,1035,16.218340,7454.675811
52,144,1,1036,-26.156146,7380.960904
52,144,1,1037,-8.614282,7486.552527
52,144,1,1038,-103.102297,7584.174971
52,144,1,1039,86.014644,7596.128739
52,144,1,1040,110.278604,7787.389037
52,144,1,1041,-213.073905,7424.791389
52,144,1,1042,131.476533,7442.722042
52,144,1,1043,-87.865299,7478.583348
52,144,1,1044,88.462929,7488.544822
52,144,1,1045,15.064654,7612.067097
52,144,1,1046,-152.624122,7329.161240
52,144,1,1047,-60.194377,7382.953199
52,144,1,1048,-25.676806,7291.307640
52,144,1,1049,104.745422,7596.128739
52,144,1,1050,41.725309,7355.061072
52,144,1,1051,96.338711,7416.822210
52,144,1,1052,47.667374,7353.068778
52,144,1,1053,-80.184525,7384.945494
52,144,1,1054,12.120669,7520.421538
52,144,1,1055,31.701934,7711.681836
52,144,1,1056,-50.474200,7374.984020
52,144,1,1057,17.407254,7349.084188
52,144,1,1058,101.801437,7504.483180
52,144,1,1059,-34.421944,7408.853031
52,144,1,1060,-84.921314,7570.228907
52,144,1,1061,-34.581723,7438.737453
52,144,1,1062,56.908211,7434.752863
52,144,1,1063,2.151389,7691.758888
52,144,1,1064,3.110068,7512.452359
52,144,1,1065,83.211572,7711.681836
52,144,1,1066,200.972146,7406.860736
52,144,1,1067,22.160405,7452.683516
52,144,1,1068,-36.301566,7293.299935
52,144,1,1069,-109.594157,7572.221202
52,144,1,1070,161.205725,7195.677491
52,144,1,1071,43.374695,7396.899262
52,144,1,1072,35.108897,7424.791389
52,144,1,1073,171.846845,7482.567937
52,144,1,1074,-31.832746,7508.467769
52,144,1,1075,-132.438966,7349.084188
52,144,1,1076,123.405743,7492.529411
52,144,1,1077,-195.407490,7448.698926
52,144,1,1078,41.600757,7436.745158
52,144,1,1079,-25.890681,7506.475475
52,144,1,1080,213.051283,7424.791389
52,144,1,1081,-84.636983,7458.660400
52,144,1,1082,-135.632054,7420.806800
52,144,1,1083,-96.290877,7536.359896
52,144,1,1084,-176.587389,7315.215177
52,144,1,1085,94.564774,7456.668105
52,144,1,1086,-8.170171,7345.099599
52,144,1,1087,8.911220,7303.261408
52,144,1,1088,27.961557,7243.492565
52,144,1,1089,-38.430291,7341.115009
52,144,1,1090,55.099045,7422.799094
52,144,1,1091,-73.798349,7241.500271
52,144,1,1092,-114.826647,7558.275139
52,144,1,1093,-169.635057,7474.598758
52,144,1,1094,64.729898,7548.313665
52,144,1,1095,11.660197,7372.991725
52,144,1,1096,-98.330279,7450.691221
52,144,1,1097,-43.982340,7386.937789
52,144,1,1098,71.576546,7552.298254
52,144,1,1099,52.899863,7367.014841
52,144,1,1100,106.909375,7600.113329
52,144,1,1101,28.901368,7301.269114
52,144,1,1102,64.180102,7534.367601
52,144,1,1103,-24.133105,7177.746838
52,144,1,1104,63.064151,7217.592733
52,144,1,1105,194.780978,7572.221202
52,144,1,1106,1.566366,7626.013161
52,144,1,1107,164.788828,7167.785364
52,144,1,1108,84.489810,7472.606464
52,144,1,1109,-62.163322,7400.883852
52,144,1,1110,70.176263,7347.091893
52,144,1,1111,-63.777480,7410.845326
52,144,1,1112,113.828986,7181.731428
52,144,1,1113,151.910792,7299.276819
52,144,1,1114,46.372775,7303.261408
52,144,1,1115,-78.215579,7367.014841
52,144,1,1116,104.089942,7426.783684
52,144,1,1117,92.844931,7311.230587
52,144,1,1118,-50.084185,7418.814505
52,144,1,1119,67.283867,7596.128739
52,144,1,1120,-15.531386,7378.968610
52,144,1,1121,-4.605935,7554.290549
52,144,1,1122,-53.152721,7408.853031
52,144,1,1123,-15.390474,7586.167265
52,144,1,1124,-47.689995,7496.514001
52,144,1,1125,-2.458342,7269.392397
52,144,1,1126,-22.857373,7464.637285
52,144,1,1127,7.792762,7512.452359
52,144,1,1128,137.613606,7462.644990
52,144,1,1129,-4.551840,7369.007136
52,144,1,1130,35.393228,7313.222882
52,144,1,1131,-141.538891,7474.598758
52,144,1,1132,103.185359,7420.806800
52,144,1,1133,-291.615347,7400.883852
52,144,1,1134,61.661361,7538.352191
52,144,1,1135,30.851446,7520.421538
52,144,1,1136,105.119077,7351.076483
52,144,1,1137,-68.159482,7588.159560
52,144,1,1138,-80.504084,7444.714337
52,144,1,1139,42.293971,7131.924058
52,144,1,1140,129.632139,7378.968610
52,144,1,1141,58.397817,7506.475475
52,144,1,1142,3.394399,7400.883852
52,144,1,1143,-150.460168,7333.145830
52,144,1,1144,-8.560187,7301.269114
52,144,1,1145,-152.518438,7484.560232
52,144,1,1146,-61.418519,7436.745158
52,144,1,1147,-68.850190,7367.014841
52,144,1,1148,-16.330285,7528.390717
52,144,1,1149,95.025246,7604.097918
52,144,1,1150,-32.913470,7243.492565
52,144,1,1151,-2.991777,7544.329075
52,144,1,1152,51.905957,7494.521706
52,144,1,1153,-129.725217,7367.014841
52,144,1,1154,87.097874,7335.138125
52,144,1,1155,-124.953199,7233.531092
52,144,1,1156,-21.083436,7424.791389
52,144,1,1157,-176.181013,7647.928403
52,144,1,1158,134.740078,7474.598758
52,144,1,1159,-110.143952,7558.275139
52,144,1,1160,-16.595749,7402.876147
52,144,1,1161,-222.138602,7602.105623
52,144,1,1162,22.745428,7518.429243
52,144,1,1163,-115.996694,7426.783684
52,144,1,1164,-88.236448,7197.669786
52,144,1,1165,143.236111,7520.421538
52,144,1,1166,-89.834245,7496.514001
52,144,1,1167,0.271767,7576.205792
52,144,1,1168,161.062306,7514.444654
52,144,1,1169,38.123338,7620.036276
52,144,1,1170,-34.405583,7697.735772
52,144,1,1171,-72.362838,7498.506296
52,144,1,1172,27.696093,7117.977995
52,144,1,1173,38.407669,7508.467769
52,144,1,1174,-49.943272,7626.013161
52,144,1,1175,-46.660861,7420.806800
52,144,1,1176,74.628721,7273.376987
52,144,1,1177,82.095620,7394.906968
52,144,1,1178,-33.942604,7319.199767
52,144,1,1179,-109.930077,7343.107304
52,144,1,1180,-39.034182,7512.452359
52,144,1,1181,6.782495,7351.076483
52,144,1,1182,-73.302649,7440.729747
52,144,1,1183,18.222513,7488.544822
52,144,1,1184,86.103968,7462.644990
52,144,1,1185,119.202388,7402.876147
52,144,1,1186,28.386801,7339.122714
52,144,1,1187,48.571957,7359.045662
52,144,1,1188,88.782489,7428.775979
52,144,1,1189,81.865385,7321.192061
52,144,1,1190,-103.597997,7384.945494
52,144,1,1191,-41.162907,7560.267433
52,144,1,1192,-25.836586,7321.192061
52,144,1,1193,-42.137946,7450.691221
52,144,1,1194,-6.361005,7357.053367
52,144,1,1195,-9.180439,7183.723722
52,144,1,1196,-28.463518,7695.743478
52,144,1,1197,-148.190531,7492.529411
52,144,1,1198,91.352819,7765.473794
52,144,1,1199,146.464428,7500.498590
52,144,1,1200,65.723804,7420.806800
52,144,1,1201,-114.382536,7416.822210
52,144,1,1202,-72.148963,7283.338461
52,144,1,1203,-197.731223,7474.598758
52,144,1,1204,176.388627,7275.369282
52,144,1,1205,-140.848183,7695.743478
52,144,1,1206,-144.713111,7309.238293
52,144,1,1207,-163.692992,7472.606464
52,144,1,1208,48.146713,7263.415513
52,144,1,1209,11.730653,7476.591053
52,144,1,1210,-108.741163,7237.515681
52,144,1,1211,46.069577,7651.912993
52,144,1,1212,24.911888,6996.448014
52,144,1,1213,-6.556013,7335.138125
52,144,1,1214,268.233349,7263.415513
52,144,1,1215,-7.230360,7402.876147
52,144,1,1216,-124.527956,7329.161240
52,144,1,1217,-89.054213,7584.174971
52,144,1,1218,-40.967899,7582.182676
52,144,1,1219,42.611025,7598.121034
52,144,1,1220,-4.516611,7420.806800
52,144,1,1221,-51.308327,7472.606464
52,144,1,1222,-100.599916,7291.307640
52,144,1,1223,81.280361,7255.446334
52,144,1,1224,-37.560936,7295.292229
52,144,1,1225,-170.025073,7430.768274
52,144,1,1226,117.818466,7486.552527
52,144,1,1227,-0.383712,7406.860736
52,144,1,1228,56.252731,7265.407808
52,144,1,1229,111.895268,7251.461744
52,144,1,1230,20.741254,7484.560232
52,144,1,1231,74.360751,7673.828235
52,144,1,1232,-14.166331,7532.375307
52,144,1,1233,60.775646,7295.292229
52,144,1,1234,-19.344726,7333.145830
52,144,1,1235,-45.206483,7440.729747
52,144,1,1236,43.659026,7285.330756
52,144,1,1237,70.300814,7265.407808
52,144,1,1238,14.799190,7486.552527
52,144,1,1239,15.064654,7612.067097
52,144,1,1240,-101.203807,7462.644990
52,144,1,1241,28.706360,7279.353871
52,144,1,1242,-7.070581,7372.991725
52,144,1,1243,16.307663,7321.192061
52,144,1,1244,-1.997870,7416.822210
52,144,1,1245,7.936181,7193.685196
52,144,1,1246,-79.385626,7235.523386
52,144,1,1247,83.035432,7452.683516
52,144,1,1248,53.520115,7484.560232
52,144,1,1249,-102.977745,7502.490885
52,144,1,1250,156.273927,7359.045662
52,144,1,1251,-58.650675,7269.392397
52,144,1,1252,1.070666,7426.783684
52,144,1,1253,-42.048623,7317.207472
52,144,1,1254,216.225504,7590.151855
52,144,1,1255,-51.414011,7317.207472
52,144,1,1256,114.094450,7307.245998
52,144,1,1257,-45.791506,7374.984020
52,144,1,1258,-112.874062,7251.461744
52,144,1,1259,-32.648006,7369.007136
52,144,1,1260,181.052454,7512.452359
52,144,1,1261,36.847607,7333.145830
52,144,1,1262,-36.496573,7271.384692
52,144,1,1263,27.287210,7311.230587
52,144,1,1264,-43.503001,7297.284524
52,144,1,1265,-39.778985,7476.591053
52,144,1,1266,47.632146,7301.269114
52,144,1,1267,7.562526,7438.737453
52,144,1,1268,-22.911469,7649.920698
52,144,1,1269,-30.874068,7329.161240
52,144,1,1270,125.499240,7392.914673
52,144,1,1271,-82.597581,7544.329075
52,144,1,1272,11.535645,7454.675811
52,144,1,1273,-24.596083,7556.282844
52,144,1,1274,28.581809,7361.037957
52,144,1,1275,-28.089863,7450.691221
52,144,1,1276,-24.311752,7444.714337
52,144,1,1277,105.828652,7335.138125
52,144,1,1278,-99.554421,7504.483180
52,144,1,1279,-39.299646,7386.937789
52,144,1,1280,-139.800181,7382.953199
52,144,1,1281,-29.598337,7616.051687
52,144,1,1282,-104.537808,7327.168946
52,144,1,1283,62.300480,7418.814505
52,144,1,1284,100.896854,7498.506296
52,144,1,1285,83.159983,7370.999431
52,144,1,1286,117.303899,7524.406128
52,144,1,1287,96.853279,7378.968610
52,144,1,1288,-43.698009,7275.369282
52,144,1,1289,35.339133,7498.506296
52,144,1,1290,-85.151550,7496.514001
52,144,1,1291,-97.726388,7279.353871
52,144,1,1292,-25.056555,7408.853031
52,144,1,1293,44.918397,7283.338461
52,144,1,1294,-157.076580,7402.876147
52,144,1,1295,-40.345141,7173.762249
52,144,1,1296,176.759775,7556.282844
52,144,1,1297,-54.287540,7329.161240
52,144,1,1298,-124.972067,7470.614169
52,144,1,1299,-14.981591,7392.914673
52,144,1,1300,-32.756197,7739.573962
52,144,1,1301,65.049457,7488.544822
52,144,1,1302,-1.643083,7408.853031
52,144,1,1303,82.910880,7534.367601
52,144,1,1304,21.504925,7283.338461
52,144,1,1305,-16.630977,7351.076483
52,144,1,1306,-62.003543,7370.999431
52,144,1,1307,109.996779,7372.991725
52,144,1,1308,162.091441,7438.737453
52,144,1,1309,-21.102303,7661.874467
52,144,1,1310,-70.748680,7488.544822
52,144,1,1311,-104.662359,7408.853031
52,144,1,1312,67.107726,7337.130419
52,144,1,1313,-6.610109,7520.421538
52,144,1,1314,69.520783,7177.746838
52,144,1,1315,-57.445400,7452.683516
52,144,1,1316,10.436055,7426.783684
52,144,1,1317,-62.482882,7460.652695
52,144,1,1318,-0.827823,7548.313665
52,144,1,1319,-165.997858,7261.423218
52,144,1,1320,89.527292,7464.637285
52,144,1,1321,-37.720716,7325.176651
52,144,1,1322,37.272850,7428.775979
52,144,1,1323,5.842684,7293.299935
52,144,1,1324,-16.259829,7631.990045
52,144,1,1325,-136.820968,7526.398422
52,144,1,1326,-162.504078,7367.014841
52,144,1,1327,-32.542321,7524.406128
52,144,1,1328,55.294053,7444.714337
52,144,1,1329,76.064232,7530.383012
52,144,1,1330,160.106134,7167.785364
52,144,1,1331,46.248224,7384.945494
52,144,1,1332,18.666625,7347.091893
52,144,1,1333,-10.369353,7289.315345
52,144,1,1334,28.262249,7420.806800
52,144,1,1335,-122.843341,7422.799094
52,144,1,1336,-87.545740,7418.814505
52,144,1,1337,135.024409,7363.030251
52,144,1,1338,-63.122001,7580.190381
52,144,1,1339,47.047122,7235.523386
52,144,1,1340,-106.471525,7396.899262
52,144,1,1341,95.629136,7432.760568
52,144,1,1342,-55.351903,7353.068778
52,144,1,1343,37.023747,7592.144150
52,144,1,1344,-50.669208,7353.068778
52,144,1,1345,162.056212,7386.937789
52,144,1,1346,-22.697594,7434.752863
52,144,1,1347,0.875658,7404.868442
52,144,1,1348,52.970320,7470.614169
52,144,1,1349,-58.314755,7498.506296
52,144,1,1350,211.667361,7508.467769
52,144,1,1351,-97.815711,7412.837621
52,144,1,1352,-210.200376,7412.837621
52,144,1,1353,-50.864216,7331.153535
52,144,1,1354,-113.513181,7370.999431
52,144,1,1355,51.656854,7657.889877
52,144,1,1356,127.343634,7456.668105
52,144,1,1357,-65.161402,7494.521706
52,144,1,1358,52.545076,7374.984020
52,144,1,1359,-126.337121,7317.207472
52,144,1,1360,23.845019,7546.321370
52,144,1,1361,25.423949,7484.560232
52,144,1,1362,170.871806,7372.991725
52,144,1,1363,110.600670,7201.654375
52,144,1,1364,34.594330,7462.644990
52,144,1,1365,14.728733,7382.953199
52,144,1,1366,1.815469,7462.644990
52,144,1,1367,-44.746011,7588.159560
52,144,1,1368,0.166083,7420.806800
52,144,1,1369,30.231195,7402.876147
52,144,1,1370,-24.222428,7311.230587
52,144,1,1371,39.206568,7359.045662
52,144,1,1372,-138.789914,7544.329075
52,144,1,1373,-60.549164,7390.922378
52,144,1,1374,-119.934585,7462.644990
52,144,1,1375,-77.896020,7307.245998
52,144,1,1376,-28.125091,7398.891557
52,144,1,1377,-82.952369,7552.298254
52,144,1,1378,35.358000,7261.423218
52,144,1,1379,51.586398,7554.290549
52,144,1,1380,159.112228,7295.292229
52,144,1,1381,39.152473,7544.329075
52,144,1,1382,0.751106,7486.552527
52,144,1,1383,131.565857,7309.238293
52,144,1,1384,-32.507093,7576.205792
52,144,1,1385,-33.463265,7229.546502
52,144,1,1386,81.066486,7470.614169
52,144,1,1387,-74.242460,7382.953199
52,144,1,1388,-69.754773,7361.037957
52,144,1,1389,130.057383,7474.598758
52,144,1,1390,-91.713867,7380.960904
52,144,1,1391,40.820726,7349.084188
52,144,1,1392,52.350068,7353.068778
52,144,1,1393,1.709785,7307.245998
52,144,1,1394,13.220260,7548.313665
52,144,1,1395,31.650345,7370.999431
52,144,1,1396,169.931995,7315.215177
52,144,1,1397,253.900934,7374.984020
52,144,1,1398,-120.608932,7530.383012
52,144,1,1399,29.451163,7315.215177
52,144,1,1400,177.079335,7496.514001
52,144,1,1401,49.831327,7357.053367
52,144,1,1402,-93.861459,7665.859056
52,144,1,1403,14.568954,7412.837621
52,144,1,1404,-121.743751,7450.691221
52,144,1,1405,84.099794,7428.775979
52,144,1,1406,74.753273,7191.692901
52,144,1,1407,-108.565022,7496.514001
52,144,1,1408,-4.587068,7317.207472
52,144,1,1409,-106.027414,7255.446334
52,144,1,1410,64.943773,7333.145830
52,144,1,1411,-189.110638,7438.737453
52,144,1,1412,6.498163,7462.644990
52,144,1,1413,50.930918,7384.945494
52,144,1,1414,-7.000124,7476.591053
52,144,1,1415,-72.203058,7468.621874
52,144,1,1416,60.420858,7303.261408
52,144,1,1417,-78.109895,7522.413833
52,144,1,1418,79.151636,7303.261408
52,144,1,1419,-77.914887,7544.329075
52,144,1,1420,-10.369353,7289.315345
52,144,1,1421,42.185781,7502.490885
52,144,1,1422,-52.727477,7504.483180
52,144,1,1423,62.850276,7432.760568
52,144,1,1424,-21.738915,7255.446334
52,144,1,1425,100.116823,7410.845326
52,144,1,1426,-35.681314,7410.845326
52,144,1,1427,125.480373,7629.997750
52,144,1,1428,85.269841,7560.267433
52,144,1,1429,-44.941018,7566.244318
52,144,1,1430,35.339133,7498.506296
52,144,1,1431,9.691251,7390.922378
52,144,1,1432,-63.566112,7721.643310
52,144,1,1433,-10.458676,7422.799094
52,144,1,1434,9.406920,7502.490885
52,144,1,1435,-54.162988,7247.477155
52,144,1,1436,-22.413262,7323.184356
52,144,1,1437,-14.521119,7540.344486
52,144,1,1438,-34.546495,7490.537117
52,144,1,1439,-46.376530,7309.238293
52,144,1,1440,52.155060,7331.153535
52,144,1,1441,63.790087,7490.537117
52,144,1,1442,-19.894521,7319.199767
52,144,1,1443,22.089948,7349.084188
52,144,1,1444,-19.593829,7496.514001
52,144,1,1445,10.720386,7315.215177
52,144,1,1446,-121.388963,7442.722042
52,144,1,1447,-137.530543,7542.336780
52,144,1,1448,-99.465098,7370.999431
52,144,1,1449,155.634808,7478.583348
52,144,1,1450,30.301651,7506.475475
52,144,1,1451,132.470440,7315.215177
52,144,1,1452,26.398988,7594.136444
52,144,1,1453,6.836590,7165.793069
52,144,1,1454,-183.328353,7466.629579
52,144,1,1455,50.540902,7341.115009
52,144,1,1456,-33.446904,7518.429243
52,144,1,1457,-20.143624,7482.567937
52,144,1,1458,-62.128094,7452.683516
52,144,1,1459,-91.394307,7321.192061
52,144,1,1460,-54.891431,7500.498590
52,144,1,1461,-2.831997,7514.444654
52,144,1,1462,-67.325356,7490.537117
52,144,1,1463,-31.618871,7293.299935
52,144,1,1464,3.589407,7422.799094
52,144,1,1465,113.899442,7285.330756
52,144,1,1466,-199.220830,7402.876147
52,144,1,1467,-36.656353,7301.269114
52,144,1,1468,-44.992607,7225.561913
52,144,1,1469,-66.686237,7370.999431
52,144,1,1470,67.267506,7307.245998
52,144,1,1471,96.568947,7490.537117
52,144,1,1472,88.162237,7311.230587
52,144,1,1473,-199.930405,7418.814505
52,144,1,1474,-93.008465,7331.153535
52,144,1,1475,194.515514,7446.706632
52,144,1,1476,-43.042529,7444.714337
52,144,1,1477,-148.935334,7456.668105
52,144,1,1478,18.755948,7213.608144
52,144,1,1479,106.378447,7349.084188
52,144,1,1480,102.085768,7392.914673
52,144,1,1481,47.754191,7745.550847
52,144,1,1482,-26.670713,7418.814505
52,144,1,1483,29.291384,7345.099599
52,144,1,1484,-180.490052,7402.876147
52,144,1,1485,59.586732,7400.883852
52,144,1,1486,-92.883914,7249.469450
52,144,1,1487,94.813877,7293.299935
52,144,1,1488,-43.911884,7490.537117
52,144,1,1489,-105.052375,7365.022546
52,144,1,1490,-51.554924,7110.008816
52,144,1,1491,57.262998,7426.783684
52,144,1,1492,173.176672,7584.174971
52,144,1,1493,-2.087194,7550.305960
52,144,1,1494,95.753688,7351.076483
52,144,1,1495,122.306152,7464.637285
52,144,1,1496,53.574210,7299.276819
52,144,1,1497,79.595747,7161.808480
52,144,1,1498,121.561349,7428.775979
52,144,1,1499,38.957465,7522.413833
52,144,1,1500,53.928998,7291.307640
52,144,1,1501,80.232359,7568.236612
52,144,1,1502,20.511018,7410.845326
52,144,1,1503,26.967651,7370.999431
52,144,1,1504,-115.216662,7514.444654
52,144,1,1505,-116.971733,7317.207472
52,144,1,1506,38.673133,7633.982340
52,144,1,1507,-143.968308,7345.099599
52,144,1,1508,136.088771,7339.122714
52,144,1,1509,-42.208402,7347.091893
52,144,1,1510,-13.686992,7442.722042
52,144,1,1511,139.866883,7333.145830
52,144,1,1512,19.801443,7426.783684
52,144,1,1513,-12.782409,7448.698926
52,144,1,1514,-95.971317,7476.591053
52,144,1,1515,-50.227604,7737.581668
52,144,1,1516,164.929741,7374.984020
52,144,1,1517,18.772309,7502.490885
52,144,1,1518,19.695759,7271.384692
52,144,1,1519,-15.655938,7460.652695
52,144,1,1520,50.291799,7504.483180
52,144,1,1521,38.247890,7538.352191
52,144,1,1522,93.145624,7488.544822
52,144,1,1523,15.438308,7367.014841
52,144,1,1524,-153.972816,7464.637285
52,144,1,1525,-31.193627,7388.930083
52,144,1,1526,-112.378362,7450.691221
52,144,1,1527,-2.138783,7209.623554
52,144,1,1528,153.665863,7496.514001
52,144,1,1529,-0.578720,7384.945494
52,144,1,1530,42.700348,7464.637285
52,144,1,1531,146.058051,7167.785364
52,144,1,1532,94.104302,7309.238293
52,144,1,1533,104.195627,7582.182676
52,144,1,1534,167.448482,7370.999431
52,144,1,1535,-22.963058,7309.238293
52,144,1,1536,45.804112,7526.398422
52,144,1,1537,-20.284537,7275.369282
52,144,1,1538,66.788167,7396.899262
52,144,1,1539,-61.773307,7444.714337
52,144,1,1540,3.180524,7616.051687
52,144,1,1541,99.407248,7426.783684
52,144,1,1542,41.974412,7191.692901
52,144,1,1543,17.317931,7482.567937
52,144,1,1544,-10.228440,7496.514001
52,144,1,1545,-133.237865,7498.506296
52,144,1,1546,72.979335,7231.538797
52,144,1,1547,25.868060,7343.107304
52,144,1,1548,138.287953,7394.906968
52,144,1,1549,-46.251978,7227.554207
52,144,1,1550,16.147884,7351.076483
52,144,1,1551,-69.524537,7434.752863
52,144,1,1552,-189.730889,7321.192061
52,144,1,1553,-34.652180,7335.138125
52,144,1,1554,115.370181,7594.136444
52,144,1,1555,70.956294,7434.752863
52,144,1,1556,-13.597669,7309.238293
52,144,1,1557,-12.162158,7566.244318
52,144,1,1558,100.880493,7209.623554
52,144,1,1559,-28.390555,7273.376987
52,144,1,1560,-163.462756,7546.321370
52,144,1,1561,-55.156895,7374.984020
52,144,1,1562,48.642413,7462.644990
52,144,1,1563,38.052882,7516.436949
52,144,1,1564,13.168671,7207.631260
52,144,1,1565,-95.546074,7572.221202
52,144,1,1566,30.745762,7365.022546
52,144,1,1567,-40.098544,7536.359896
52,144,1,1568,43.604931,7470.614169
52,144,1,1569,-16.170505,7498.506296
52,144,1,1570,64.943773,7333.145830
52,144,1,1571,39.241796,7410.845326
52,144,1,1572,-30.963392,7462.644990
52,144,1,1573,138.269086,7631.990045
52,144,1,1574,-8.489731,7404.868442
52,144,1,1575,-118.480206,7482.567937
52,144,1,1576,13.079347,7341.115009
52,144,1,1577,-44.922151,7329.161240
52,144,1,1578,-22.963058,7309.238293
52,144,1,1579,-2.831997,7514.444654
52,144,1,1580,285.030409,7333.145830
52,144,1,1581,54.034682,7446.706632
52,144,1,1582,-66.634648,7711.681836
52,144,1,1583,-99.145538,7311.230587
52,144,1,1584,71.790421,7337.130419
52,144,1,1585,87.328110,7408.853031
52,144,1,1586,73.865051,7474.598758
52,144,1,1587,16.378119,7424.791389
52,144,1,1588,-46.820641,7450.691221
52,144,1,1589,-13.172425,7404.868442
52,144,1,1590,-35.131519,7424.791389
52,144,1,1591,54.955626,7741.566257
52,144,1,1592,5.433801,7486.552527
52,144,1,1593,75.479209,7464.637285
52,144,1,1594,66.788167,7396.899262
52,144,1,1595,-137.955787,7446.706632
52,144,1,1596,10.436055,7426.783684
52,144,1,1597,212.802180,7588.159560
52,144,1,1598,-21.562775,7514.444654
52,144,1,1599,-69.418853,7590.151855
52,144,1,1600,-124.457499,7432.760568
52,144,1,1601,76.118328,7345.099599
52,144,1,1602,-166.655844,7618.043982
52,144,1,1603,6.303156,7440.729747
52,144,1,1604,69.182356,7474.598758
52,144,1,1605,-140.599080,7532.375307
52,144,1,1606,-11.008472,7408.853031
52,144,1,1607,-117.131512,7347.091893
52,144,1,1608,-10.458676,7422.799094
52,144,1,1609,83.815463,7540.344486
52,144,1,1610,-141.414339,7392.914673
52,144,1,1611,-35.681314,7410.845326
52,144,1,1612,117.268670,7472.606464
52,144,1,1613,68.597333,7408.853031
52,144,1,1614,-67.999703,7558.275139
52,144,1,1615,11.021078,7492.529411
52,144,1,1616,20.830578,7351.076483
52,144,1,1617,3.340304,7586.167265
52,144,1,1618,-54.766879,7418.814505
52,144,1,1619,-198.245791,7512.452359
52,144,1,1620,65.333789,7376.976315
52,144,1,1621,70.866971,7568.236612
52,144,1,1622,18.452749,7562.259728
52,144,1,1623,-83.448069,7353.068778
52,144,1,1624,-97.566608,7249.469450
52,144,1,1625,4.388305,7273.376987
52,144,1,1626,-36.266338,7345.099599
52,144,1,1627,-100.759696,7321.192061
52,144,1,1628,5.842684,7293.299935
52,144,1,1629,-125.876650,7464.637285
52,144,1,1630,117.783238,7434.752863
52,144,1,1631,-75.252727,7221.577323
52,144,1,1632,-19.859293,7370.999431
52,144,1,1633,179.118737,7582.182676
52,144,1,1634,-143.153049,7484.560232
52,144,1,1635,-21.828239,7388.930083
52,144,1,1636,77.323603,7528.390717
52,144,1,1637,-10.973244,7460.652695
52,144,1,1638,78.247053,7297.284524
52,144,1,1639,18.896860,7420.806800
52,144,1,1640,-6.946029,7291.307640
52,144,1,1641,113.810118,7418.814505
52,144,1,1642,-16.950537,7410.845326
52,144,1,1643,104.160398,7530.383012
52,144,1,1644,51.001374,7488.544822
52,144,1,1645,14.923741,7404.868442
52,144,1,1646,21.840845,7512.452359
52,144,1,1647,-189.110638,7438.737453
52,144,1,1648,149.782067,7347.091893
52,144,1,1649,80.533051,7745.550847
52,144,1,1650,-209.030329,7544.329075
52,144,1,1651,-22.237122,7582.182676
52,144,1,1652,-52.887257,7534.367601
52,144,1,1653,131.671541,7464.637285
52,144,1,1654,23.224767,7428.775979
52,144,1,1655,48.501500,7255.446334
52,144,1,1656,25.264169,7514.444654
52,144,1,1657,-88.149630,7590.151855
52,144,1,1658,76.809035,7566.244318
52,144,1,1659,-62.233779,7297.284524
52,144,1,1660,-119.560930,7217.592733
52,144,1,1661,42.380789,7524.406128
52,144,1,1662,3.464855,7504.483180
52,144,1,1663,14.533726,7361.037957
52,144,1,1664,-40.913804,7396.899262
52,144,1,1665,-102.782737,7524.406128
52,144,1,1666,61.360669,7361.037957
52,144,1,1667,-15.371607,7349.084188
52,144,1,1668,-15.425702,7534.367601
52,144,1,1669,-55.866470,7390.922378
52,144,1,1670,-71.368931,7370.999431
52,144,1,1671,75.338296,7257.438629
52,144,1,1672,18.116829,7333.145830
52,144,1,1673,40.021827,7498.506296
52,144,1,1674,5.363345,7382.953199
52,144,1,1675,-108.724802,7526.398422
52,144,1,1676,17.691585,7237.515681
52,144,1,1677,-122.932665,7556.282844
52,144,1,1678,-66.686237,7370.999431
52,144,1,1679,4.938101,7287.323050
52,144,1,1680,206.578290,7175.754543
52,144,1,1681,-93.967144,7510.460064
52,144,1,1682,142.810868,7424.791389
52,144,1,1683,-22.608270,7301.269114
52,144,1,1684,-26.990272,7478.583348
52,144,1,1685,-4.161824,7412.837621
52,144,1,1686,-3.752941,7219.585028
52,144,1,1687,-101.629051,7367.014841
52,144,1,1688,-60.549164,7390.922378
52,144,1,1689,-83.697172,7516.436949
52,144,1,1690,-70.144789,7317.207472
52,144,1,1691,135.395557,7643.943814
52,144,1,1692,68.012309,7343.107304
52,144,1,1693,52.455752,7508.467769
52,144,1,1694,38.442897,7560.267433
52,144,1,1695,184.795337,7454.675811
52,144,1,1696,-67.980836,7321.192061
52,144,1,1697,78.442061,7319.199767
52,144,1,1698,16.822231,7283.338461
52,144,1,1699,-23.087609,7390.922378
52,144,1,1700,-49.534389,7432.760568
52,144,1,1701,-36.691581,7249.469450
52,144,1,1702,11.145630,7410.845326
52,144,1,1703,81.101714,7522.413833
52,144,1,1704,16.573127,7446.706632
52,144,1,1705,-24.986099,7512.452359
52,144,1,1706,-67.200804,7408.853031
52,144,1,1707,23.135444,7562.259728
52,144,1,1708,27.782910,7510.460064
52,144,1,1709,-53.632060,7498.506296
52,144,1,1710,67.178183,7440.729747
52,144,1,1711,-9.944109,7384.945494
52,144,1,1712,24.963477,7337.130419
52,144,1,1713,142.225844,7359.045662
52,144,1,1714,-4.711619,7398.891557
52,144,1,1715,-33.994193,6978.517361
52,144,1,1716,160.352731,7530.383012
52,144,1,1717,54.974493,7504.483180
52,144,1,1718,-10.529133,7319.199767
52,144,1,1719,-113.353401,7341.115009
52,144,1,1720,-27.610524,7361.037957
52,144,1,1721,81.740833,7402.876147
52,144,1,1722,-82.863045,7418.814505
52,144,1,1723,-47.175428,7458.660400
52,144,1,1724,-28.409422,7510.460064
52,144,1,1725,27.801777,7273.376987
52,144,1,1726,75.923320,7323.184356
52,144,1,1727,-1.713539,7305.253703
52,144,1,1728,9.336464,7398.891557
52,144,1,1729,-5.437555,7125.947174
52,144,1,1730,-115.482126,7388.930083
52,144,1,1731,-131.623707,7488.544822
52,144,1,1732,-109.894849,7394.906968
52,144,1,1733,-94.906955,7452.683516
52,144,1,1734,50.381122,7370.999431
52,144,1,1735,-15.336378,7400.883852
52,144,1,1736,-161.209479,7416.822210
52,144,1,1737,-40.559016,7388.930083
52,144,1,1738,88.127009,7259.430924
52,144,1,1739,87.877906,7422.799094
52,144,1,1740,2.135029,7402.876147
52,144,1,1741,-182.139438,7361.037957
52,144,1,1742,-107.979999,7562.259728
52,144,1,1743,-31.139532,7203.646670
52,144,1,1744,-26.280697,7462.644990
52,144,1,1745,10.490150,7241.500271
52,144,1,1746,208.793833,7520.421538
52,144,1,1747,105.704100,7416.822210
52,144,1,1748,-19.203813,7540.344486
52,144,1,1749,-92.228434,7418.814505
52,144,1,1750,-30.484052,7372.991725
52,144,1,1751,-149.999697,7480.575643
52,144,1,1752,-18.264002,7598.121034
52,144,1,1753,71.435633,7345.099599
52,144,1,1754,-25.216335,7438.737453
52,144,1,1755,32.855620,7554.290549
52,144,1,1756,-232.939501,7345.099599
52,144,1,1757,19.641664,7456.668105
52,144,1,1758,-173.359073,7295.292229
52,144,1,1759,209.202716,7327.168946
52,144,1,1760,-19.859293,7370.999431
52,144,1,1761,61.785913,7456.668105
52,144,1,1762,93.979750,7390.922378
52,144,1,1763,-100.299224,7468.621874
52,144,1,1764,-36.496573,7271.384692
52,144,1,1765,-45.507175,7263.415513
52,144,1,1766,124.150546,7528.390717
52,144,1,1767,141.711277,7396.899262
52,144,1,1768,-7.904707,7470.614169
52,144,1,1769,34.754109,7432.760568
52,144,1,1770,-91.838418,7462.644990
52,144,1,1771,-48.965727,7209.623554
52,144,1,1772,15.934008,7566.244318
52,144,1,1773,-13.207653,7353.068778
52,144,1,1774,-61.543071,7518.429243
52,144,1,1775,-96.626797,7307.245998
52,144,1,1776,29.540487,7181.731428
52,144,1,1777,122.609351,7115.985700
52,144,1,1778,15.543993,7522.413833
52,144,1,1779,-108.120911,7355.061072
52,144,1,1780,33.724975,7508.467769
52,144,1,1781,145.099373,7347.091893
52,144,1,1782,247.533625,7281.346166
52,144,1,1783,-20.568868,7386.937789
52,144,1,1784,-101.753603,7448.698926
52,144,1,1785,97.776729,7147.862417
52,144,1,1786,14.214166,7420.806800
52,144,1,1787,69.856703,7406.860736
52,144,1,1788,-40.453332,7544.329075
52,144,1,1789,16.253568,7506.475475
52,144,1,1790,70.105806,7243.492565
52,144,1,1791,-34.671047,7572.221202
52,144,1,1792,39.526127,7299.276819
52,144,1,1793,83.479543,7311.230587
52,144,1,1794,-14.307244,7325.176651
52,144,1,1795,18.027506,7466.629579
52,144,1,1796,-140.404072,7554.290549
52,144,1,1797,-28.230775,7243.492565
52,144,1,1798,26.577635,7327.168946
52,144,1,1799,88.942268,7398.891557
52,144,1,1800,-33.446904,7518.429243
52,144,1,1801,10.950622,7388.930083
52,144,1,1802,40.181607,7468.621874
52,144,1,1803,-92.512765,7530.383012
52,144,1,1804,113.631472,7685.782004
52,144,1,1805,-7.035352,7424.791389
52,144,1,1806,-87.705519,7448.698926
52,144,1,1807,-73.391972,7574.213497
52,144,1,1808,-150.993603,7608.082508
52,144,1,1809,4.423534,7325.176651
52,144,1,1810,-78.889926,7434.752863
52,144,1,1811,71.381538,7530.383012
52,144,1,1812,-97.035680,7500.498590
52,144,1,1813,111.521613,7496.514001
52,144,1,1814,-49.799853,7307.245998
52,144,1,1815,53.874903,7476.591053
52,144,1,1816,123.210735,7470.614169
52,144,1,1817,96.818051,7327.168946
52,144,1,1818,-5.031179,7458.660400
52,144,1,1819,-6.520785,7386.937789
52,144,1,1820,-162.769542,7241.500271
52,144,1,1821,-81.248887,7408.853031
52,144,1,1822,-13.776316,7576.205792
52,144,1,1823,-15.691166,7408.853031
52,144,1,1824,61.485221,7279.353871
52,144,1,1825,37.432630,7398.891557
52,144,1,1826,62.744591,7277.361576
52,144,1,1827,-100.724468,7372.991725
52,144,1,1828,-63.582472,7432.760568
52,144,1,1829,-123.463593,7305.253703
52,144,1,1830,-298.036751,7492.529411
52,144,1,1831,60.561771,7510.460064
52,144,1,1832,74.344390,7384.945494
52,144,1,1833,-12.961056,7715.666425
52,144,1,1834,-76.016398,7422.799094
52,144,1,1835,-78.126256,7233.531092
52,144,1,1836,57.138447,7508.467769
52,144,1,1837,-30.768384,7484.560232
52,144,1,1838,18.152057,7384.945494
52,144,1,1839,110.386795,7416.822210
52,144,1,1840,-8.508598,7641.951519
52,144,1,1841,-163.178425,7434.752863
52,144,1,1842,-26.492066,7151.847006
52,144,1,1843,-149.696498,7131.924058
52,144,1,1844,8.697345,7518.429243
52,144,1,1845,202.036508,7382.953199
52,144,1,1846,12.813883,7215.600439
52,144,1,1847,-6.201226,7327.168946
52,144,1,1848,41.440978,7466.629579
52,144,1,1849,7.811629,7275.369282
52,144,1,1850,-68.424947,7462.644990
52,144,1,1851,93.909294,7287.323050
52,144,1,1852,175.129256,7277.361576
52,144,1,1853,-73.622208,7500.498590
52,144,1,1854,-188.490386,7556.282844
52,144,1,1855,-18.759702,7398.891557
52,144,1,1856,-56.505589,7510.460064
52,144,1,1857,121.206562,7436.745158
52,144,1,1858,-0.613948,7333.145830
52,144,1,1859,51.515941,7450.691221
52,144,1,1860,98.911548,7227.554207
52,144,1,1861,-23.336712,7554.290549
52,144,1,1862,162.392133,7616.051687
52,144,1,1863,-85.222007,7392.914673
52,144,1,1864,-48.185695,7297.284524
52,144,1,1865,233.396219,7414.829915
52,144,1,1866,-3.452249,7396.899262
52,144,1,1867,-41.552923,7516.436949
52,144,1,1868,-77.755107,7514.444654
52,144,1,1869,-51.538563,7398.891557
52,144,1,1870,44.154726,7484.560232
52,144,1,1871,-2.831997,7514.444654
52,144,1,1872,64.109646,7430.768274
52,144,1,1873,52.580304,7426.783684
52,144,1,1874,-25.535894,7498.506296
52,144,1,1875,57.742338,7337.130419
52,144,1,1876,139.972567,7488.544822
52,144,1,1877,-35.486306,7432.760568
52,144,1,1878,-51.132186,7731.604783
52,144,1,1879,-12.462850,7388.930083
52,144,1,1880,77.732486,7335.138125
52,144,1,1881,-9.678645,7510.460064
52,144,1,1882,-23.726728,7510.460064
52,144,1,1883,-173.643404,7406.860736
52,144,1,1884,-95.616530,7468.621874
52,144,1,1885,-39.724890,7291.307640
52,144,1,1886,85.732819,7181.731428
52,144,1,1887,-62.198550,7349.084188
52,144,1,1888,-127.401484,7341.115009
52,144,1,1889,34.469778,7544.329075
52,144,1,1890,-52.797934,7400.883852
52,144,1,1891,-105.602170,7351.076483
52,144,1,1892,47.082350,7287.323050
52,144,1,1893,95.558680,7329.161240
52,144,1,1894,33.139951,7442.722042
52,144,1,1895,-27.220508,7404.868442
52,144,1,1896,104.160398,7530.383012
52,144,1,1897,40.606851,7564.252023
52,144,1,1898,148.398145,7430.768274
52,144,1,1899,-83.377613,7456.668105
52,144,1,1900,55.843848,7458.660400
52,144,1,1901,112.569615,7183.723722
52,144,1,1902,-133.787660,7484.560232
52,144,1,1903,-111.419684,7271.384692
52,144,1,1904,52.225516,7434.752863
52,144,1,1905,-24.170839,7651.912993
52,144,1,1906,1.000210,7323.184356
52,144,1,1907,-39.529882,7313.222882
52,144,1,1908,166.243207,7187.708312
52,144,1,1909,-138.096700,7239.507976
52,144,1,1910,43.339467,7345.099599
52,144,1,1911,252.357232,7488.544822
52,144,1,1912,-1.713539,7305.253703
52,144,1,1913,104.444730,7418.814505
52,144,1,1914,-6.201226,7327.168946
52,144,1,1915,93.234947,7355.061072
52,144,1,1916,51.675721,7420.806800
52,144,1,1917,23.828658,7257.438629
52,144,1,1918,-192.923977,7392.914673
52,144,1,1919,134.669621,7370.999431
52,144,1,1920,-16.081182,7365.022546
52,144,1,1921,-172.118570,7530.383012
52,144,1,1922,19.766215,7374.984020
52,144,1,1923,-15.265922,7504.483180
52,144,1,1924,56.109312,7584.174971
52,144,1,1925,-71.279608,7237.515681
52,144,1,1926,21.415601,7416.822210
52,144,1,1927,-50.669208,7353.068778
52,144,1,1928,-15.886174,7386.937789
52,144,1,1929,94.600002,7508.467769
52,144,1,1930,22.515192,7444.714337
52,144,1,1931,37.397402,7347.091893
52,144,1,1932,19.996451,7448.698926
52,144,1,1933,127.113398,7382.953199
52,144,1,1934,-53.702516,7394.906968
52,144,1,1935,-85.452243,7319.199767
52,144,1,1936,29.131604,7374.984020
52,144,1,1937,23.720467,7628.005455
52,144,1,1938,19.127096,7494.521706
52,144,1,1939,147.103546,7380.960904
52,144,1,1940,-39.919897,7269.392397
52,144,1,1941,-79.369265,7524.406128
52,144,1,1942,-10.583228,7504.483180
52,144,1,1943,27.446990,7281.346166
52,144,1,1944,-83.802856,7361.037957
52,144,1,1945,12.545913,7616.051687
52,144,1,1946,-28.125091,7398.891557
52,144,1,1947,-20.019073,7400.883852
52,144,1,1948,-24.346980,7392.914673
52,144,1,1949,18.135696,7096.062753
52,144,1,1950,-8.684739,7382.953199
52,144,1,1951,24.289130,7404.868442
52,144,1,1952,13.149803,7444.714337
52,144,1,1953,90.396647,7418.814505
52,144,1,1954,-10.583228,7504.483180
52,144,1,1955,13.699599,7458.660400
52,144,1,1956,-72.203058,7468.621874
52,144,1,1957,-60.389385,7361.037957
52,144,1,1958,-67.200804,7408.853031
52,144,1,1959,70.281947,7502.490885
52,144,1,1960,0.964982,7271.384692
52,144,1,1961,58.557597,7476.591053
52,144,1,1962,16.483804,7580.190381
52,144,1,1963,-101.859287,7293.299935
52,144,1,1964,63.099379,7269.392397
52,144,1,1965,89.492064,7412.837621
52,144,1,1966,-39.299646,7386.937789
52,144,1,1967,-31.477959,7500.498590
52,144,1,1968,80.676470,7426.783684
52,144,1,1969,24.963477,7337.130419
52,144,1,1970,-106.755856,7508.467769
52,144,1,1971,20.156231,7418.814505
52,144,1,1972,113.455331,7426.783684
52,144,1,1973,52.420524,7456.668105
52,144,1,1974,-166.867213,7307.245998
52,144,1,1975,-12.037606,7484.560232
52,144,1,1976,32.820392,7502.490885
52,144,1,1977,4.317849,7169.777659
52,144,1,1978,-91.323851,7424.791389
52,144,1,1979,-107.181100,7412.837621
52,144,1,1980,-6.006218,7349.084188
52,144,1,1981,175.624956,7476.591053
52,144,1,1982,2.809376,7335.138125
52,144,1,1983,1.195217,7345.099599
52,144,1,1984,43.499247,7315.215177
52,144,1,1985,-41.623379,7412.837621
52,144,1,1986,-9.678645,7510.460064
52,144,1,1987,41.920317,7376.976315
52,144,1,1988,-180.825972,7173.762249
52,144,1,1989,-9.624550,7325.176651
52,144,1,1990,1.159989,7293.299935
52,144,1,1991,-56.841509,7281.346166
52,144,1,1992,-20.533640,7438.737453
52,144,1,1993,16.627223,7261.423218
52,144,1,1994,36.297811,7319.199767
52,144,1,1995,-21.189120,7269.392397
52,144,1,1996,69.041444,7267.400103
52,144,1,1997,49.636319,7335.138125
52,144,1,1998,-48.895270,7313.222882
52,144,1,1999,-14.786583,7414.829915
52,144,1,2000,142.225844,7359.045662
52,144,1,2001,-51.503335,7450.691221
52,144,1,2002,-50.812627,7671.835940
52,144,1,2003,-1.412847,7482.567937
52,144,1,2004,-45.951286,7404.868442
52,144,1,2005,-113.867968,7378.968610
52,144,1,2006,51.320934,7428.775979
52,144,1,2007,-172.189026,7426.783684
52,144,1,2008,25.318264,7329.161240
52,144,1,2009,28.422029,7390.922378
52,144,1,2010,-160.979243,7490.537117
52,144,1,2011,11.570874,7506.475475
52,144,1,2012,-191.434371,7464.637285
52,144,1,2013,36.403496,7474.598758
52,144,1,2014,148.398145,7430.768274
52,144,1,2015,106.058888,7408.853031
52,144,1,2016,-70.838003,7622.028571
52,144,1,2017,58.771472,7261.423218
52,144,1,2018,-62.482882,7460.652695
52,144,1,2019,-93.788497,7243.492565
52,144,1,2020,20.297143,7626.013161
52,144,1,2021,-5.935762,7452.683516
52,144,1,2022,-9.058393,7628.005455
52,144,1,2023,101.801437,7504.483180
52,144,1,2024,80.375778,7249.469450
52,144,1,2025,60.810874,7347.091893
52,144,1,2026,284.125826,7327.168946
52,144,1,2027,7.757534,7460.652695
52,144,1,2028,-51.573791,7347.091893
52,144,1,2029,11.765881,7528.390717
52,144,1,2030,132.096785,7560.267433
52,144,1,2031,-117.770631,7466.629579
52,144,1,2032,-65.995529,7592.144150
52,144,1,2033,11.801109,7580.190381
52,144,1,2034,-116.581717,7361.037957
52,144,1,2035,-7.105809,7321.192061
52,144,1,2036,84.649590,7442.722042
52,144,1,2037,43.179687,7374.984020
52,144,1,2038,127.557509,7241.500271
52,144,1,2039,-68.105387,7402.876147
52,144,1,2040,90.556426,7388.930083
52,144,1,2041,-30.963392,7462.644990
52,144,1,2042,69.572372,7518.429243
52,144,1,2043,-16.861213,7277.361576
52,144,1,2044,-19.434049,7466.629579
52,144,1,2045,-72.823310,7351.076483
52,144,1,2046,-99.873980,7564.252023
52,144,1,2047,40.926410,7504.483180
52,144,1,2048,-22.697594,7434.752863
52,144,1,2049,109.961551,7321.192061
52,144,1,2050,195.065309,7460.652695
52,144,1,2051,-27.095957,7323.184356
52,144,1,2052,146.802854,7203.646670
52,144,1,2053,49.582224,7520.421538
52,144,1,2054,-55.192123,7323.184356
52,144,1,2055,-110.125085,7321.192061
52,144,1,2056,56.287959,7317.207472
52,144,1,2057,-121.583971,7420.806800
52,144,1,2058,-51.148547,7442.722042
52,144,1,2059,143.910458,7452.683516
52,144,1,2060,-46.679728,7657.889877
52,144,1,2061,193.061135,7426.783684
52,144,1,2062,-157.626376,7388.930083
52,144,1,2063,30.816218,7468.621874
52,144,1,2064,-88.520779,7309.238293
52,144,1,2065,-193.598324,7460.652695
52,144,1,2066,-10.902787,7564.252023
52,144,1,2067,-53.862296,7424.791389
52,144,1,2068,35.303905,7446.706632
52,144,1,2069,-20.409089,7357.053367
52,144,1,2070,48.997200,7454.675811
52,144,1,2071,-54.891431,7500.498590
52,144,1,2072,114.609017,7269.392397
52,144,1,2073,42.930584,7538.352191
52,144,1,2074,-76.831657,7283.338461
52,144,1,2075,-122.897437,7608.082508
52,144,1,2076,91.106222,7402.876147
52,144,1,2077,58.841928,7365.022546
52,144,1,2078,36.812379,7281.346166
52,144,1,2079,64.339882,7504.483180
52,144,1,2080,12.245220,7438.737453
52,144,1,2081,-18.245135,7361.037957
52,144,1,2082,86.404660,7639.959224
52,144,1,2083,89.456836,7361.037957
52,144,1,2084,64.729898,7548.313665
52,144,1,2085,-71.298475,7474.598758
52,144,1,2086,-63.707024,7514.444654
52,144,1,2087,9.016904,7458.660400
52,144,1,2088,-20.284537,7275.369282
52,144,1,2089,-121.264411,7361.037957
52,144,1,2090,59.356496,7327.168946
52,144,1,2091,-32.683234,7317.207472
52,144,1,2092,9.691251,7390.922378
52,144,1,2093,7.687078,7357.053367
52,144,1,2094,-18.670379,7265.407808
52,144,1,2095,-81.443895,7386.937789
52,144,1,2096,174.595822,7552.298254
52,144,1,2097,62.601173,7596.128739
52,144,1,2098,19.127096,7494.521706
52,144,1,2099,101.216414,7438.737453
52,144,1,2100,78.458422,7608.082508
52,144,1,2101,-20.354993,7171.769954
52,144,1,2102,-2.547666,7402.876147
52,144,1,2103,-53.737745,7343.107304
52,144,1,2104,0.910886,7456.668105
52,144,1,2105,15.793096,7359.045662
52,144,1,2106,5.079013,7494.521706
52,144,1,2107,61.999788,7241.500271
52,144,1,2108,38.337213,7404.868442
52,144,1,2109,-47.565444,7414.829915
52,144,1,2110,-121.673294,7554.290549
52,144,1,2111,114.270590,7566.244318
52,144,1,2112,-56.381037,7428.775979
52,144,1,2113,-156.491557,7468.621874
52,144,1,2114,-23.566948,7480.575643
52,144,1,2115,17.158151,7512.452359
52,144,1,2116,-49.125506,7239.507976
52,144,1,2117,-99.944437,7460.652695
52,144,1,2118,88.267921,7466.629579
52,144,1,2119,-125.627546,7301.269114
52,144,1,2120,82.591321,7594.136444
52,144,1,2121,72.055885,7462.644990
52,144,1,2122,56.339548,7657.889877
52,144,1,2123,-102.958878,7265.407808
52,144,1,2124,28.776816,7382.953199
52,144,1,2125,-91.039520,7313.222882
52,144,1,2126,-83.856952,7546.321370
52,144,1,2127,21.824484,7223.569618
52,144,1,2128,45.538648,7400.883852
52,144,1,2129,122.306152,7464.637285
52,144,1,2130,39.542488,7588.159560
52,144,1,2131,-26.546161,7337.130419
52,144,1,2132,62.744591,7277.361576
52,144,1,2133,135.698756,7295.292229
52,144,1,2134,66.238371,7382.953199
52,144,1,2135,-93.612356,7502.490885
52,144,1,2136,44.084270,7380.960904
52,144,1,2137,-71.404159,7319.199767
52,144,1,2138,-2.016738,7653.905287
52,144,1,2139,-77.806696,7173.762249
52,144,1,2140,-159.045526,7420.806800
52,144,1,2141,-170.450316,7335.138125
52,144,1,2142,-58.775226,7351.076483
52,144,1,2143,-60.549164,7390.922378
52,144,1,2144,109.606763,7329.161240
52,144,1,2145,-31.477959,7500.498590
52,144,1,2146,44.208822,7299.276819
52,144,1,2147,-18.226268,7123.954879
52,144,1,2148,-58.100880,7283.338461
52,144,1,2149,31.596250,7556.282844
52,144,1,2150,20.351239,7440.729747
52,144,1,2151,29.841179,7359.045662
52,144,1,2152,80.215998,7279.353871
52,144,1,2153,-80.663864,7474.598758
52,144,1,2154,0.805202,7301.269114
52,144,1,2155,-59.254566,7440.729747
52,144,1,2156,-173.467264,7665.859056
52,144,1,2157,-73.727893,7345.099599
52,144,1,2158,9.371692,7450.691221
52,144,1,2159,86.707859,7291.307640
52,144,1,2160,115.069489,7416.822210
52,144,1,2161,50.327027,7556.282844
52,144,1,2162,-8.524959,7353.068778
52,144,1,2163,-86.871393,7351.076483
52,144,1,2164,6.002463,7263.415513
52,144,1,2165,58.771472,7261.423218
52,144,1,2166,143.644994,7327.168946
52,144,1,2167,-156.792249,7291.307640
52,144,1,2168,-13.491985,7464.637285
52,144,1,2169,117.003206,7347.091893
52,144,1,2170,103.754022,7197.669786
52,144,1,2171,18.257742,7540.344486
52,144,1,2172,-122.453326,7466.629579
52,144,1,2173,-99.730562,7245.484860
52,144,1,2174,-101.309492,7307.245998
52,144,1,2175,195.774884,7444.714337
52,144,1,2176,-223.928900,7353.068778
52,144,1,2177,-72.522617,7528.390717
52,144,1,2178,-18.174679,7464.637285
52,144,1,2179,-183.222668,7622.028571
52,144,1,2180,-19.184946,7303.261408
52,144,1,2181,-50.189869,7263.415513
52,144,1,2182,-11.842598,7506.475475
52,144,1,2183,74.983509,7265.407808
52,144,1,2184,183.094362,7072.155215
52,144,1,2185,47.737830,7456.668105
52,144,1,2186,-83.748761,7175.754543
52,144,1,2187,-30.094037,7416.822210
52,144,1,2188,-60.088692,7538.352191
52,144,1,2189,-109.309825,7460.652695
52,144,1,2190,139.262992,7504.483180
52,144,1,2191,105.473864,7343.107304
52,144,1,2192,120.941098,7311.230587
52,144,1,2193,100.260242,7092.078163
52,144,1,2194,-42.687742,7436.745158
52,144,1,2195,-193.917884,7520.421538
52,144,1,2196,-91.074748,7261.423218
52,144,1,2197,77.272014,7187.708312
52,144,1,2198,-18.689246,7502.490885
52,144,1,2199,-90.489724,7327.168946
52,144,1,2200,-57.215164,7526.398422
52,144,1,2201,6.533392,7514.444654
52,144,1,2202,-29.934257,7386.937789
52,144,1,2203,51.800273,7339.122714
52,144,1,2204,-77.470776,7402.876147
52,144,1,2205,12.759788,7400.883852
52,144,1,2206,43.269011,7241.500271
52,144,1,2207,26.807871,7400.883852
52,144,1,2208,33.689747,7456.668105
52,144,1,2209,-19.664285,7392.914673
52,144,1,2210,52.084604,7227.554207
52,144,1,2211,43.198554,7137.900943
52,144,1,2212,86.653763,7476.591053
52,144,1,2213,140.877150,7494.521706
52,144,1,2214,11.801109,7580.190381
52,144,1,2215,-46.945192,7532.375307
52,144,1,2216,52.065737,7464.637285
52,144,1,2217,161.506417,7372.991725
52,144,1,2218,25.228941,7462.644990
52,144,1,2219,48.943105,7639.959224
52,144,1,2220,-118.071323,7289.315345
52,144,1,2221,-42.243631,7295.292229
52,144,1,2222,21.645837,7490.537117
52,144,1,2223,-17.110316,7440.729747
52,144,1,2224,-107.855447,7480.575643
52,144,1,2225,-24.861547,7430.768274
52,144,1,2226,-41.108812,7374.984020
52,144,1,2227,-28.355327,7325.176651
52,144,1,2228,72.180436,7380.960904
52,144,1,2229,-14.396567,7458.660400
52,144,1,2230,65.369017,7428.775979
52,144,1,2231,-30.289045,7394.906968
52,144,1,2232,140.132347,7458.660400
52,144,1,2233,0.680650,7382.953199
52,144,1,2234,-143.134182,7247.477155
52,144,1,2235,-50.030089,7233.531092
52,144,1,2236,-58.225431,7365.022546
52,144,1,2237,17.407254,7349.084188
52,144,1,2238,12.954796,7422.799094
52,144,1,2239,-56.700597,7488.544822
52,144,1,2240,61.360669,7361.037957
52,144,1,2241,-11.292803,7520.421538
52,144,1,2242,-44.177348,7365.022546
52,144,1,2243,-164.028912,7243.492565
52,144,1,2244,-153.989177,7175.754543
52,144,1,2245,72.960468,7468.621874
52,144,1,2246,-24.276523,7496.514001
52,144,1,2247,-96.396561,7380.960904
52,144,1,2248,30.585982,7394.906968
52,144,1,2249,157.178510,7365.022546
52,144,1,2250,20.670798,7380.960904
52,144,1,2251,-61.223511,7458.660400
52,144,1,2252,-35.841094,7440.729747
52,144,1,2253,-69.099294,7530.383012
52,144,1,2254,29.131604,7374.984020
52,144,1,2255,35.604597,7624.020866
52,144,1,2256,12.369772,7357.053367
52,144,1,2257,-31.033848,7359.045662
52,144,1,2258,-104.042108,7526.398422
52,144,1,2259,-25.251563,7386.937789
52,144,1,2260,-74.047452,7404.868442
52,144,1,2261,-99.305318,7341.115009
52,144,1,2262,0.715878,7434.752863
52,144,1,2263,-26.635485,7470.614169
52,144,1,2264,-16.560521,7454.675811
52,144,1,2265,-69.115654,7241.500271
52,144,1,2266,69.591239,7281.346166
52,144,1,2267,110.403155,7705.704951
52,144,1,2268,94.334538,7382.953199
52,144,1,2269,92.471277,7556.282844
52,144,1,2270,7.917314,7430.768274
52,144,1,2271,-18.209907,7412.837621
52,144,1,2272,-71.953955,7305.253703
52,144,1,2273,-138.381031,7351.076483
52,144,1,2274,-1.873319,7335.138125
52,144,1,2275,33.334959,7464.637285
52,144,1,2276,-92.618450,7374.984020
52,144,1,2277,67.072498,7285.330756
52,144,1,2278,-30.608604,7454.675811
52,144,1,2279,-71.279608,7237.515681
52,144,1,2280,-134.602919,7345.099599
52,144,1,2281,146.802854,7203.646670
52,144,1,2282,-58.171336,7179.739133
52,144,1,2283,100.986178,7365.022546
52,144,1,2284,134.723717,7185.716017
52,144,1,2285,24.838925,7418.814505
52,144,1,2286,-31.459092,7263.415513
52,144,1,2287,-75.591154,7518.429243
52,144,1,2288,149.977075,7369.007136
52,144,1,2289,33.194047,7257.438629
52,144,1,2290,10.826070,7470.614169
52,144,1,2291,-4.427288,7287.323050
52,144,1,2292,-10.938015,7512.452359
52,144,1,2293,85.784408,7522.413833
52,144,1,2294,-32.861881,7584.174971
52,144,1,2295,83.105888,7556.282844
52,144,1,2296,149.782067,7347.091893
52,144,1,2297,41.156646,7578.198086
52,144,1,2298,26.063068,7365.022546
52,144,1,2299,170.498151,7618.043982
52,144,1,2300,48.536729,7307.245998
52,144,1,2301,62.370937,7522.413833
52,144,1,2302,-126.320761,7606.090213
52,144,1,2303,-142.123914,7408.853031
52,144,1,2304,56.623880,7546.321370
52,144,1,2305,-74.987263,7347.091893
52,144,1,2306,-74.207232,7434.752863
52,144,1,2307,-32.452998,7390.922378
52,144,1,2308,63.949866,7460.652695
52,144,1,2309,139.831655,7281.346166
52,144,1,2310,66.273600,7434.752863
52,144,1,2311,133.551163,7580.190381
52,144,1,2312,-66.951701,7245.484860
52,144,1,2313,-80.059973,7303.261408
52,144,1,2314,-59.379117,7522.413833
52,144,1,2315,14.089614,7502.490885
52,144,1,2316,-94.427616,7363.030251
52,144,1,2317,37.061482,7117.977995
52,144,1,2318,134.084598,7305.253703
52,144,1,2319,-28.374194,7562.259728
52,144,1,2320,-147.887332,7143.877827
52,144,1,2321,-42.953206,7311.230587
52,144,1,2322,-107.571116,7369.007136
52,144,1,2323,33.938850,7293.299935
52,144,1,2324,-7.549920,7462.644990
52,144,1,2325,23.774563,7442.722042
52,144,1,2326,43.144459,7323.184356
52,144,1,2327,64.074418,7378.968610
52,144,1,2328,-12.321938,7596.128739
52,144,1,2329,9.975583,7279.353871
52,144,1,2330,60.881330,7450.691221
52,144,1,2331,-62.677890,7438.737453
52,144,1,2332,46.177767,7281.346166
52,144,1,2333,53.219423,7307.245998
52,144,1,2334,79.027084,7384.945494
52,144,1,2335,-5.367099,7229.546502
52,144,1,2336,13.203899,7259.430924
52,144,1,2337,11.801109,7580.190381
52,144,1,2338,-113.104298,7177.746838
52,144,1,2339,-16.666205,7299.276819
52,144,1,2340,-0.508264,7488.544822
52,144,1,2341,-0.879412,7207.631260
52,144,1,2342,-248.016719,7420.806800
52,144,1,2343,-59.964141,7456.668105
52,144,1,2344,-81.692998,7550.305960
52,144,1,2345,43.074003,7219.585028
52,144,1,2346,-107.145872,7464.637285
52,144,1,2347,4.068746,7333.145830
52,144,1,2348,-125.965973,7598.121034
52,144,1,2349,41.405749,7414.829915
52,144,1,2350,102.245548,7363.030251
52,144,1,2351,242.211812,7400.883852
52,144,1,2352,-76.371185,7430.768274
52,144,1,2353,-92.512765,7530.383012
52,144,1,2354,174.809697,7337.130419
52,144,1,2355,8.166417,7267.400103
52,144,1,2356,122.980499,7396.899262
52,144,1,2357,-102.232942,7538.352191
52,144,1,2358,-49.499161,7484.560232
52,144,1,2359,-111.934251,7309.238293
52,144,1,2360,-155.427194,7444.714337
52,144,1,2361,60.561771,7510.460064
52,144,1,2362,-47.050876,7376.976315
52,144,1,2363,44.988853,7386.937789
52,144,1,2364,75.993776,7426.783684
52,144,1,2365,73.439807,7378.968610
52,144,1,2366,127.963886,7574.213497
52,144,1,2367,21.380373,7365.022546
52,144,1,2368,62.335708,7470.614169
52,144,1,2369,132.930912,7462.644990
52,144,1,2370,52.100965,7516.436949
52,144,1,2371,8.821897,7436.745158
52,144,1,2372,-79.829737,7376.976315
52,144,1,2373,2.614368,7313.222882
52,144,1,2374,137.117906,7263.415513
52,144,1,2375,61.821141,7508.467769
52,144,1,2376,-76.937341,7127.939469
52,144,1,2377,-183.417676,7600.113329
52,144,1,2378,-19.398821,7518.429243
52,144,1,2379,162.801016,7422.799094
52,144,1,2380,-144.323096,7353.068778
52,144,1,2381,44.084270,7380.960904
52,144,1,2382,-14.716127,7518.429243
52,144,1,2383,-49.374610,7402.876147
52,144,1,2384,73.190704,7542.336780
52,144,1,2385,17.602262,7370.999431
52,144,1,2386,17.832498,7444.714337
52,144,1,2387,-51.023996,7361.037957
52,144,1,2388,-39.443065,7705.704951
52,144,1,2389,-37.189788,7576.205792
52,144,1,2390,-33.587817,7311.230587
52,144,1,2391,51.426618,7584.174971
52,144,1,2392,136.603339,7301.269114
52,144,1,2393,-55.156895,7374.984020
52,144,1,2394,-18.494238,7524.406128
52,144,1,2395,-161.049700,7386.937789
52,144,1,2396,-23.407169,7450.691221
52,144,1,2397,34.629558,7514.444654
52,144,1,2398,-54.837335,7315.215177
52,144,1,2399,98.218334,7532.375307
52,144,1,2400,97.473530,7496.514001
52,144,1,2401,48.907877,7588.159560
52,144,1,2402,-59.094786,7410.845326
52,144,1,2403,168.618529,7502.490885
52,144,1,2404,-61.258739,7406.860736
52,144,1,2405,52.615532,7478.583348
52,144,1,2406,-59.308661,7626.013161
52,144,1,2407,-50.119413,7367.014841
52,144,1,2408,7.047959,7476.591053
52,144,1,2409,-126.142114,7339.122714
52,144,1,2410,130.926738,7428.775979
52,144,1,2411,-47.299980,7540.344486
52,144,1,2412,-32.098210,7382.953199
52,144,1,2413,-43.112985,7341.115009
52,144,1,2414,-16.701433,7247.477155
52,144,1,2415,-24.436303,7526.398422
52,144,1,2416,137.063811,7448.698926
52,144,1,2417,206.044856,7450.691221
52,144,1,2418,19.446656,7434.752863
52,144,1,2419,55.543156,7281.346166
52,144,1,2420,-5.136863,7303.261408
52,144,1,2421,-12.321938,7596.128739
52,144,1,2422,-15.921402,7335.138125
52,144,1,2423,114.200134,7462.644990
52,144,1,2424,-87.830071,7530.383012
52,144,1,2425,-104.963051,7231.538797
52,144,1,2426,3.589407,7422.799094
52,144,1,2427,100.986178,7365.022546
52,144,1,2428,98.627216,7339.122714
52,144,1,2429,39.100884,7203.646670
52,144,1,2430,-161.599495,7372.991725
52,144,1,2431,53.590571,7588.159560
52,144,1,2432,-0.578720,7384.945494
52,144,1,2433,58.433045,7558.275139
52,144,1,2434,-155.551746,7526.398422
52,144,1,2435,50.735910,7363.030251
52,144,1,2436,-8.755195,7279.353871
52,144,1,2437,-8.684739,7382.953199
52,144,1,2438,119.167160,7351.076483
52,144,1,2439,-50.758532,7486.552527
52,144,1,2440,-51.733571,7376.976315
52,144,1,2441,132.327021,7633.982340
52,144,1,2442,6.603848,7618.043982
52,144,1,2443,-9.269762,7317.207472
52,144,1,2444,125.179681,7452.683516
52,144,1,2445,-27.345060,7486.552527
52,144,1,2446,-26.760036,7552.298254
52,144,1,2447,98.537893,7472.606464
52,144,1,2448,-1.946281,7757.504615
52,144,1,2449,8.095961,7163.800775
52,144,1,2450,-121.619199,7369.007136
52,144,1,2451,-131.889171,7363.030251
52,144,1,2452,-79.350398,7287.323050
52,144,1,2453,106.803691,7444.714337
52,144,1,2454,-8.933842,7546.321370
52,144,1,2455,-73.711532,7633.982340
52,144,1,2456,39.667040,7506.475475
52,144,1,2457,17.567034,7319.199767
52,144,1,2458,-31.548415,7396.899262
52,144,1,2459,80.446234,7353.068778
52,144,1,2460,145.578712,7257.438629
52,144,1,2461,-52.123587,7333.145830
52,144,1,2462,28.332705,7524.406128
52,144,1,2463,-106.525620,7582.182676
52,144,1,2464,36.208488,7452.683516
52,144,1,2465,-60.673716,7472.606464
52,144,1,2466,27.162658,7392.914673
52,144,1,2467,-65.925073,7695.743478
52,144,1,2468,36.953291,7488.544822
52,144,1,2469,-93.967144,7510.460064
52,144,1,2470,83.070660,7504.483180
52,144,1,2471,-34.191708,7482.567937
52,144,1,2472,8.166417,7267.400103
52,144,1,2473,101.181186,7386.937789
52,144,1,2474,-196.312073,7442.722042
52,144,1,2475,146.269420,7478.583348
52,144,1,2476,37.183527,7562.259728
52,144,1,2477,197.673373,7323.184356
52,144,1,2478,126.563603,7369.007136
52,144,1,2479,264.011126,7410.845326
52,144,1,2480,-10.529133,7319.199767
52,144,1,2481,-77.665784,7380.960904
52,144,1,2482,7.172510,7394.906968
52,144,1,2483,264.029993,7173.762249
52,144,1,2484,-11.452583,7550.305960
52,144,1,2485,-59.609353,7448.698926
52,144,1,2486,-101.753603,7448.698926
52,144,1,2487,-0.863052,7496.514001
52,144,1,2488,5.753360,7426.783684
52,144,1,2489,38.957465,7522.413833
52,144,1,2490,-208.090518,7602.105623
52,144,1,2491,-75.431374,7488.544822
52,144,1,2492,113.810118,7418.814505
52,144,1,2493,-138.949694,7574.213497
52,144,1,2494,-97.975491,7442.722042
52,144,1,2495,-16.045954,7416.822210
52,144,1,2496,188.733229,7418.814505
52,144,1,2497,-34.687408,7283.338461
52,144,1,2498,130.412171,7466.629579
52,144,1,2499,91.815797,7386.937789
52,144,1,2500,-91.572954,7588.159560
52,144,1,2501,39.986599,7446.706632
52,144,1,2502,-13.792677,7287.323050
52,144,1,2503,-101.718374,7500.498590
52,144,1,2504,69.927159,7510.460064
52,144,1,2505,58.167581,7432.760568
52,144,1,2506,-29.579469,7378.968610
52,144,1,2507,12.334544,7305.253703
52,144,1,2508,-29.224682,7370.999431
52,144,1,2509,-60.018236,7641.951519
52,144,1,2510,128.123666,7544.329075
52,144,1,2511,-4.941855,7325.176651
52,144,1,2512,-162.184518,7307.245998
52,144,1,2513,-89.514685,7436.745158
52,144,1,2514,-27.309832,7538.352191
52,144,1,2515,35.553008,7283.338461
52,144,1,2516,-121.443058,7628.005455
52,144,1,2517,-96.201553,7402.876147
52,144,1,2518,110.422023,7468.621874
52,144,1,2519,99.512932,7582.182676
52,144,1,2520,-15.141371,7422.799094
52,144,1,2521,-42.687742,7436.745158
52,144,1,2522,-35.451078,7484.560232
52,144,1,2523,52.669628,7293.299935
52,144,1,2524,-58.190203,7416.822210
52,144,1,2525,-28.959218,7496.514001
52,144,1,2526,-31.442731,7552.298254
52,144,1,2527,0.130855,7369.007136
52,144,1,2528,46.283452,7436.745158
52,144,1,2529,100.737075,7528.390717
52,144,1,2530,-98.205727,7369.007136
52,144,1,2531,134.225510,7512.452359
52,144,1,2532,-134.976574,7590.151855
52,144,1,2533,-68.939514,7500.498590
52,144,1,2534,99.992271,7492.529411
52,144,1,2535,47.117578,7339.122714
52,144,1,2536,-118.125419,7474.598758
52,144,1,2537,78.263414,7586.167265
52,144,1,2538,-88.360999,7279.353871
52,144,1,2539,85.908960,7440.729747
52,144,1,2540,89.473196,7649.920698
52,144,1,2541,55.879076,7510.460064
52,144,1,2542,-8.400407,7271.384692
52,144,1,2543,-145.227679,7347.091893
52,144,1,2544,0.840430,7353.068778
52,144,1,2545,-180.045941,7261.423218
52,144,1,2546,85.589401,7500.498590
52,144,1,2547,41.974412,7191.692901
52,144,1,2548,15.917648,7277.361576
52,144,1,2549,28.102469,7450.691221
52,144,1,2550,-49.694169,7462.644990
52,144,1,2551,96.623043,7305.253703
52,144,1,2552,-51.947446,7592.144150
52,144,1,2553,-2.423114,7321.192061
52,144,1,2554,108.807865,7478.583348
52,144,1,2555,128.497320,7299.276819
52,144,1,2556,129.686235,7193.685196
52,144,1,2557,-27.948951,7657.889877
52,144,1,2558,-40.418104,7596.128739
52,144,1,2559,-4.516611,7420.806800
52,144,1,2560,-11.292803,7520.421538
52,144,1,2561,-74.101547,7590.151855
52,144,1,2562,-174.707767,7430.768274
52,144,1,2563,-54.412092,7410.845326
52,144,1,2564,-124.013388,7291.307640
52,144,1,2565,-105.371934,7424.791389
52,144,1,2566,-126.976240,7436.745158
52,144,1,2567,-70.873231,7570.228907
52,144,1,2568,63.505755,7602.105623
52,144,1,2569,118.882829,7462.644990
52,144,1,2570,9.656023,7339.122714
52,144,1,2571,-29.473785,7534.367601
52,144,1,2572,-85.311330,7526.398422
52,144,1,2573,1.620461,7440.729747
52,144,1,2574,35.834833,7697.735772
52,144,1,2575,95.948696,7372.991725
52,144,1,2576,-72.238286,7416.822210
52,144,1,2577,63.630307,7520.421538
52,144,1,2578,97.988098,7458.660400
52,144,1,2579,25.228941,7462.644990
52,144,1,2580,-32.897109,7532.375307
52,144,1,2581,28.386801,7339.122714
52,144,1,2582,-114.648000,7291.307640
52,144,1,2583,191.482205,7488.544822
52,144,1,2584,21.326278,7550.305960
52,144,1,2585,53.839675,7424.791389
52,144,1,2586,-55.866470,7390.922378
52,144,1,2587,22.994531,7355.061072
52,144,1,2588,54.993361,7267.400103
52,144,1,2589,-258.251463,7466.629579
52,144,1,2590,46.123672,7466.629579
52,144,1,2591,40.606851,7564.252023
52,144,1,2592,41.335293,7311.230587
52,144,1,2593,37.308079,7480.575643
52,144,1,2594,41.105057,7237.515681
52,144,1,2595,-37.915724,7303.261408
52,144,1,2596,-229.925060,7540.344486
52,144,1,2597,-73.798349,7241.500271
52,144,1,2598,170.072907,7522.413833
52,144,1,2599,67.283867,7596.128739
52,144,1,2600,-70.588900,7458.660400
52,144,1,2601,1.300902,7500.498590
52,144,1,2602,29.077509,7560.267433
52,144,1,2603,126.403823,7398.891557
52,144,1,2604,44.528381,7239.507976
52,144,1,2605,79.381872,7376.976315
52,144,1,2606,-26.475705,7440.729747
52,144,1,2607,126.084264,7458.660400
52,144,1,2608,37.272850,7428.775979
52,144,1,2609,165.425441,7574.213497
52,144,1,2610,87.523118,7430.768274
52,144,1,2611,162.002117,7572.221202
52,144,1,2612,-92.334118,7263.415513
52,144,1,2613,-87.510512,7470.614169
52,144,1,2614,-82.863045,7418.814505
52,144,1,2615,-49.304153,7506.475475
52,144,1,2616,51.675721,7420.806800
52,144,1,2617,58.078258,7566.244318
52,144,1,2618,39.951371,7394.906968
52,144,1,2619,-55.866470,7390.922378
52,144,1,2620,132.150880,7374.984020
52,144,1,2621,-90.543820,7512.452359
52,144,1,2622,82.255400,7365.022546
52,144,1,2623,-95.226514,7512.452359
52,144,1,2624,48.856288,7247.477155
52,144,1,2625,63.364843,7394.906968
52,144,1,2626,-45.596498,7396.899262
52,144,1,2627,77.997950,7460.652695
52,144,1,2628,83.799102,7251.461744
52,144,1,2629,-50.704436,7301.269114
52,144,1,2630,-79.564273,7502.490885
52,144,1,2631,-75.891846,7341.115009
52,144,1,2632,25.174846,7647.928403
52,144,1,2633,-45.791506,7374.984020
52,144,1,2634,-20.533640,7438.737453
52,144,1,2635,-17.624884,7478.583348
52,144,1,2636,145.470521,7628.005455
52,144,1,2637,57.937345,7359.045662
52,144,1,2638,165.958875,7299.276819
52,144,1,2639,-63.262913,7372.991725
52,144,1,2640,-123.393137,7408.853031
52,144,1,2641,-40.169001,7432.760568
52,144,1,2642,105.899108,7438.737453
52,144,1,2643,27.606769,7251.461744
52,144,1,2644,44.704522,7498.506296
52,144,1,2645,-67.590820,7365.022546
52,144,1,2646,40.926410,7504.483180
52,144,1,2647,-73.142869,7410.845326
52,144,1,2648,64.534890,7526.398422
52,144,1,2649,-71.138695,7444.714337
52,144,1,2650,54.725390,7667.851351
52,144,1,2651,28.687493,7516.436949
52,144,1,2652,71.931333,7544.329075
52,144,1,2653,-13.597669,7309.238293
52,144,1,2654,19.587568,7641.951519
52,144,1,2655,-119.100458,7365.022546
52,144,1,2656,23.704106,7339.122714
52,144,1,2657,-61.312835,7592.144150
52,144,1,2658,-55.333035,7115.985700
52,144,1,2659,99.832492,7522.413833
52,144,1,2660,-63.671796,7566.244318
52,144,1,2661,57.918478,7596.128739
52,144,1,2662,3.110068,7512.452359
52,144,1,2663,-13.651764,7494.521706
52,144,1,2664,4.778321,7317.207472
52,144,1,2665,1.620461,7440.729747
52,144,1,2666,194.320506,7424.791389
52,144,1,2667,-93.043694,7279.353871
52,144,1,2668,21.735161,7357.053367
52,144,1,2669,-11.487811,7498.506296
52,144,1,2670,7.047959,7476.591053
52,144,1,2671,105.473864,7343.107304
52,144,1,2672,54.319014,7335.138125
52,144,1,2673,60.242211,7570.228907
52,144,1,2674,26.293304,7438.737453
52,144,1,2675,4.298982,7406.860736
52,144,1,2676,-0.738500,7414.829915
52,144,1,2677,-43.822560,7357.053367
52,144,1,2678,85.448488,7293.299935
52,144,1,2679,32.714708,7347.091893
52,144,1,2680,-75.041358,7532.375307
52,144,1,2681,-3.097461,7388.930083
52,144,1,2682,-10.919148,7275.369282
52,144,1,2683,-129.671122,7181.731428
52,144,1,2684,-88.060307,7456.668105
52,144,1,2685,69.946027,7273.376987
52,144,1,2686,112.036181,7458.660400
52,144,1,2687,-94.321931,7518.429243
52,144,1,2688,-87.385960,7388.930083
52,144,1,2689,-30.094037,7416.822210
52,144,1,2690,33.814298,7374.984020
52,144,1,2691,-73.462428,7470.614169
52,144,1,2692,-132.260319,7082.116689
52,144,1,2693,73.705271,7504.483180
52,144,1,2694,-21.616870,7699.728067
52,144,1,2695,155.970729,7707.697246
52,144,1,2696,4.244887,7592.144150
52,144,1,2697,14.160071,7606.090213
52,144,1,2698,65.068324,7251.461744
52,144,1,2699,9.921487,7464.637285
52,144,1,2700,-0.083020,7584.174971
52,144,1,2701,74.929413,7450.691221
52,144,1,2702,60.101299,7363.030251
52,144,1,2703,158.367424,7259.430924
52,144,1,2704,-22.857373,7464.637285
52,144,1,2705,-111.313999,7426.783684
52,144,1,2706,187.544314,7524.406128
52,144,1,2707,120.621538,7370.999431
52,144,1,2708,-46.324941,7649.920698
52,144,1,2709,140.132347,7458.660400
52,144,1,2710,-196.897097,7376.976315
52,144,1,2711,14.958969,7456.668105
52,144,1,2712,110.581802,7438.737453
52,144,1,2713,120.301979,7430.768274
52,144,1,2714,-92.583222,7426.783684
52,144,1,2715,-51.005129,7123.954879
52,144,1,2716,25.228941,7462.644990
52,144,1,2717,-16.755529,7432.760568
52,144,1,2718,-46.056970,7249.469450
52,144,1,2719,0.645422,7331.153535
52,144,1,2720,-129.600666,7285.330756
52,144,1,2721,-25.730902,7476.591053
52,144,1,2722,-292.999269,7484.560232
52,144,1,2723,72.020657,7410.845326
52,144,1,2724,-45.666954,7293.299935
52,144,1,2725,-20.994112,7291.307640
52,144,1,2726,-17.305324,7418.814505
52,144,1,2727,-78.109895,7522.413833
52,144,1,2728,-120.059136,7544.329075
52,144,1,2729,19.021412,7339.122714
52,144,1,2730,-59.698677,7582.182676
52,144,1,2731,20.722387,7721.643310
52,144,1,2732,34.808205,7247.477155
52,144,1,2733,-8.384046,7560.267433
52,144,1,2734,-43.432545,7400.883852
52,144,1,2735,61.715457,7353.068778
52,144,1,2736,-72.167830,7520.421538
52,144,1,2737,-20.409089,7357.053367
52,144,1,2738,82.396313,7572.221202
52,144,1,2739,-12.303070,7359.045662
52,144,1,2740,44.349734,7506.475475
52,144,1,2741,-68.850190,7367.014841
52,144,1,2742,-16.595749,7402.876147
52,144,1,2743,-99.359413,7526.398422
52,144,1,2744,-123.268585,7327.168946
52,144,1,2745,-66.225765,7518.429243
52,144,1,2746,79.452328,7480.575643
52,144,1,2747,135.130093,7518.429243
52,144,1,2748,-36.816133,7331.153535
52,144,1,2749,-83.058053,7396.899262
52,144,1,2750,-124.617279,7462.644990
52,144,1,2751,51.071830,7592.144150
52,144,1,2752,-10.033433,7518.429243
52,144,1,2753,-1.128516,7370.999431
52,144,1,2754,46.513688,7510.460064
52,144,1,2755,7.137282,7343.107304
52,144,1,2756,51.710949,7472.606464
52,144,1,2757,26.683319,7482.567937
52,144,1,2758,-75.661610,7414.829915
52,144,1,2759,-92.992105,7620.036276
52,144,1,2760,54.229690,7468.621874
52,144,1,2761,63.364843,7394.906968
52,144,1,2762,41.264837,7207.631260
52,144,1,2763,60.331535,7436.745158
52,144,1,2764,143.840002,7349.084188
52,144,1,2765,51.551169,7502.490885
52,144,1,2766,46.922570,7317.207472
52,144,1,2767,19.162325,7546.321370
52,144,1,2768,3.394399,7400.883852
52,144,1,2769,-51.148547,7442.722042
52,144,1,2770,-55.405998,7538.352191
52,144,1,2771,54.319014,7335.138125
52,144,1,2772,166.278435,7239.507976
52,144,1,2773,-40.293552,7514.444654
52,144,1,2774,115.353820,7305.253703
52,144,1,2775,18.861632,7369.007136
52,144,1,2776,18.276609,7303.261408
52,144,1,2777,-12.178519,7277.361576
52,144,1,2778,-24.116744,7466.629579
52,144,1,2779,27.747682,7458.660400
52,144,1,2780,1.709785,7307.245998
52,144,1,2781,-100.618784,7528.390717
52,144,1,2782,-98.915302,7384.945494
52,144,1,2783,165.195205,7500.498590
52,144,1,2784,48.872649,7536.359896
52,144,1,2785,-62.713118,7386.937789
52,144,1,2786,121.385209,7169.777659
52,144,1,2787,46.478459,7458.660400
52,144,1,2788,242.655923,7259.430924
52,144,1,2789,141.426946,7508.467769
52,144,1,2790,84.454582,7420.806800
52,144,1,2791,-125.947106,7361.037957
52,144,1,2792,-66.296221,7414.829915
52,144,1,2793,7.917314,7430.768274
52,144,1,2794,67.977081,7291.307640
52,144,1,2795,34.364094,7388.930083
52,144,1,2796,-30.998620,7410.845326
52,144,1,2797,-95.686986,7365.022546
52,144,1,2798,78.317509,7400.883852
52,144,1,2799,-53.488641,7179.739133
52,144,1,2800,-71.084600,7259.430924
52,144,1,2801,-36.106558,7315.215177
52,144,1,2802,36.403496,7474.598758
52,144,1,2803,-75.342051,7355.061072
52,144,1,2804,-77.790335,7462.644990
52,144,1,2805,-119.119325,7602.105623
52,144,1,2806,16.749268,7705.704951
52,144,1,2807,2.135029,7402.876147
52,144,1,2808,66.893851,7552.298254
52,144,1,2809,-2.298563,7239.507976
52,144,1,2810,-242.234434,7448.698926
52,144,1,2811,-5.385966,7466.629579
52,144,1,2812,114.430370,7536.359896
52,144,1,2813,-58.810455,7299.276819
52,144,1,2814,-88.309410,7620.036276
52,144,1,2815,-19.363593,7570.228907
52,144,1,2816,61.271346,7494.521706
52,144,1,2817,119.806279,7231.538797
52,144,1,2818,73.529130,7245.484860
52,144,1,2819,101.535973,7378.968610
52,144,1,2820,-77.151216,7343.107304
52,144,1,2821,138.891844,7223.569618
52,144,1,2822,-61.117827,7614.059392
52,144,1,2823,122.945271,7345.099599
52,144,1,2824,59.871063,7289.315345
52,144,1,2825,-17.500332,7396.899262
52,144,1,2826,114.855614,7631.990045
52,144,1,2827,-32.807786,7398.891557
52,144,1,2828,16.768135,7468.621874
52,144,1,2829,-14.591575,7436.745158
52,144,1,2830,117.268670,7472.606464
52,144,1,2831,196.714695,7502.490885
52,144,1,2832,-57.196297,7289.315345
52,144,1,2833,58.611692,7291.307640
52,144,1,2834,37.167166,7273.376987
52,144,1,2835,82.715872,7512.452359
52,144,1,2836,-53.063398,7275.369282
52,144,1,2837,51.461846,7635.974635
52,144,1,2838,-76.530965,7460.652695
52,144,1,2839,-26.510933,7388.930083
52,144,1,2840,-188.525614,7504.483180
52,144,1,2841,-38.660527,7267.400103
52,144,1,2842,86.139196,7514.444654
52,144,1,2843,-109.415510,7305.253703
52,144,1,2844,62.230024,7315.215177
52,144,1,2845,-1.713539,7305.253703
52,144,1,2846,125.038768,7245.484860
52,144,1,2847,199.482539,7335.138125
52,144,1,2848,-89.159898,7428.775979
52,144,1,2849,35.907796,7275.369282
52,144,1,2850,2.365264,7476.591053
52,144,1,2851,189.283024,7432.760568
52,144,1,2852,13.504591,7436.745158
52,144,1,2853,100.950950,7313.222882
52,144,1,2854,-17.429876,7500.498590
52,144,1,2855,-40.204229,7380.960904
52,144,1,2856,-99.394641,7474.598758
52,144,1,2857,53.360335,7514.444654
52,144,1,2858,23.544327,7369.007136
52,144,1,2859,-55.441226,7486.552527
52,144,1,2860,128.248217,7462.644990
52,144,1,2861,-81.284115,7357.053367
52,144,1,2862,-8.454503,7456.668105
52,144,1,2863,-1.537399,7564.252023
52,144,1,2864,150.437547,7516.436949
52,144,1,2865,9.691251,7390.922378
52,144,1,2866,156.858951,7424.791389
52,144,1,2867,75.568532,7331.153535
52,144,1,2868,-107.695667,7450.691221
52,144,1,2869,4.688998,7450.691221
52,144,1,2870,-121.973987,7376.976315
52,144,1,2871,102.990351,7398.891557
52,144,1,2872,8.662117,7466.629579
52,144,1,2873,81.261494,7492.529411
52,144,1,2874,-12.427622,7440.729747
52,144,1,2875,8.253234,7659.882172
52,144,1,2876,-40.683568,7470.614169
52,144,1,2877,101.376193,7408.853031
52,144,1,2878,-90.668371,7594.136444
52,144,1,2879,-2.707446,7432.760568
52,144,1,2880,-50.349649,7293.299935
52,144,1,2881,-104.272344,7452.683516
52,144,1,2882,-189.094277,7727.620194
52,144,1,2883,6.533392,7514.444654
52,144,1,2884,-81.638903,7365.022546
52,144,1,2885,-60.443480,7546.321370
52,144,1,2886,-109.380282,7357.053367
52,144,1,2887,-81.993691,7372.991725
52,144,1,2888,60.916558,7502.490885
52,144,1,2889,-44.283032,7209.623554
52,144,1,2890,-58.420439,7343.107304
52,144,1,2891,-48.310247,7378.968610
52,144,1,2892,-66.242126,7229.546502
52,144,1,2893,-51.698343,7428.775979
52,144,1,2894,24.963477,7337.130419
52,144,1,2895,-0.863052,7496.514001
52,144,1,2896,4.423534,7325.176651
52,144,1,2897,-3.790675,7693.751183
52,144,1,2898,72.871144,7602.105623
52,144,1,2899,-18.954710,7376.976315
52,144,1,2900,-18.599923,7369.007136
52,144,1,2901,64.269426,7400.883852
52,144,1,2902,-109.220502,7327.168946
52,144,1,2903,-33.287125,7488.544822
52,144,1,2904,133.410251,7372.991725
52,144,1,2905,-31.372274,7655.897582
52,144,1,2906,60.721550,7480.575643
52,144,1,2907,-2.777902,7329.161240
52,144,1,2908,-3.557933,7241.500271
52,144,1,2909,152.300808,7343.107304
52,144,1,2910,38.941104,7233.531092
52,144,1,2911,-73.763121,7293.299935
52,144,1,2912,112.071409,7510.460064
52,144,1,2913,-132.208730,7422.799094
52,144,1,2914,93.110395,7436.745158
52,144,1,2915,2.135029,7402.876147
52,144,1,2916,220.537050,7309.238293
52,144,1,2917,48.022161,7345.099599
52,144,1,2918,14.533726,7361.037957
52,144,1,2919,60.651094,7376.976315
52,144,1,2920,91.035765,7299.276819
52,144,1,2921,88.178598,7600.113329
52,144,1,2922,144.584805,7384.945494
52,144,1,2923,67.213411,7492.529411
52,144,1,2924,-83.448069,7353.068778
52,144,1,2925,-43.911884,7490.537117
52,144,1,2926,-21.527547,7566.244318
52,144,1,2927,73.794594,7370.999431
52,144,1,2928,-0.719633,7177.746838
52,144,1,2929,-128.395391,7468.621874
52,144,1,2930,-2.033099,7365.022546
52,144,1,2931,55.843848,7458.660400
52,144,1,2932,162.446228,7430.768274
52,144,1,2933,-83.093281,7345.099599
52,144,1,2934,-77.560099,7536.359896
52,144,1,2935,33.299731,7412.837621
52,144,1,2936,-56.611273,7355.061072
52,144,1,2937,-104.556675,7564.252023
52,144,1,2938,-139.569945,7456.668105
52,144,1,2939,45.273184,7275.369282
52,144,1,2940,-44.372356,7343.107304
52,144,1,2941,-41.428371,7434.752863
52,144,1,2942,27.641998,7303.261408
52,144,1,2943,-25.695674,7528.390717
52,144,1,2944,91.176678,7506.475475
52,144,1,2945,38.692001,7396.899262
52,144,1,2946,14.390307,7679.805119
52,144,1,2947,29.237288,7530.383012
52,144,1,2948,74.414846,7488.544822
52,144,1,2949,-43.272765,7370.999431
52,144,1,2950,-43.627553,7378.968610
52,144,1,2951,-153.493477,7374.984020
52,144,1,2952,-39.903537,7558.275139
52,144,1,2953,-103.952784,7392.914673
52,144,1,2954,-31.583643,7345.099599
52,144,1,2955,-131.853943,7414.829915
52,144,1,2956,114.554922,7454.675811
52,144,1,2957,-36.071330,7367.014841
52,144,1,2958,-140.279520,7472.606464
52,144,1,2959,39.490899,7247.477155
52,144,1,2960,-40.488560,7492.529411
52,144,1,2961,96.799183,7564.252023
52,144,1,2962,-40.523788,7440.729747
52,144,1,2963,66.752939,7345.099599
52,144,1,2964,-77.806696,7173.762249
52,144,1,2965,-2.547666,7402.876147
52,144,1,2966,26.117163,7179.739133
52,144,1,2967,81.331950,7596.128739
52,144,1,2968,78.477289,7370.999431
52,144,1,2969,12.174764,7335.138125
52,144,1,2970,-6.769888,7550.305960
52,144,1,2971,42.735576,7516.436949
52,144,1,2972,-57.071745,7207.631260
52,144,1,2973,-125.272759,7293.299935
52,144,1,2974,-27.380288,7434.752863
52,144,1,2975,70.141035,7295.292229
52,144,1,2976,-58.634314,7558.275139
52,144,1,2977,62.655268,7410.845326
52,144,1,2978,42.096457,7635.974635
52,144,1,2979,-35.521534,7380.960904
52,144,1,2980,23.633650,7235.523386
52,144,1,2981,-77.115988,7394.906968
52,144,1,2982,81.101714,7522.413833
52,144,1,2983,53.165328,7492.529411
52,144,1,2984,26.258076,7386.937789
52,144,1,2985,120.816546,7392.914673
52,144,1,2986,52.065737,7464.637285
52,144,1,2987,102.741248,7562.259728
52,144,1,2988,63.754859,7438.737453
52,144,1,2989,-50.455333,7137.900943
52,144,1,2990,77.662029,7231.538797
52,144,1,2991,-10.902787,7564.252023
52,144,1,2992,-114.117071,7542.336780
52,144,1,2993,-43.077757,7392.914673
52,144,1,2994,93.270175,7406.860736
52,144,1,2995,-38.909630,7430.768274
52,144,1,2996,-137.192117,7245.484860
52,144,1,2997,2.560272,7498.506296
52,144,1,2998,-20.268176,7564.252023
52,144,1,2999,-44.797600,7247.477155
52,144,1,3000,-21.793011,7440.729747
52,144,1,3001,-23.761956,7458.660400
52,144,1,3002,7.047959,7476.591053
52,144,1,3003,-61.437386,7673.828235
52,144,1,3004,8.502337,7496.514001
52,144,1,3005,-30.007220,7809.304279
52,144,1,3006,-110.994440,7367.014841
52,144,1,3007,1.479549,7233.531092
52,144,1,3008,-112.362001,7739.573962
52,144,1,3009,-8.134943,7396.899262
52,144,1,3010,38.017654,7464.637285
52,144,1,3011,-44.976247,7514.444654
52,144,1,3012,64.748765,7311.230587
52,144,1,3013,-24.612444,7267.400103
52,144,1,3014,-67.449907,7572.221202
52,144,1,3015,-172.969057,7339.122714
52,144,1,3016,-169.315498,7414.829915
52,144,1,3017,-10.193212,7548.313665
52,144,1,3018,-94.357159,7466.629579
52,144,1,3019,-86.570701,7528.390717
52,144,1,3020,43.409923,7448.698926
52,144,1,3021,0.130855,7369.007136
52,144,1,3022,132.045196,7219.585028
52,144,1,3023,-13.811544,7524.406128
52,144,1,3024,46.743924,7584.174971
52,144,1,3025,179.067148,7241.500271
52,144,1,3026,-75.076587,7480.575643
52,144,1,3027,-71.813042,7512.452359
52,144,1,3028,18.187285,7436.745158
52,144,1,3029,-99.126671,7074.147510
52,144,1,3030,97.208066,7370.999431
52,144,1,3031,53.679895,7454.675811
52,144,1,3032,81.865385,7321.192061
52,144,1,3033,139.173669,7637.966929
52,144,1,3034,82.856785,7719.651015
52,144,1,3035,-62.163322,7400.883852
52,144,1,3036,130.626046,7251.461744
52,144,1,3037,-31.104304,7255.446334
52,144,1,3038,118.617364,7337.130419
52,144,1,3039,-46.056970,7249.469450
52,144,1,3040,-82.348478,7380.960904
52,144,1,3041,-55.316674,7404.868442
52,144,1,3042,-47.050876,7376.976315
52,144,1,3043,2.153896,7165.793069
52,144,1,3044,-86.305236,7653.905287
52,144,1,3045,-13.827905,7235.523386
52,144,1,3046,92.506505,7608.082508
52,144,1,3047,18.187285,7436.745158
52,144,1,3048,-33.712368,7392.914673
52,144,1,3049,-23.621044,7665.859056
52,144,1,3050,-105.407162,7372.991725
52,144,1,3051,-89.639237,7518.429243
52,144,1,3052,-116.476033,7516.436949
52,144,1,3053,72.304988,7299.276819
52,144,1,3054,72.180436,7380.960904
52,144,1,3055,32.625384,7480.575643
52,144,1,3056,20.936262,7506.475475
52,144,1,3057,-54.482548,7307.245998
52,144,1,3058,-38.714622,7452.683516
52,144,1,3059,123.549162,7173.762249
52,144,1,3060,82.025164,7291.307640
52,144,1,3061,-130.329108,7538.352191
52,144,1,3062,92.826064,7548.313665
52,144,1,3063,25.139618,7596.128739
52,144,1,3064,0.095627,7317.207472
52,144,1,3065,71.416766,7582.182676
52,144,1,3066,-116.191701,7404.868442
52,144,1,3067,12.104308,7231.538797
52,144,1,3068,70.211491,7398.891557
52,144,1,3069,-9.039526,7390.922378
52,144,1,3070,45.468192,7297.284524
52,144,1,3071,95.859372,7506.475475
52,144,1,3072,11.305409,7380.960904
52,144,1,3073,28.971824,7404.868442
52,144,1,3074,-23.017153,7494.521706
52,144,1,3075,-28.905122,7311.230587
52,144,1,3076,15.774229,7596.128739
52,144,1,3077,16.396987,7187.708312
52,144,1,3078,-18.369687,7442.722042
52,144,1,3079,-80.983423,7534.367601
52,144,1,3080,-60.868724,7450.691221
52,144,1,3081,-45.542403,7211.615849
52,144,1,3082,48.677641,7514.444654
52,144,1,3083,22.550420,7496.514001
52,144,1,3084,50.026335,7378.968610
52,144,1,3085,26.593996,7616.051687
52,144,1,3086,-79.458589,7657.889877
52,144,1,3087,-144.997443,7420.806800
52,144,1,3088,-56.895604,7466.629579
52,144,1,3089,-142.424606,7231.538797
52,144,1,3090,5.523124,7353.068778
52,144,1,3091,61.910465,7374.984020
52,144,1,3092,79.896439,7339.122714
52,144,1,3093,-112.094030,7339.122714
52,144,1,3094,93.324270,7221.577323
52,144,1,3095,-11.222347,7624.020866
52,144,1,3096,45.113405,7305.253703
52,144,1,3097,102.706020,7510.460064
52,144,1,3098,-46.996781,7191.692901
52,144,1,3099,-97.975491,7442.722042
52,144,1,3100,50.700682,7311.230587
52,144,1,3101,293.437119,7512.452359
52,144,1,3102,3.713958,7341.115009
52,144,1,3103,-47.795680,7341.115009
52,144,1,3104,112.550748,7420.806800
52,144,1,3105,22.444736,7341.115009
52,144,1,3106,2.275941,7610.074803
52,144,1,3107,-12.852866,7345.099599
52,144,1,3108,62.035016,7293.299935
52,144,1,3109,-22.323939,7189.700607
52,144,1,3110,-3.292469,7367.014841
52,144,1,3111,-30.963392,7462.644990
52,144,1,3112,92.436048,7504.483180
52,144,1,3113,-11.948283,7351.076483
52,144,1,3114,52.580304,7426.783684
52,144,1,3115,-23.282617,7369.007136
52,144,1,3116,-20.763876,7365.022546
52,144,1,3117,-22.413262,7323.184356
52,144,1,3118,20.776483,7536.359896
52,144,1,3119,55.507928,7229.546502
52,144,1,3120,127.468186,7374.984020
52,144,1,3121,150.437547,7516.436949
52,144,1,3122,89.047953,7554.290549
52,144,1,3123,129.507588,7460.652695
52,144,1,3124,11.340638,7432.760568
52,144,1,3125,-23.442397,7398.891557
52,144,1,3126,-55.086439,7478.583348
52,144,1,3127,2.099800,7351.076483
52,144,1,3128,-19.079262,7458.660400
52,144,1,3129,-118.675214,7460.652695
52,144,1,3130,82.450408,7386.937789
52,144,1,3131,-25.162239,7253.454039
52,144,1,3132,-25.091783,7357.053367
52,144,1,3133,-63.192457,7476.591053
52,144,1,3134,-233.933408,7472.606464
52,144,1,3135,65.174009,7406.860736
52,144,1,3136,-93.452576,7472.606464
52,144,1,3137,43.214915,7426.783684
52,144,1,3138,-53.862296,7424.791389
52,144,1,3139,-69.630222,7279.353871
52,144,1,3140,69.111900,7370.999431
52,144,1,3141,37.662866,7472.606464
52,144,1,3142,-176.091689,7514.444654
52,144,1,3143,41.565529,7384.945494
52,144,1,3144,-149.395806,7309.238293
52,144,1,3145,71.205397,7271.384692
52,144,1,3146,-118.480206,7482.567937
52,144,1,3147,-54.891431,7500.498590
52,144,1,3148,3.784415,7444.714337
52,144,1,3149,41.405749,7414.829915
52,144,1,3150,-23.176933,7524.406128
52,144,1,3151,18.062734,7518.429243
52,144,1,3152,-51.094452,7257.438629
52,144,1,3153,-12.462850,7388.930083
52,144,1,3154,-101.842926,7582.182676
52,144,1,3155,35.553008,7283.338461
52,144,1,3156,109.942684,7558.275139
52,144,1,3157,-52.302233,7600.113329
52,144,1,3158,83.230439,7474.598758
52,144,1,3159,-1.713539,7305.253703
52,144,1,3160,-52.708610,7267.400103
52,144,1,3161,-15.106143,7474.598758
52,144,1,3162,-1.483303,7378.968610
52,144,1,3163,8.751440,7333.145830
52,144,1,3164,91.425781,7343.107304
52,144,1,3165,102.156225,7496.514001
52,144,1,3166,40.411843,7542.336780
52,144,1,3167,30.957131,7675.820530
52,144,1,3168,-104.237115,7504.483180
52,144,1,3169,92.346725,7637.966929
52,144,1,3170,87.877906,7422.799094
52,144,1,3171,76.367431,7181.731428
52,144,1,3172,30.940770,7386.937789
52,144,1,3173,3.340304,7586.167265
52,144,1,3174,84.933921,7331.153535
52,144,1,3175,89.207732,7524.406128
52,144,1,3176,65.014229,7436.745158
52,144,1,3177,-75.201138,7562.259728
52,144,1,3178,104.639738,7440.729747
52,144,1,3179,-61.843763,7341.115009
52,144,1,3180,32.980172,7472.606464
52,144,1,3181,-20.319765,7223.569618
52,144,1,3182,122.325020,7227.554207
52,144,1,3183,46.158900,7518.429243
52,144,1,3184,-93.913048,7325.176651
52,144,1,3185,144.674129,7251.461744
52,144,1,3186,56.163408,7398.891557
52,144,1,3187,-149.325350,7412.837621
52,144,1,3188,45.289545,7564.252023
52,144,1,3189,94.778649,7241.500271
52,144,1,3190,-85.896354,7460.652695
52,144,1,3191,-56.150801,7502.490885
52,144,1,3192,-38.484386,7526.398422
52,144,1,3193,-112.218582,7420.806800
52,144,1,3194,125.799933,7570.228907
52,144,1,3195,-49.409838,7351.076483
52,144,1,3196,-2.707446,7432.760568
52,144,1,3197,-19.434049,7466.629579
52,144,1,3198,12.689332,7297.284524
52,144,1,3199,-2.192878,7394.906968
52,144,1,3200,-148.350310,7522.413833
52,144,1,3201,5.328116,7331.153535
52,144,1,3202,-20.568868,7386.937789
52,144,1,3203,56.943439,7486.552527
52,144,1,3204,-67.041024,7378.968610
52,144,1,3205,78.937761,7518.429243
52,144,1,3206,26.843099,7452.683516
52,144,1,3207,102.511012,7488.544822
52,144,1,3208,-24.241295,7548.313665
52,144,1,3209,34.683653,7329.161240
52,144,1,3210,111.646165,7414.829915
52,144,1,3211,-59.449573,7418.814505
52,144,1,3212,32.980172,7472.606464
52,144,1,3213,50.700682,7311.230587
52,144,1,3214,-96.610436,7596.128739
52,144,1,3215,-0.808956,7311.230587
52,144,1,3216,74.184610,7414.829915
52,144,1,3217,17.247474,7378.968610
52,144,1,3218,-71.618034,7534.367601
52,144,1,3219,-36.355661,7478.583348
52,144,1,3220,-11.788503,7321.192061
52,144,1,3221,-59.130014,7359.045662
52,144,1,3222,-94.251475,7622.028571
52,144,1,3223,40.270931,7335.138125
52,144,1,3224,-10.832331,7667.851351
52,144,1,3225,-85.557927,7163.800775
52,144,1,3226,21.185365,7343.107304
52,144,1,3227,-168.925482,7458.660400
52,144,1,3228,9.461015,7317.207472
52,144,1,3229,-23.496492,7584.174971
52,144,1,3230,86.867638,7261.423218
52,144,1,3231,55.933172,7325.176651
52,144,1,3232,-83.607849,7382.953199
52,144,1,3233,-4.142957,7175.754543
52,144,1,3234,-73.142869,7410.845326
52,144,1,3235,98.573121,7524.406128
52,144,1,3236,30.691667,7550.305960
52,144,1,3237,-40.577883,7626.013161
52,144,1,3238,-97.745255,7516.436949
52,144,1,3239,-99.305318,7341.115009
52,144,1,3240,-89.585142,7333.145830
52,144,1,3241,-112.129259,7287.323050
52,144,1,3242,-103.649586,7044.263089
52,144,1,3243,5.823816,7530.383012
52,144,1,3244,-18.689246,7502.490885
52,144,1,3245,-28.179187,7584.174971
52,144,1,3246,132.700676,7388.930083
52,144,1,3247,95.948696,7372.991725
52,144,1,3248,-64.167496,7367.014841
52,144,1,3249,50.735910,7363.030251
52,144,1,3250,49.192208,7476.591053
52,144,1,3251,3.164163,7327.168946
52,144,1,3252,-43.023662,7207.631260
52,144,1,3253,118.173253,7478.583348
52,144,1,3254,89.066820,7317.207472
52,144,1,3255,85.554172,7448.698926
52,144,1,3256,-100.743335,7610.074803
52,144,1,3257,-91.093615,7498.506296
52,144,1,3258,62.335708,7470.614169
52,144,1,3259,-1.234200,7215.600439
52,144,1,3260,52.244384,7197.669786
52,144,1,3261,18.471617,7325.176651
52,144,1,3262,-126.017562,7257.438629
52,144,1,3263,-202.679382,7349.084188
52,144,1,3264,141.481041,7323.184356
52,144,1,3265,92.349231,7112.001111
52,144,1,3266,-52.567698,7474.598758
52,144,1,3267,78.192957,7482.567937
52,144,1,3268,-63.262913,7372.991725
52,144,1,3269,-3.346564,7552.298254
52,144,1,3270,-82.491897,7699.728067
52,144,1,3271,-34.511267,7542.336780
52,144,1,3272,143.466347,7594.136444
52,144,1,3273,12.813883,7215.600439
52,144,1,3274,110.971818,7482.567937
52,144,1,3275,-65.675970,7532.375307
52,144,1,3276,-60.993275,7532.375307
52,144,1,3277,25.388721,7432.760568
52,144,1,3278,70.211491,7398.891557
52,144,1,3279,56.553423,7442.722042
52,144,1,3280,-104.963051,7231.538797
52,144,1,3281,-9.643417,7562.259728
52,144,1,3282,35.888928,7512.452359
52,144,1,3283,-34.527628,7253.454039
52,144,1,3284,16.218340,7454.675811
52,144,1,3285,34.683653,7329.161240
52,144,1,3286,-145.192451,7398.891557
52,144,1,3287,-114.718456,7187.708312
52,144,1,3288,23.064988,7458.660400
52,144,1,3289,-39.015314,7275.369282
52,144,1,3290,-146.841837,7357.053367
52,144,1,3291,-28.834666,7414.829915
52,144,1,3292,141.906285,7418.814505
52,144,1,3293,-50.864216,7331.153535
52,144,1,3294,68.562105,7357.053367
52,144,1,3295,80.037351,7546.321370
52,144,1,3296,48.642413,7462.644990
52,144,1,3297,74.024830,7444.714337
52,144,1,3298,-13.527213,7412.837621
52,144,1,3299,104.745422,7596.128739
52,144,1,3300,-37.030008,7546.321370
52,144,1,3301,-16.471197,7321.192061
52,144,1,3302,50.186115,7349.084188
52,144,1,3303,51.320934,7428.775979
52,144,1,3304,-168.695246,7532.375307
52,144,1,3305,-60.744172,7369.007136
52,144,1,3306,88.907040,7347.091893
52,144,1,3307,25.193713,7410.845326
52,144,1,3308,127.078170,7331.153535
52,144,1,3309,139.333448,7608.082508
52,144,1,3310,9.780575,7257.438629
52,144,1,3311,70.921066,7382.953199
52,144,1,3312,115.529961,7564.252023
52,144,1,3313,8.732573,7570.228907
52,144,1,3314,-70.339797,7295.292229
52,144,1,3315,26.932422,7319.199767
52,144,1,3316,-56.470361,7562.259728
52,144,1,3317,-38.519614,7474.598758
52,144,1,3318,-64.858204,7145.870122
52,144,1,3319,106.714367,7578.198086
52,144,1,3320,66.344056,7538.352191
52,144,1,3321,-147.941427,7329.161240
52,144,1,3322,127.308406,7404.868442
52,144,1,3323,-48.185695,7297.284524
52,144,1,3324,-27.185280,7456.668105
52,144,1,3325,108.826732,7241.500271
52,144,1,3326,-86.711613,7321.192061
52,144,1,3327,-2.742674,7380.960904
52,144,1,3328,-163.178425,7434.752863
52,144,1,3329,-31.708195,7426.783684
52,144,1,3330,-57.764959,7512.452359
52,144,1,3331,120.426530,7349.084188
52,144,1,3332,63.010055,7402.876147
52,144,1,3333,42.185781,7502.490885
52,144,1,3334,-89.213993,7614.059392
52,144,1,3335,97.687405,7281.346166
52,144,1,3336,11.021078,7492.529411
52,144,1,3337,37.397402,7347.091893
52,144,1,3338,-19.274270,7436.745158
52,144,1,3339,-54.447320,7359.045662
52,144,1,3340,79.576880,7398.891557
52,144,1,3341,196.378775,7273.376987
52,144,1,3342,-60.744172,7369.007136
52,144,1,3343,147.918806,7520.421538
52,144,1,3344,15.403080,7315.215177
52,144,1,3345,-223.663436,7478.583348
52,144,1,3346,-42.297726,7480.575643
52,144,1,3347,-0.083020,7584.174971
52,144,1,3348,-122.808113,7474.598758
52,144,1,3349,-5.740754,7474.598758
52,144,1,3350,56.677975,7361.037957
52,144,1,3351,161.861205,7365.022546
52,144,1,3352,41.175513,7341.115009
52,144,1,3353,26.328532,7490.537117
52,144,1,3354,-26.175013,7618.043982
52,144,1,3355,-1.483303,7378.968610
52,144,1,3356,-22.502586,7456.668105
52,144,1,3357,-122.009215,7325.176651
52,144,1,3358,-121.069404,7382.953199
52,144,1,3359,-46.731317,7317.207472
52,144,1,3360,-1.838091,7386.937789
52,144,1,3361,136.709023,7456.668105
52,144,1,3362,49.032429,7506.475475
52,144,1,3363,-74.757027,7420.806800
52,144,1,3364,-33.942604,7319.199767
52,144,1,3365,-21.048207,7476.591053
52,144,1,3366,-7.035352,7424.791389
52,144,1,3367,90.131183,7293.299935
52,144,1,3368,-128.341295,7283.338461
52,144,1,3369,-36.426117,7374.984020
52,144,1,3370,-32.843014,7347.091893
52,144,1,3371,203.082004,7596.128739
52,144,1,3372,5.133109,7309.238293
52,144,1,3373,-81.284115,7357.053367
52,144,1,3374,13.274355,7363.030251
52,144,1,3375,-41.249724,7167.785364
52,144,1,3376,-107.925903,7376.976315
52,144,1,3377,176.724547,7504.483180
52,144,1,3378,308.265234,7600.113329
52,144,1,3379,-176.357153,7388.930083
52,144,1,3380,-66.545324,7578.198086
52,144,1,3381,-103.278437,7325.176651
52,144,1,3382,17.531806,7267.400103
52,144,1,3383,33.529967,7486.552527
52,144,1,3384,-33.766464,7578.198086
52,144,1,3385,44.847941,7179.739133
52,144,1,3386,-1.572627,7512.452359
52,144,1,3387,-41.233363,7456.668105
52,144,1,3388,-166.282189,7372.991725
52,144,1,3389,-97.425696,7456.668105
52,144,1,3390,-100.459004,7498.506296
52,144,1,3391,154.765454,7524.406128
52,144,1,3392,-21.508679,7329.161240
52,144,1,3393,-59.130014,7359.045662
52,144,1,3394,25.778736,7476.591053
52,144,1,3395,-18.616284,7080.124395
52,144,1,3396,12.635236,7482.567937
52,144,1,3397,-26.830493,7448.698926
52,144,1,3398,93.624963,7398.891557
52,144,1,3399,-14.431796,7406.860736
52,144,1,3400,-104.786911,7490.537117
52,144,1,3401,-2.937682,7359.045662
52,144,1,3402,-103.243209,7376.976315
52,144,1,3403,-24.222428,7311.230587
52,144,1,3404,88.676804,7273.376987
52,144,1,3405,-143.808528,7315.215177
52,144,1,3406,113.295551,7456.668105
52,144,1,3407,-39.919897,7269.392397
52,144,1,3408,-61.134188,7325.176651
52,144,1,3409,146.534884,7604.097918
52,144,1,3410,28.952957,7641.951519
52,144,1,3411,-74.686571,7524.406128
52,144,1,3412,-74.792255,7369.007136
52,144,1,3413,5.328116,7331.153535
52,144,1,3414,-17.020993,7307.245998
52,144,1,3415,46.708695,7532.375307
52,144,1,3416,-36.656353,7301.269114
52,144,1,3417,32.909715,7369.007136
52,144,1,3418,25.318264,7329.161240
52,144,1,3419,31.206234,7512.452359
52,144,1,3420,181.762029,7496.514001
52,144,1,3421,-46.696089,7369.007136
52,144,1,3422,-127.312161,7207.631260
52,144,1,3423,-19.184946,7303.261408
52,144,1,3424,13.220260,7548.313665
52,144,1,3425,129.453492,7645.936108
52,144,1,3426,-96.326105,7484.560232
52,144,1,3427,72.730232,7394.906968
52,144,1,3428,81.386045,7410.845326
52,144,1,3429,1.550005,7337.130419
52,144,1,3430,148.487468,7297.284524
52,144,1,3431,-77.010304,7550.305960
52,144,1,3432,-36.886589,7227.554207
52,144,1,3433,112.905536,7412.837621
52,144,1,3434,48.696508,7277.361576
52,144,1,3435,38.513354,7663.866761
52,144,1,3436,91.016898,7536.359896
52,144,1,3437,87.257654,7305.253703
52,144,1,3438,-22.732822,7382.953199
52,144,1,3439,-134.372683,7418.814505
52,144,1,3440,33.299731,7412.837621
52,144,1,3441,67.213411,7492.529411
52,144,1,3442,12.635236,7482.567937
52,144,1,3443,18.542073,7428.775979
52,144,1,3444,71.275853,7374.984020
52,144,1,3445,-31.477959,7500.498590
52,144,1,3446,-20.409089,7357.053367
52,144,1,3447,102.405328,7333.145830
52,144,1,3448,79.257320,7458.660400
52,144,1,3449,-2.477210,7506.475475
52,144,1,3450,-82.188698,7351.076483
52,144,1,3451,-31.602510,7582.182676
52,144,1,3452,-89.035346,7347.091893
52,144,1,3453,87.043779,7520.421538
52,144,1,3454,11.855205,7394.906968
52,144,1,3455,6.622715,7380.960904
52,144,1,3456,56.447739,7287.323050
52,144,1,3457,11.270181,7329.161240
52,144,1,3458,-110.338960,7536.359896
52,144,1,3459,28.581809,7361.037957
52,144,1,3460,-126.656681,7376.976315
52,144,1,3461,-30.608604,7454.675811
52,144,1,3462,-28.320099,7376.976315
52,144,1,3463,-24.311752,7444.714337
52,144,1,3464,-16.701433,7247.477155
52,144,1,3465,14.444402,7494.521706
52,144,1,3466,-4.161824,7412.837621
52,144,1,3467,-12.747181,7500.498590
52,144,1,3468,-46.040609,7538.352191
52,144,1,3469,-55.706690,7361.037957
52,144,1,3470,114.590150,7506.475475
52,144,1,3471,40.945278,7267.400103
52,144,1,3472,-0.968736,7341.115009
52,144,1,3473,72.730232,7394.906968
52,144,1,3474,38.071749,7279.353871
52,144,1,3475,-126.746004,7510.460064
52,144,1,3476,77.518610,7550.305960
52,144,1,3477,66.964307,7655.897582
52,144,1,3478,-10.388220,7526.398422
52,144,1,3479,-56.451493,7325.176651
52,144,1,3480,151.591233,7359.045662
52,144,1,3481,110.901362,7378.968610
52,144,1,3482,133.941179,7624.020866
52,144,1,3483,29.841179,7359.045662
52,144,1,3484,-29.438557,7586.167265
52,144,1,3485,47.756697,7219.585028
52,144,1,3486,-44.407584,7291.307640
52,144,1,3487,39.561355,7351.076483
52,144,1,3488,52.721216,7633.982340
52,144,1,3489,153.879738,7281.346166
52,144,1,3490,89.936175,7271.384692
52,144,1,3491,44.829073,7416.822210
52,144,1,3492,121.331113,7355.061072
52,144,1,3493,88.143370,7548.313665
52,144,1,3494,143.290207,7335.138125
52,144,1,3495,-100.494232,7446.706632
52,144,1,3496,-34.866055,7550.305960
52,144,1,3497,99.762035,7418.814505
52,144,1,3498,-12.053967,7195.677491
52,144,1,3499,99.656351,7263.415513
52,144,1,3500,-138.186023,7372.991725
52,144,1,3501,88.267921,7466.629579
52,144,1,3502,109.587896,7566.244318
52,144,1,3503,79.842344,7524.406128
52,144,1,3504,-22.662365,7486.552527
52,144,1,3505,-59.130014,7359.045662
52,144,1,3506,68.277773,7468.621874
52,144,1,3507,42.984679,7353.068778
52,144,1,3508,-27.645752,7309.238293
52,144,1,3509,-65.107307,7309.238293
52,144,1,3510,115.779064,7400.883852
52,144,1,3511,-78.730146,7404.868442
52,144,1,3512,-90.809284,7386.937789
52,144,1,3513,132.186108,7426.783684
52,144,1,3514,47.862382,7374.984020
52,144,1,3515,60.420858,7303.261408
52,144,1,3516,-19.309498,7384.945494
52,144,1,3517,16.732907,7416.822210
52,144,1,3518,62.105472,7396.899262
52,144,1,3519,-2.192878,7394.906968
52,144,1,3520,40.482299,7645.936108
52,144,1,3521,-251.404815,7470.614169
52,144,1,3522,62.335708,7470.614169
52,144,1,3523,141.426946,7508.467769
52,144,1,3524,107.264163,7592.144150
52,144,1,3525,-54.501415,7544.329075
52,144,1,3526,19.925995,7345.099599
52,144,1,3527,-13.083102,7271.384692
52,144,1,3528,-5.580974,7444.714337
52,144,1,3529,178.587808,7331.153535
52,144,1,3530,140.665781,7183.723722
52,144,1,3531,-51.414011,7317.207472
52,144,1,3532,63.205063,7424.791389
52,144,1,3533,19.481884,7486.552527
52,144,1,3534,21.415601,7416.822210
52,144,1,3535,28.386801,7339.122714
52,144,1,3536,-154.203052,7390.922378
52,144,1,3537,48.057389,7396.899262
52,144,1,3538,-79.404493,7472.606464
52,144,1,3539,-82.543486,7359.045662
52,144,1,3540,-35.735409,7596.128739
52,144,1,3541,86.564440,7610.074803
52,144,1,3542,70.956294,7434.752863
52,144,1,3543,60.721550,7480.575643
52,144,1,3544,-42.457506,7510.460064
52,144,1,3545,47.542822,7434.752863
52,144,1,3546,-47.795680,7341.115009
52,144,1,3547,69.732152,7488.544822
52,144,1,3548,79.062312,7436.745158
52,144,1,3549,55.099045,7422.799094
52,144,1,3550,-42.438638,7273.376987
52,144,1,3551,-117.451072,7406.860736
52,144,1,3552,-34.191708,7482.567937
52,144,1,3553,-121.602838,7657.889877
52,144,1,3554,-24.206067,7600.113329
52,144,1,3555,27.092202,7289.315345
52,144,1,3556,-0.668044,7518.429243
52,144,1,3557,-55.495321,7671.835940
52,144,1,3558,-107.925903,7376.976315
52,144,1,3559,-77.470776,7402.876147
52,144,1,3560,171.102042,7446.706632
52,144,1,3561,-90.064481,7422.799094
52,144,1,3562,74.398485,7199.662081
52,144,1,3563,105.774556,7520.421538
52,144,1,3564,42.540568,7494.521706
52,144,1,3565,126.598831,7420.806800
52,144,1,3566,-91.109976,7209.623554
52,144,1,3567,-5.900534,7504.483180
52,144,1,3568,43.959718,7462.644990
52,144,1,3569,24.963477,7337.130419
52,144,1,3570,-7.744927,7440.729747
52,144,1,3571,33.494739,7434.752863
52,144,1,3572,22.515192,7444.714337
52,144,1,3573,-148.669870,7582.182676
52,144,1,3574,-83.962636,7390.922378
52,144,1,3575,-15.282283,7215.600439
52,144,1,3576,67.638654,7588.159560
52,144,1,3577,62.016149,7530.383012
52,144,1,3578,-23.956964,7436.745158
52,144,1,3579,43.818806,7255.446334
52,144,1,3580,-2.317430,7476.591053
52,144,1,3581,-92.743001,7456.668105
52,144,1,3582,-16.950537,7410.845326
52,144,1,3583,6.108148,7418.814505
52,144,1,3584,204.501154,7564.252023
52,144,1,3585,-37.826400,7169.777659
52,144,1,3586,-3.983177,7145.870122
52,144,1,3587,-155.887666,7297.284524
52,144,1,3588,-46.111065,7434.752863
52,144,1,3589,26.008972,7550.305960
52,144,1,3590,27.872234,7376.976315
52,144,1,3591,-53.702516,7394.906968
52,144,1,3592,-62.323102,7430.768274
52,144,1,3593,-68.779734,7470.614169
52,144,1,3594,-76.086854,7319.199767
52,144,1,3595,-45.685822,7530.383012
52,144,1,3596,130.856282,7325.176651
52,144,1,3597,43.854034,7307.245998
52,144,1,3598,111.876401,7488.544822
52,144,1,3599,79.381872,7376.976315
52,144,1,3600,82.680644,7460.652695
52,144,1,3601,5.983596,7500.498590
52,144,1,3602,-6.805116,7498.506296
52,144,1,3603,39.561355,7351.076483
52,144,1,3604,-84.228100,7265.407808
52,144,1,3605,99.193373,7641.951519
52,144,1,3606,98.272429,7347.091893
52,144,1,3607,-54.607099,7388.930083
52,144,1,3608,80.251227,7331.153535
52,144,1,3609,19.481884,7486.552527
52,144,1,3610,-12.392394,7492.529411
52,144,1,3611,-10.458676,7422.799094
52,144,1,3612,142.171749,7544.329075
52,144,1,3613,32.235368,7436.745158
52,144,1,3614,22.534059,7207.631260
52,144,1,3615,-155.302643,7363.030251
52,144,1,3616,-13.296977,7486.552527
52,144,1,3617,-26.334793,7647.928403
52,144,1,3618,112.266417,7532.375307
52,144,1,3619,7.297062,7313.222882
52,144,1,3620,-11.382126,7653.905287
52,144,1,3621,-103.457084,7592.144150
52,144,1,3622,-97.070908,7448.698926
52,144,1,3623,71.346310,7478.583348
52,144,1,3624,-54.252312,7380.960904
52,144,1,3625,61.875237,7323.184356
52,144,1,3626,-16.614616,7639.959224
52,144,1,3627,-220.096693,7161.808480
52,144,1,3628,50.486807,7526.398422
52,144,1,3629,-11.292803,7520.421538
52,144,1,3630,-51.609019,7295.292229
52,144,1,3631,-62.748346,7335.138125
52,144,1,3632,-46.625633,7472.606464
52,144,1,3633,121.756357,7450.691221
52,144,1,3634,-32.913470,7243.492565
52,144,1,3635,-68.265167,7432.760568
52,144,1,3636,-128.075831,7408.853031
52,144,1,3637,58.097125,7329.161240
52,144,1,3638,99.957043,7440.729747
52,144,1,3639,19.925995,7345.099599
52,144,1,3640,45.698428,7370.999431
52,144,1,3641,160.921394,7307.245998
52,144,1,3642,11.180858,7462.644990
52,144,1,3643,3.340304,7586.167265
52,144,1,3644,33.814298,7374.984020
52,144,1,3645,-68.869058,7604.097918
52,144,1,3646,115.299725,7490.537117
52,144,1,3647,183.998945,7078.132100
52,144,1,3648,-60.779400,7317.207472
52,144,1,3649,-85.807030,7327.168946
52,144,1,3650,119.752183,7416.822210
52,144,1,3651,124.665114,7490.537117
52,144,1,3652,139.387544,7422.799094
52,144,1,3653,140.292127,7428.775979
52,144,1,3654,84.419354,7369.007136
52,144,1,3655,-80.609768,7289.315345
52,144,1,3656,-43.467773,7349.084188
52,144,1,3657,168.212152,7169.777659
52,144,1,3658,16.147884,7351.076483
52,144,1,3659,36.192127,7163.800775
52,144,1,3660,15.793096,7359.045662
52,144,1,3661,-45.685822,7530.383012
52,144,1,3662,-180.224588,7528.390717
52,144,1,3663,-79.794509,7428.775979
52,144,1,3664,80.356911,7486.552527
52,144,1,3665,-178.537467,7096.062753
52,144,1,3666,-86.535472,7580.190381
52,144,1,3667,152.495816,7365.022546
52,144,1,3668,-10.209573,7259.430924
52,144,1,3669,-67.910379,7424.791389
52,144,1,3670,-35.256070,7506.475475
52,144,1,3671,-34.031928,7452.683516
52,144,1,3672,-88.485551,7361.037957
52,144,1,3673,28.297477,7472.606464
52,144,1,3674,-172.649498,7279.353871
52,144,1,3675,-9.589321,7376.976315
52,144,1,3676,-40.949032,7345.099599
52,144,1,3677,-41.144040,7323.184356
52,144,1,3678,-138.275347,7506.475475
52,144,1,3679,91.301230,7424.791389
52,144,1,3680,-157.715699,7522.413833
52,144,1,3681,81.367178,7647.928403
52,144,1,3682,67.497742,7380.960904
52,144,1,3683,-61.009636,7243.492565
52,144,1,3684,37.857874,7494.521706
52,144,1,3685,-68.514270,7596.128739
52,144,1,3686,-95.066735,7482.567937
52,144,1,3687,-134.212904,7388.930083
52,144,1,3688,-70.765041,7199.662081
52,144,1,3689,-60.549164,7390.922378
52,144,1,3690,-38.963725,7616.051687
52,144,1,3691,-25.855453,7558.275139
52,144,1,3692,93.819970,7420.806800
52,144,1,3693,177.309571,7570.228907
52,144,1,3694,55.453833,7414.829915
52,144,1,3695,-15.016819,7341.115009
52,144,1,3696,-14.751355,7466.629579
52,144,1,3697,-93.558261,7317.207472
52,144,1,3698,-171.549907,7307.245998
52,144,1,3699,210.497314,7376.976315
52,144,1,3700,20.492151,7647.928403
52,144,1,3701,-55.051210,7530.383012
52,144,1,3702,42.824900,7382.953199
52,144,1,3703,155.759360,7396.899262
52,144,1,3704,122.855948,7478.583348
52,144,1,3705,-34.793092,7127.939469
52,144,1,3706,16.927915,7438.737453
52,144,1,3707,-63.422693,7402.876147
52,144,1,3708,-45.561270,7448.698926
52,144,1,3709,208.634053,7550.305960
52,144,1,3710,85.307576,7086.101279
52,144,1,3711,-15.994365,7757.504615
52,144,1,3712,-24.436303,7526.398422
52,144,1,3713,-125.272759,7293.299935
52,144,1,3714,1.799108,7173.762249
52,144,1,3715,136.673795,7404.868442
52,144,1,3716,120.870641,7207.631260
52,144,1,3717,-115.021654,7536.359896
52,144,1,3718,-20.958884,7343.107304
52,144,1,3719,14.019158,7398.891557
52,144,1,3720,-29.208321,7659.882172
52,144,1,3721,55.242464,7104.031932
52,144,1,3722,217.609426,7506.475475
52,144,1,3723,95.203893,7337.130419
52,144,1,3724,-17.695340,7374.984020
52,144,1,3725,93.535639,7532.375307
52,144,1,3726,84.010471,7562.259728
52,144,1,3727,-47.849775,7526.398422
52,144,1,3728,49.546996,7468.621874
52,144,1,3729,-39.353741,7572.221202
52,144,1,3730,-38.465519,7289.315345
52,144,1,3731,-47.600672,7363.030251
52,144,1,3732,44.758617,7313.222882
52,144,1,3733,180.307651,7476.591053
52,144,1,3734,48.997200,7454.675811
52,144,1,3735,21.166498,7580.190381
52,144,1,3736,2.738919,7231.538797
52,144,1,3737,-35.841094,7440.729747
52,144,1,3738,-72.433294,7394.906968
52,144,1,3739,70.476955,7524.406128
52,144,1,3740,-88.165991,7301.269114
52,144,1,3741,-67.945607,7372.991725
52,144,1,3742,46.194128,7570.228907
52,144,1,3743,134.935085,7496.514001
52,144,1,3744,19.855539,7241.500271
52,144,1,3745,35.233449,7343.107304
52,144,1,3746,-15.106143,7474.598758
52,144,1,3747,-20.693420,7468.621874
52,144,1,3748,-52.673382,7319.199767
52,144,1,3749,36.048708,7482.567937
52,144,1,3750,3.323943,7297.284524
52,144,1,3751,5.363345,7382.953199
52,144,1,3752,21.965397,7430.768274
52,144,1,3753,-4.180691,7649.920698
52,144,1,3754,-40.559016,7388.930083
52,144,1,3755,-50.758532,7486.552527
52,144,1,3756,52.082098,7753.520026
52,144,1,3757,56.978667,7538.352191
52,144,1,3758,17.797270,7392.914673
52,144,1,3759,106.129344,7512.452359
52,144,1,3760,19.641664,7456.668105
52,144,1,3761,63.169835,7372.991725
52,144,1,3762,-192.923977,7392.914673
52,144,1,3763,45.042948,7201.654375
52,144,1,3764,85.039605,7486.552527
52,144,1,3765,-59.769133,7478.583348
52,144,1,3766,76.118328,7345.099599
52,144,1,3767,-37.525708,7347.091893
52,144,1,3768,48.306493,7233.531092
52,144,1,3769,119.272844,7506.475475
52,144,1,3770,55.578384,7333.145830
52,144,1,3771,-47.795680,7341.115009
52,144,1,3772,-111.154219,7396.899262
52,144,1,3773,43.604931,7470.614169
52,144,1,3774,-61.827402,7629.997750
52,144,1,3775,-54.766879,7418.814505
52,144,1,3776,14.108482,7265.407808
52,144,1,3777,-10.388220,7526.398422
52,144,1,3778,71.719964,7233.531092
52,144,1,3779,72.215664,7432.760568
52,144,1,3780,52.119832,7279.353871
52,144,1,3781,-134.212904,7388.930083
52,144,1,3782,118.156893,7189.700607
52,144,1,3783,-84.493564,7139.893238
52,144,1,3784,71.311082,7426.783684
52,144,1,3785,114.059222,7255.446334
52,144,1,3786,-117.291292,7376.976315
52,144,1,3787,60.792007,7584.174971
52,144,1,3788,156.114148,7388.930083
52,144,1,3789,92.471277,7556.282844
52,144,1,3790,68.526877,7305.253703
52,144,1,3791,-75.466602,7436.745158
52,144,1,3792,-112.253810,7369.007136
52,144,1,3793,47.152806,7390.922378
52,144,1,3794,40.270931,7335.138125
52,144,1,3795,-38.554843,7422.799094
52,144,1,3796,35.729149,7542.336780
52,144,1,3797,-31.778651,7323.184356
52,144,1,3798,-138.026243,7343.107304
52,144,1,3799,90.396647,7418.814505
52,144,1,3800,43.764711,7440.729747
52,144,1,3801,-131.534383,7355.061072
52,144,1,3802,175.960877,7705.704951
52,144,1,3803,-87.101629,7277.361576
52,144,1,3804,3.535311,7608.082508
52,144,1,3805,37.503086,7502.490885
52,144,1,3806,31.542154,7741.566257
52,144,1,3807,89.670711,7145.870122
52,144,1,3808,-17.251229,7233.531092
52,144,1,3809,-33.942604,7319.199767
52,144,1,3810,-50.899444,7279.353871
52,144,1,3811,37.787418,7390.922378
52,144,1,3812,82.325856,7468.621874
52,144,1,3813,142.190616,7307.245998
52,144,1,3814,-91.662278,7721.643310
52,144,1,3815,36.758283,7466.629579
52,144,1,3816,25.813964,7528.390717
52,144,1,3817,79.682564,7554.290549
52,144,1,3818,3.199391,7378.968610
52,144,1,3819,-28.214415,7532.375307
52,144,1,3820,-32.027754,7486.552527
52,144,1,3821,150.616194,7249.469450
52,144,1,3822,-87.935755,7374.984020
52,144,1,3823,-101.859287,7293.299935
52,144,1,3824,153.506083,7526.398422
52,144,1,3825,-33.357581,7384.945494
52,144,1,3826,69.377364,7496.514001
52,144,1,3827,-177.120824,7590.151855
52,144,1,3828,144.831402,7747.543141
52,144,1,3829,-80.309076,7466.629579
52,144,1,3830,-78.765374,7353.068778
52,144,1,3831,-44.691915,7402.876147
52,144,1,3832,187.473858,7420.806800
52,144,1,3833,-66.136442,7384.945494
52,144,1,3834,-158.460502,7486.552527
52,144,1,3835,8.697345,7518.429243
52,144,1,3836,72.340216,7351.076483
52,144,1,3837,70.512183,7576.205792
52,144,1,3838,123.885082,7402.876147
52,144,1,3839,29.556848,7470.614169
52,144,1,3840,34.913889,7402.876147
52,144,1,3841,78.442061,7319.199767
52,144,1,3842,56.997534,7301.269114
52,144,1,3843,73.919146,7289.315345
52,144,1,3844,0.840430,7353.068778
52,144,1,3845,86.512851,7269.392397
52,144,1,3846,-26.456838,7203.646670
52,144,1,3847,11.305409,7380.960904
52,144,1,3848,-85.966810,7357.053367
52,144,1,3849,29.432296,7552.298254
52,144,1,3850,-93.736908,7584.174971
52,144,1,3851,157.603754,7460.652695
52,144,1,3852,24.004799,7516.436949
52,144,1,3853,173.691239,7546.321370
52,144,1,3854,72.126341,7566.244318
52,144,1,3855,-70.624128,7406.860736
52,144,1,3856,-80.504084,7444.714337
52,144,1,3857,91.531465,7498.506296
52,144,1,3858,56.623880,7546.321370
52,144,1,3859,51.835501,7390.922378
52,144,1,3860,-96.166325,7454.675811
52,144,1,3861,57.866889,7255.446334
52,144,1,3862,5.877912,7345.099599
52,144,1,3863,63.665535,7572.221202
52,144,1,3864,-179.531374,7223.569618
52,144,1,3865,46.212995,7333.145830
52,144,1,3866,-3.257241,7418.814505
52,144,1,3867,17.407254,7349.084188
52,144,1,3868,70.336042,7317.207472
52,144,1,3869,-59.999369,7404.868442
52,144,1,3870,-15.620710,7512.452359
52,144,1,3871,-20.249309,7327.168946
52,144,1,3872,19.641664,7456.668105
52,144,1,3873,-34.367848,7223.569618
52,144,1,3874,147.918806,7520.421538
52,144,1,3875,-169.404821,7548.313665
52,144,1,3876,123.495067,7359.045662
52,144,1,3877,-65.177763,7205.638965
52,144,1,3878,-9.643417,7562.259728
52,144,1,3879,8.981676,7406.860736
52,144,1,3880,111.610937,7363.030251
52,144,1,3881,46.922570,7317.207472
52,144,1,3882,-9.394314,7398.891557
52,144,1,3883,109.143785,7707.697246
52,144,1,3884,-101.239035,7410.845326
52,144,1,3885,21.415601,7416.822210
52,144,1,3886,69.981255,7325.176651
52,144,1,3887,-90.969064,7416.822210
52,144,1,3888,95.025246,7604.097918
52,144,1,3889,14.709866,7620.036276
52,144,1,3890,51.125926,7406.860736
52,144,1,3891,-13.207653,7353.068778
52,144,1,3892,-39.689661,7343.107304
52,144,1,3893,-208.355982,7476.591053
52,144,1,3894,27.127430,7341.115009
52,144,1,3895,10.081267,7434.752863
52,144,1,3896,53.733990,7269.392397
52,144,1,3897,-77.950115,7492.529411
52,144,1,3898,44.368601,7269.392397
52,144,1,3899,30.515526,7291.307640
52,144,1,3900,-41.783159,7442.722042
52,144,1,3901,87.504251,7667.851351
52,144,1,3902,-75.431374,7488.544822
52,144,1,3903,-145.067899,7317.207472
52,144,1,3904,12.369772,7357.053367
52,144,1,3905,-6.680565,7416.822210
52,144,1,3906,-121.158727,7516.436949
52,144,1,3907,-83.412841,7404.868442
52,144,1,3908,32.075589,7466.629579
52,144,1,3909,-16.595749,7402.876147
52,144,1,3910,25.813964,7528.390717
52,144,1,3911,19.376200,7331.153535
52,144,1,3912,-37.189788,7576.205792
52,144,1,3913,-34.866055,7550.305960
52,144,1,3914,54.904037,7400.883852
52,144,1,3915,-113.602504,7504.483180
52,144,1,3916,-118.940678,7335.138125
52,144,1,3917,136.354236,7464.637285
52,144,1,3918,10.276275,7456.668105
52,144,1,3919,41.830993,7510.460064
52,144,1,3920,-47.795680,7341.115009
52,144,1,3921,-82.242794,7536.359896
52,144,1,3922,16.112655,7299.276819
52,144,1,3923,-29.544241,7430.768274
52,144,1,3924,-229.659596,7665.859056
52,144,1,3925,60.047203,7548.313665
52,144,1,3926,-130.275013,7353.068778
52,144,1,3927,-75.626382,7466.629579
52,144,1,3928,66.539064,7560.267433
52,144,1,3929,-142.318922,7386.937789
52,144,1,3930,90.396647,7418.814505
52,144,1,3931,26.382627,7305.253703
52,144,1,3932,-14.716127,7518.429243
52,144,1,3933,0.680650,7382.953199
52,144,1,3934,-45.471947,7315.215177
52,144,1,3935,93.075167,7384.945494
52,144,1,3936,-35.131519,7424.791389
52,144,1,3937,65.138781,7355.061072
52,144,1,3938,28.617037,7412.837621
52,144,1,3939,131.706769,7516.436949
52,144,1,3940,-15.940269,7572.221202
52,144,1,3941,34.453417,7255.446334
52,144,1,3942,54.105139,7550.305960
52,144,1,3943,158.028998,7556.282844
52,144,1,3944,67.408418,7514.444654
52,144,1,3945,-56.860376,7518.429243
52,144,1,3946,111.876401,7488.544822
52,144,1,3947,-168.072488,7123.954879
52,144,1,3948,-21.614364,7173.762249
52,144,1,3949,21.345145,7313.222882
52,144,1,3950,85.554172,7448.698926
52,144,1,3951,-22.112570,7500.498590
52,144,1,3952,-105.407162,7372.991725
52,144,1,3953,140.487135,7450.691221
52,144,1,3954,14.728733,7382.953199
52,144,1,3955,153.719958,7311.230587
52,144,1,3956,70.796514,7464.637285
52,144,1,3957,40.057055,7550.305960
52,144,1,3958,-69.825230,7257.438629
52,144,1,3959,3.039611,7408.853031
52,144,1,3960,40.926410,7504.483180
52,144,1,3961,-29.844934,7253.454039
52,144,1,3962,6.427707,7359.045662
52,144,1,3963,-196.027742,7331.153535
52,144,1,3964,-18.564695,7420.806800
52,144,1,3965,-78.871059,7197.669786
52,144,1,3966,-57.569951,7534.367601
52,144,1,3967,-36.141786,7263.415513
52,144,1,3968,37.237622,7376.976315
52,144,1,3969,146.412839,7159.816185
52,144,1,3970,35.924156,7564.252023
52,144,1,3971,42.719215,7227.554207
52,144,1,3972,-81.443895,7386.937789
52,144,1,3973,-64.806615,7486.552527
52,144,1,3974,24.749602,7552.298254
52,144,1,3975,204.094777,7231.538797
52,144,1,3976,-110.710108,7255.446334
52,144,1,3977,11.056306,7544.329075
52,144,1,3978,66.062231,7123.954879
52,144,1,3979,-145.512010,7458.660400
52,144,1,3980,123.140279,7367.014841
52,144,1,3981,56.038856,7480.575643
52,144,1,3982,-81.549580,7231.538797
52,144,1,3983,-11.612362,7580.190381
52,144,1,3984,-26.386382,7307.245998
52,144,1,3985,-23.992192,7384.945494
52,144,1,3986,106.928243,7363.030251
52,144,1,3987,6.213832,7574.213497
52,144,1,3988,0.645422,7331.153535
52,144,1,3989,-4.941855,7325.176651
52,144,1,3990,-0.454169,7303.261408
52,144,1,3991,-64.966395,7516.436949
52,144,1,3992,-95.101963,7430.768274
52,144,1,3993,-32.488226,7339.122714
52,144,1,3994,33.955211,7582.182676
52,144,1,3995,-43.148213,7289.315345
52,144,1,3996,-76.371185,7430.768274
52,144,1,3997,156.894179,7476.591053
52,144,1,3998,23.419775,7450.691221
52,144,1,3999,9.761708,7494.521706
52,144,1,4000,-84.902447,7333.145830
52,144,1,4001,-64.468188,7189.700607
52,144,1,4002,89.952536,7560.267433
52,144,1,4003,64.304654,7452.683516
52,144,1,4004,135.839668,7502.490885
52,144,1,4005,-37.011141,7309.238293
52,144,1,4006,-124.173168,7321.192061
52,144,1,4007,117.872561,7301.269114
52,144,1,4008,134.528709,7163.800775
52,144,1,4009,38.957465,7522.413833
52,144,1,4010,-84.902447,7333.145830
52,144,1,4011,-16.170505,7498.506296
52,144,1,4012,96.604176,7542.336780
52,144,1,4013,-23.921736,7488.544822
52,144,1,4014,47.542822,7434.752863
52,144,1,4015,2.365264,7476.591053
52,144,1,4016,-54.926659,7448.698926
52,144,1,4017,-28.479879,7406.860736
52,144,1,4018,72.535224,7372.991725
52,144,1,4019,-37.739583,7562.259728
52,144,1,4020,126.279272,7480.575643
52,144,1,4021,-27.290964,7301.269114
52,144,1,4022,41.140285,7289.315345
52,144,1,4023,-180.880068,7359.045662
52,144,1,4024,93.270175,7406.860736
52,144,1,4025,-130.080005,7374.984020
52,144,1,4026,-14.361339,7510.460064
52,144,1,4027,41.370521,7363.030251
52,144,1,4028,82.856785,7719.651015
52,144,1,4029,57.972574,7410.845326
52,144,1,4030,39.791591,7424.791389
52,144,1,4031,90.645750,7255.446334
52,144,1,4032,-18.724474,7450.691221
52,144,1,4033,-81.514351,7283.338461
52,144,1,4034,125.339461,7422.799094
52,144,1,4035,-38.430291,7341.115009
52,144,1,4036,31.986265,7600.113329
52,144,1,4037,-54.322768,7277.361576
52,144,1,4038,-45.136026,7544.329075
52,144,1,4039,-73.976996,7508.467769
52,144,1,4040,118.262577,7345.099599
52,144,1,4041,28.013146,7584.174971
52,144,1,4042,-65.321182,7524.406128
52,144,1,4043,-104.272344,7452.683516
52,144,1,4044,92.259908,7245.484860
52,144,1,4045,-75.041358,7532.375307
52,144,1,4046,-53.063398,7275.369282
52,144,1,4047,9.761708,7494.521706
52,144,1,4048,-86.676385,7372.991725
52,144,1,4049,-43.947112,7438.737453
52,144,1,4050,164.025158,7369.007136
52,144,1,4051,45.289545,7564.252023
52,144,1,4052,60.756779,7532.375307
52,144,1,4053,-87.385960,7388.930083
52,144,1,4054,11.925661,7498.506296
52,144,1,4055,17.087695,7408.853031
52,144,1,4056,-20.409089,7357.053367
52,144,1,4057,35.038441,7321.192061
52,144,1,4058,67.673883,7639.959224
52,144,1,4059,74.309162,7333.145830
52,144,1,4060,-123.747924,7416.822210
52,144,1,4061,-65.675970,7532.375307
52,144,1,4062,-125.841421,7516.436949
52,144,1,4063,88.322017,7281.346166
52,144,1,4064,70.921066,7382.953199
52,144,1,4065,68.313001,7520.421538
52,144,1,4066,-2.742674,7380.960904
52,144,1,4067,-17.075088,7492.529411
52,144,1,4068,-54.571871,7440.729747
52,144,1,4069,38.532221,7426.783684
52,144,1,4070,41.760537,7406.860736
52,144,1,4071,34.204314,7418.814505
52,144,1,4072,-83.377613,7456.668105
52,144,1,4073,42.540568,7494.521706
52,144,1,4074,-68.460175,7410.845326
52,144,1,4075,-26.936177,7293.299935
52,144,1,4076,14.818057,7249.469450
52,144,1,4077,7.917314,7430.768274
52,144,1,4078,88.942268,7398.891557
52,144,1,4079,-74.597247,7390.922378
52,144,1,4080,-60.868724,7450.691221
52,144,1,4081,223.800594,7341.115009
52,144,1,4082,50.735910,7363.030251
52,144,1,4083,-117.575623,7488.544822
52,144,1,4084,-88.610102,7442.722042
52,144,1,4085,-36.550669,7456.668105
52,144,1,4086,102.795344,7376.976315
52,144,1,4087,75.408752,7361.037957
52,144,1,4088,44.934758,7572.221202
52,144,1,4089,11.624969,7321.192061
52,144,1,4090,-36.390889,7426.783684
52,144,1,4091,-243.263568,7524.406128
52,144,1,4092,24.554594,7530.383012
52,144,1,4093,128.283445,7514.444654
52,144,1,4094,-146.611601,7430.768274
52,144,1,4095,64.943773,7333.145830
52,144,1,4096,25.813964,7528.390717
52,144,1,4097,144.958460,7139.893238
52,144,1,4098,-31.708195,7426.783684
52,144,1,4099,-68.105387,7402.876147
52,144,1,4100,120.106971,7408.853031
52,144,1,4101,32.005133,7363.030251
52,144,1,4102,38.637905,7582.182676
52,144,1,4103,10.400827,7374.984020
52,144,1,4104,-27.629391,7598.121034
52,144,1,4105,26.932422,7319.199767
52,144,1,4106,61.520449,7331.153535
52,144,1,4107,104.623377,7151.847006
52,144,1,4108,-9.323857,7502.490885
52,144,1,4109,-105.407162,7372.991725
52,144,1,4110,99.602256,7448.698926
52,144,1,4111,53.200556,7544.329075
52,144,1,4112,87.913134,7474.598758
52,144,1,4113,0.715878,7434.752863
52,144,1,4114,3.305076,7534.367601
52,144,1,4115,-36.355661,7478.583348
52,144,1,4116,-27.131185,7271.384692
52,144,1,4117,-105.000786,7705.704951
52,144,1,4118,-188.346967,7237.515681
52,144,1,4119,136.088771,7339.122714
52,144,1,4120,81.740833,7402.876147
52,144,1,4121,-38.395063,7392.914673
52,144,1,4122,51.356162,7480.575643
52,144,1,4123,-50.084185,7418.814505
52,144,1,4124,14.019158,7398.891557
52,144,1,4125,11.589741,7269.392397
52,144,1,4126,-25.660446,7580.190381
52,144,1,4127,-91.288623,7476.591053
52,144,1,4128,17.477710,7452.683516
52,144,1,4129,90.821890,7514.444654
52,144,1,4130,6.303156,7440.729747
52,144,1,4131,-58.775226,7351.076483
52,144,1,4132,36.953291,7488.544822
52,144,1,4133,-29.314005,7504.483180
52,144,1,4134,-15.496158,7430.768274
52,144,1,4135,104.693833,7255.446334
52,144,1,4136,-120.608932,7530.383012
52,144,1,4137,106.129344,7512.452359
52,144,1,4138,101.127090,7572.221202
52,144,1,4139,-28.585563,7251.461744
52,144,1,4140,-17.340552,7367.014841
52,144,1,4141,115.175173,7572.221202
52,144,1,4142,-126.017562,7257.438629
52,144,1,4143,-5.740754,7474.598758
52,144,1,4144,4.813549,7369.007136
52,144,1,4145,81.545825,7380.960904
52,144,1,4146,37.362174,7295.292229
52,144,1,4147,108.133518,7546.321370
52,144,1,4148,20.475790,7359.045662
52,144,1,4149,-78.995610,7279.353871
52,144,1,4150,-120.059136,7544.329075
52,144,1,4151,-102.782737,7524.406128
52,144,1,4152,-103.083429,7347.091893
52,144,1,4153,56.872983,7382.953199
52,144,1,4154,-199.876309,7233.531092
52,144,1,4155,-89.994024,7526.398422
52,144,1,4156,-56.061478,7369.007136
52,144,1,4157,-2.477210,7506.475475
52,144,1,4158,99.212240,7404.868442
52,144,1,4159,109.712448,7484.560232
52,144,1,4160,113.915803,7574.213497
52,144,1,4161,163.900606,7450.691221
52,144,1,4162,123.405743,7492.529411
52,144,1,4163,124.665114,7490.537117
52,144,1,4164,15.348985,7500.498590
52,144,1,4165,-32.152306,7568.236612
52,144,1,4166,68.082765,7446.706632
52,144,1,4167,38.621544,7293.299935
52,144,1,4168,-90.259489,7400.883852
52,144,1,4169,-0.313256,7510.460064
52,144,1,4170,151.732145,7566.244318
52,144,1,4171,198.347720,7255.446334
52,144,1,4172,-91.234528,7291.307640
52,144,1,4173,95.948696,7372.991725
52,144,1,4174,155.493896,7271.384692
52,144,1,4175,-75.236366,7510.460064
52,144,1,4176,60.171755,7466.629579
52,144,1,4177,104.639738,7440.729747
52,144,1,4178,153.860871,7518.429243
52,144,1,4179,-96.716121,7440.729747
52,144,1,4180,-134.638148,7293.299935
52,144,1,4181,-40.204229,7380.960904
52,144,1,4182,26.328532,7490.537117
52,144,1,4183,-38.998954,7564.252023
52,144,1,4184,-109.629385,7520.421538
52,144,1,4185,-5.580974,7444.714337
52,144,1,4186,10.985850,7440.729747
52,144,1,4187,30.301651,7506.475475
52,144,1,4188,32.465604,7510.460064
52,144,1,4189,73.244799,7357.053367
52,144,1,4190,-142.868717,7372.991725
52,144,1,4191,-171.089435,7454.675811
52,144,1,4192,138.518189,7468.621874
52,144,1,4193,-162.414754,7233.531092
52,144,1,4194,8.875992,7251.461744
52,144,1,4195,26.417855,7357.053367
52,144,1,4196,-16.295057,7580.190381
52,144,1,4197,-176.622617,7263.415513
52,144,1,4198,4.458762,7376.976315
52,144,1,4199,53.964226,7343.107304
52,144,1,4200,-33.127345,7458.660400
52,144,1,4201,30.141871,7536.359896
52,144,1,4202,-14.857039,7311.230587
52,144,1,4203,-144.696751,7598.121034
52,144,1,4204,23.739335,7390.922378
52,144,1,4205,-116.581717,7361.037957
52,144,1,4206,74.539398,7406.860736
52,144,1,4207,-127.810367,7534.367601
52,144,1,4208,100.701846,7476.591053
52,144,1,4209,-65.090946,7598.121034
52,144,1,4210,66.024496,7598.121034
52,144,1,4211,-19.664285,7392.914673
52,144,1,4212,12.245220,7438.737453
52,144,1,4213,-85.151550,7496.514001
52,144,1,4214,52.171421,7620.036276
52,144,1,4215,150.616194,7249.469450
52,144,1,4216,75.159649,7524.406128
52,144,1,4217,127.592738,7293.299935
52,144,1,4218,-23.282617,7369.007136
52,144,1,4219,-13.776316,7576.205792
52,144,1,4220,47.063483,7524.406128
52,144,1,4221,71.435633,7345.099599
52,144,1,4222,-176.427609,7285.330756
52,144,1,4223,138.074078,7610.074803
52,144,1,4224,9.991944,7568.236612
52,144,1,4225,37.167166,7273.376987
52,144,1,4226,53.679895,7454.675811
52,144,1,4227,-101.913382,7478.583348
52,144,1,4228,-6.520785,7386.937789
52,144,1,4229,-24.577216,7319.199767
52,144,1,4230,48.856288,7247.477155
52,144,1,4231,-13.971324,7554.290549
52,144,1,4232,-16.915308,7462.644990
52,144,1,4233,6.143376,7470.614169
52,144,1,4234,31.615117,7319.199767
52,144,1,4235,163.545819,7458.660400
52,144,1,4236,26.168752,7520.421538
52,144,1,4237,-0.118248,7532.375307
52,144,1,4238,-84.956543,7518.429243
52,144,1,4239,-96.751349,7388.930083
52,144,1,4240,-18.618790,7606.090213
52,144,1,4241,-98.205727,7369.007136
52,144,1,4242,25.849193,7580.190381
52,144,1,4243,-162.663858,7396.899262
52,144,1,4244,-17.749435,7560.267433
52,144,1,4245,-45.011475,7462.644990
52,144,1,4246,23.100216,7510.460064
52,144,1,4247,63.080512,7506.475475
52,144,1,4248,67.018403,7470.614169
52,144,1,4249,152.016477,7454.675811
52,144,1,4250,111.521613,7496.514001
52,144,1,4251,57.991441,7173.762249
52,144,1,4252,-190.245457,7359.045662
52,144,1,4253,13.699599,7458.660400
52,144,1,4254,-1.908547,7283.338461
52,144,1,4255,92.205812,7430.768274
52,144,1,4256,-57.640408,7430.768274
52,144,1,4257,-77.186445,7291.307640
52,144,1,4258,-84.672211,7406.860736
52,144,1,4259,-45.756278,7426.783684
52,144,1,4260,7.581393,7201.654375
52,144,1,4261,6.587487,7329.161240
52,144,1,4262,160.796842,7388.930083
52,144,1,4263,-61.063731,7428.775979
52,144,1,4264,-109.894849,7394.906968
52,144,1,4265,77.713618,7572.221202
52,144,1,4266,17.177018,7275.369282
52,144,1,4267,-14.041780,7450.691221
52,144,1,4268,-125.397310,7374.984020
52,144,1,4269,196.839247,7420.806800
52,144,1,4270,18.506845,7376.976315
52,144,1,4271,162.286448,7460.652695
52,144,1,4272,-40.133772,7484.560232
52,144,1,4273,146.748759,7388.930083
52,144,1,4274,-135.312495,7361.037957
52,144,1,4275,86.637402,7187.708312
52,144,1,4276,61.306574,7546.321370
52,144,1,4277,73.670043,7452.683516
52,144,1,4278,-64.771387,7538.352191
52,144,1,4279,-194.857695,7462.644990
52,144,1,4280,27.872234,7376.976315
52,144,1,4281,173.106215,7480.575643
52,144,1,4282,40.501166,7408.853031
52,144,1,4283,55.507928,7229.546502
52,144,1,4284,-99.110310,7363.030251
52,144,1,4285,-3.487477,7345.099599
52,144,1,4286,12.050213,7416.822210
52,144,1,4287,-34.083517,7112.001111
52,144,1,4288,-154.983083,7303.261408
52,144,1,4289,-26.760036,7552.298254
52,144,1,4290,31.490565,7400.883852
52,144,1,4291,8.077093,7400.883852
52,144,1,4292,25.673052,7321.192061
52,144,1,4293,-97.035680,7500.498590
52,144,1,4294,132.895684,7410.845326
52,144,1,4295,-57.001289,7311.230587
52,144,1,4296,11.289049,7092.078163
52,144,1,4297,23.828658,7257.438629
52,144,1,4298,63.010055,7402.876147
52,144,1,4299,152.086933,7558.275139
52,144,1,4300,-181.148038,7759.496910
52,144,1,4301,50.665454,7259.430924
52,144,1,4302,19.162325,7546.321370
52,144,1,4303,14.355079,7628.005455
52,144,1,4304,153.630635,7444.714337
52,144,1,4305,162.516684,7534.367601
52,144,1,4306,17.442482,7400.883852
52,144,1,4307,-134.602919,7345.099599
52,144,1,4308,93.624963,7398.891557
52,144,1,4309,69.182356,7474.598758
52,144,1,4310,-26.936177,7293.299935
52,144,1,4311,-13.936096,7606.090213
52,144,1,4312,96.143704,7394.906968
52,144,1,4313,-149.431034,7257.438629
52,144,1,4314,101.695753,7349.084188
52,144,1,4315,72.730232,7394.906968
52,144,1,4316,-133.503329,7372.991725
52,144,1,4317,59.408085,7667.851351
52,144,1,4318,36.297811,7319.199767
52,144,1,4319,17.867726,7496.514001
52,144,1,4320,145.223924,7265.407808
52,144,1,4321,57.262998,7426.783684
52,144,1,4322,121.970232,7235.523386
52,144,1,4323,-281.150367,7428.775979
52,144,1,4324,31.330786,7430.768274
52,144,1,4325,-181.819879,7301.269114
52,144,1,4326,-36.355661,7478.583348
52,144,1,4327,-99.394641,7474.598758
52,144,1,4328,-1.358752,7297.284524
52,144,1,4329,81.776061,7454.675811
52,144,1,4330,-12.446489,7677.812825
52,144,1,4331,-166.796757,7410.845326
52,144,1,4332,68.597333,7408.853031
52,144,1,4333,-43.503001,7297.284524
52,144,1,4334,-30.838840,7380.960904
52,144,1,4335,-13.971324,7554.290549
52,144,1,4336,176.139524,7438.737453
52,144,1,4337,175.199713,7380.960904
52,144,1,4338,105.633644,7313.222882
52,144,1,4339,48.607185,7410.845326
52,144,1,4340,-129.104966,7484.560232
52,144,1,4341,9.176684,7428.775979
52,144,1,4342,55.914304,7562.259728
52,144,1,4343,1.566366,7626.013161
52,144,1,4344,57.387550,7345.099599
52,144,1,4345,-120.554836,7345.099599
52,144,1,4346,24.394814,7560.267433
52,144,1,4347,96.604176,7542.336780
52,144,1,4348,153.205391,7349.084188
52,144,1,4349,-117.274931,7665.859056
52,144,1,4350,-168.305230,7576.205792
52,144,1,4351,106.874147,7548.313665
52,144,1,4352,-96.981585,7315.215177
52,144,1,4353,-90.329945,7297.284524
52,144,1,4354,144.690490,7540.344486
52,144,1,4355,-21.633231,7410.845326
52,144,1,4356,-10.883920,7327.168946
52,144,1,4357,-90.294717,7349.084188
52,144,1,4358,-13.846772,7472.606464
52,144,1,4359,188.857780,7337.130419
52,144,1,4360,122.980499,7396.899262
52,144,1,4361,-34.316259,7564.252023
52,144,1,4362,-80.769548,7319.199767
52,144,1,4363,7.952542,7482.567937
52,144,1,4364,58.682149,7394.906968
52,144,1,4365,6.907046,7269.392397
52,144,1,4366,-36.905456,7464.637285
52,144,1,4367,116.169080,7444.714337
52,144,1,4368,-5.226187,7436.745158
52,144,1,4369,-100.334452,7416.822210
52,144,1,4370,-41.907710,7524.406128
52,144,1,4371,41.866221,7562.259728
52,144,1,4372,-81.923234,7476.591053
52,144,1,4373,-45.331034,7522.413833
52,144,1,4374,38.637905,7582.182676
52,144,1,4375,-110.214408,7454.675811
52,144,1,4376,34.700014,7618.043982
52,144,1,4377,-90.579048,7460.652695
52,144,1,4378,-140.385205,7317.207472
52,144,1,4379,0.344730,7153.839301
52,144,1,4380,-50.243964,7448.698926
52,144,1,4381,-112.164487,7235.523386
52,144,1,4382,28.422029,7390.922378
52,144,1,4383,-11.718047,7424.791389
52,144,1,4384,-29.384462,7400.883852
52,144,1,4385,38.231529,7249.469450
52,144,1,4386,-29.509013,7482.567937
52,144,1,4387,14.319850,7576.205792
52,144,1,4388,-68.655183,7388.930083
52,144,1,4389,59.072164,7438.737453
52,144,1,4390,-26.475705,7440.729747
52,144,1,4391,-42.563190,7355.061072
52,144,1,4392,75.974909,7663.866761
52,144,1,4393,-135.507502,7339.122714
52,144,1,4394,-134.372683,7418.814505
52,144,1,4395,-30.378368,7528.390717
52,144,1,4396,-6.361005,7357.053367
52,144,1,4397,125.659020,7363.030251
52,144,1,4398,10.311503,7508.467769
52,144,1,4399,139.831655,7281.346166
52,144,1,4400,51.285705,7376.976315
52,144,1,4401,96.214160,7498.506296
52,144,1,4402,-33.606684,7548.313665
52,144,1,4403,56.109312,7584.174971
52,144,1,4404,-125.982334,7309.238293
52,144,1,4405,85.483716,7345.099599
52,144,1,4406,-77.080760,7446.706632
52,144,1,4407,-39.318513,7624.020866
52,144,1,4408,-6.981257,7239.507976
52,144,1,4409,-86.817297,7165.793069
52,144,1,4410,-102.498406,7412.837621
52,144,1,4411,-17.216001,7285.330756
52,144,1,4412,-2.068327,7313.222882
52,144,1,4413,-80.858872,7452.683516
52,144,1,4414,71.080846,7353.068778
52,144,1,4415,40.642079,7616.051687
52,144,1,4416,78.991856,7333.145830
52,144,1,4417,20.830578,7351.076483
52,144,1,4418,-48.505255,7357.053367
52,144,1,4419,-11.008472,7408.853031
52,144,1,4420,145.240285,7554.290549
52,144,1,4421,183.766203,7530.383012
52,144,1,4422,189.708268,7528.390717
52,144,1,4423,-146.771380,7460.652695
52,144,1,4424,35.108897,7424.791389
52,144,1,4425,3.944194,7414.829915
52,144,1,4426,57.192542,7323.184356
52,144,1,4427,-22.697594,7434.752863
52,144,1,4428,154.925233,7494.521706
52,144,1,4429,1.354997,7315.215177
52,144,1,4430,21.450830,7468.621874
52,144,1,4431,34.789338,7484.560232
52,144,1,4432,-111.384455,7323.184356
52,144,1,4433,131.955872,7353.068778
52,144,1,4434,159.342464,7369.007136
52,144,1,4435,-76.690745,7490.537117
52,144,1,4436,-77.416681,7217.592733
52,144,1,4437,-48.629806,7438.737453
52,144,1,4438,16.502671,7343.107304
52,144,1,4439,-85.222007,7392.914673
52,144,1,4440,-126.106886,7390.922378
52,144,1,4441,-35.415850,7536.359896
52,144,1,4442,-27.290964,7301.269114
52,144,1,4443,-92.583222,7426.783684
52,144,1,4444,78.228186,7534.367601
52,144,1,4445,-54.642327,7337.130419
52,144,1,4446,70.547411,7628.005455
52,144,1,4447,-9.004298,7442.722042
52,144,1,4448,8.626889,7414.829915
52,144,1,4449,6.587487,7329.161240
52,144,1,4450,145.435293,7576.205792
52,144,1,4451,126.988847,7464.637285
52,144,1,4452,-52.478374,7341.115009
52,144,1,4453,103.894934,7404.868442
52,144,1,4454,34.859794,7588.159560
52,144,1,4455,-125.291626,7530.383012
52,144,1,4456,91.301230,7424.791389
52,144,1,4457,6.303156,7440.729747
52,144,1,4458,64.854449,7466.629579
52,144,1,4459,108.542401,7353.068778
52,144,1,4460,55.808620,7406.860736
52,144,1,4461,-40.239457,7329.161240
52,144,1,4462,22.888847,7199.662081
52,144,1,4463,80.660109,7137.900943
52,144,1,4464,-31.388635,7367.014841
52,144,1,4465,230.221998,7249.469450
52,144,1,4466,-4.995951,7510.460064
52,144,1,4467,-20.958884,7343.107304
52,144,1,4468,-65.586646,7398.891557
52,144,1,4469,-19.983845,7452.683516
52,144,1,4470,-64.327276,7396.899262
52,144,1,4471,44.758617,7313.222882
52,144,1,4472,56.783659,7516.436949
52,144,1,4473,-135.028163,7249.469450
52,144,1,4474,86.158063,7277.361576
52,144,1,4475,-32.737329,7502.490885
52,144,1,4476,-92.902781,7486.552527
52,144,1,4477,-59.075919,7173.762249
52,144,1,4478,-47.175428,7458.660400
52,144,1,4479,79.027084,7384.945494
52,144,1,4480,-120.519608,7396.899262
52,144,1,4481,131.316754,7472.606464
52,144,1,4482,-17.554427,7582.182676
52,144,1,4483,-83.927408,7442.722042
52,144,1,4484,33.245636,7598.121034
52,144,1,4485,-8.684739,7382.953199
52,144,1,4486,30.372107,7610.074803
52,144,1,4487,-19.309498,7384.945494
52,144,1,4488,-71.103467,7496.514001
52,144,1,4489,-27.025500,7426.783684
52,144,1,4490,-136.571865,7363.030251
52,144,1,4491,-50.864216,7331.153535
52,144,1,4492,-29.454918,7297.284524
52,144,1,4493,-96.591569,7359.045662
52,144,1,4494,-106.436297,7448.698926
52,144,1,4495,124.540562,7572.221202
52,144,1,4496,2.525044,7446.706632
52,144,1,4497,-49.924405,7388.930083
52,144,1,4498,-127.775139,7586.167265
52,144,1,4499,50.522035,7578.198086
52,144,1,4500,-215.876977,7540.344486
52,144,1,4501,112.780984,7494.521706
52,144,1,4502,58.007802,7462.644990
52,144,1,4503,38.762457,7500.498590
52,144,1,4504,45.928664,7444.714337
52,144,1,4505,64.943773,7333.145830
52,144,1,4506,-70.144789,7317.207472
52,144,1,4507,-187.905363,7622.028571
52,144,1,4508,-177.191280,7486.552527
52,144,1,4509,-53.152721,7408.853031
52,144,1,4510,127.148627,7434.752863
52,144,1,4511,47.418271,7516.436949
52,144,1,4512,79.417100,7428.775979
52,144,1,4513,-64.097040,7470.614169
52,144,1,4514,68.207317,7365.022546
52,144,1,4515,172.380279,7207.631260
52,144,1,4516,107.976244,7050.239973
52,144,1,4517,76.738579,7462.644990
52,144,1,4518,-31.282951,7522.413833
52,144,1,4519,-114.791418,7610.074803
52,144,1,4520,-6.325777,7408.853031
52,144,1,4521,38.177433,7434.752863
52,144,1,4522,-46.945192,7532.375307
52,144,1,4523,-68.725639,7285.330756
52,144,1,4524,12.670464,7534.367601
52,144,1,4525,31.171006,7460.652695
52,144,1,4526,41.405749,7414.829915
52,144,1,4527,-156.757021,7343.107304
52,144,1,4528,10.880166,7285.330756
52,144,1,4529,-89.799017,7548.313665
52,144,1,4530,18.311837,7355.061072
52,144,1,4531,18.062734,7518.429243
52,144,1,4532,-77.825563,7410.845326
52,144,1,4533,25.299397,7566.244318
52,144,1,4534,-166.371513,7506.475475
52,144,1,4535,209.397723,7349.084188
52,144,1,4536,-94.906955,7452.683516
52,144,1,4537,29.096376,7323.184356
52,144,1,4538,-88.610102,7442.722042
52,144,1,4539,19.836672,7478.583348
52,144,1,4540,48.341721,7285.330756
52,144,1,4541,201.362161,7450.691221
52,144,1,4542,5.753360,7426.783684
52,144,1,4543,-28.249643,7480.575643
52,144,1,4544,-93.133017,7412.837621
52,144,1,4545,75.408752,7361.037957
52,144,1,4546,56.677975,7361.037957
52,144,1,4547,49.086524,7321.192061
52,144,1,4548,0.147216,7657.889877
52,144,1,4549,132.825227,7307.245998
52,144,1,4550,-81.248887,7408.853031
52,144,1,4551,-99.164405,7548.313665
52,144,1,4552,123.229603,7233.531092
52,144,1,4553,-211.104959,7406.860736
52,144,1,4554,-106.116738,7388.930083
52,144,1,4555,36.617371,7259.430924
52,144,1,4556,69.182356,7474.598758
52,144,1,4557,-26.459344,7729.612489
52,144,1,4558,173.905114,7331.153535
52,144,1,4559,64.979001,7384.945494
52,144,1,4560,-124.067484,7476.591053
52,144,1,4561,-49.658941,7514.444654
52,144,1,4562,-83.377613,7456.668105
52,144,1,4563,-145.032671,7369.007136
52,144,1,4564,132.045196,7219.585028
52,144,1,4565,68.153222,7550.305960
52,144,1,4566,9.211912,7480.575643
52,144,1,4567,-99.056215,7177.746838
52,144,1,4568,76.083099,7293.299935
52,144,1,4569,27.482218,7333.145830
52,144,1,4570,216.439379,7374.984020
52,144,1,4571,-31.087943,7544.329075
52,144,1,4572,-71.829403,7223.569618
52,144,1,4573,44.493153,7187.708312
52,144,1,4574,-3.292469,7367.014841
52,144,1,4575,30.071415,7432.760568
52,144,1,4576,8.342557,7526.398422
52,144,1,4577,-28.409422,7510.460064
52,144,1,4578,-141.289788,7311.230587
52,144,1,4579,84.099794,7428.775979
52,144,1,4580,58.736244,7209.623554
52,144,1,4581,-106.401069,7500.498590
52,144,1,4582,82.805196,7378.968610
52,144,1,4583,7.332290,7365.022546
52,144,1,4584,55.453833,7414.829915
52,144,1,4585,-3.947949,7197.669786
52,144,1,4586,-30.714288,7299.276819
52,144,1,4587,140.061891,7355.061072
52,144,1,4588,-149.005790,7353.068778
52,144,1,4589,-32.257990,7412.837621
52,144,1,4590,88.143370,7548.313665
52,144,1,4591,47.401910,7227.554207
52,144,1,4592,-86.746841,7269.392397
52,144,1,4593,-43.077757,7392.914673
52,144,1,4594,17.567034,7319.199767
52,144,1,4595,110.422023,7468.621874
52,144,1,4596,-18.564695,7420.806800
52,144,1,4597,75.674216,7486.552527
52,144,1,4598,-62.588566,7305.253703
52,144,1,4599,0.680650,7382.953199
52,144,1,4600,95.149797,7522.413833
52,144,1,4601,22.853619,7147.862417
52,144,1,4602,76.348563,7418.814505
52,144,1,4603,-22.093703,7263.415513
52,144,1,4604,55.453833,7414.829915
52,144,1,4605,129.383036,7542.336780
52,144,1,4606,84.294802,7450.691221
52,144,1,4607,-0.543492,7436.745158
52,144,1,4608,110.386795,7416.822210
52,144,1,4609,-199.770625,7388.930083
52,144,1,4610,37.521954,7265.407808
52,144,1,4611,-149.236026,7279.353871
52,144,1,4612,186.853606,7303.261408
52,144,1,4613,-21.402995,7484.560232
52,144,1,4614,96.178932,7446.706632
52,144,1,4615,57.387550,7345.099599
52,144,1,4616,148.008129,7386.937789
52,144,1,4617,96.428035,7283.338461
52,144,1,4618,1.585233,7388.930083
52,144,1,4619,57.582558,7367.014841
52,144,1,4620,-103.172753,7480.575643
52,144,1,4621,-52.833162,7349.084188
52,144,1,4622,-129.299973,7462.644990
52,144,1,4623,49.262664,7580.190381
52,144,1,4624,-79.439721,7420.806800
52,144,1,4625,86.973323,7416.822210
52,144,1,4626,-71.138695,7444.714337
52,144,1,4627,-1.518531,7327.168946
52,144,1,4628,53.750351,7558.275139
52,144,1,4629,147.848350,7416.822210
52,144,1,4630,-78.624462,7560.267433
52,144,1,4631,-11.043700,7357.053367
52,144,1,4632,94.104302,7309.238293
52,144,1,4633,-23.548081,7243.492565
52,144,1,4634,-38.909630,7430.768274
52,144,1,4635,-42.793426,7281.346166
52,144,1,4636,-34.562856,7201.654375
52,144,1,4637,-28.000540,7317.207472
52,144,1,4638,77.253146,7424.791389
52,144,1,4639,-39.760118,7239.507976
52,144,1,4640,-113.228849,7259.430924
52,144,1,4641,45.573877,7452.683516
52,144,1,4642,40.801859,7586.167265
52,144,1,4643,88.127009,7259.430924
52,144,1,4644,-106.525620,7582.182676
52,144,1,4645,142.881324,7528.390717
52,144,1,4646,-26.386382,7307.245998
52,144,1,4647,-57.285620,7422.799094
52,144,1,4648,-24.382208,7341.115009
52,144,1,4649,63.186196,7661.874467
52,144,1,4650,10.400827,7374.984020
52,144,1,4651,56.092951,7295.292229
52,144,1,4652,-266.162473,7486.552527
52,144,1,4653,-99.359413,7526.398422
52,144,1,4654,-178.662019,7177.746838
52,144,1,4655,-27.095957,7323.184356
52,144,1,4656,85.269841,7560.267433
52,144,1,4657,66.788167,7396.899262
52,144,1,4658,-71.618034,7534.367601
52,144,1,4659,186.959291,7458.660400
52,144,1,4660,-13.207653,7353.068778
52,144,1,4661,20.245554,7285.330756
52,144,1,4662,-110.089857,7372.991725
52,144,1,4663,108.328526,7568.236612
52,144,1,4664,44.065403,7618.043982
52,144,1,4665,91.780569,7335.138125
52,144,1,4666,75.373524,7309.238293
52,144,1,4667,48.412177,7388.930083
52,144,1,4668,-58.404078,7631.990045
52,144,1,4669,74.450074,7540.344486
52,144,1,4670,-122.044443,7273.376987
52,144,1,4671,98.591988,7287.323050
52,144,1,4672,-65.852110,7273.376987
52,144,1,4673,185.114897,7394.906968
52,144,1,4674,-45.791506,7374.984020
52,144,1,4675,-105.442391,7321.192061
52,144,1,4676,42.080096,7347.091893
52,144,1,4677,250.139184,7669.843646
52,144,1,4678,50.186115,7349.084188
52,144,1,4679,17.336798,7245.484860
52,144,1,4680,-46.251978,7227.554207
52,144,1,4681,97.492398,7259.430924
52,144,1,4682,37.397402,7347.091893
52,144,1,4683,-55.920565,7576.205792
52,144,1,4684,63.489395,7313.222882
52,144,1,4685,-27.840760,7287.323050
52,144,1,4686,-34.847187,7313.222882
52,144,1,4687,-50.403744,7478.583348
52,144,1,4688,-10.033433,7518.429243
52,144,1,4689,86.848771,7498.506296
52,144,1,4690,-24.701767,7400.883852
52,144,1,4691,25.513272,7351.076483
52,144,1,4692,-74.916807,7450.691221
52,144,1,4693,-60.993275,7532.375307
52,144,1,4694,-64.256819,7500.498590
52,144,1,4695,-72.823310,7351.076483
52,144,1,4696,10.046039,7382.953199
52,144,1,4697,5.788588,7478.583348
52,144,1,4698,27.552674,7436.745158
52,144,1,4699,157.977409,7215.600439
52,144,1,4700,11.145630,7410.845326
52,144,1,4701,6.427707,7359.045662
52,144,1,4702,-82.738494,7337.130419
52,144,1,4703,123.530295,7410.845326
52,144,1,4704,-52.142454,7570.228907
52,144,1,4705,-138.557171,7092.078163
52,144,1,4706,-37.065236,7494.521706
52,144,1,4707,82.111981,7683.789709
52,144,1,4708,-64.912299,7331.153535
52,144,1,4709,124.824893,7460.652695
52,144,1,4710,-7.939935,7418.814505
52,144,1,4711,-10.458676,7422.799094
52,144,1,4712,-56.221257,7398.891557
52,144,1,4713,-69.204978,7374.984020
52,144,1,4714,-69.045198,7345.099599
52,144,1,4715,32.820392,7502.490885
52,144,1,4716,40.926410,7504.483180
52,144,1,4717,148.717704,7370.999431
52,144,1,4718,-134.957707,7353.068778
52,144,1,4719,-99.039854,7466.629579
52,144,1,4720,73.315255,7460.652695
52,144,1,4721,-175.647578,7372.991725
52,144,1,4722,-119.509341,7558.275139
52,144,1,4723,-33.303486,7199.662081
52,144,1,4724,37.237622,7376.976315
52,144,1,4725,3.854871,7548.313665
52,144,1,4726,-18.350819,7205.638965
52,144,1,4727,-111.118991,7448.698926
52,144,1,4728,-195.461585,7633.982340
52,144,1,4729,100.062728,7596.128739
52,144,1,4730,-104.023240,7289.315345
52,144,1,4731,100.081595,7359.045662
52,144,1,4732,137.897937,7351.076483
52,144,1,4733,28.812045,7434.752863
52,144,1,4734,59.516275,7297.284524
52,144,1,4735,51.071830,7592.144150
52,144,1,4736,142.066064,7388.930083
52,144,1,4737,-36.975913,7361.037957
52,144,1,4738,-0.153476,7480.575643
52,144,1,4739,-121.088271,7620.036276
52,144,1,4740,146.908539,7359.045662
52,144,1,4741,13.504591,7436.745158
52,144,1,4742,-41.907710,7524.406128
52,144,1,4743,-28.745343,7281.346166
52,144,1,4744,1.230446,7396.899262
52,144,1,4745,-64.202724,7315.215177
52,144,1,4746,-95.527206,7335.138125
52,144,1,4747,14.888513,7353.068778
52,144,1,4748,86.564440,7610.074803
52,144,1,4749,-65.036851,7412.837621
52,144,1,4750,48.111485,7211.615849
52,144,1,4751,24.164578,7486.552527
52,144,1,4752,-153.317336,7633.982340
52,144,1,4753,19.162325,7546.321370
52,144,1,4754,-46.092198,7197.669786
52,144,1,4755,-72.487389,7580.190381
52,144,1,4756,45.663200,7319.199767
52,144,1,4757,134.155054,7408.853031
52,144,1,4758,12.759788,7400.883852
52,144,1,4759,49.582224,7520.421538
52,144,1,4760,-102.799098,7235.523386
52,144,1,4761,130.482627,7570.228907
52,144,1,4762,63.595079,7468.621874
52,144,1,4763,31.756029,7526.398422
52,144,1,4764,-98.880074,7436.745158
52,144,1,4765,44.634065,7394.906968
52,144,1,4766,14.214166,7420.806800
52,144,1,4767,-128.146287,7305.253703
52,144,1,4768,-94.996278,7586.167265
52,144,1,4769,22.000625,7482.567937
52,144,1,4770,-66.065985,7488.544822
52,144,1,4771,104.569281,7337.130419
52,144,1,4772,108.807865,7478.583348
52,144,1,4773,-40.932671,7633.982340
52,144,1,4774,97.367846,7341.115009
52,144,1,4775,13.983930,7347.091893
52,144,1,4776,24.343225,7219.585028
52,144,1,4777,38.266757,7301.269114
52,144,1,4778,80.091447,7361.037957
52,144,1,4779,16.768135,7468.621874
52,144,1,4780,41.476206,7518.429243
52,144,1,4781,5.718132,7374.984020
52,144,1,4782,-15.940269,7572.221202
52,144,1,4783,107.973738,7576.205792
52,144,1,4784,-129.814541,7500.498590
52,144,1,4785,35.144125,7476.591053
52,144,1,4786,-124.582051,7514.444654
52,144,1,4787,56.163408,7398.891557
52,144,1,4788,12.759788,7400.883852
52,144,1,4789,118.457585,7367.014841
52,144,1,4790,-0.047792,7635.974635
52,144,1,4791,-87.935755,7374.984020
52,144,1,4792,-74.526791,7494.521706
52,144,1,4793,123.671207,7618.043982
52,144,1,4794,-3.717713,7271.384692
52,144,1,4795,45.503420,7349.084188
52,144,1,4796,-32.523454,7287.323050
52,144,1,4797,13.325944,7703.712657
52,144,1,4798,150.881658,7374.984020
52,144,1,4799,-130.629800,7361.037957
52,144,1,4800,-67.146709,7223.569618
52,144,1,4801,24.803697,7367.014841
52,144,1,4802,101.411421,7460.652695
52,144,1,4803,88.018818,7629.997750
52,144,1,4804,112.461425,7554.290549
52,144,1,4805,-73.373105,7337.130419
52,144,1,4806,-94.817631,7319.199767
52,144,1,4807,-21.917562,7522.413833
52,144,1,4808,-8.205399,7293.299935
52,144,1,4809,4.209658,7540.344486
52,144,1,4810,-82.296889,7721.643310
52,144,1,4811,6.993863,7661.874467
52,144,1,4812,41.175513,7341.115009
52,144,1,4813,24.040027,7568.236612
52,144,1,4814,267.594230,7382.953199
52,144,1,4815,66.273600,7434.752863
52,144,1,4816,107.743502,7502.490885
52,144,1,4817,-12.923322,7241.500271
52,144,1,4818,102.706020,7510.460064
52,144,1,4819,12.954796,7422.799094
52,144,1,4820,40.465938,7357.053367
52,144,1,4821,-15.637071,7223.569618
52,144,1,4822,-217.881151,7506.475475
52,144,1,4823,-166.531293,7536.359896
52,144,1,4824,-47.706356,7207.631260
52,144,1,4825,-86.746841,7269.392397
52,144,1,4826,20.795350,7299.276819
52,144,1,4827,35.978252,7378.968610
52,144,1,4828,-38.395063,7392.914673
52,144,1,4829,37.841513,7205.638965
52,144,1,4830,40.005466,7209.623554
52,144,1,4831,33.245636,7598.121034
52,144,1,4832,-48.434799,7460.652695
52,144,1,4833,-142.690070,7106.024226
52,144,1,4834,-124.368176,7299.276819
52,144,1,4835,-114.702095,7476.591053
52,144,1,4836,3.518951,7319.199767
52,144,1,4837,105.739328,7468.621874
52,144,1,4838,-148.420767,7418.814505
52,144,1,4839,115.565189,7616.051687
52,144,1,4840,-89.213993,7614.059392
52,144,1,4841,-28.994446,7444.714337
52,144,1,4842,-2.033099,7365.022546
52,144,1,4843,-82.508258,7410.845326
52,144,1,4844,-57.090612,7444.714337
52,144,1,4845,54.763125,7193.685196
52,144,1,4846,74.130515,7600.113329
52,144,1,4847,-22.573042,7353.068778
52,144,1,4848,22.780656,7570.228907
52,144,1,4849,71.560185,7263.415513
52,144,1,4850,-70.838003,7622.028571
52,144,1,4851,-77.665784,7380.960904
52,144,1,4852,-12.817638,7396.899262
52,144,1,4853,-184.677047,7602.105623
52,144,1,4854,24.129350,7434.752863
52,144,1,4855,-27.965311,7369.007136
52,144,1,4856,81.421274,7462.644990
52,144,1,4857,-60.034597,7353.068778
52,144,1,4858,-54.802107,7367.014841
52,144,1,4859,-10.298897,7392.914673
52,144,1,4860,-6.556013,7335.138125
52,144,1,4861,-70.642995,7643.943814
52,144,1,4862,92.560600,7422.799094
52,144,1,4863,-66.296221,7414.829915
52,144,1,4864,127.164987,7723.635604
52,144,1,4865,16.023332,7432.760568
52,144,1,4866,7.687078,7357.053367
52,144,1,4867,48.322853,7522.413833
52,144,1,4868,28.332705,7524.406128
52,144,1,4869,-115.251890,7462.644990
52,144,1,4870,43.764711,7440.729747
52,144,1,4871,-212.754346,7365.022546
52,144,1,4872,52.366429,7641.951519
52,144,1,4873,90.805530,7225.561913
52,144,1,4874,111.946857,7592.144150
52,144,1,4875,5.133109,7309.238293
52,144,1,4876,62.140701,7448.698926
52,144,1,4877,-14.697260,7281.346166
52,144,1,4878,-10.848692,7378.968610
52,144,1,4879,-48.629806,7438.737453
52,144,1,4880,39.027921,7626.013161
52,144,1,4881,-158.246627,7271.384692
52,144,1,4882,69.111900,7370.999431
52,144,1,4883,-14.467024,7355.061072
52,144,1,4884,-80.999784,7245.484860
52,144,1,4885,5.574713,7693.751183
52,144,1,4886,100.915721,7261.423218
52,144,1,4887,-34.492400,7305.253703
52,144,1,4888,-49.853949,7492.529411
52,144,1,4889,-74.012224,7456.668105
52,144,1,4890,-72.557846,7476.591053
52,144,1,4891,-136.127754,7221.577323
52,144,1,4892,-16.825985,7329.161240
52,144,1,4893,57.653014,7470.614169
52,144,1,4894,-72.877405,7536.359896
52,144,1,4895,-161.759275,7402.876147
52,144,1,4896,8.680984,7229.546502
52,144,1,4897,-27.345060,7486.552527
52,144,1,4898,169.097868,7412.837621
52,144,1,4899,140.362583,7532.375307
52,144,1,4900,-68.885418,7315.215177
52,144,1,4901,98.253562,7584.174971
52,144,1,4902,171.386373,7335.138125
52,144,1,4903,60.615866,7325.176651
52,144,1,4904,-109.894849,7394.906968
52,144,1,4905,158.278101,7392.914673
52,144,1,4906,65.119913,7592.144150
52,144,1,4907,102.830572,7428.775979
52,144,1,4908,144.584805,7384.945494
52,144,1,4909,54.443565,7253.454039
52,144,1,4910,69.962388,7562.259728
52,144,1,4911,-32.417770,7442.722042
52,144,1,4912,-0.383712,7406.860736
52,144,1,4913,76.668123,7359.045662
52,144,1,4914,-83.713533,7227.554207
52,144,1,4915,-82.454162,7225.561913
52,144,1,4916,112.745756,7442.722042
52,144,1,4917,48.766964,7380.960904
52,144,1,4918,22.320184,7422.799094
52,144,1,4919,-217.951607,7402.876147
52,144,1,4920,23.259995,7480.575643
52,144,1,4921,-3.717713,7271.384692
52,144,1,4922,89.971403,7323.184356
52,144,1,4923,-57.250392,7474.598758
52,144,1,4924,-99.624877,7400.883852
52,144,1,4925,-49.109146,7528.390717
52,144,1,4926,70.300814,7265.407808
52,144,1,4927,1.815469,7462.644990
52,144,1,4928,-125.857782,7227.554207
52,144,1,4929,-31.334540,7181.731428
52,144,1,4930,-69.684317,7464.637285
52,144,1,4931,-80.699092,7422.799094
52,144,1,4932,153.950194,7384.945494
52,144,1,4933,-38.839174,7534.367601
52,144,1,4934,-15.301150,7452.683516
52,144,1,4935,-176.002366,7380.960904
52,144,1,4936,-81.338211,7542.336780
52,144,1,4937,75.425113,7649.920698
52,144,1,4938,5.257660,7227.554207
52,144,1,4939,119.787411,7468.621874
52,144,1,4940,72.605680,7476.591053
52,144,1,4941,-173.608176,7458.660400
52,144,1,4942,-76.920980,7416.822210
52,144,1,4943,-55.741918,7309.238293
52,144,1,4944,13.239127,7311.230587
52,144,1,4945,110.262243,7498.506296
52,144,1,4946,-104.006879,7578.198086
52,144,1,4947,-28.869894,7363.030251
52,144,1,4948,163.386039,7488.544822
52,144,1,4949,64.534890,7526.398422
52,144,1,4950,70.566278,7390.922378
52,144,1,4951,78.902533,7466.629579
52,144,1,4952,60.881330,7450.691221
52,144,1,4953,-110.693748,7544.329075
52,144,1,4954,-76.512098,7223.569618
52,144,1,4955,-92.743001,7456.668105
52,144,1,4956,-65.870977,7510.460064
52,144,1,4957,-70.588900,7458.660400
52,144,1,4958,-3.203146,7233.531092
52,144,1,4959,122.216829,7598.121034
52,144,1,4960,18.647757,7584.174971
52,144,1,4961,47.063483,7524.406128
52,144,1,4962,45.822980,7289.315345
52,144,1,4963,-125.077751,7315.215177
52,144,1,4964,131.265165,7131.924058
52,144,1,4965,-46.200389,7568.236612
52,144,1,4966,104.320178,7500.498590
52,144,1,4967,-152.819130,7307.245998
52,144,1,4968,-183.718368,7422.799094
52,144,1,4969,100.791170,7343.107304
52,144,1,4970,-42.527962,7406.860736
52,144,1,4971,21.326278,7550.305960
52,144,1,4972,-19.859293,7370.999431
52,144,1,4973,-62.978582,7261.423218
52,144,1,4974,116.523867,7436.745158
52,144,1,4975,76.473115,7337.130419
52,144,1,4976,18.861632,7369.007136
52,144,1,4977,-69.790001,7309.238293
52,144,1,4978,-73.852444,7426.783684
52,144,1,4979,203.580210,7269.392397
52,144,1,4980,-112.538142,7480.575643
52,144,1,4981,-20.108396,7534.367601
52,144,1,4982,33.548834,7249.469450
52,144,1,4983,109.411755,7307.245998
52,144,1,4984,-174.477531,7504.483180
52,144,1,4985,94.990017,7552.298254
52,144,1,4986,-239.360905,7436.745158
52,144,1,4987,65.813128,7287.323050
52,144,1,4988,-38.289378,7548.313665
52,144,1,4989,102.795344,7376.976315
52,144,1,4990,-35.131519,7424.791389
52,144,1,4991,-42.297726,7480.575643
52,144,1,4992,5.043785,7442.722042
52,144,1,4993,-30.448824,7424.791389
52,144,1,4994,-91.927742,7596.128739
52,144,1,4995,-171.994018,7448.698926
52,144,1,4996,-76.281862,7297.284524
52,144,1,4997,56.323187,7369.007136
52,144,1,4998,1.975249,7432.760568
52,144,1,4999,13.415268,7570.228907
50,67,1,0,-23.832412,7355.061072
50,67,1,1,91.886253,7490.537117
50,67,1,2,-45.916058,7456.668105
50,67,1,3,-24.755863,7586.167265
50,67,1,4,28.741588,7331.153535
50,67,1,5,47.578050,7486.552527
50,67,1,6,45.945025,7733.597078
50,67,1,7,-12.072834,7432.760568
50,67,1,8,-15.176599,7370.999431
50,67,1,9,-22.678726,7197.669786
50,67,1,10,19.535979,7301.269114
50,67,1,11,106.714367,7578.198086
50,67,1,12,68.916892,7349.084188
50,67,1,13,61.750685,7404.868442
50,67,1,14,-0.028925,7398.891557
50,67,1,15,-145.121994,7502.490885
50,67,1,16,-127.986508,7275.369282
50,67,1,17,-20.178853,7430.768274
50,67,1,18,-95.527206,7335.138125
50,67,1,19,-26.936177,7293.299935
50,67,1,20,-16.915308,7462.644990
50,67,1,21,-6.006218,7349.084188
50,67,1,22,118.847600,7410.845326
50,67,1,23,-94.906955,7452.683516
50,67,1,24,208.103125,7299.276819
50,67,1,25,124.930578,7616.051687
50,67,1,26,55.472700,7177.746838
50,67,1,27,-13.811544,7524.406128
50,67,1,28,20.706026,7432.760568
50,67,1,29,-98.276183,7265.407808
50,67,1,30,4.778321,7317.207472
50,67,1,31,-7.354912,7484.560232
50,67,1,32,-8.224267,7530.383012
50,67,1,33,56.109312,7584.174971
50,67,1,34,35.358000,7261.423218
50,67,1,35,-34.316259,7564.252023
50,67,1,36,-93.203473,7309.238293
50,67,1,37,-220.399892,7510.460064
50,67,1,38,135.804440,7450.691221
50,67,1,39,1.921153,7618.043982
50,67,1,40,-95.226514,7512.452359
50,67,1,41,-95.776310,7498.506296
50,67,1,42,56.818887,7568.236612
50,67,1,43,132.717037,7677.812825
50,67,1,44,-43.822560,7357.053367
50,67,1,45,-205.322674,7434.752863
50,67,1,46,-30.643832,7402.876147
50,67,1,47,12.405000,7408.853031
50,67,1,48,-67.715371,7446.706632
50,67,1,49,161.027078,7462.644990
50,67,1,50,88.108142,7496.514001
50,67,1,51,-56.399904,7665.859056
50,67,1,52,-28.479879,7406.860736
50,67,1,53,-22.627137,7538.352191
50,67,1,54,14.108482,7265.407808
50,67,1,55,238.379605,7592.144150
50,67,1,56,-122.702429,7629.997750
50,67,1,57,-29.189454,7422.799094
50,67,1,58,248.988004,7301.269114
50,67,1,59,52.970320,7470.614169
50,67,1,60,103.450823,7546.321370
50,67,1,61,-16.985765,7359.045662
50,67,1,62,-29.953124,7624.020866
50,67,1,63,95.824144,7454.675811
50,67,1,64,66.433379,7404.868442
50,67,1,65,-105.461258,7558.275139
50,67,1,66,-89.249221,7562.259728
50,67,1,67,110.121331,7291.307640
50,67,1,68,-44.551003,7610.074803
50,67,1,69,15.243301,7345.099599
50,67,1,70,-0.064153,7347.091893
50,67,1,71,30.745762,7365.022546
50,67,1,72,122.980499,7396.899262
50,67,1,73,27.073335,7526.398422
50,67,1,74,-48.648674,7675.820530
50,67,1,75,6.533392,7514.444654
50,67,1,76,-68.993609,7685.782004
50,67,1,77,171.226593,7365.022546
50,67,1,78,47.242130,7257.438629
50,67,1,79,7.332290,7365.022546
50,67,1,80,-97.479791,7641.951519
50,67,1,81,10.790842,7418.814505
50,67,1,82,95.770049,7639.959224
50,67,1,83,-12.871733,7582.182676
50,67,1,84,25.318264,7329.161240
50,67,1,85,17.975917,7125.947174
50,67,1,86,-148.580546,7448.698926
50,67,1,87,21.185365,7343.107304
50,67,1,88,-74.367011,7464.637285
50,67,1,89,-63.831576,7596.128739
50,67,1,90,-19.983845,7452.683516
50,67,1,91,-65.497323,7265.407808
50,67,1,92,78.317509,7400.883852
50,67,1,93,51.339801,7191.692901
50,67,1,94,86.653763,7476.591053
50,67,1,95,-44.461679,7476.591053
50,67,1,96,-18.954710,7376.976315
50,67,1,97,4.884005,7472.606464
50,67,1,98,50.681815,7548.313665
50,67,1,99,17.087695,7408.853031
50,67,1,100,-104.432123,7482.567937
50,67,1,101,-43.716876,7512.452359
50,67,1,102,10.151723,7538.352191
50,67,1,103,-48.895270,7313.222882
50,67,1,104,87.133102,7386.937789
50,67,1,105,-46.038103,7012.386372
50,67,1,106,32.820392,7502.490885
50,67,1,107,-60.408252,7598.121034
50,67,1,108,5.133109,7309.238293
50,67,1,109,-121.139860,7279.353871
50,67,1,110,10.736747,7604.097918
50,67,1,111,40.447071,7594.136444
50,67,1,112,-43.752104,7460.652695
50,67,1,113,-52.692249,7556.282844
50,67,1,114,89.172504,7472.606464
50,67,1,115,38.478126,7612.067097
50,67,1,116,-79.954289,7458.660400
50,67,1,117,-75.856618,7392.914673
50,67,1,118,0.166083,7420.806800
50,67,1,119,135.858536,7265.407808
50,67,1,120,-100.068988,7542.336780
50,67,1,121,-81.284115,7357.053367
50,67,1,122,14.799190,7486.552527
50,67,1,123,94.545906,7693.751183
50,67,1,124,-97.850940,7361.037957
50,67,1,125,7.597754,7490.537117
50,67,1,126,144.725718,7592.144150
50,67,1,127,-10.688912,7349.084188
50,67,1,128,-144.128088,7374.984020
50,67,1,129,-88.875566,7317.207472
50,67,1,130,-144.767207,7494.521706
50,67,1,131,-158.390046,7590.151855
50,67,1,132,19.181192,7309.238293
50,67,1,133,23.224767,7428.775979
50,67,1,134,-105.212155,7394.906968
50,67,1,135,-115.926237,7530.383012
50,67,1,136,-30.058809,7468.621874
50,67,1,137,51.710949,7472.606464
50,67,1,138,85.039605,7486.552527
50,67,1,139,-83.908541,7205.638965
50,67,1,140,-207.096612,7474.598758
50,67,1,141,-94.782403,7370.999431
50,67,1,142,-170.165985,7223.569618
50,67,1,143,-112.892929,7488.544822
50,67,1,144,-107.110644,7516.436949
50,67,1,145,59.995614,7207.631260
50,67,1,146,-61.648755,7363.030251
50,67,1,147,50.611358,7444.714337
50,67,1,148,-63.866804,7544.329075
50,67,1,149,-66.756693,7267.400103
50,67,1,150,-18.209907,7412.837621
50,67,1,151,-13.296977,7486.552527
50,67,1,152,69.875570,7169.777659
50,67,1,153,88.871812,7295.292229
50,67,1,154,20.706026,7432.760568
50,67,1,155,-68.389718,7514.444654
50,67,1,156,119.538308,7631.990045
50,67,1,157,-65.711198,7480.575643
50,67,1,158,-84.761535,7540.344486
50,67,1,159,-53.328862,7149.854711
50,67,1,160,25.193713,7410.845326
50,67,1,161,151.946020,7351.076483
50,67,1,162,22.994531,7355.061072
50,67,1,163,133.144787,7247.477155
50,67,1,164,-22.927830,7361.037957
50,67,1,165,14.958969,7456.668105
50,67,1,166,-13.811544,7524.406128
50,67,1,167,-99.234862,7444.714337
50,67,1,168,46.513688,7510.460064
50,67,1,169,206.098951,7265.407808
50,67,1,170,51.356162,7480.575643
50,67,1,171,-76.016398,7422.799094
50,67,1,172,-23.672633,7325.176651
50,67,1,173,43.355828,7633.982340
50,67,1,174,-50.723304,7538.352191
50,67,1,175,-17.270096,7470.614169
50,67,1,176,-11.967150,7588.159560
50,67,1,177,4.884005,7472.606464
50,67,1,178,100.382287,7536.359896
50,67,1,179,99.477704,7530.383012
50,67,1,180,-118.071323,7289.315345
50,67,1,181,-26.811625,7211.615849
50,67,1,182,-54.127760,7299.276819
50,67,1,183,47.773058,7508.467769
50,67,1,184,31.791257,7578.198086
50,67,1,185,105.953203,7253.454039
50,67,1,186,94.315671,7620.036276
50,67,1,187,-93.877820,7376.976315
50,67,1,188,85.695085,7655.897582
50,67,1,189,-96.965224,7604.097918
50,67,1,190,162.765788,7370.999431
50,67,1,191,-30.094037,7416.822210
50,67,1,192,-50.793760,7434.752863
50,67,1,193,-104.857367,7386.937789
50,67,1,194,169.257648,7382.953199
50,67,1,195,55.629973,7673.828235
50,67,1,196,-102.108390,7456.668105
50,67,1,197,-60.603260,7576.205792
50,67,1,198,-82.898273,7367.014841
50,67,1,199,18.152057,7384.945494
50,67,1,200,-7.585148,7410.845326
50,67,1,201,27.712454,7406.860736
50,67,1,202,-10.388220,7526.398422
50,67,1,203,134.580298,7504.483180
50,67,1,204,204.465926,7512.452359
50,67,1,205,-196.117065,7464.637285
50,67,1,206,-9.128850,7524.406128
50,67,1,207,28.511352,7257.438629
50,67,1,208,-127.455579,7526.398422
50,67,1,209,112.320512,7347.091893
50,67,1,210,-101.168579,7514.444654
50,67,1,211,96.533719,7438.737453
50,67,1,212,-146.061805,7444.714337
50,67,1,213,-14.077008,7398.891557
50,67,1,214,8.697345,7518.429243
50,67,1,215,42.629892,7361.037957
50,67,1,216,-45.791506,7374.984020
50,67,1,217,41.405749,7414.829915
50,67,1,218,-104.502579,7378.968610
50,67,1,219,-138.665362,7462.644990
50,67,1,220,-152.163650,7476.591053
50,67,1,221,-133.768793,7247.477155
50,67,1,222,-141.433206,7629.997750
50,67,1,223,-47.229523,7643.943814
50,67,1,224,200.067563,7400.883852
50,67,1,225,188.058882,7486.552527
50,67,1,226,-73.408333,7285.330756
50,67,1,227,64.144874,7482.567937
50,67,1,228,16.112655,7299.276819
50,67,1,229,113.490559,7478.583348
50,67,1,230,-13.421528,7568.236612
50,67,1,231,-147.196624,7365.022546
50,67,1,232,47.223263,7494.521706
50,67,1,233,-65.781654,7376.976315
50,67,1,234,-147.516184,7424.791389
50,67,1,235,-71.014144,7363.030251
50,67,1,236,-71.528711,7400.883852
50,67,1,237,69.342136,7444.714337
50,67,1,238,0.166083,7420.806800
50,67,1,239,45.183861,7408.853031
50,67,1,240,-16.915308,7462.644990
50,67,1,241,-6.734660,7602.105623
50,67,1,242,204.785485,7452.683516
50,67,1,243,-10.193212,7548.313665
50,67,1,244,-57.870644,7357.053367
50,67,1,245,-63.227685,7424.791389
50,67,1,246,-146.771380,7460.652695
50,67,1,247,12.369772,7357.053367
50,67,1,248,24.289130,7404.868442
50,67,1,249,-95.757442,7261.423218
50,67,1,250,33.370187,7516.436949
50,67,1,251,100.471610,7402.876147
50,67,1,252,100.471610,7402.876147
50,67,1,253,-33.801692,7526.398422
50,67,1,254,137.364503,7626.013161
50,67,1,255,-63.812708,7359.045662
50,67,1,256,-98.064815,7576.205792
50,67,1,257,-36.550669,7456.668105
50,67,1,258,22.284956,7370.999431
50,67,1,259,-40.613112,7574.213497
50,67,1,260,-51.733571,7376.976315
50,67,1,261,77.342470,7291.307640
50,67,1,262,21.770389,7408.853031
50,67,1,263,-29.224682,7370.999431
50,67,1,264,-13.597669,7309.238293
50,67,1,265,-116.901276,7420.806800
50,67,1,266,102.971484,7635.974635
50,67,1,267,158.952448,7325.176651
50,67,1,268,119.592404,7446.706632
50,67,1,269,-11.682819,7476.591053
50,67,1,270,-84.016731,7576.205792
50,67,1,271,-135.101126,7671.835940
50,67,1,272,143.341796,7675.820530
50,67,1,273,191.092190,7444.714337
50,67,1,274,12.724560,7349.084188
50,67,1,275,-120.094364,7492.529411
50,67,1,276,133.816627,7705.704951
50,67,1,277,31.951037,7548.313665
50,67,1,278,12.209992,7386.937789
50,67,1,279,-1.678311,7357.053367
50,67,1,280,-46.714956,7606.090213
50,67,1,281,-4.392060,7339.122714
50,67,1,282,14.853285,7301.269114
50,67,1,283,33.619291,7353.068778
50,67,1,284,-86.765708,7506.475475
50,67,1,285,8.467109,7444.714337
50,67,1,286,136.034676,7524.406128
50,67,1,287,-37.135692,7390.922378
50,67,1,288,-89.319677,7458.660400
50,67,1,289,161.487550,7610.074803
50,67,1,290,135.928992,7369.007136
50,67,1,291,68.188450,7602.105623
50,67,1,292,153.931327,7622.028571
50,67,1,293,85.448488,7293.299935
50,67,1,294,-34.226936,7430.768274
50,67,1,295,-7.336045,7247.477155
50,67,1,296,7.118415,7580.190381
50,67,1,297,-4.570707,7606.090213
50,67,1,298,16.502671,7343.107304
50,67,1,299,55.879076,7510.460064
50,67,1,300,11.375866,7484.560232
50,67,1,301,-121.443058,7628.005455
50,67,1,302,-124.473860,7143.877827
50,67,1,303,56.464100,7576.205792
50,67,1,304,126.119492,7510.460064
50,67,1,305,-103.882328,7496.514001
50,67,1,306,22.639744,7363.030251
50,67,1,307,-24.206067,7600.113329
50,67,1,308,217.449646,7536.359896
50,67,1,309,-71.813042,7512.452359
50,67,1,310,-29.189454,7422.799094
50,67,1,311,105.384541,7476.591053
50,67,1,312,-58.439306,7580.190381
50,67,1,313,-10.049793,7229.546502
50,67,1,314,-9.323857,7502.490885
50,67,1,315,17.992278,7414.829915
50,67,1,316,-42.563190,7355.061072
50,67,1,317,-20.249309,7327.168946
50,67,1,318,-32.932337,7480.575643
50,67,1,319,-6.379873,7594.136444
50,67,1,320,43.534475,7367.014841
50,67,1,321,90.112315,7530.383012
50,67,1,322,-9.004298,7442.722042
50,67,1,323,92.276269,7534.367601
50,67,1,324,44.669294,7446.706632
50,67,1,325,170.127003,7337.130419
50,67,1,326,107.868054,7420.806800
50,67,1,327,123.779398,7247.477155
50,67,1,328,88.907040,7347.091893
50,67,1,329,-112.413590,7398.891557
50,67,1,330,-79.634729,7398.891557
50,67,1,331,68.987348,7452.683516
50,67,1,332,-117.079923,7687.774298
50,67,1,333,41.281198,7496.514001
50,67,1,334,-23.158065,7287.323050
50,67,1,335,-62.252646,7534.367601
50,67,1,336,9.921487,7464.637285
50,67,1,337,-59.148881,7596.128739
50,67,1,338,-14.697260,7281.346166
50,67,1,339,20.795350,7299.276819
50,67,1,340,29.860046,7121.962585
50,67,1,341,-46.129933,7671.835940
50,67,1,342,-103.421856,7643.943814
50,67,1,343,65.723804,7420.806800
50,67,1,344,-98.259822,7554.290549
50,67,1,345,34.380455,7677.812825
50,67,1,346,-30.023580,7520.421538
50,67,1,347,-39.069410,7460.652695
50,67,1,348,-46.129933,7671.835940
50,67,1,349,131.211069,7317.207472
50,67,1,350,-32.328446,7309.238293
50,67,1,351,11.145630,7410.845326
50,67,1,352,-66.385545,7548.313665
50,67,1,353,-28.710115,7333.145830
50,67,1,354,-12.587402,7470.614169
50,67,1,355,-15.637071,7223.569618
50,67,1,356,76.844263,7618.043982
50,67,1,357,-71.723719,7378.968610
50,67,1,358,-63.742252,7462.644990
50,67,1,359,99.832492,7522.413833
50,67,1,360,114.270590,7566.244318
50,67,1,361,79.753020,7657.889877
50,67,1,362,12.813883,7215.600439
50,67,1,363,36.528047,7392.914673
50,67,1,364,-95.066735,7482.567937
50,67,1,365,-25.145878,7542.336780
50,67,1,366,-64.592740,7271.384692
50,67,1,367,57.937345,7359.045662
50,67,1,368,138.358409,7498.506296
50,67,1,369,-0.881919,7733.597078
50,67,1,370,30.036187,7380.960904
50,67,1,371,74.060058,7496.514001
50,67,1,372,95.504585,7514.444654
50,67,1,373,-28.390555,7273.376987
50,67,1,374,24.963477,7337.130419
50,67,1,375,-6.149637,7667.851351
50,67,1,376,-84.761535,7540.344486
50,67,1,377,-36.390889,7426.783684
50,67,1,378,-150.549492,7466.629579
50,67,1,379,-77.080760,7446.706632
50,67,1,380,-52.229271,7177.746838
50,67,1,381,79.222092,7406.860736
50,67,1,382,-4.161824,7412.837621
50,67,1,383,40.642079,7616.051687
50,67,1,384,-52.177682,7518.429243
50,67,1,385,10.931755,7626.013161
50,67,1,386,22.425869,7578.198086
50,67,1,387,137.383370,7388.930083
50,67,1,388,-65.356410,7472.606464
50,67,1,389,-84.991771,7466.629579
50,67,1,390,-117.930411,7496.514001
50,67,1,391,-39.459425,7416.822210
50,67,1,392,13.913474,7243.492565
50,67,1,393,-90.029253,7474.598758
50,67,1,394,-85.026999,7414.829915
50,67,1,395,73.493902,7193.685196
50,67,1,396,-138.559678,7618.043982
50,67,1,397,149.107720,7414.829915
50,67,1,398,51.285705,7376.976315
50,67,1,399,164.361078,7598.121034
50,67,1,400,100.826398,7394.906968
50,67,1,401,106.094116,7460.652695
50,67,1,402,89.172504,7472.606464
50,67,1,403,125.001034,7719.651015
50,67,1,404,13.450496,7622.028571
50,67,1,405,-70.499576,7325.176651
50,67,1,406,-258.801258,7452.683516
50,67,1,407,-152.304562,7269.392397
50,67,1,408,-19.664285,7392.914673
50,67,1,409,-36.780905,7382.953199
50,67,1,410,151.076666,7396.899262
50,67,1,411,-82.613942,7255.446334
50,67,1,412,14.834418,7538.352191
50,67,1,413,-104.786911,7490.537117
50,67,1,414,-5.440062,7651.912993
50,67,1,415,-6.680565,7416.822210
50,67,1,416,-10.388220,7526.398422
50,67,1,417,126.918391,7361.037957
50,67,1,418,-59.219338,7492.529411
50,67,1,419,-1.323523,7349.084188
50,67,1,420,34.434550,7492.529411
50,67,1,421,-76.601421,7357.053367
50,67,1,422,125.339461,7422.799094
50,67,1,423,-50.279193,7396.899262
50,67,1,424,63.329615,7343.107304
50,67,1,425,163.174670,7177.746838
50,67,1,426,166.330024,7580.190381
50,67,1,427,136.478787,7382.953199
50,67,1,428,40.785498,7297.284524
50,67,1,429,70.601506,7442.722042
50,67,1,430,52.970320,7470.614169
50,67,1,431,98.591988,7287.323050
50,67,1,432,76.524704,7677.812825
50,67,1,433,140.682142,7472.606464
50,67,1,434,-6.325777,7408.853031
50,67,1,435,8.448242,7681.797414
50,67,1,436,20.421695,7544.329075
50,67,1,437,1.834336,7225.561913
50,67,1,438,-17.890348,7353.068778
50,67,1,439,134.704849,7422.799094
50,67,1,440,-114.046615,7645.936108
50,67,1,441,32.305825,7540.344486
50,67,1,442,-95.101963,7430.768274
50,67,1,443,-161.190612,7179.739133
50,67,1,444,-33.587817,7311.230587
50,67,1,445,-61.773307,7444.714337
50,67,1,446,-103.278437,7325.176651
50,67,1,447,-123.003121,7452.683516
50,67,1,448,21.930169,7378.968610
50,67,1,449,63.026416,7691.758888
50,67,1,450,-100.564688,7343.107304
50,67,1,451,-122.718790,7341.115009
50,67,1,452,59.356496,7327.168946
50,67,1,453,226.230012,7470.614169
50,67,1,454,12.228860,7149.854711
50,67,1,455,-25.340886,7520.421538
50,67,1,456,94.014978,7442.722042
50,67,1,457,97.457169,7207.631260
50,67,1,458,33.529967,7486.552527
50,67,1,459,-70.323436,7584.174971
50,67,1,460,-38.625299,7319.199767
50,67,1,461,48.482633,7492.529411
50,67,1,462,114.785158,7528.390717
50,67,1,463,48.926744,7351.076483
50,67,1,464,-87.475283,7522.413833
50,67,1,465,113.490559,7478.583348
50,67,1,466,-203.478280,7498.506296
50,67,1,467,48.003294,7582.182676
50,67,1,468,-63.157229,7528.390717
50,67,1,469,-158.495730,7434.752863
50,67,1,470,113.401236,7612.067097
50,67,1,471,-154.576707,7635.974635
50,67,1,472,7.102054,7291.307640
50,67,1,473,-108.315919,7333.145830
50,67,1,474,154.694997,7420.806800
50,67,1,475,-30.164493,7313.222882
50,67,1,476,-94.427616,7363.030251
50,67,1,477,-71.138695,7444.714337
50,67,1,478,93.110395,7436.745158
50,67,1,479,-28.585563,7251.461744
50,67,1,480,40.325026,7149.854711
50,67,1,481,117.693914,7568.236612
50,67,1,482,20.405334,7255.446334
50,67,1,483,-55.032343,7293.299935
50,67,1,484,-223.928900,7353.068778
50,67,1,485,62.690496,7462.644990
50,67,1,486,-106.151966,7337.130419
50,67,1,487,123.476199,7596.128739
50,67,1,488,116.399316,7518.429243
50,67,1,489,154.819549,7339.122714
50,67,1,490,-117.824727,7651.912993
50,67,1,491,-58.014062,7675.820530
50,67,1,492,-99.110310,7363.030251
50,67,1,493,-2.547666,7402.876147
50,67,1,494,-72.203058,7468.621874
50,67,1,495,-64.327276,7396.899262
50,67,1,496,-85.417014,7370.999431
50,67,1,497,72.890011,7365.022546
50,67,1,498,33.210408,7546.321370
50,67,1,499,-161.049700,7386.937789
50,67,1,500,113.791251,7655.897582
50,67,1,501,-31.459092,7263.415513
50,67,1,502,37.113071,7458.660400
50,67,1,503,22.320184,7422.799094
50,67,1,504,127.362502,7219.585028
50,67,1,505,-53.011809,7616.051687
50,67,1,506,63.134607,7321.192061
50,67,1,507,-103.473445,7303.261408
50,67,1,508,-31.672967,7478.583348
50,67,1,509,-11.043700,7357.053367
50,67,1,510,56.358415,7420.806800
50,67,1,511,-72.717625,7506.475475
50,67,1,512,-131.092778,7739.573962
50,67,1,513,137.613606,7462.644990
50,67,1,514,-75.591154,7518.429243
50,67,1,515,-37.739583,7562.259728
50,67,1,516,159.182684,7398.891557
50,67,1,517,-102.747509,7576.205792
50,67,1,518,20.811711,7588.159560
50,67,1,519,-74.916807,7450.691221
50,67,1,520,-42.368182,7376.976315
50,67,1,521,149.427280,7355.061072
50,67,1,522,63.099379,7269.392397
50,67,1,523,12.635236,7482.567937
50,67,1,524,80.782155,7582.182676
50,67,1,525,74.060058,7496.514001
50,67,1,526,63.825315,7542.336780
50,67,1,527,100.330698,7195.677491
50,67,1,528,-155.196958,7518.429243
50,67,1,529,76.792674,7277.361576
50,67,1,530,200.262571,7422.799094
50,67,1,531,-227.530871,7618.043982
50,67,1,532,74.414846,7488.544822
50,67,1,533,65.599253,7502.490885
50,67,1,534,76.527210,7151.847006
50,67,1,535,-79.529045,7554.290549
50,67,1,536,-51.343555,7420.806800
50,67,1,537,17.442482,7400.883852
50,67,1,538,90.467103,7522.413833
50,67,1,539,-87.350732,7440.729747
50,67,1,540,-45.561270,7448.698926
50,67,1,541,76.188784,7448.698926
50,67,1,542,-89.319677,7458.660400
50,67,1,543,-45.916058,7456.668105
50,67,1,544,-130.949360,7420.806800
50,67,1,545,7.492070,7335.138125
50,67,1,546,184.830565,7506.475475
50,67,1,547,66.947947,7367.014841
50,67,1,548,-67.715371,7446.706632
50,67,1,549,-142.248466,7490.537117
50,67,1,550,-48.629806,7438.737453
50,67,1,551,50.061563,7430.768274
50,67,1,552,-133.273093,7446.706632
50,67,1,553,21.699933,7305.253703
50,67,1,554,33.724975,7508.467769
50,67,1,555,1.601594,7677.812825
50,67,1,556,-9.429542,7347.091893
50,67,1,557,-102.834326,7183.723722
50,67,1,558,77.093367,7454.675811
50,67,1,559,10.896527,7574.213497
50,67,1,560,24.218674,7301.269114
50,67,1,561,-58.190203,7416.822210
50,67,1,562,28.351573,7287.323050
50,67,1,563,-104.732815,7305.253703
50,67,1,564,1.869564,7277.361576
50,67,1,565,-146.966388,7438.737453
50,67,1,566,-43.077757,7392.914673
50,67,1,567,-128.839502,7610.074803
50,67,1,568,-86.765708,7506.475475
50,67,1,569,1.444321,7181.731428
50,67,1,570,-149.769461,7554.290549
50,67,1,571,131.706769,7516.436949
50,67,1,572,202.781312,7418.814505
50,67,1,573,41.565529,7384.945494
50,67,1,574,95.629136,7432.760568
50,67,1,575,7.278195,7550.305960
50,67,1,576,50.611358,7444.714337
50,67,1,577,164.769961,7404.868442
50,67,1,578,13.434135,7333.145830
50,67,1,579,-114.312079,7520.421538
50,67,1,580,53.379203,7277.361576
50,67,1,581,-76.725973,7438.737453
50,67,1,582,134.350062,7430.768274
50,67,1,583,89.705939,7197.669786
50,67,1,584,129.773052,7586.167265
50,67,1,585,-53.897524,7372.991725
50,67,1,586,70.831742,7516.436949
50,67,1,587,59.337628,7564.252023
50,67,1,588,64.534890,7526.398422
50,67,1,589,-77.115988,7394.906968
50,67,1,590,-117.805859,7414.829915
50,67,1,591,49.671547,7386.937789
50,67,1,592,49.511768,7416.822210
50,67,1,593,97.917641,7355.061072
50,67,1,594,0.715878,7434.752863
50,67,1,595,11.695425,7424.791389
50,67,1,596,-21.207987,7506.475475
50,67,1,597,-91.803190,7514.444654
50,67,1,598,87.523118,7430.768274
50,67,1,599,-186.591897,7434.752863
50,67,1,600,133.710943,7550.305960
50,67,1,601,36.173260,7400.883852
50,67,1,602,29.131604,7374.984020
50,67,1,603,-47.370436,7436.745158
50,67,1,604,-70.943688,7466.629579
50,67,1,605,-177.846760,7317.207472
50,67,1,606,-60.849856,7213.608144
50,67,1,607,-149.005790,7353.068778
50,67,1,608,16.608355,7498.506296
50,67,1,609,-176.286697,7492.529411
50,67,1,610,-95.776310,7498.506296
50,67,1,611,3.535311,7608.082508
50,67,1,612,43.534475,7367.014841
50,67,1,613,-123.783152,7365.022546
50,67,1,614,235.489716,7315.215177
50,67,1,615,-170.680552,7261.423218
50,67,1,616,-179.780477,7386.937789
50,67,1,617,-1.022831,7526.398422
50,67,1,618,-58.704770,7454.675811
50,67,1,619,-76.140949,7504.483180
50,67,1,620,-57.480628,7400.883852
50,67,1,621,-69.578633,7620.036276
50,67,1,622,-91.004292,7365.022546
50,67,1,623,-23.816052,7643.943814
50,67,1,624,-183.612684,7578.198086
50,67,1,625,30.870314,7283.338461
50,67,1,626,140.451906,7398.891557
50,67,1,627,63.489395,7313.222882
50,67,1,628,-147.835743,7484.560232
50,67,1,629,-52.887257,7534.367601
50,67,1,630,-12.037606,7484.560232
50,67,1,631,19.145964,7257.438629
50,67,1,632,-13.882000,7420.806800
50,67,1,633,-1.217839,7504.483180
50,67,1,634,-15.832079,7201.654375
50,67,1,635,-166.176505,7528.390717
50,67,1,636,93.998617,7153.839301
50,67,1,637,-86.587061,7239.507976
50,67,1,638,-60.638488,7524.406128
50,67,1,639,-2.352658,7424.791389
50,67,1,640,-71.209152,7341.115009
50,67,1,641,129.932832,7556.282844
50,67,1,642,22.284956,7370.999431
50,67,1,643,-25.181106,7490.537117
50,67,1,644,156.929407,7528.390717
50,67,1,645,93.340631,7510.460064
50,67,1,646,-0.364845,7169.777659
50,67,1,647,131.441305,7390.922378
50,67,1,648,92.436048,7504.483180
50,67,1,649,26.558768,7564.252023
50,67,1,650,-20.427956,7594.136444
50,67,1,651,-38.235283,7363.030251
50,67,1,652,215.995268,7516.436949
50,67,1,653,75.389885,7598.121034
50,67,1,654,184.884661,7321.192061
50,67,1,655,-10.458676,7422.799094
50,67,1,656,65.103553,7303.261408
50,67,1,657,-68.194711,7536.359896
50,67,1,658,-43.167081,7526.398422
50,67,1,659,-156.296549,7490.537117
50,67,1,660,-77.080760,7446.706632
50,67,1,661,-9.518865,7480.575643
50,67,1,662,-58.119747,7520.421538
50,67,1,663,31.189873,7223.569618
50,67,1,664,68.898025,7586.167265
50,67,1,665,-30.838840,7380.960904
50,67,1,666,44.544742,7528.390717
50,67,1,667,22.214500,7267.400103
50,67,1,668,-54.447320,7359.045662
50,67,1,669,-89.939929,7341.115009
50,67,1,670,63.435299,7498.506296
50,67,1,671,23.224767,7428.775979
50,67,1,672,82.130849,7446.706632
50,67,1,673,-55.086439,7478.583348
50,67,1,674,92.985844,7518.429243
50,67,1,675,108.913549,7633.982340
50,67,1,676,-49.694169,7462.644990
50,67,1,677,-110.818299,7626.013161
50,67,1,678,64.304654,7452.683516
50,67,1,679,-42.457506,7510.460064
50,67,1,680,-21.473451,7380.960904
50,67,1,681,-75.412507,7251.461744
50,67,1,682,-70.624128,7406.860736
50,67,1,683,-8.879746,7361.037957
50,67,1,684,50.451579,7474.598758
50,67,1,685,-77.701012,7329.161240
50,67,1,686,-30.502920,7610.074803
50,67,1,687,-33.747597,7341.115009
50,67,1,688,-5.491651,7311.230587
50,67,1,689,40.980506,7319.199767
50,67,1,690,-59.379117,7522.413833
50,67,1,691,-54.625967,7626.013161
50,67,1,692,58.043030,7514.444654
50,67,1,693,-68.549498,7544.329075
50,67,1,694,-86.535472,7580.190381
50,67,1,695,-1.838091,7386.937789
50,67,1,696,134.829401,7341.115009
50,67,1,697,113.154639,7249.469450
50,67,1,698,-38.235283,7363.030251
50,67,1,699,156.788495,7321.192061
50,67,1,700,-6.325777,7408.853031
50,67,1,701,89.581387,7279.353871
50,67,1,702,-6.255321,7512.452359
50,67,1,703,-118.461339,7245.484860
50,67,1,704,55.578384,7333.145830
50,67,1,705,-1.128516,7370.999431
50,67,1,706,-16.647338,7062.193742
50,67,1,707,148.203137,7408.853031
50,67,1,708,179.013052,7426.783684
50,67,1,709,87.114235,7624.020866
50,67,1,710,22.160405,7452.683516
50,67,1,711,70.371270,7369.007136
50,67,1,712,-6.805116,7498.506296
50,67,1,713,-147.356404,7394.906968
50,67,1,714,40.801859,7586.167265
50,67,1,715,110.741582,7408.853031
50,67,1,716,-14.502252,7303.261408
50,67,1,717,-44.781239,7536.359896
50,67,1,718,97.917641,7355.061072
50,67,1,719,-68.549498,7544.329075
50,67,1,720,10.381959,7612.067097
50,67,1,721,42.629892,7361.037957
50,67,1,722,14.709866,7620.036276
50,67,1,723,-77.134856,7631.990045
50,67,1,724,65.244465,7510.460064
50,67,1,725,-62.607433,7542.336780
50,67,1,726,3.500083,7556.282844
50,67,1,727,73.315255,7460.652695
50,67,1,728,-40.667207,7759.496910
50,67,1,729,-205.677462,7442.722042
50,67,1,730,-55.051210,7530.383012
50,67,1,731,0.520870,7412.837621
50,67,1,732,55.453833,7414.829915
50,67,1,733,-130.239785,7404.868442
50,67,1,734,-26.546161,7337.130419
50,67,1,735,49.422444,7550.305960
50,67,1,736,-36.870228,7516.436949
50,67,1,737,-77.560099,7536.359896
50,67,1,738,58.007802,7462.644990
50,67,1,739,2.790508,7572.221202
50,67,1,740,-8.099715,7448.698926
50,67,1,741,152.141028,7372.991725
50,67,1,742,-32.203895,7227.554207
50,67,1,743,50.026335,7378.968610
50,67,1,744,50.860462,7281.346166
50,67,1,745,-106.330613,7604.097918
50,67,1,746,15.332624,7211.615849
50,67,1,747,-11.523039,7446.706632
50,67,1,748,-78.800603,7301.269114
50,67,1,749,50.700682,7311.230587
50,67,1,750,25.813964,7528.390717
50,67,1,751,104.125170,7478.583348
50,67,1,752,-5.066407,7406.860736
50,67,1,753,5.753360,7426.783684
50,67,1,754,92.400820,7452.683516
50,67,1,755,11.056306,7544.329075
50,67,1,756,58.362589,7454.675811
50,67,1,757,9.461015,7317.207472
50,67,1,758,-24.081516,7518.429243
50,67,1,759,-71.458255,7504.483180
50,67,1,760,-37.774811,7510.460064
50,67,1,761,-139.800181,7382.953199
50,67,1,762,-60.798267,7554.290549
50,67,1,763,50.771138,7414.829915
50,67,1,764,-2.972910,7307.245998
50,67,1,765,70.655602,7257.438629
50,67,1,766,43.160820,7612.067097
50,67,1,767,-49.109146,7528.390717
50,67,1,768,-68.319262,7618.043982
50,67,1,769,97.421941,7155.831596
50,67,1,770,-14.840678,7600.113329
50,67,1,771,60.721550,7480.575643
50,67,1,772,-10.298897,7392.914673
50,67,1,773,14.054386,7450.691221
50,67,1,774,-8.774062,7516.436949
50,67,1,775,76.703351,7410.845326
50,67,1,776,-20.444317,7305.253703
50,67,1,777,-29.774477,7357.053367
50,67,1,778,-14.840678,7600.113329
50,67,1,779,14.249394,7472.606464
50,67,1,780,-29.314005,7504.483180
50,67,1,781,59.852196,7526.398422
50,67,1,782,118.138025,7426.783684
50,67,1,783,-94.286703,7570.228907
50,67,1,784,-9.413181,7635.974635
50,67,1,785,9.247140,7532.375307
50,67,1,786,144.955954,7665.859056
50,67,1,787,-5.740754,7474.598758
50,67,1,788,0.751106,7486.552527
50,67,1,789,63.400071,7446.706632
50,67,1,790,-29.988352,7572.221202
50,67,1,791,21.185365,7343.107304
50,67,1,792,54.459926,7542.336780
50,67,1,793,98.272429,7347.091893
50,67,1,794,113.845347,7470.614169
50,67,1,795,26.558768,7564.252023
50,67,1,796,-23.512853,7295.292229
50,67,1,797,176.884327,7474.598758
50,67,1,798,-44.337128,7394.906968
50,67,1,799,-69.009970,7396.899262
50,67,1,800,-77.115988,7394.906968
50,67,1,801,-137.210984,7482.567937
50,67,1,802,59.091032,7201.654375
50,67,1,803,-57.870644,7357.053367
50,67,1,804,71.151302,7456.668105
50,67,1,805,-156.171997,7408.853031
50,67,1,806,-79.209486,7494.521706
50,67,1,807,55.009722,7556.282844
50,67,1,808,-96.272010,7299.276819
50,67,1,809,-108.280691,7384.945494
50,67,1,810,-173.927736,7518.429243
50,67,1,811,10.931755,7626.013161
50,67,1,812,-118.000867,7392.914673
50,67,1,813,12.014985,7365.022546
50,67,1,814,81.296722,7544.329075
50,67,1,815,131.067650,7635.974635
50,67,1,816,-89.709693,7414.829915
50,67,1,817,-98.064815,7576.205792
50,67,1,818,5.593581,7456.668105
50,67,1,819,-106.986092,7434.752863
50,67,1,820,-44.391223,7580.190381
50,67,1,821,90.911214,7380.960904
50,67,1,822,-68.514270,7596.128739
50,67,1,823,-72.238286,7416.822210
50,67,1,824,-96.539980,7699.728067
50,67,1,825,-11.203480,7386.937789
50,67,1,826,-18.014899,7434.752863
50,67,1,827,-50.138280,7604.097918
50,67,1,828,-103.988012,7341.115009
50,67,1,829,26.507179,7223.569618
50,67,1,830,-19.504506,7363.030251
50,67,1,831,18.861632,7369.007136
50,67,1,832,-103.438217,7355.061072
50,67,1,833,23.135444,7562.259728
50,67,1,834,-26.210241,7566.244318
50,67,1,835,86.759448,7631.990045
50,67,1,836,-99.624877,7400.883852
50,67,1,837,-58.899778,7432.760568
50,67,1,838,99.602256,7448.698926
50,67,1,839,41.920317,7376.976315
50,67,1,840,-94.996278,7586.167265
50,67,1,841,-0.418941,7355.061072
50,67,1,842,10.436055,7426.783684
50,67,1,843,12.209992,7386.937789
50,67,1,844,-99.819885,7378.968610
50,67,1,845,92.525372,7370.999431
50,67,1,846,-83.697172,7516.436949
50,67,1,847,6.888179,7506.475475
50,67,1,848,83.390219,7444.714337
50,67,1,849,-17.075088,7492.529411
50,67,1,850,-28.338966,7614.059392
50,67,1,851,-110.000533,7239.507976
50,67,1,852,110.191787,7394.906968
50,67,1,853,-29.598337,7616.051687
50,67,1,854,92.790836,7496.514001
50,67,1,855,23.668878,7287.323050
50,67,1,856,10.436055,7426.783684
50,67,1,857,-101.558595,7470.614169
50,67,1,858,125.588564,7259.430924
50,67,1,859,-84.582888,7273.376987
50,67,1,860,86.813543,7446.706632
50,67,1,861,-52.283366,7363.030251
50,67,1,862,-3.435888,7685.782004
50,67,1,863,76.383792,7470.614169
50,67,1,864,24.554594,7530.383012
50,67,1,865,98.662445,7390.922378
50,67,1,866,83.035432,7452.683516
50,67,1,867,28.492485,7494.521706
50,67,1,868,-108.689574,7578.198086
50,67,1,869,-15.460930,7482.567937
50,67,1,870,-23.282617,7369.007136
50,67,1,871,-78.055799,7337.130419
50,67,1,872,-49.374610,7402.876147
50,67,1,873,-52.762705,7452.683516
50,67,1,874,-98.915302,7384.945494
50,67,1,875,-70.464348,7376.976315
50,67,1,876,80.606014,7323.184356
50,67,1,877,148.273593,7512.452359
50,67,1,878,-144.482875,7382.953199
50,67,1,879,3.234619,7430.768274
50,67,1,880,17.548166,7556.282844
50,67,1,881,56.499328,7628.005455
50,67,1,882,127.822973,7367.014841
50,67,1,883,-104.911462,7572.221202
50,67,1,884,-85.877486,7223.569618
50,67,1,885,80.321683,7434.752863
50,67,1,886,-105.106470,7550.305960
50,67,1,887,-20.853200,7498.506296
50,67,1,888,17.158151,7512.452359
50,67,1,889,-128.679722,7580.190381
50,67,1,890,101.961217,7474.598758
50,67,1,891,-28.728982,7570.228907
50,67,1,892,-65.212991,7153.839301
50,67,1,893,-0.987603,7578.198086
50,67,1,894,109.747676,7536.359896
50,67,1,895,5.983596,7500.498590
50,67,1,896,-70.889592,7281.346166
50,67,1,897,38.301985,7353.068778
50,67,1,898,63.754859,7438.737453
50,67,1,899,-16.720301,7484.560232
50,67,1,900,-66.155309,7622.028571
50,67,1,901,81.191038,7388.930083
50,67,1,902,14.498497,7309.238293
50,67,1,903,-40.523788,7440.729747
50,67,1,904,-1.093288,7422.799094
50,67,1,905,-66.970568,7482.567937
50,67,1,906,-55.671462,7412.837621
50,67,1,907,-94.641491,7578.198086
50,67,1,908,85.074833,7538.352191
50,67,1,909,-33.872148,7422.799094
50,67,1,910,-22.786917,7568.236612
50,67,1,911,118.297805,7396.899262
50,67,1,912,-24.081516,7518.429243
50,67,1,913,67.037270,7233.531092
50,67,1,914,-76.051626,7370.999431
50,67,1,915,97.684899,7807.311985
50,67,1,916,28.598170,7649.920698
50,67,1,917,101.855533,7319.199767
50,67,1,918,59.196716,7357.053367
50,67,1,919,1.620461,7440.729747
50,67,1,920,30.905542,7335.138125
50,67,1,921,-132.758525,7408.853031
50,67,1,922,-94.392388,7414.829915
50,67,1,923,-172.863373,7494.521706
50,67,1,924,101.676886,7586.167265
50,67,1,925,5.433801,7486.552527
50,67,1,926,-32.612778,7420.806800
50,67,1,927,15.064654,7612.067097
50,67,1,928,50.186115,7349.084188
50,67,1,929,85.074833,7538.352191
50,67,1,930,115.724969,7586.167265
50,67,1,931,-98.419602,7584.174971
50,67,1,932,72.925240,7416.822210
50,67,1,933,-35.061062,7528.390717
50,67,1,934,92.400820,7452.683516
50,67,1,935,101.801437,7504.483180
50,67,1,936,-28.195547,7295.292229
50,67,1,937,32.075589,7466.629579
50,67,1,938,-7.690832,7255.446334
50,67,1,939,-26.865721,7396.899262
50,67,1,940,25.353493,7380.960904
50,67,1,941,-52.727477,7504.483180
50,67,1,942,57.493234,7500.498590
50,67,1,943,-86.836165,7402.876147
50,67,1,944,-4.232280,7309.238293
50,67,1,945,-58.794094,7588.159560
50,67,1,946,106.963471,7414.829915
50,67,1,947,55.559517,7570.228907
50,67,1,948,-64.237952,7263.415513
50,67,1,949,66.734072,7582.182676
50,67,1,950,-84.122416,7420.806800
50,67,1,951,-117.220836,7480.575643
50,67,1,952,74.290294,7570.228907
50,67,1,953,136.124000,7390.922378
50,67,1,954,-13.031513,7612.067097
50,67,1,955,-57.374944,7556.282844
50,67,1,956,-181.199627,7418.814505
50,67,1,957,-38.324607,7496.514001
50,67,1,958,-50.598752,7456.668105
50,67,1,959,-9.518865,7480.575643
50,67,1,960,129.827147,7400.883852
50,67,1,961,-19.558601,7548.313665
50,67,1,962,35.214581,7580.190381
50,67,1,963,76.668123,7359.045662
50,67,1,964,57.972574,7410.845326
50,67,1,965,-29.579469,7378.968610
50,67,1,966,-20.054301,7349.084188
50,67,1,967,-237.817204,7323.184356
50,67,1,968,-25.571122,7446.706632
50,67,1,969,-34.031928,7452.683516
50,67,1,970,-86.161818,7335.138125
50,67,1,971,-140.049284,7546.321370
50,67,1,972,60.472447,7643.943814
50,67,1,973,40.590490,7275.369282
50,67,1,974,-141.379111,7444.714337
50,67,1,975,-190.210228,7410.845326
50,67,1,976,26.382627,7305.253703
50,67,1,977,-36.531802,7219.585028
50,67,1,978,34.328866,7337.130419
50,67,1,979,137.294047,7522.413833
50,67,1,980,-137.866464,7313.222882
50,67,1,981,-1.323523,7349.084188
50,67,1,982,122.980499,7396.899262
50,67,1,983,78.707525,7444.714337
50,67,1,984,161.292542,7588.159560
50,67,1,985,0.840430,7353.068778
50,67,1,986,-73.887672,7374.984020
50,67,1,987,-43.557096,7482.567937
50,67,1,988,-133.397644,7528.390717
50,67,1,989,72.445900,7506.475475
50,67,1,990,-46.181522,7331.153535
50,67,1,991,-135.951613,7480.575643
50,67,1,992,66.539064,7560.267433
50,67,1,993,-66.420773,7496.514001
50,67,1,994,107.992605,7339.122714
50,67,1,995,169.523112,7508.467769
50,67,1,996,-74.012224,7456.668105
50,67,1,997,88.712032,7325.176651
50,67,1,998,-101.452910,7626.013161
50,67,1,999,-115.482126,7388.930083
50,67,1,1000,-68.354490,7566.244318
50,67,1,1001,-109.504833,7438.737453
50,67,1,1002,11.996117,7602.105623
50,67,1,1003,-123.393137,7408.853031
50,67,1,1004,50.681815,7548.313665
50,67,1,1005,-48.025916,7267.400103
50,67,1,1006,120.710862,7237.515681
50,67,1,1007,30.071415,7432.760568
50,67,1,1008,-108.900943,7267.400103
50,67,1,1009,23.224767,7428.775979
50,67,1,1010,9.442148,7554.290549
50,67,1,1011,90.413007,7707.697246
50,67,1,1012,7.029092,7713.674130
50,67,1,1013,192.191781,7472.606464
50,67,1,1014,-41.658607,7361.037957
50,67,1,1015,0.271767,7576.205792
50,67,1,1016,-9.004298,7442.722042
50,67,1,1017,-8.454503,7456.668105
50,67,1,1018,-13.546080,7649.920698
50,67,1,1019,61.041110,7420.806800
50,67,1,1020,88.498157,7540.344486
50,67,1,1021,6.373612,7544.329075
50,67,1,1022,64.979001,7384.945494
50,67,1,1023,43.764711,7440.729747
50,67,1,1024,-37.455252,7450.691221
50,67,1,1025,58.752605,7498.506296
50,67,1,1026,70.406499,7420.806800
50,67,1,1027,-44.407584,7291.307640
50,67,1,1028,4.139202,7436.745158
50,67,1,1029,12.031345,7653.905287
50,67,1,1030,131.777226,7620.036276
50,67,1,1031,-0.294389,7273.376987
50,67,1,1032,45.733656,7422.799094
50,67,1,1033,-18.794931,7347.091893
50,67,1,1034,-0.668044,7518.429243
50,67,1,1035,67.657522,7351.076483
50,67,1,1036,-128.181515,7253.454039
50,67,1,1037,158.118321,7422.799094
50,67,1,1038,203.171327,7462.644990
50,67,1,1039,-65.675970,7532.375307
50,67,1,1040,-61.897858,7526.398422
50,67,1,1041,-13.332205,7434.752863
50,67,1,1042,136.319007,7412.837621
50,67,1,1043,77.004043,7588.159560
50,67,1,1044,28.367934,7576.205792
50,67,1,1045,27.197887,7444.714337
50,67,1,1046,-156.757021,7343.107304
50,67,1,1047,19.056640,7390.922378
50,67,1,1048,16.112655,7299.276819
50,67,1,1049,21.345145,7313.222882
50,67,1,1050,-22.537814,7404.868442
50,67,1,1051,67.408418,7514.444654
50,67,1,1052,102.031673,7578.198086
50,67,1,1053,110.438384,7757.504615
50,67,1,1054,14.355079,7628.005455
50,67,1,1055,-138.240118,7558.275139
50,67,1,1056,1.105894,7478.583348
50,67,1,1057,-40.293552,7514.444654
50,67,1,1058,88.197465,7363.030251
50,67,1,1059,0.485642,7361.037957
50,67,1,1060,-49.214830,7372.991725
50,67,1,1061,51.887090,7731.604783
50,67,1,1062,4.829910,7657.889877
50,67,1,1063,108.398982,7671.835940
50,67,1,1064,35.268677,7394.906968
50,67,1,1065,120.301979,7430.768274
50,67,1,1066,-79.244714,7442.722042
50,67,1,1067,130.447399,7518.429243
50,67,1,1068,83.000203,7400.883852
50,67,1,1069,-13.898361,7131.924058
50,67,1,1070,31.436470,7586.167265
50,67,1,1071,-35.201975,7321.192061
50,67,1,1072,-62.748346,7335.138125
50,67,1,1073,58.362589,7454.675811
50,67,1,1074,-157.466596,7359.045662
50,67,1,1075,23.365680,7635.974635
50,67,1,1076,-108.405243,7466.629579
50,67,1,1077,-36.231109,7396.899262
50,67,1,1078,90.716206,7359.045662
50,67,1,1079,-163.197292,7671.835940
50,67,1,1080,94.813877,7293.299935
50,67,1,1081,-1.412847,7482.567937
50,67,1,1082,141.694916,7108.016521
50,67,1,1083,0.964982,7271.384692
50,67,1,1084,-54.057304,7402.876147
50,67,1,1085,62.460260,7388.930083
50,67,1,1086,70.726058,7361.037957
50,67,1,1087,-171.089435,7454.675811
50,67,1,1088,-186.627125,7382.953199
50,67,1,1089,37.592410,7369.007136
50,67,1,1090,64.979001,7384.945494
50,67,1,1091,-92.193206,7470.614169
50,67,1,1092,19.232781,7649.920698
50,67,1,1093,-17.110316,7440.729747
50,67,1,1094,-77.879659,7596.128739
50,67,1,1095,79.682564,7554.290549
50,67,1,1096,-29.509013,7482.567937
50,67,1,1097,69.252812,7578.198086
50,67,1,1098,-21.012979,7528.390717
50,67,1,1099,-14.981591,7392.914673
50,67,1,1100,42.735576,7516.436949
50,67,1,1101,122.501160,7486.552527
50,67,1,1102,-28.125091,7398.891557
50,67,1,1103,-20.658192,7520.421538
50,67,1,1104,32.571289,7665.859056
50,67,1,1105,-118.125419,7474.598758
50,67,1,1106,3.483722,7267.400103
50,67,1,1107,-13.402661,7331.153535
50,67,1,1108,56.767298,7227.554207
50,67,1,1109,55.472700,7177.746838
50,67,1,1110,-61.897858,7526.398422
50,67,1,1111,-75.111815,7428.775979
50,67,1,1112,1.495910,7522.413833
50,67,1,1113,-154.221919,7628.005455
50,67,1,1114,44.049042,7329.161240
50,67,1,1115,-40.434465,7307.245998
50,67,1,1116,-50.883083,7568.236612
50,67,1,1117,129.862375,7452.683516
50,67,1,1118,-47.370436,7436.745158
50,67,1,1119,3.218258,7141.885532
50,67,1,1120,73.670043,7452.683516
50,67,1,1121,136.264912,7598.121034
50,67,1,1122,152.016477,7454.675811
50,67,1,1123,18.471617,7325.176651
50,67,1,1124,8.112322,7452.683516
50,67,1,1125,-170.628963,7602.105623
50,67,1,1126,-31.513187,7448.698926
50,67,1,1127,-130.134100,7560.267433
50,67,1,1128,103.930162,7456.668105
50,67,1,1129,-26.776397,7263.415513
50,67,1,1130,7.562526,7438.737453
50,67,1,1131,-64.432960,7241.500271
50,67,1,1132,-77.790335,7462.644990
50,67,1,1133,-63.742252,7462.644990
50,67,1,1134,-31.548415,7396.899262
50,67,1,1135,-35.841094,7440.729747
50,67,1,1136,159.821803,7279.353871
50,67,1,1137,106.129344,7512.452359
50,67,1,1138,-48.789586,7468.621874
50,67,1,1139,-56.771053,7384.945494
50,67,1,1140,70.761286,7412.837621
50,67,1,1141,0.485642,7361.037957
50,67,1,1142,-51.023996,7361.037957
50,67,1,1143,11.925661,7498.506296
50,67,1,1144,-45.721050,7478.583348
50,67,1,1145,-37.774811,7510.460064
50,67,1,1146,48.306493,7233.531092
50,67,1,1147,93.446316,7665.859056
50,67,1,1148,-77.310996,7372.991725
50,67,1,1149,38.266757,7301.269114
50,67,1,1150,27.303571,7600.113329
50,67,1,1151,-28.479879,7406.860736
50,67,1,1152,-78.109895,7522.413833
50,67,1,1153,168.298969,7562.259728
50,67,1,1154,-34.776731,7416.822210
50,67,1,1155,108.488305,7538.352191
50,67,1,1156,-41.393143,7486.552527
50,67,1,1157,-33.197801,7355.061072
50,67,1,1158,-75.661610,7414.829915
50,67,1,1159,14.108482,7265.407808
50,67,1,1160,167.749174,7548.313665
50,67,1,1161,-107.766124,7347.091893
50,67,1,1162,-1.217839,7504.483180
50,67,1,1163,96.728727,7460.652695
50,67,1,1164,-8.774062,7516.436949
50,67,1,1165,-61.383291,7488.544822
50,67,1,1166,-46.625633,7472.606464
50,67,1,1167,-49.694169,7462.644990
50,67,1,1168,82.060392,7343.107304
50,67,1,1169,-30.573376,7506.475475
50,67,1,1170,-111.863795,7412.837621
50,67,1,1171,-98.170499,7420.806800
50,67,1,1172,-85.790669,7616.051687
50,67,1,1173,171.846845,7482.567937
50,67,1,1174,6.587487,7329.161240
50,67,1,1175,-13.332205,7434.752863
50,67,1,1176,-110.834660,7337.130419
50,67,1,1177,22.195633,7504.483180
50,67,1,1178,-54.642327,7337.130419
50,67,1,1179,-83.786496,7649.920698
50,67,1,1180,62.815048,7380.960904
50,67,1,1181,-85.560433,7689.766593
50,67,1,1182,-30.164493,7313.222882
50,67,1,1183,-78.624462,7560.267433
50,67,1,1184,-106.541981,7293.299935
50,67,1,1185,-126.781232,7458.660400
50,67,1,1186,-37.490480,7398.891557
50,67,1,1187,-169.280269,7466.629579
50,67,1,1188,57.387550,7345.099599
50,67,1,1189,-41.054716,7189.700607
50,67,1,1190,-60.549164,7390.922378
50,67,1,1191,-37.579803,7532.375307
50,67,1,1192,-39.229190,7490.537117
50,67,1,1193,-68.370851,7277.361576
50,67,1,1194,88.747260,7376.976315
50,67,1,1195,-57.020156,7548.313665
50,67,1,1196,45.519781,7637.966929
50,67,1,1197,-13.242881,7301.269114
50,67,1,1198,193.646159,7492.529411
50,67,1,1199,33.565195,7538.352191
50,67,1,1200,-172.278350,7560.267433
50,67,1,1201,19.801443,7426.783684
50,67,1,1202,-58.084519,7572.221202
50,67,1,1203,23.135444,7562.259728
50,67,1,1204,-74.916807,7450.691221
50,67,1,1205,56.588651,7494.521706
50,67,1,1206,-23.512853,7295.292229
50,67,1,1207,81.740833,7402.876147
50,67,1,1208,19.145964,7257.438629
50,67,1,1209,-12.089195,7143.877827
50,67,1,1210,79.790755,7183.723722
50,67,1,1211,-10.033433,7518.429243
50,67,1,1212,-71.653263,7482.567937
50,67,1,1213,16.201979,7165.793069
50,67,1,1214,-26.386382,7307.245998
50,67,1,1215,31.669212,7133.916353
50,67,1,1216,-96.467017,7277.361576
50,67,1,1217,-73.373105,7337.130419
50,67,1,1218,87.292882,7357.053367
50,67,1,1219,-70.713452,7540.344486
50,67,1,1220,48.997200,7454.675811
50,67,1,1221,-43.131853,7578.198086
50,67,1,1222,-152.678217,7514.444654
50,67,1,1223,167.518938,7474.598758
50,67,1,1224,-12.711953,7552.298254
50,67,1,1225,146.588979,7418.814505
50,67,1,1226,5.788588,7478.583348
50,67,1,1227,-59.769133,7478.583348
50,67,1,1228,-59.238205,7729.612489
50,67,1,1229,-71.653263,7482.567937
50,67,1,1230,-20.568868,7386.937789
50,67,1,1231,65.458340,7295.292229
50,67,1,1232,37.237622,7376.976315
50,67,1,1233,-7.000124,7476.591053
50,67,1,1234,-42.013395,7369.007136
50,67,1,1235,47.188035,7442.722042
50,67,1,1236,64.464434,7422.799094
50,67,1,1237,-43.592324,7430.768274
50,67,1,1238,212.163061,7707.697246
50,67,1,1239,-75.962302,7237.515681
50,67,1,1240,-37.276605,7183.723722
50,67,1,1241,-65.516190,7502.490885
50,67,1,1242,47.951705,7241.500271
50,67,1,1243,-116.830820,7524.406128
50,67,1,1244,-79.759281,7480.575643
50,67,1,1245,10.490150,7241.500271
50,67,1,1246,-11.877826,7454.675811
50,67,1,1247,-98.400735,7347.091893
50,67,1,1248,33.459511,7382.953199
50,67,1,1249,16.164244,7639.959224
50,67,1,1250,14.355079,7628.005455
50,67,1,1251,71.701097,7470.614169
50,67,1,1252,23.774563,7442.722042
50,67,1,1253,8.112322,7452.683516
50,67,1,1254,117.463678,7494.521706
50,67,1,1255,43.924490,7410.845326
50,67,1,1256,142.651088,7454.675811
50,67,1,1257,21.770389,7408.853031
50,67,1,1258,66.468607,7456.668105
50,67,1,1259,52.155060,7331.153535
50,67,1,1260,-87.670291,7500.498590
50,67,1,1261,-87.120496,7514.444654
50,67,1,1262,-43.148213,7289.315345
50,67,1,1263,165.745000,7514.444654
50,67,1,1264,79.240959,7169.777659
50,67,1,1265,19.500751,7249.469450
50,67,1,1266,43.109231,7271.384692
50,67,1,1267,88.852945,7532.375307
50,67,1,1268,12.475456,7512.452359
50,67,1,1269,68.153222,7550.305960
50,67,1,1270,-160.819464,7460.652695
50,67,1,1271,-80.894100,7400.883852
50,67,1,1272,35.198220,7291.307640
50,67,1,1273,104.639738,7440.729747
50,67,1,1274,-5.970990,7400.883852
50,67,1,1275,-26.245469,7514.444654
50,67,1,1276,67.817301,7321.192061
50,67,1,1277,-8.933842,7546.321370
50,67,1,1278,157.693077,7327.168946
50,67,1,1279,-103.262076,7614.059392
50,67,1,1280,-39.938765,7506.475475
50,67,1,1281,156.024824,7522.413833
50,67,1,1282,-24.330619,7681.797414
50,67,1,1283,74.219838,7466.629579
50,67,1,1284,-130.843675,7576.205792
50,67,1,1285,13.309583,7414.829915
50,67,1,1286,-142.638481,7446.706632
50,67,1,1287,100.932082,7550.305960
50,67,1,1288,130.341714,7363.030251
50,67,1,1289,30.975998,7438.737453
50,67,1,1290,-83.307156,7560.267433
50,67,1,1291,-125.521862,7456.668105
50,67,1,1292,-99.979665,7408.853031
50,67,1,1293,217.254639,7514.444654
50,67,1,1294,-23.761956,7458.660400
50,67,1,1295,26.453083,7408.853031
50,67,1,1296,28.971824,7404.868442
50,67,1,1297,-73.657436,7448.698926
50,67,1,1298,-93.292797,7442.722042
50,67,1,1299,-6.645337,7468.621874
50,67,1,1300,81.776061,7454.675811
50,67,1,1301,-10.193212,7548.313665
50,67,1,1302,-18.369687,7442.722042
50,67,1,1303,-64.292048,7448.698926
50,67,1,1304,-14.892267,7259.430924
50,67,1,1305,-57.889511,7594.136444
50,67,1,1306,124.754437,7357.053367
50,67,1,1307,-120.749844,7323.184356
50,67,1,1308,9.016904,7458.660400
50,67,1,1309,69.732152,7488.544822
50,67,1,1310,-7.479463,7566.244318
50,67,1,1311,129.827147,7400.883852
50,67,1,1312,33.743842,7271.384692
50,67,1,1313,35.534141,7520.421538
50,67,1,1314,104.284950,7448.698926
50,67,1,1315,-25.127011,7305.253703
50,67,1,1316,-19.309498,7384.945494
50,67,1,1317,-112.467685,7584.174971
50,67,1,1318,-95.776310,7498.506296
50,67,1,1319,99.637484,7500.498590
50,67,1,1320,-98.614610,7562.259728
50,67,1,1321,59.053297,7675.820530
50,67,1,1322,214.700669,7466.629579
50,67,1,1323,26.612863,7378.968610
50,67,1,1324,19.517112,7538.352191
50,67,1,1325,-22.183026,7396.899262
50,67,1,1326,25.069161,7492.529411
50,67,1,1327,-155.817210,7400.883852
50,67,1,1328,-15.371607,7349.084188
50,67,1,1329,-38.359835,7444.714337
50,67,1,1330,-33.038021,7325.176651
50,67,1,1331,55.329281,7496.514001
50,67,1,1332,24.589822,7582.182676
50,67,1,1333,29.272516,7582.182676
50,67,1,1334,-58.634314,7558.275139
50,67,1,1335,92.205812,7430.768274
50,67,1,1336,-2.192878,7394.906968
50,67,1,1337,-60.194377,7382.953199
50,67,1,1338,38.957465,7522.413833
50,67,1,1339,-168.215907,7442.722042
50,67,1,1340,84.470943,7709.689541
50,67,1,1341,29.787084,7544.329075
50,67,1,1342,-45.295806,7574.213497
50,67,1,1343,-63.387465,7454.675811
50,67,1,1344,104.674966,7492.529411
50,67,1,1345,5.024918,7679.805119
50,67,1,1346,13.664371,7406.860736
50,67,1,1347,-50.368516,7530.383012
50,67,1,1348,-174.263656,7289.315345
50,67,1,1349,57.831661,7203.646670
50,67,1,1350,7.882086,7378.968610
50,67,1,1351,79.346644,7325.176651
50,67,1,1352,98.077421,7325.176651
50,67,1,1353,19.961223,7396.899262
50,67,1,1354,16.768135,7468.621874
50,67,1,1355,-221.729719,7408.853031
50,67,1,1356,55.294053,7444.714337
50,67,1,1357,-6.060313,7534.367601
50,67,1,1358,33.689747,7456.668105
50,67,1,1359,79.097540,7488.544822
50,67,1,1360,-32.683234,7317.207472
50,67,1,1361,-70.339797,7295.292229
50,67,1,1362,-3.327697,7315.215177
50,67,1,1363,40.270931,7335.138125
50,67,1,1364,-117.965639,7444.714337
50,67,1,1365,149.088853,7651.912993
50,67,1,1366,22.195633,7504.483180
50,67,1,1367,-68.920647,7263.415513
50,67,1,1368,28.952957,7641.951519
50,67,1,1369,-36.071330,7367.014841
50,67,1,1370,-51.468107,7502.490885
50,67,1,1371,-23.691500,7562.259728
50,67,1,1372,-15.052047,7289.315345
50,67,1,1373,-85.417014,7370.999431
50,67,1,1374,-90.863379,7572.221202
50,67,1,1375,32.200140,7384.945494
50,67,1,1376,-21.969151,7181.731428
50,67,1,1377,-45.685822,7530.383012
50,67,1,1378,-5.440062,7651.912993
50,67,1,1379,56.323187,7369.007136
50,67,1,1380,-28.054635,7502.490885
50,67,1,1381,38.337213,7404.868442
50,67,1,1382,-63.883165,7255.446334
50,67,1,1383,-71.173923,7392.914673
50,67,1,1384,-17.429876,7500.498590
50,67,1,1385,72.340216,7351.076483
50,67,1,1386,41.140285,7289.315345
50,67,1,1387,122.395476,7331.153535
50,67,1,1388,93.039939,7333.145830
50,67,1,1389,54.194462,7416.822210
50,67,1,1390,-74.775894,7657.889877
50,67,1,1391,41.281198,7496.514001
50,67,1,1392,-0.827823,7548.313665
50,67,1,1393,51.125926,7406.860736
50,67,1,1394,-114.276851,7572.221202
50,67,1,1395,8.803029,7673.828235
50,67,1,1396,20.706026,7432.760568
50,67,1,1397,24.058894,7331.153535
50,67,1,1398,71.435633,7345.099599
50,67,1,1399,-195.017474,7492.529411
50,67,1,1400,31.720801,7474.598758
50,67,1,1401,-173.962964,7466.629579
50,67,1,1402,-51.343555,7420.806800
50,67,1,1403,86.548079,7321.192061
50,67,1,1404,71.684736,7181.731428
50,67,1,1405,3.890099,7600.113329
50,67,1,1406,86.033512,7359.045662
50,67,1,1407,27.677226,7355.061072
50,67,1,1408,-26.226602,7277.361576
50,67,1,1409,46.868475,7502.490885
50,67,1,1410,-9.819557,7303.261408
50,67,1,1411,73.120247,7438.737453
50,67,1,1412,-75.520698,7622.028571
50,67,1,1413,-90.153804,7556.282844
50,67,1,1414,73.315255,7460.652695
50,67,1,1415,91.726473,7520.421538
50,67,1,1416,-78.410587,7345.099599
50,67,1,1417,65.759032,7472.606464
50,67,1,1418,-24.081516,7518.429243
50,67,1,1419,-131.569611,7303.261408
50,67,1,1420,100.097956,7647.928403
50,67,1,1421,-1.732406,7542.336780
50,67,1,1422,3.589407,7422.799094
50,67,1,1423,15.988104,7380.960904
50,67,1,1424,9.336464,7398.891557
50,67,1,1425,-17.624884,7478.583348
50,67,1,1426,-147.126168,7468.621874
50,67,1,1427,142.225844,7359.045662
50,67,1,1428,136.159228,7442.722042
50,67,1,1429,117.108891,7502.490885
50,67,1,1430,-73.551752,7604.097918
50,67,1,1431,145.808948,7331.153535
50,67,1,1432,-17.145544,7388.930083
50,67,1,1433,16.023332,7432.760568
50,67,1,1434,42.824900,7382.953199
50,67,1,1435,-22.112570,7500.498590
50,67,1,1436,85.004377,7434.752863
50,67,1,1437,32.590156,7428.775979
50,67,1,1438,14.444402,7494.521706
50,67,1,1439,-39.548749,7550.305960
50,67,1,1440,-155.161730,7570.228907
50,67,1,1441,-1.643083,7408.853031
50,67,1,1442,111.860040,7199.662081
50,67,1,1443,0.556099,7464.637285
50,67,1,1444,33.619291,7353.068778
50,67,1,1445,-80.983423,7534.367601
50,67,1,1446,28.776816,7382.953199
50,67,1,1447,-86.286369,7416.822210
50,67,1,1448,18.896860,7420.806800
50,67,1,1449,11.855205,7394.906968
50,67,1,1450,16.378119,7424.791389
50,67,1,1451,15.259661,7633.982340
50,67,1,1452,-6.715793,7365.022546
50,67,1,1453,-78.464682,7530.383012
50,67,1,1454,35.463685,7416.822210
50,67,1,1455,3.429627,7452.683516
50,67,1,1456,29.237288,7530.383012
50,67,1,1457,-86.286369,7416.822210
50,67,1,1458,147.918806,7520.421538
50,67,1,1459,-109.150046,7430.768274
50,67,1,1460,81.581053,7432.760568
50,67,1,1461,-96.840672,7522.413833
50,67,1,1462,-50.279193,7396.899262
50,67,1,1463,-189.820213,7454.675811
50,67,1,1464,-2.777902,7329.161240
50,67,1,1465,65.669709,7606.090213
50,67,1,1466,118.102797,7374.984020
50,67,1,1467,72.020657,7410.845326
50,67,1,1468,-105.071242,7602.105623
50,67,1,1469,18.081601,7281.346166
50,67,1,1470,27.073335,7526.398422
50,67,1,1471,-119.455246,7372.991725
50,67,1,1472,-58.775226,7351.076483
50,67,1,1473,47.827153,7323.184356
50,67,1,1474,20.936262,7506.475475
50,67,1,1475,47.117578,7339.122714
50,67,1,1476,58.202809,7484.560232
50,67,1,1477,-22.662365,7486.552527
50,67,1,1478,-15.265922,7504.483180
50,67,1,1479,58.078258,7566.244318
50,67,1,1480,-113.353401,7341.115009
50,67,1,1481,82.556092,7542.336780
50,67,1,1482,-43.362089,7504.483180
50,67,1,1483,23.154311,7325.176651
50,67,1,1484,3.074840,7460.652695
50,67,1,1485,112.780984,7494.521706
50,67,1,1486,12.581141,7667.851351
50,67,1,1487,125.889256,7436.745158
50,67,1,1488,5.558352,7404.868442
50,67,1,1489,46.069577,7651.912993
50,67,1,1490,47.827153,7323.184356
50,67,1,1491,-41.978166,7420.806800
50,67,1,1492,-130.044777,7426.783684
50,67,1,1493,125.250137,7556.282844
50,67,1,1494,-140.953867,7540.344486
50,67,1,1495,-1.697178,7594.136444
50,67,1,1496,-189.465425,7446.706632
50,67,1,1497,-33.216668,7592.144150
50,67,1,1498,88.286789,7229.546502
50,67,1,1499,-117.079923,7687.774298
50,67,1,1500,35.108897,7424.791389
50,67,1,1501,57.333455,7530.383012
50,67,1,1502,-82.668038,7440.729747
50,67,1,1503,37.362174,7295.292229
50,67,1,1504,-111.368095,7612.067097
50,67,1,1505,114.430370,7536.359896
50,67,1,1506,45.839341,7578.198086
50,67,1,1507,-47.264752,7592.144150
50,67,1,1508,-102.568862,7309.238293
50,67,1,1509,-21.492318,7618.043982
50,67,1,1510,146.109640,7508.467769
50,67,1,1511,-105.106470,7550.305960
50,67,1,1512,68.367097,7335.138125
50,67,1,1513,31.791257,7578.198086
50,67,1,1514,32.200140,7384.945494
50,67,1,1515,-76.140949,7504.483180
50,67,1,1516,46.283452,7436.745158
50,67,1,1517,16.643584,7550.305960
50,67,1,1518,105.969564,7542.336780
50,67,1,1519,-104.857367,7386.937789
50,67,1,1520,-75.626382,7466.629579
50,67,1,1521,43.764711,7440.729747
50,67,1,1522,-76.140949,7504.483180
50,67,1,1523,143.875230,7400.883852
50,67,1,1524,-14.147464,7295.292229
50,67,1,1525,40.731402,7482.567937
50,67,1,1526,-78.960382,7331.153535
50,67,1,1527,-60.654849,7235.523386
50,67,1,1528,28.847273,7486.552527
50,67,1,1529,19.925995,7345.099599
50,67,1,1530,-260.929983,7500.498590
50,67,1,1531,4.122841,7147.862417
50,67,1,1532,-4.960722,7562.259728
50,67,1,1533,16.537899,7394.906968
50,67,1,1534,42.080096,7347.091893
50,67,1,1535,100.647751,7661.874467
50,67,1,1536,5.203565,7412.837621
50,67,1,1537,-50.243964,7448.698926
50,67,1,1538,147.848350,7416.822210
50,67,1,1539,217.893757,7394.906968
50,67,1,1540,41.955545,7428.775979
50,67,1,1541,-56.771053,7384.945494
50,67,1,1542,-3.931588,7486.552527
50,67,1,1543,-59.715038,7293.299935
50,67,1,1544,56.978667,7538.352191
50,67,1,1545,147.902445,7231.538797
50,67,1,1546,27.338799,7651.912993
50,67,1,1547,78.902533,7466.629579
50,67,1,1548,58.487141,7372.991725
50,67,1,1549,115.459505,7460.652695
50,67,1,1550,-49.144374,7476.591053
50,67,1,1551,83.585227,7466.629579
50,67,1,1552,-41.994527,7131.924058
50,67,1,1553,-21.811878,7677.812825
50,67,1,1554,-63.032677,7446.706632
50,67,1,1555,-64.026583,7574.213497
50,67,1,1556,100.701846,7476.591053
50,67,1,1557,45.254317,7512.452359
50,67,1,1558,-168.500238,7554.290549
50,67,1,1559,-122.133766,7406.860736
50,67,1,1560,1.390225,7367.014841
50,67,1,1561,-89.693332,7703.712657
50,67,1,1562,2.720052,7468.621874
50,67,1,1563,-114.507087,7498.506296
50,67,1,1564,-61.223511,7458.660400
50,67,1,1565,86.334204,7536.359896
50,67,1,1566,-47.069744,7614.059392
50,67,1,1567,48.872649,7536.359896
50,67,1,1568,26.878327,7504.483180
50,67,1,1569,25.673052,7321.192061
50,67,1,1570,-34.367848,7223.569618
50,67,1,1571,-113.212489,7548.313665
50,67,1,1572,-10.369353,7289.315345
50,67,1,1573,1.460682,7470.614169
50,67,1,1574,35.376867,7024.340141
50,67,1,1575,-14.892267,7259.430924
50,67,1,1576,-107.801352,7295.292229
50,67,1,1577,-18.865387,7243.492565
50,67,1,1578,83.265667,7526.398422
50,67,1,1579,-8.489731,7404.868442
50,67,1,1580,6.249060,7626.013161
50,67,1,1581,-62.553338,7357.053367
50,67,1,1582,-28.338966,7614.059392
50,67,1,1583,138.997528,7378.968610
50,67,1,1584,-8.508598,7641.951519
50,67,1,1585,-30.714288,7299.276819
50,67,1,1586,101.216414,7438.737453
50,67,1,1587,-62.447654,7512.452359
50,67,1,1588,32.785164,7450.691221
50,67,1,1589,87.008551,7468.621874
50,67,1,1590,-51.947446,7592.144150
50,67,1,1591,50.237704,7689.766593
50,67,1,1592,59.586732,7400.883852
50,67,1,1593,88.977496,7450.691221
50,67,1,1594,-66.775560,7504.483180
50,67,1,1595,-46.766545,7265.407808
50,67,1,1596,119.397396,7424.791389
50,67,1,1597,8.946448,7355.061072
50,67,1,1598,7.012731,7424.791389
50,67,1,1599,-19.894521,7319.199767
50,67,1,1600,35.268677,7394.906968
50,67,1,1601,-93.168245,7361.037957
50,67,1,1602,40.571623,7512.452359
50,67,1,1603,34.754109,7432.760568
50,67,1,1604,-311.711179,7247.477155
50,67,1,1605,-10.139117,7363.030251
50,67,1,1606,-45.011475,7462.644990
50,67,1,1607,153.275847,7452.683516
50,67,1,1608,-12.267842,7410.845326
50,67,1,1609,60.117660,7651.912993
50,67,1,1610,35.179353,7528.390717
50,67,1,1611,202.995187,7203.646670
50,67,1,1612,-193.297632,7637.966929
50,67,1,1613,71.151302,7456.668105
50,67,1,1614,45.839341,7578.198086
50,67,1,1615,-24.950870,7564.252023
50,67,1,1616,-25.481799,7313.222882
50,67,1,1617,-221.250379,7319.199767
50,67,1,1618,39.401576,7380.960904
50,67,1,1619,64.694670,7496.514001
50,67,1,1620,34.895022,7639.959224
50,67,1,1621,93.216080,7592.144150
50,67,1,1622,-35.770638,7544.329075
50,67,1,1623,-141.503663,7526.398422
50,67,1,1624,0.396319,7494.521706
50,67,1,1625,11.606102,7558.275139
50,67,1,1626,23.490231,7554.290549
50,67,1,1627,104.604509,7388.930083
50,67,1,1628,-40.098544,7536.359896
50,67,1,1629,141.036930,7464.637285
50,67,1,1630,-104.946691,7520.421538
50,67,1,1631,-21.278443,7402.876147
50,67,1,1632,166.508671,7313.222882
50,67,1,1633,0.130855,7369.007136
50,67,1,1634,-164.952363,7474.598758
50,67,1,1635,-146.308402,7082.116689
50,67,1,1636,-36.691581,7249.469450
50,67,1,1637,33.229275,7309.238293
50,67,1,1638,-28.799438,7466.629579
50,67,1,1639,-4.037272,7331.153535
50,67,1,1640,5.859045,7582.182676
50,67,1,1641,-243.352892,7657.889877
50,67,1,1642,102.440556,7384.945494
50,67,1,1643,-20.373860,7408.853031
50,67,1,1644,145.205057,7502.490885
50,67,1,1645,-37.615031,7480.575643
50,67,1,1646,-138.009882,7631.990045
50,67,1,1647,-144.856530,7628.005455
50,67,1,1648,-52.389051,7207.631260
50,67,1,1649,131.051290,7347.091893
50,67,1,1650,-70.588900,7458.660400
50,67,1,1651,-66.225765,7518.429243
50,67,1,1652,-123.942932,7394.906968
50,67,1,1653,73.315255,7460.652695
50,67,1,1654,77.767714,7386.937789
50,67,1,1655,75.018737,7317.207472
50,67,1,1656,80.356911,7486.552527
50,67,1,1657,-110.284865,7351.076483
50,67,1,1658,58.628053,7580.190381
50,67,1,1659,-22.981925,7546.321370
50,67,1,1660,-0.613948,7333.145830
50,67,1,1661,74.520530,7643.943814
50,67,1,1662,-3.966816,7434.752863
50,67,1,1663,-57.800187,7460.652695
50,67,1,1664,34.505006,7596.128739
50,67,1,1665,-9.128850,7524.406128
50,67,1,1666,-67.715371,7446.706632
50,67,1,1667,-80.078840,7540.344486
50,67,1,1668,48.536729,7307.245998
50,67,1,1669,-12.162158,7566.244318
50,67,1,1670,167.554166,7526.398422
50,67,1,1671,-27.450744,7331.153535
50,67,1,1672,63.169835,7372.991725
50,67,1,1673,-63.707024,7514.444654
50,67,1,1674,59.142621,7542.336780
50,67,1,1675,-51.254232,7287.323050
50,67,1,1676,49.617452,7572.221202
50,67,1,1677,-77.045532,7498.506296
50,67,1,1678,-53.756612,7580.190381
50,67,1,1679,-25.270430,7624.020866
50,67,1,1680,-11.257575,7572.221202
50,67,1,1681,21.060814,7424.791389
50,67,1,1682,122.536388,7538.352191
50,67,1,1683,-38.749850,7400.883852
50,67,1,1684,163.794922,7295.292229
50,67,1,1685,-58.154975,7468.621874
50,67,1,1686,-30.004713,7283.338461
50,67,1,1687,-23.956964,7436.745158
50,67,1,1688,18.967317,7524.406128
50,67,1,1689,107.442810,7325.176651
50,67,1,1690,-33.056889,7562.259728
50,67,1,1691,62.035016,7293.299935
50,67,1,1692,6.852951,7454.675811
50,67,1,1693,-48.434799,7460.652695
50,67,1,1694,78.263414,7586.167265
50,67,1,1695,-60.229605,7331.153535
50,67,1,1696,-56.470361,7562.259728
50,67,1,1697,79.417100,7428.775979
50,67,1,1698,11.375866,7484.560232
50,67,1,1699,-17.819891,7456.668105
50,67,1,1700,181.886581,7414.829915
50,67,1,1701,55.063817,7370.999431
50,67,1,1702,49.192208,7476.591053
50,67,1,1703,-95.491978,7386.937789
50,67,1,1704,71.346310,7478.583348
50,67,1,1705,-24.401075,7578.198086
50,67,1,1706,17.212246,7327.168946
50,67,1,1707,-66.740332,7556.282844
50,67,1,1708,-19.398821,7518.429243
50,67,1,1709,-0.348484,7458.660400
50,67,1,1710,-216.462001,7474.598758
50,67,1,1711,108.861960,7293.299935
50,67,1,1712,-3.222013,7470.614169
50,67,1,1713,-62.767213,7572.221202
50,67,1,1714,-18.849026,7532.375307
50,67,1,1715,1.070666,7426.783684
50,67,1,1716,139.422772,7474.598758
50,67,1,1717,1.850697,7514.444654
50,67,1,1718,59.177849,7594.136444
50,67,1,1719,102.706020,7510.460064
50,67,1,1720,-147.072073,7283.338461
50,67,1,1721,10.755614,7367.014841
50,67,1,1722,162.711692,7556.282844
50,67,1,1723,34.523874,7359.045662
50,67,1,1724,28.687493,7516.436949
50,67,1,1725,-79.209486,7494.521706
50,67,1,1726,-14.431796,7406.860736
50,67,1,1727,-11.877826,7454.675811
50,67,1,1728,5.859045,7582.182676
50,67,1,1729,-121.069404,7382.953199
50,67,1,1730,47.932838,7478.583348
50,67,1,1731,-66.651009,7422.799094
50,67,1,1732,-135.366590,7546.321370
50,67,1,1733,-93.842592,7428.775979
50,67,1,1734,-196.826640,7480.575643
50,67,1,1735,-213.128000,7610.074803
50,67,1,1736,39.862048,7528.390717
50,67,1,1737,84.384125,7317.207472
50,67,1,1738,68.331869,7283.338461
50,67,1,1739,113.720795,7552.298254
50,67,1,1740,-37.720716,7325.176651
50,67,1,1741,64.144874,7482.567937
50,67,1,1742,49.387216,7498.506296
50,67,1,1743,46.104805,7703.712657
50,67,1,1744,14.160071,7606.090213
50,67,1,1745,-173.857279,7622.028571
50,67,1,1746,-97.761616,7227.554207
50,67,1,1747,-32.913470,7243.492565
50,67,1,1748,3.074840,7460.652695
50,67,1,1749,105.438636,7291.307640
50,67,1,1750,1.319769,7263.415513
50,67,1,1751,-47.459759,7570.228907
50,67,1,1752,84.809369,7412.837621
50,67,1,1753,74.875318,7635.974635
50,67,1,1754,19.216420,7361.037957
50,67,1,1755,27.038107,7474.598758
50,67,1,1756,-14.022913,7213.608144
50,67,1,1757,-116.031922,7374.984020
50,67,1,1758,-39.353741,7572.221202
50,67,1,1759,-113.548409,7319.199767
50,67,1,1760,-4.446155,7524.406128
50,67,1,1761,-82.313250,7432.760568
50,67,1,1762,85.713952,7418.814505
50,67,1,1763,121.011554,7414.829915
50,67,1,1764,167.678718,7444.714337
50,67,1,1765,152.921060,7460.652695
50,67,1,1766,-211.884991,7319.199767
50,67,1,1767,44.544742,7528.390717
50,67,1,1768,64.304654,7452.683516
50,67,1,1769,14.124843,7554.290549
50,67,1,1770,-133.663108,7402.876147
50,67,1,1771,145.099373,7347.091893
50,67,1,1772,112.905536,7412.837621
50,67,1,1773,-74.897940,7213.608144
50,67,1,1774,60.011975,7496.514001
50,67,1,1775,-134.746338,7663.866761
50,67,1,1776,82.130849,7446.706632
50,67,1,1777,16.519032,7631.990045
50,67,1,1778,-39.034182,7512.452359
50,67,1,1779,71.630641,7367.014841
50,67,1,1780,-35.521534,7380.960904
50,67,1,1781,16.218340,7454.675811
50,67,1,1782,31.455337,7349.084188
50,67,1,1783,-53.596832,7550.305960
50,67,1,1784,42.540568,7494.521706
50,67,1,1785,35.249809,7631.990045
50,67,1,1786,40.731402,7482.567937
50,67,1,1787,34.364094,7388.930083
50,67,1,1788,-70.412759,7717.658720
50,67,1,1789,83.230439,7474.598758
50,67,1,1790,-10.707779,7586.167265
50,67,1,1791,157.338290,7335.138125
50,67,1,1792,-73.852444,7426.783684
50,67,1,1793,84.064566,7376.976315
50,67,1,1794,-73.427200,7522.413833
50,67,1,1795,120.621538,7370.999431
50,67,1,1796,13.344811,7466.629579
50,67,1,1797,32.200140,7384.945494
50,67,1,1798,26.878327,7504.483180
50,67,1,1799,120.142199,7460.652695
50,67,1,1800,-99.554421,7504.483180
50,67,1,1801,126.403823,7398.891557
50,67,1,1802,-195.372262,7500.498590
50,67,1,1803,87.753354,7504.483180
50,67,1,1804,-171.709687,7337.130419
50,67,1,1805,6.108148,7418.814505
50,67,1,1806,93.216080,7592.144150
50,67,1,1807,106.484132,7504.483180
50,67,1,1808,58.663281,7631.990045
50,67,1,1809,1.566366,7626.013161
50,67,1,1810,-161.653590,7558.275139
50,67,1,1811,127.237950,7301.269114
50,67,1,1812,-66.065985,7488.544822
50,67,1,1813,-46.392890,7020.355551
50,67,1,1814,42.965812,7590.151855
50,67,1,1815,-68.530631,7307.245998
50,67,1,1816,-4.692752,7161.808480
50,67,1,1817,-42.563190,7355.061072
50,67,1,1818,38.088110,7568.236612
50,67,1,1819,-148.260987,7388.930083
50,67,1,1820,-79.350398,7287.323050
50,67,1,1821,24.608689,7345.099599
50,67,1,1822,75.638988,7434.752863
50,67,1,1823,14.249394,7472.606464
50,67,1,1824,-139.729725,7486.552527
50,67,1,1825,-106.666533,7374.984020
50,67,1,1826,-36.975913,7361.037957
50,67,1,1827,-21.473451,7380.960904
50,67,1,1828,-23.637405,7376.976315
50,67,1,1829,-93.062561,7516.436949
50,67,1,1830,-133.717204,7588.159560
50,67,1,1831,19.606436,7404.868442
50,67,1,1832,76.278107,7315.215177
50,67,1,1833,-88.520779,7309.238293
50,67,1,1834,-25.961138,7402.876147
50,67,1,1835,-44.762371,7299.276819
50,67,1,1836,32.590156,7428.775979
50,67,1,1837,48.766964,7380.960904
50,67,1,1838,-39.548749,7550.305960
50,67,1,1839,131.387210,7576.205792
50,67,1,1840,-97.211821,7241.500271
50,67,1,1841,-0.543492,7436.745158
50,67,1,1842,-92.388214,7448.698926
50,67,1,1843,169.168324,7516.436949
50,67,1,1844,-34.600591,7675.820530
50,67,1,1845,13.450496,7622.028571
50,67,1,1846,-52.957713,7430.768274
50,67,1,1847,-97.070908,7448.698926
50,67,1,1848,-36.940685,7412.837621
50,67,1,1849,11.180858,7462.644990
50,67,1,1850,-104.857367,7386.937789
50,67,1,1851,-70.180017,7265.407808
50,67,1,1852,36.048708,7482.567937
50,67,1,1853,38.957465,7522.413833
50,67,1,1854,69.076672,7319.199767
50,67,1,1855,-75.057719,7243.492565
50,67,1,1856,31.135778,7408.853031
50,67,1,1857,-168.161811,7257.438629
50,67,1,1858,-75.485469,7673.828235
50,67,1,1859,-84.051960,7524.406128
50,67,1,1860,82.166077,7498.506296
50,67,1,1861,-52.638154,7370.999431
50,67,1,1862,21.415601,7416.822210
50,67,1,1863,193.860034,7277.361576
50,67,1,1864,-58.580219,7372.991725
50,67,1,1865,58.327361,7402.876147
50,67,1,1866,-27.469611,7568.236612
50,67,1,1867,-52.478374,7341.115009
50,67,1,1868,-10.317764,7629.997750
50,67,1,1869,-25.251563,7386.937789
50,67,1,1870,-28.214415,7532.375307
50,67,1,1871,-121.849435,7295.292229
50,67,1,1872,7.562526,7438.737453
50,67,1,1873,-23.336712,7554.290549
50,67,1,1874,-37.365928,7317.207472
50,67,1,1875,47.702602,7404.868442
50,67,1,1876,100.950950,7313.222882
50,67,1,1877,0.875658,7404.868442
50,67,1,1878,-129.814541,7500.498590
50,67,1,1879,140.736238,7287.323050
50,67,1,1880,-3.752941,7219.585028
50,67,1,1881,33.779070,7323.184356
50,67,1,1882,70.512183,7576.205792
50,67,1,1883,10.525378,7293.299935
50,67,1,1884,17.902954,7548.313665
50,67,1,1885,108.258069,7464.637285
50,67,1,1886,1.460682,7470.614169
50,67,1,1887,61.555677,7382.953199
50,67,1,1888,3.305076,7534.367601
50,67,1,1889,118.687821,7440.729747
50,67,1,1890,-79.954289,7458.660400
50,67,1,1891,-40.559016,7388.930083
50,67,1,1892,71.701097,7470.614169
50,67,1,1893,94.548413,7167.785364
50,67,1,1894,10.205819,7353.068778
50,67,1,1895,-67.821056,7291.307640
50,67,1,1896,80.676470,7426.783684
50,67,1,1897,-88.683065,7865.088533
50,67,1,1898,-86.056133,7490.537117
50,67,1,1899,-111.917890,7598.121034
50,67,1,1900,143.910458,7452.683516
50,67,1,1901,49.671547,7386.937789
50,67,1,1902,-59.538897,7552.298254
50,67,1,1903,2.950288,7542.336780
50,67,1,1904,-32.312086,7598.121034
50,67,1,1905,147.014223,7514.444654
50,67,1,1906,-133.627880,7454.675811
50,67,1,1907,61.449993,7227.554207
50,67,1,1908,-29.029674,7392.914673
50,67,1,1909,81.350817,7359.045662
50,67,1,1910,-45.951286,7404.868442
50,67,1,1911,-104.467351,7430.768274
50,67,1,1912,155.049785,7412.837621
50,67,1,1913,42.965812,7590.151855
50,67,1,1914,14.249394,7472.606464
50,67,1,1915,-189.890669,7351.076483
50,67,1,1916,-43.291632,7608.082508
50,67,1,1917,-1.997870,7416.822210
50,67,1,1918,5.274021,7516.436949
50,67,1,1919,-58.704770,7454.675811
50,67,1,1920,24.058894,7331.153535
50,67,1,1921,-23.496492,7584.174971
50,67,1,1922,-144.358324,7301.269114
50,67,1,1923,-4.800943,7532.375307
50,67,1,1924,26.398988,7594.136444
50,67,1,1925,-27.239375,7641.951519
50,67,1,1926,-9.624550,7325.176651
50,67,1,1927,-137.831236,7365.022546
50,67,1,1928,-90.064481,7422.799094
50,67,1,1929,99.177012,7353.068778
50,67,1,1930,0.485642,7361.037957
50,67,1,1931,25.423949,7484.560232
50,67,1,1932,3.925327,7651.912993
50,67,1,1933,-45.136026,7544.329075
50,67,1,1934,-118.639986,7512.452359
50,67,1,1935,-210.075825,7331.153535
50,67,1,1936,141.321261,7353.068778
50,67,1,1937,38.602677,7530.383012
50,67,1,1938,132.186108,7426.783684
50,67,1,1939,-4.321604,7442.722042
50,67,1,1940,-47.405664,7384.945494
50,67,1,1941,76.987682,7299.276819
50,67,1,1942,-41.038355,7478.583348
50,67,1,1943,26.328532,7490.537117
50,67,1,1944,-45.081931,7359.045662
50,67,1,1945,-23.761956,7458.660400
50,67,1,1946,37.308079,7480.575643
50,67,1,1947,-29.083769,7578.198086
50,67,1,1948,-103.757776,7414.829915
50,67,1,1949,47.737830,7456.668105
50,67,1,1950,-46.785412,7502.490885
50,67,1,1951,-82.172337,7639.959224
50,67,1,1952,3.713958,7341.115009
50,67,1,1953,8.272101,7422.799094
50,67,1,1954,-73.088774,7225.561913
50,67,1,1955,-114.612771,7343.107304
50,67,1,1956,106.484132,7504.483180
50,67,1,1957,52.314840,7301.269114
50,67,1,1958,-110.872395,7811.296574
50,67,1,1959,-36.036102,7418.814505
50,67,1,1960,1.726146,7596.128739
50,67,1,1961,-15.087275,7237.515681
50,67,1,1962,-73.568113,7315.215177
50,67,1,1963,34.434550,7492.529411
50,67,1,1964,-99.465098,7370.999431
50,67,1,1965,-66.366677,7311.230587
50,67,1,1966,-120.963719,7538.352191
50,67,1,1967,17.548166,7556.282844
50,67,1,1968,-22.573042,7353.068778
50,67,1,1969,-100.050121,7305.253703
50,67,1,1970,128.567777,7402.876147
50,67,1,1971,11.145630,7410.845326
50,67,1,1972,88.533385,7592.144150
50,67,1,1973,43.604931,7470.614169
50,67,1,1974,-84.937675,7281.346166
50,67,1,1975,-166.991764,7388.930083
50,67,1,1976,-179.745249,7438.737453
50,67,1,1977,5.452668,7249.469450
50,67,1,1978,-154.043272,7361.037957
50,67,1,1979,-47.849775,7526.398422
50,67,1,1980,64.960134,7622.028571
50,67,1,1981,-67.254900,7594.136444
50,67,1,1982,59.692416,7556.282844
50,67,1,1983,23.295224,7532.375307
50,67,1,1984,40.536395,7460.652695
50,67,1,1985,41.866221,7562.259728
50,67,1,1986,-88.201219,7249.469450
50,67,1,1987,114.785158,7528.390717
50,67,1,1988,22.425869,7578.198086
50,67,1,1989,52.295973,7538.352191
50,67,1,1990,-15.991858,7231.538797
50,67,1,1991,48.961972,7402.876147
50,67,1,1992,109.677219,7432.760568
50,67,1,1993,-29.509013,7482.567937
50,67,1,1994,-172.189026,7426.783684
50,67,1,1995,-42.633646,7251.461744
50,67,1,1996,-63.262913,7372.991725
50,67,1,1997,222.966467,7438.737453
50,67,1,1998,-14.662032,7333.145830
50,67,1,1999,4.439894,7614.059392
50,67,1,2000,147.298554,7402.876147
50,67,1,2001,160.653423,7707.697246
50,67,1,2002,24.589822,7582.182676
50,67,1,2003,-84.618116,7221.577323
50,67,1,2004,58.982841,7572.221202
50,67,1,2005,-20.019073,7400.883852
50,67,1,2006,50.327027,7556.282844
50,67,1,2007,-133.663108,7402.876147
50,67,1,2008,-70.854364,7333.145830
50,67,1,2009,-137.086432,7400.883852
50,67,1,2010,32.785164,7450.691221
50,67,1,2011,4.298982,7406.860736
50,67,1,2012,-109.469605,7490.537117
50,67,1,2013,3.765547,7681.797414
50,67,1,2014,-149.344217,7649.920698
50,67,1,2015,23.224767,7428.775979
50,67,1,2016,-18.245135,7361.037957
50,67,1,2017,-167.116316,7470.614169
50,67,1,2018,224.846090,7554.290549
50,67,1,2019,-56.275353,7584.174971
50,67,1,2020,-88.520779,7309.238293
50,67,1,2021,56.748431,7464.637285
50,67,1,2022,-106.081509,7440.729747
50,67,1,2023,2.579140,7261.423218
50,67,1,2024,66.308828,7486.552527
50,67,1,2025,63.489395,7313.222882
50,67,1,2026,16.963143,7490.537117
50,67,1,2027,-77.790335,7462.644990
50,67,1,2028,-151.348391,7616.051687
50,67,1,2029,74.184610,7414.829915
50,67,1,2030,-60.194377,7382.953199
50,67,1,2031,-4.568200,7080.124395
50,67,1,2032,219.987255,7295.292229
50,67,1,2033,-10.848692,7378.968610
50,67,1,2034,15.847191,7173.762249
50,67,1,2035,9.477376,7606.090213
50,67,1,2036,-63.192457,7476.591053
50,67,1,2037,-5.226187,7436.745158
50,67,1,2038,-110.923983,7470.614169
50,67,1,2039,149.622287,7376.976315
50,67,1,2040,-72.398066,7446.706632
50,67,1,2041,17.158151,7512.452359
50,67,1,2042,134.615526,7556.282844
50,67,1,2043,74.184610,7414.829915
50,67,1,2044,-108.849354,7608.082508
50,67,1,2045,-39.264418,7438.737453
50,67,1,2046,67.018403,7470.614169
50,67,1,2047,32.465604,7510.460064
50,67,1,2048,25.299397,7566.244318
50,67,1,2049,91.266001,7372.991725
50,67,1,2050,84.579133,7339.122714
50,67,1,2051,77.058139,7402.876147
50,67,1,2052,-122.117405,7695.743478
50,67,1,2053,18.382293,7458.660400
50,67,1,2054,-55.725557,7598.121034
50,67,1,2055,-83.786496,7649.920698
50,67,1,2056,-15.655938,7460.652695
50,67,1,2057,-92.263662,7367.014841
50,67,1,2058,21.291050,7498.506296
50,67,1,2059,-43.202309,7474.598758
50,67,1,2060,-51.219004,7339.122714
50,67,1,2061,14.975330,7745.550847
50,67,1,2062,-169.190946,7333.145830
50,67,1,2063,101.625297,7245.484860
50,67,1,2064,130.856282,7325.176651
50,67,1,2065,-118.675214,7460.652695
50,67,1,2066,16.643584,7550.305960
50,67,1,2067,-66.456001,7444.714337
50,67,1,2068,-65.675970,7532.375307
50,67,1,2069,-119.969813,7410.845326
50,67,1,2070,175.784736,7446.706632
50,67,1,2071,51.001374,7488.544822
50,67,1,2072,28.492485,7494.521706
50,67,1,2073,-45.951286,7404.868442
50,67,1,2074,-15.052047,7289.315345
50,67,1,2075,5.363345,7382.953199
50,67,1,2076,62.316841,7707.697246
50,67,1,2077,219.383364,7466.629579
50,67,1,2078,-146.860704,7594.136444
50,67,1,2079,-25.766130,7424.791389
50,67,1,2080,123.086184,7552.298254
50,67,1,2081,61.536810,7620.036276
50,67,1,2082,-97.301144,7374.984020
50,67,1,2083,43.534475,7367.014841
50,67,1,2084,-124.297720,7402.876147
50,67,1,2085,32.660612,7532.375307
50,67,1,2086,14.550086,7649.920698
50,67,1,2087,-74.437468,7361.037957
50,67,1,2088,-45.347395,7233.531092
50,67,1,2089,11.570874,7506.475475
50,67,1,2090,-47.370436,7436.745158
50,67,1,2091,-18.174679,7464.637285
50,67,1,2092,13.894607,7480.575643
50,67,1,2093,-46.465853,7442.722042
50,67,1,2094,-57.055384,7496.514001
50,67,1,2095,56.214997,7739.573962
50,67,1,2096,-44.922151,7329.161240
50,67,1,2097,-4.711619,7398.891557
50,67,1,2098,80.906706,7500.498590
50,67,1,2099,34.469778,7544.329075
50,67,1,2100,-189.625205,7476.591053
50,67,1,2101,-0.083020,7584.174971
50,67,1,2102,98.876320,7175.754543
50,67,1,2103,231.232265,7410.845326
50,67,1,2104,70.547411,7628.005455
50,67,1,2105,-68.248806,7721.643310
50,67,1,2106,5.097881,7257.438629
50,67,1,2107,44.368601,7269.392397
50,67,1,2108,-42.048623,7317.207472
50,67,1,2109,66.593159,7374.984020
50,67,1,2110,-138.275347,7506.475475
50,67,1,2111,-8.649510,7434.752863
50,67,1,2112,-37.615031,7480.575643
50,67,1,2113,-5.296643,7333.145830
50,67,1,2114,76.489476,7626.013161
50,67,1,2115,9.815803,7309.238293
50,67,1,2116,49.316760,7394.906968
50,67,1,2117,-14.112236,7347.091893
50,67,1,2118,-53.312501,7438.737453
50,67,1,2119,-63.972488,7388.930083
50,67,1,2120,-15.176599,7370.999431
50,67,1,2121,67.798434,7558.275139
50,67,1,2122,7.687078,7357.053367
50,67,1,2123,-57.551084,7297.284524
50,67,1,2124,-67.325356,7490.537117
50,67,1,2125,1.850697,7514.444654
50,67,1,2126,81.136942,7574.213497
50,67,1,2127,44.544742,7528.390717
50,67,1,2128,-19.593829,7496.514001
50,67,1,2129,149.587059,7325.176651
50,67,1,2130,54.974493,7504.483180
50,67,1,2131,-16.151638,7261.423218
50,67,1,2132,121.241790,7488.544822
50,67,1,2133,82.184944,7261.423218
50,67,1,2134,24.963477,7337.130419
50,67,1,2135,-152.553666,7432.760568
50,67,1,2136,-47.210656,7406.860736
50,67,1,2137,-39.673301,7631.990045
50,67,1,2138,-45.685822,7530.383012
50,67,1,2139,-15.371607,7349.084188
50,67,1,2140,-41.924071,7235.523386
50,67,1,2141,133.905951,7572.221202
50,67,1,2142,-68.584726,7492.529411
50,67,1,2143,-124.936839,7522.413833
50,67,1,2144,-38.590071,7370.999431
50,67,1,2145,19.766215,7374.984020
50,67,1,2146,-153.263241,7448.698926
50,67,1,2147,32.928583,7131.924058
50,67,1,2148,102.651925,7695.743478
50,67,1,2149,-111.029668,7315.215177
50,67,1,2150,104.674966,7492.529411
50,67,1,2151,-107.571116,7369.007136
50,67,1,2152,28.971824,7404.868442
50,67,1,2153,137.258818,7470.614169
50,67,1,2154,-100.174673,7386.937789
50,67,1,2155,65.333789,7376.976315
50,67,1,2156,-54.146627,7536.359896
50,67,1,2157,-160.234440,7526.398422
50,67,1,2158,-1.323523,7349.084188
50,67,1,2159,-73.603341,7263.415513
50,67,1,2160,65.404245,7480.575643
50,67,1,2161,86.707859,7291.307640
50,67,1,2162,93.394727,7325.176651
50,67,1,2163,33.689747,7456.668105
50,67,1,2164,59.816967,7474.598758
50,67,1,2165,60.651094,7376.976315
50,67,1,2166,-42.722970,7384.945494
50,67,1,2167,97.793090,7436.745158
50,67,1,2168,89.776395,7301.269114
50,67,1,2169,69.252812,7578.198086
50,67,1,2170,-9.589321,7376.976315
50,67,1,2171,65.244465,7510.460064
50,67,1,2172,19.286876,7464.637285
50,67,1,2173,19.322104,7516.436949
50,67,1,2174,146.659435,7522.413833
50,67,1,2175,10.151723,7538.352191
50,67,1,2176,-0.348484,7458.660400
50,67,1,2177,155.510257,7560.267433
50,67,1,2178,162.126669,7490.537117
50,67,1,2179,23.135444,7562.259728
50,67,1,2180,38.337213,7404.868442
50,67,1,2181,-36.071330,7367.014841
50,67,1,2182,-126.816461,7406.860736
50,67,1,2183,-34.457172,7357.053367
50,67,1,2184,33.229275,7309.238293
50,67,1,2185,22.089948,7349.084188
50,67,1,2186,-25.110650,7594.136444
50,67,1,2187,161.222086,7484.560232
50,67,1,2188,-78.109895,7522.413833
50,67,1,2189,-46.785412,7502.490885
50,67,1,2190,24.270263,7641.951519
50,67,1,2191,-80.734320,7370.999431
50,67,1,2192,-5.545746,7496.514001
50,67,1,2193,-9.908881,7436.745158
50,67,1,2194,15.934008,7566.244318
50,67,1,2195,-17.199640,7574.213497
50,67,1,2196,86.973323,7416.822210
50,67,1,2197,-9.253401,7606.090213
50,67,1,2198,-77.576460,7247.477155
50,67,1,2199,-66.526457,7341.115009
50,67,1,2200,107.388714,7510.460064
50,67,1,2201,69.415099,7022.347846
50,67,1,2202,54.405831,7727.620194
50,67,1,2203,-36.266338,7345.099599
50,67,1,2204,-35.006967,7343.107304
50,67,1,2205,122.094784,7153.839301
50,67,1,2206,-38.395063,7392.914673
50,67,1,2207,50.007468,7616.051687
50,67,1,2208,-15.991858,7231.538797
50,67,1,2209,100.666618,7424.791389
50,67,1,2210,41.370521,7363.030251
50,67,1,2211,144.974821,7428.775979
50,67,1,2212,112.870307,7361.037957
50,67,1,2213,21.610609,7438.737453
50,67,1,2214,101.695753,7349.084188
50,67,1,2215,58.912385,7468.621874
50,67,1,2216,-25.411342,7416.822210
50,67,1,2217,-25.907042,7217.592733
50,67,1,2218,-96.680893,7492.529411
50,67,1,2219,184.175086,7337.130419
50,67,1,2220,93.004711,7281.346166
50,67,1,2221,131.565857,7309.238293
50,67,1,2222,-50.138280,7604.097918
50,67,1,2223,-8.969070,7494.521706
50,67,1,2224,77.748846,7624.020866
50,67,1,2225,-43.307993,7319.199767
50,67,1,2226,-30.573376,7506.475475
50,67,1,2227,132.895684,7410.845326
50,67,1,2228,44.969986,7624.020866
50,67,1,2229,78.477289,7370.999431
50,67,1,2230,63.205063,7424.791389
50,67,1,2231,171.492057,7490.537117
50,67,1,2232,63.134607,7321.192061
50,67,1,2233,-43.362089,7504.483180
50,67,1,2234,-85.771802,7378.968610
50,67,1,2235,-145.831569,7518.429243
50,67,1,2236,39.561355,7351.076483
50,67,1,2237,104.674966,7492.529411
50,67,1,2238,-41.073584,7426.783684
50,67,1,2239,3.234619,7430.768274
50,67,1,2240,147.918806,7520.421538
50,67,1,2241,-85.417014,7370.999431
50,67,1,2242,-92.867553,7538.352191
50,67,1,2243,-59.289794,7388.930083
50,67,1,2244,-21.722554,7544.329075
50,67,1,2245,41.121418,7526.398422
50,67,1,2246,114.855614,7631.990045
50,67,1,2247,-92.529126,7241.500271
50,67,1,2248,37.378535,7584.174971
50,67,1,2249,-23.371941,7502.490885
50,67,1,2250,82.520864,7490.537117
50,67,1,2251,64.889678,7518.429243
50,67,1,2252,-65.781654,7376.976315
50,67,1,2253,-91.962970,7544.329075
50,67,1,2254,57.848022,7492.529411
50,67,1,2255,-285.248038,7494.521706
50,67,1,2256,15.739001,7544.329075
50,67,1,2257,-15.531386,7378.968610
50,67,1,2258,-87.670291,7500.498590
50,67,1,2259,-102.658186,7442.722042
50,67,1,2260,-63.138361,7291.307640
50,67,1,2261,-24.081516,7518.429243
50,67,1,2262,-42.527962,7406.860736
50,67,1,2263,49.546996,7468.621874
50,67,1,2264,162.836244,7474.598758
50,67,1,2265,16.892687,7386.937789
50,67,1,2266,58.327361,7402.876147
50,67,1,2267,-55.441226,7486.552527
50,67,1,2268,-85.471110,7556.282844
50,67,1,2269,-31.743423,7374.984020
50,67,1,2270,87.114235,7624.020866
50,67,1,2271,-78.391720,7108.016521
50,67,1,2272,91.496237,7446.706632
50,67,1,2273,-62.393558,7327.168946
50,67,1,2274,102.865800,7480.575643
50,67,1,2275,95.788916,7402.876147
50,67,1,2276,37.787418,7390.922378
50,67,1,2277,-59.874817,7323.184356
50,67,1,2278,-29.614698,7327.168946
50,67,1,2279,-130.559344,7464.637285
50,67,1,2280,-62.837669,7468.621874
50,67,1,2281,-27.044368,7663.866761
50,67,1,2282,-48.648674,7675.820530
50,67,1,2283,-123.607012,7624.020866
50,67,1,2284,-124.102712,7424.791389
50,67,1,2285,10.576967,7633.982340
50,67,1,2286,100.506839,7454.675811
50,67,1,2287,83.639322,7281.346166
50,67,1,2288,-69.773641,7598.121034
50,67,1,2289,-51.912218,7643.943814
50,67,1,2290,-40.613112,7574.213497
50,67,1,2291,-156.775888,7580.190381
50,67,1,2292,-58.899778,7432.760568
50,67,1,2293,-203.478280,7498.506296
50,67,1,2294,104.390634,7604.097918
50,67,1,2295,-245.852766,7424.791389
50,67,1,2296,10.950622,7388.930083
50,67,1,2297,48.412177,7388.930083
50,67,1,2298,-74.952035,7398.891557
50,67,1,2299,-39.353741,7572.221202
50,67,1,2300,-55.351903,7353.068778
50,67,1,2301,43.409923,7448.698926
50,67,1,2302,148.912712,7392.914673
50,67,1,2303,-45.171254,7492.529411
50,67,1,2304,-57.374944,7556.282844
50,67,1,2305,-108.315919,7333.145830
50,67,1,2306,-80.734320,7370.999431
50,67,1,2307,151.751013,7329.161240
50,67,1,2308,41.297559,7785.396742
50,67,1,2309,-80.964556,7297.284524
50,67,1,2310,-55.690329,7649.920698
50,67,1,2311,-49.764625,7359.045662
50,67,1,2312,17.068827,7645.936108
50,67,1,2313,-67.431040,7335.138125
50,67,1,2314,-112.218582,7420.806800
50,67,1,2315,5.877912,7345.099599
50,67,1,2316,0.964982,7271.384692
50,67,1,2317,3.624635,7474.598758
50,67,1,2318,-27.485972,7279.353871
50,67,1,2319,84.649590,7442.722042
50,67,1,2320,18.436389,7273.376987
50,67,1,2321,-102.409082,7279.353871
50,67,1,2322,109.038101,7552.298254
50,67,1,2323,-116.316253,7486.552527
50,67,1,2324,-84.352652,7347.091893
50,67,1,2325,78.582973,7526.398422
50,67,1,2326,-58.880911,7195.677491
50,67,1,2327,15.598088,7337.130419
50,67,1,2328,-54.217084,7432.760568
50,67,1,2329,-75.856618,7392.914673
50,67,1,2330,-55.460093,7723.635604
50,67,1,2331,-31.867974,7456.668105
50,67,1,2332,33.158819,7205.638965
50,67,1,2333,-155.622202,7422.799094
50,67,1,2334,24.608689,7345.099599
50,67,1,2335,17.442482,7400.883852
50,67,1,2336,37.362174,7295.292229
50,67,1,2337,-144.341963,7590.151855
50,67,1,2338,-163.107969,7538.352191
50,67,1,2339,34.133858,7315.215177
50,67,1,2340,35.604597,7624.020866
50,67,1,2341,84.950282,7620.036276
50,67,1,2342,-61.843763,7341.115009
50,67,1,2343,-63.831576,7596.128739
50,67,1,2344,-54.162988,7247.477155
50,67,1,2345,22.444736,7341.115009
50,67,1,2346,-37.899363,7592.144150
50,67,1,2347,-146.611601,7430.768274
50,67,1,2348,9.761708,7494.521706
50,67,1,2349,-58.119747,7520.421538
50,67,1,2350,-80.912967,7637.966929
50,67,1,2351,-87.670291,7500.498590
50,67,1,2352,107.158479,7436.745158
50,67,1,2353,-12.267842,7410.845326
50,67,1,2354,46.389136,7592.144150
50,67,1,2355,-33.552589,7363.030251
50,67,1,2356,-60.069825,7301.269114
50,67,1,2357,98.732901,7494.521706
50,67,1,2358,-9.732740,7695.743478
50,67,1,2359,12.600008,7430.768274
50,67,1,2360,62.920732,7536.359896
50,67,1,2361,-61.153055,7562.259728
50,67,1,2362,11.570874,7506.475475
50,67,1,2363,-34.031928,7452.683516
50,67,1,2364,53.590571,7588.159560
50,67,1,2365,-30.183360,7550.305960
50,67,1,2366,-34.616951,7386.937789
50,67,1,2367,9.176684,7428.775979
50,67,1,2368,95.434129,7410.845326
50,67,1,2369,-10.867559,7616.051687
50,67,1,2370,0.290635,7339.122714
50,67,1,2371,10.400827,7374.984020
50,67,1,2372,-115.801686,7448.698926
50,67,1,2373,-17.056221,7255.446334
50,67,1,2374,-51.876990,7695.743478
50,67,1,2375,3.039611,7408.853031
50,67,1,2376,-116.351481,7434.752863
50,67,1,2377,-117.166741,7295.292229
50,67,1,2378,-29.314005,7504.483180
50,67,1,2379,167.359158,7504.483180
50,67,1,2380,-16.170505,7498.506296
50,67,1,2381,13.309583,7414.829915
50,67,1,2382,56.818887,7568.236612
50,67,1,2383,-58.615447,7321.192061
50,67,1,2384,68.348230,7572.221202
50,67,1,2385,-27.859627,7524.406128
50,67,1,2386,-109.150046,7430.768274
50,67,1,2387,31.826486,7629.997750
50,67,1,2388,-107.890675,7428.775979
50,67,1,2389,-28.940351,7259.430924
50,67,1,2390,-22.253483,7293.299935
50,67,1,2391,-24.382208,7341.115009
50,67,1,2392,76.968815,7536.359896
50,67,1,2393,18.896860,7420.806800
50,67,1,2394,-166.406741,7454.675811
50,67,1,2395,37.752190,7339.122714
50,67,1,2396,101.925989,7422.799094
50,67,1,2397,-69.399986,7353.068778
50,67,1,2398,94.830238,7582.182676
50,67,1,2399,-42.173174,7398.891557
50,67,1,2400,-34.457172,7357.053367
50,67,1,2401,-26.456838,7203.646670
50,67,1,2402,-14.556347,7488.544822
50,67,1,2403,-142.673710,7394.906968
50,67,1,2404,42.026001,7532.375307
50,67,1,2405,2.400493,7528.390717
50,67,1,2406,-15.566614,7327.168946
50,67,1,2407,-224.159136,7279.353871
50,67,1,2408,177.168658,7363.030251
50,67,1,2409,-64.522284,7374.984020
50,67,1,2410,-173.643404,7406.860736
50,67,1,2411,-15.442063,7245.484860
50,67,1,2412,110.403155,7705.704951
50,67,1,2413,-40.913804,7396.899262
50,67,1,2414,90.077087,7478.583348
50,67,1,2415,-225.383278,7333.145830
50,67,1,2416,73.315255,7460.652695
50,67,1,2417,82.539732,7253.454039
50,67,1,2418,64.074418,7378.968610
50,67,1,2419,-8.473370,7693.751183
50,67,1,2420,17.832498,7444.714337
50,67,1,2421,-12.072834,7432.760568
50,67,1,2422,80.765794,7293.299935
50,67,1,2423,-146.026577,7496.514001
50,67,1,2424,-27.220508,7404.868442
50,67,1,2425,-53.223177,7305.253703
50,67,1,2426,-17.855119,7404.868442
50,67,1,2427,-146.825476,7645.936108
50,67,1,2428,-65.231859,7390.922378
50,67,1,2429,-196.756184,7584.174971
50,67,1,2430,-62.572205,7594.136444
50,67,1,2431,-37.420024,7502.490885
50,67,1,2432,30.000959,7329.161240
50,67,1,2433,27.818138,7562.259728
50,67,1,2434,85.518944,7396.899262
50,67,1,2435,9.442148,7554.290549
50,67,1,2436,13.149803,7444.714337
50,67,1,2437,-52.673382,7319.199767
50,67,1,2438,-61.613527,7414.829915
50,67,1,2439,-56.345809,7480.575643
50,67,1,2440,-77.416681,7217.592733
50,67,1,2441,27.728815,7695.743478
50,67,1,2442,-31.637739,7530.383012
50,67,1,2443,-51.308327,7472.606464
50,67,1,2444,2.080933,7588.159560
50,67,1,2445,79.346644,7325.176651
50,67,1,2446,-69.204978,7374.984020
50,67,1,2447,57.493234,7500.498590
50,67,1,2448,-49.959633,7337.130419
50,67,1,2449,34.559102,7410.845326
50,67,1,2450,-89.709693,7414.829915
50,67,1,2451,71.275853,7374.984020
50,67,1,2452,44.579970,7580.190381
50,67,1,2453,23.845019,7546.321370
50,67,1,2454,-82.543486,7359.045662
50,67,1,2455,-19.718381,7578.198086
50,67,1,2456,-9.323857,7502.490885
50,67,1,2457,30.515526,7291.307640
50,67,1,2458,4.298982,7406.860736
50,67,1,2459,98.147877,7428.775979
50,67,1,2460,51.001374,7488.544822
50,67,1,2461,150.421186,7227.554207
50,67,1,2462,-137.920559,7498.506296
50,67,1,2463,121.507254,7614.059392
50,67,1,2464,-110.533968,7514.444654
50,67,1,2465,-23.512853,7295.292229
50,67,1,2466,-131.428699,7510.460064
50,67,1,2467,-70.128428,7606.090213
50,67,1,2468,6.213832,7574.213497
50,67,1,2469,48.431044,7151.847006
50,67,1,2470,-31.602510,7582.182676
50,67,1,2471,-2.371525,7661.874467
50,67,1,2472,80.782155,7582.182676
50,67,1,2473,7.882086,7378.968610
50,67,1,2474,-75.537058,7333.145830
50,67,1,2475,-3.417021,7448.698926
50,67,1,2476,83.230439,7474.598758
50,67,1,2477,-45.081931,7359.045662
50,67,1,2478,-89.373773,7643.943814
50,67,1,2479,-41.393143,7486.552527
50,67,1,2480,-58.615447,7321.192061
50,67,1,2481,6.977503,7372.991725
50,67,1,2482,-157.271588,7380.960904
50,67,1,2483,12.369772,7357.053367
50,67,1,2484,109.376527,7255.446334
50,67,1,2485,-79.634729,7398.891557
50,67,1,2486,0.060399,7265.407808
50,67,1,2487,-33.392809,7333.145830
50,67,1,2488,-3.647257,7374.984020
50,67,1,2489,112.426196,7502.490885
50,67,1,2490,-58.119747,7520.421538
50,67,1,2491,15.189205,7530.383012
50,67,1,2492,-54.980754,7633.982340
50,67,1,2493,87.877906,7422.799094
50,67,1,2494,52.030509,7412.837621
50,67,1,2495,59.692416,7556.282844
50,67,1,2496,50.646587,7496.514001
50,67,1,2497,163.705599,7428.775979
50,67,1,2498,28.511352,7257.438629
50,67,1,2499,-32.826653,7635.974635
50,67,1,2500,-188.346967,7237.515681
50,67,1,2501,-60.354156,7412.837621
50,67,1,2502,3.004383,7357.053367
50,67,1,2503,-66.225765,7518.429243
50,67,1,2504,-0.047792,7635.974635
50,67,1,2505,128.692328,7321.192061
50,67,1,2506,-46.005381,7590.151855
50,67,1,2507,26.258076,7386.937789
50,67,1,2508,40.235702,7283.338461
50,67,1,2509,-34.351487,7512.452359
50,67,1,2510,37.397402,7347.091893
50,67,1,2511,-67.910379,7424.791389
50,67,1,2512,-24.135611,7703.712657
50,67,1,2513,-119.438885,7661.874467
50,67,1,2514,-49.978500,7574.213497
50,67,1,2515,51.125926,7406.860736
50,67,1,2516,-134.017896,7410.845326
50,67,1,2517,-3.666124,7612.067097
50,67,1,2518,4.688998,7450.691221
50,67,1,2519,-73.817216,7478.583348
50,67,1,2520,48.945611,7113.993406
50,67,1,2521,-4.995951,7510.460064
50,67,1,2522,61.130433,7287.323050
50,67,1,2523,47.578050,7486.552527
50,67,1,2524,-54.412092,7410.845326
50,67,1,2525,-0.223933,7376.976315
50,67,1,2526,-89.834245,7496.514001
50,67,1,2527,-5.526879,7259.430924
50,67,1,2528,-55.387131,7301.269114
50,67,1,2529,114.999033,7313.222882
50,67,1,2530,-39.494654,7365.022546
50,67,1,2531,-83.217833,7426.783684
50,67,1,2532,-12.108062,7380.960904
50,67,1,2533,24.164578,7486.552527
50,67,1,2534,44.049042,7329.161240
50,67,1,2535,-98.259822,7554.290549
50,67,1,2536,60.082432,7600.113329
50,67,1,2537,-94.481711,7548.313665
50,67,1,2538,-0.827823,7548.313665
50,67,1,2539,102.050540,7341.115009
50,67,1,2540,-27.789171,7628.005455
50,67,1,2541,17.707946,7526.398422
50,67,1,2542,-51.663115,7480.575643
50,67,1,2543,-62.837669,7468.621874
50,67,1,2544,100.631390,7372.991725
50,67,1,2545,-29.118998,7526.398422
50,67,1,2546,-153.688485,7353.068778
50,67,1,2547,-11.133023,7490.537117
50,67,1,2548,-256.672533,7404.868442
50,67,1,2549,-73.126508,7699.728067
50,67,1,2550,23.509099,7317.207472
50,67,1,2551,165.799096,7329.161240
50,67,1,2552,21.450830,7468.621874
50,67,1,2553,-15.282283,7215.600439
50,67,1,2554,103.345139,7390.922378
50,67,1,2555,27.552674,7436.745158
50,67,1,2556,56.464100,7576.205792
50,67,1,2557,28.227021,7369.007136
50,67,1,2558,-26.050461,7536.359896
50,67,1,2559,-80.344304,7414.829915
50,67,1,2560,-123.428365,7357.053367
50,67,1,2561,-14.431796,7406.860736
50,67,1,2562,112.745756,7442.722042
50,67,1,2563,-108.670707,7341.115009
50,67,1,2564,-9.554093,7428.775979
50,67,1,2565,-167.435875,7530.383012
50,67,1,2566,-18.954710,7376.976315
50,67,1,2567,0.415186,7257.438629
50,67,1,2568,35.108897,7424.791389
50,67,1,2569,-145.831569,7518.429243
50,67,1,2570,65.883584,7390.922378
50,67,1,2571,42.860128,7434.752863
50,67,1,2572,95.504585,7514.444654
50,67,1,2573,-125.735737,7671.835940
50,67,1,2574,77.342470,7291.307640
50,67,1,2575,52.350068,7353.068778
50,67,1,2576,24.218674,7301.269114
50,67,1,2577,-4.836171,7480.575643
50,67,1,2578,-86.727974,7032.309320
50,67,1,2579,-73.053546,7277.361576
50,67,1,2580,152.866964,7645.936108
50,67,1,2581,-110.390549,7195.677491
50,67,1,2582,-37.845267,7406.860736
50,67,1,2583,208.244037,7506.475475
50,67,1,2584,-59.254566,7440.729747
50,67,1,2585,47.277358,7309.238293
50,67,1,2586,87.328110,7408.853031
50,67,1,2587,13.859379,7428.775979
50,67,1,2588,136.319007,7412.837621
50,67,1,2589,-56.735825,7436.745158
50,67,1,2590,-6.485557,7438.737453
50,67,1,2591,83.195211,7422.799094
50,67,1,2592,29.751856,7492.529411
50,67,1,2593,22.230861,7556.282844
50,67,1,2594,59.321267,7275.369282
50,67,1,2595,-50.333288,7582.182676
50,67,1,2596,-156.226093,7594.136444
50,67,1,2597,87.913134,7474.598758
50,67,1,2598,147.333782,7454.675811
50,67,1,2599,-25.340886,7520.421538
50,67,1,2600,4.688998,7450.691221
50,67,1,2601,-42.917977,7363.030251
50,67,1,2602,42.824900,7382.953199
50,67,1,2603,-109.079590,7534.367601
50,67,1,2604,-81.443895,7386.937789
50,67,1,2605,-3.576800,7478.583348
50,67,1,2606,-61.488975,7333.145830
50,67,1,2607,38.692001,7396.899262
50,67,1,2608,200.457579,7444.714337
50,67,1,2609,15.863552,7462.644990
50,67,1,2610,7.172510,7394.906968
50,67,1,2611,69.306908,7392.914673
50,67,1,2612,4.724226,7502.490885
50,67,1,2613,53.839675,7424.791389
50,67,1,2614,-20.853200,7498.506296
50,67,1,2615,101.980084,7237.515681
50,67,1,2616,111.646165,7414.829915
50,67,1,2617,-86.481377,7394.906968
50,67,1,2618,-69.364758,7404.868442
50,67,1,2619,-137.831236,7365.022546
50,67,1,2620,-24.295391,7733.597078
50,67,1,2621,118.972152,7329.161240
50,67,1,2622,-231.964462,7454.675811
50,67,1,2623,-148.740326,7478.583348
50,67,1,2624,-123.038349,7400.883852
50,67,1,2625,100.506839,7454.675811
50,67,1,2626,18.152057,7384.945494
50,67,1,2627,-151.985003,7209.623554
50,67,1,2628,86.014644,7596.128739
50,67,1,2629,-1.253067,7452.683516
50,67,1,2630,-122.897437,7608.082508
50,67,1,2631,-84.352652,7347.091893
50,67,1,2632,-44.532136,7372.991725
50,67,1,2633,-58.225431,7365.022546
50,67,1,2634,159.732479,7412.837621
50,67,1,2635,122.590484,7353.068778
50,67,1,2636,59.798100,7711.681836
50,67,1,2637,-138.470354,7484.560232
50,67,1,2638,0.111988,7606.090213
50,67,1,2639,-76.211405,7400.883852
50,67,1,2640,67.638654,7588.159560
50,67,1,2641,83.319763,7341.115009
50,67,1,2642,-83.927408,7442.722042
50,67,1,2643,28.262249,7420.806800
50,67,1,2644,-158.566187,7331.153535
50,67,1,2645,8.396653,7341.115009
50,67,1,2646,-14.166331,7532.375307
50,67,1,2647,81.935841,7424.791389
50,67,1,2648,-141.520023,7237.515681
50,67,1,2649,81.296722,7544.329075
50,67,1,2650,-37.365928,7317.207472
50,67,1,2651,46.088444,7414.829915
50,67,1,2652,168.778309,7472.606464
50,67,1,2653,-32.152306,7568.236612
50,67,1,2654,96.693499,7408.853031
50,67,1,2655,34.364094,7388.930083
50,67,1,2656,72.055885,7462.644990
50,67,1,2657,-30.679060,7351.076483
50,67,1,2658,30.905542,7335.138125
50,67,1,2659,-35.681314,7410.845326
50,67,1,2660,75.549665,7568.236612
50,67,1,2661,75.284201,7442.722042
50,67,1,2662,132.914551,7173.762249
50,67,1,2663,-58.829322,7536.359896
50,67,1,2664,-113.867968,7378.968610
50,67,1,2665,-84.336291,7635.974635
50,67,1,2666,56.482967,7339.122714
50,67,1,2667,17.158151,7512.452359
50,67,1,2668,-94.747175,7422.799094
50,67,1,2669,-184.108384,7378.968610
50,67,1,2670,-26.990272,7478.583348
50,67,1,2671,-152.553666,7432.760568
50,67,1,2672,112.231189,7480.575643
50,67,1,2673,20.635570,7329.161240
50,67,1,2674,-5.545746,7496.514001
50,67,1,2675,-38.608938,7608.082508
50,67,1,2676,67.638654,7588.159560
50,67,1,2677,-14.911135,7496.514001
50,67,1,2678,-92.193206,7470.614169
50,67,1,2679,-13.261749,7538.352191
50,67,1,2680,123.476199,7596.128739
50,67,1,2681,249.608255,7418.814505
50,67,1,2682,-47.795680,7341.115009
50,67,1,2683,11.465189,7351.076483
50,67,1,2684,-25.535894,7498.506296
50,67,1,2685,-178.131091,7428.775979
50,67,1,2686,51.640493,7369.007136
50,67,1,2687,-76.655516,7542.336780
50,67,1,2688,-8.579054,7538.352191
50,67,1,2689,74.769634,7480.575643
50,67,1,2690,-73.408333,7285.330756
50,67,1,2691,82.450408,7386.937789
50,67,1,2692,67.018403,7470.614169
50,67,1,2693,55.789753,7643.943814
50,67,1,2694,-59.945273,7219.585028
50,67,1,2695,-86.605929,7476.591053
50,67,1,2696,-34.351487,7512.452359
50,67,1,2697,-65.356410,7472.606464
50,67,1,2698,0.325863,7390.922378
50,67,1,2699,-3.861132,7590.151855
50,67,1,2700,30.496659,7528.390717
50,67,1,2701,-151.825223,7179.739133
50,67,1,2702,-72.078506,7386.937789
50,67,1,2703,-67.076253,7327.168946
50,67,1,2704,-40.169001,7432.760568
50,67,1,2705,-8.205399,7293.299935
50,67,1,2706,-124.882743,7337.130419
50,67,1,2707,-134.727471,7426.783684
50,67,1,2708,-44.442812,7239.507976
50,67,1,2709,-119.864128,7566.244318
50,67,1,2710,-40.133772,7484.560232
50,67,1,2711,-40.913804,7396.899262
50,67,1,2712,10.400827,7374.984020
50,67,1,2713,48.588318,7647.928403
50,67,1,2714,-19.539734,7311.230587
50,67,1,2715,-137.192117,7245.484860
50,67,1,2716,43.055136,7456.668105
50,67,1,2717,26.258076,7386.937789
50,67,1,2718,-32.558682,7235.523386
50,67,1,2719,-111.313999,7426.783684
50,67,1,2720,110.936590,7430.768274
50,67,1,2721,-37.988686,7725.627899
50,67,1,2722,44.669294,7446.706632
50,67,1,2723,122.696168,7508.467769
50,67,1,2724,5.823816,7530.383012
50,67,1,2725,3.784415,7444.714337
50,67,1,2726,82.645416,7408.853031
50,67,1,2727,13.220260,7548.313665
50,67,1,2728,-63.441560,7639.959224
50,67,1,2729,169.257648,7382.953199
50,67,1,2730,-2.068327,7313.222882
50,67,1,2731,-75.306822,7406.860736
50,67,1,2732,-133.059218,7231.538797
50,67,1,2733,61.431126,7464.637285
50,67,1,2734,18.986184,7287.323050
50,67,1,2735,91.601922,7602.105623
50,67,1,2736,-80.717959,7659.882172
50,67,1,2737,150.792334,7508.467769
50,67,1,2738,83.230439,7474.598758
50,67,1,2739,-84.477203,7428.775979
50,67,1,2740,55.169501,7526.398422
50,67,1,2741,111.930496,7303.261408
50,67,1,2742,25.689413,7610.074803
50,67,1,2743,-153.813036,7434.752863
50,67,1,2744,107.813958,7606.090213
50,67,1,2745,81.971069,7476.591053
50,67,1,2746,-26.370021,7596.128739
50,67,1,2747,43.304239,7293.299935
50,67,1,2748,44.918397,7283.338461
50,67,1,2749,138.111812,7135.908648
50,67,1,2750,15.934008,7566.244318
50,67,1,2751,-20.888428,7446.706632
50,67,1,2752,12.935928,7659.882172
50,67,1,2753,134.331195,7667.851351
50,67,1,2754,150.012303,7420.806800
50,67,1,2755,-36.090197,7604.097918
50,67,1,2756,-27.875988,7235.523386
50,67,1,2757,57.528462,7552.298254
50,67,1,2758,-131.694163,7384.945494
50,67,1,2759,-110.338960,7536.359896
50,67,1,2760,-197.216656,7436.745158
50,67,1,2761,-34.031928,7452.683516
50,67,1,2762,13.859379,7428.775979
50,67,1,2763,-6.894440,7631.990045
50,67,1,2764,-34.741503,7468.621874
50,67,1,2765,-92.068654,7388.930083
50,67,1,2766,5.149470,7598.121034
50,67,1,2767,88.923401,7635.974635
50,67,1,2768,-76.246634,7349.084188
50,67,1,2769,135.893764,7317.207472
50,67,1,2770,71.736325,7522.413833
50,67,1,2771,-192.888749,7444.714337
50,67,1,2772,-128.111059,7357.053367
50,67,1,2773,-48.345475,7327.168946
50,67,1,2774,170.657931,7588.159560
50,67,1,2775,-167.311324,7448.698926
50,67,1,2776,-85.985677,7594.136444
50,67,1,2777,18.382293,7458.660400
50,67,1,2778,43.835167,7544.329075
50,67,1,2779,-95.191286,7564.252023
50,67,1,2780,13.149803,7444.714337
50,67,1,2781,-31.708195,7426.783684
50,67,1,2782,71.346310,7478.583348
50,67,1,2783,43.729483,7388.930083
50,67,1,2784,-163.852772,7502.490885
50,67,1,2785,14.994197,7508.467769
50,67,1,2786,-13.012645,7374.984020
50,67,1,2787,29.202060,7478.583348
50,67,1,2788,4.564446,7532.375307
50,67,1,2789,66.078592,7412.837621
50,67,1,2790,-50.544657,7271.384692
50,67,1,2791,-35.326526,7402.876147
50,67,1,2792,93.855199,7472.606464
50,67,1,2793,146.835576,7781.412153
50,67,1,2794,-97.761616,7227.554207
50,67,1,2795,-14.415435,7695.743478
50,67,1,2796,-40.169001,7432.760568
50,67,1,2797,0.786335,7538.352191
50,67,1,2798,13.415268,7570.228907
50,67,1,2799,86.672631,7239.507976
50,67,1,2800,-2.246974,7580.190381
50,67,1,2801,-14.680899,7570.228907
50,67,1,2802,46.798019,7398.891557
50,67,1,2803,-123.802020,7602.105623
50,67,1,2804,-36.195881,7448.698926
50,67,1,2805,-52.548830,7237.515681
50,67,1,2806,-134.852023,7508.467769
50,67,1,2807,93.925655,7576.205792
50,67,1,2808,8.697345,7518.429243
50,67,1,2809,-22.662365,7486.552527
50,67,1,2810,21.930169,7378.968610
50,67,1,2811,49.777232,7542.336780
50,67,1,2812,-172.243121,7612.067097
50,67,1,2813,-16.720301,7484.560232
50,67,1,2814,-55.831242,7442.722042
50,67,1,2815,-5.811210,7370.999431
50,67,1,2816,-60.213244,7620.036276
50,67,1,2817,6.357251,7255.446334
50,67,1,2818,-46.820641,7450.691221
50,67,1,2819,-84.991771,7466.629579
50,67,1,2820,-32.807786,7398.891557
50,67,1,2821,-94.977411,7349.084188
50,67,1,2822,2.649596,7365.022546
50,67,1,2823,-57.090612,7444.714337
50,67,1,2824,-70.234112,7450.691221
50,67,1,2825,-69.259073,7560.267433
50,67,1,2826,-107.004960,7671.835940
50,67,1,2827,-33.108478,7221.577323
50,67,1,2828,-110.089857,7372.991725
50,67,1,2829,179.598076,7492.529411
50,67,1,2830,-85.736574,7430.768274
50,67,1,2831,148.717704,7370.999431
50,67,1,2832,-68.814962,7418.814505
50,67,1,2833,-118.994774,7520.421538
50,67,1,2834,117.268670,7472.606464
50,67,1,2835,19.730987,7323.184356
50,67,1,2836,32.200140,7384.945494
50,67,1,2837,-74.188364,7197.669786
50,67,1,2838,98.608349,7576.205792
50,67,1,2839,48.607185,7410.845326
50,67,1,2840,16.502671,7343.107304
50,67,1,2841,-8.029259,7552.298254
50,67,1,2842,-59.679809,7345.099599
50,67,1,2843,-91.307490,7713.674130
50,67,1,2844,-170.149624,7512.452359
50,67,1,2845,-67.041024,7378.968610
50,67,1,2846,41.530301,7333.145830
50,67,1,2847,2.080933,7588.159560
50,67,1,2848,-32.293218,7361.037957
50,67,1,2849,26.328532,7490.537117
50,67,1,2850,141.976741,7522.413833
50,67,1,2851,-76.335957,7482.567937
50,67,1,2852,-80.504084,7444.714337
50,67,1,2853,107.583722,7532.375307
50,67,1,2854,39.970238,7157.823890
50,67,1,2855,-12.498078,7337.130419
50,67,1,2856,-1.678311,7357.053367
50,67,1,2857,25.388721,7432.760568
50,67,1,2858,-131.409832,7273.376987
50,67,1,2859,-55.636234,7464.637285
50,67,1,2860,-53.791840,7528.390717
50,67,1,2861,-121.778979,7398.891557
50,67,1,2862,-65.231859,7390.922378
50,67,1,2863,0.610194,7279.353871
50,67,1,2864,-44.621459,7506.475475
50,67,1,2865,36.083936,7534.367601
50,67,1,2866,-117.591984,7199.662081
50,67,1,2867,-11.452583,7550.305960
50,67,1,2868,-66.260993,7466.629579
50,67,1,2869,128.017981,7388.930083
50,67,1,2870,51.090698,7355.061072
50,67,1,2871,54.974493,7504.483180
50,67,1,2872,-64.576379,7560.267433
50,67,1,2873,-1.838091,7386.937789
50,67,1,2874,-172.969057,7339.122714
50,67,1,2875,38.637905,7582.182676
50,67,1,2876,-108.884582,7556.282844
50,67,1,2877,-26.670713,7418.814505
50,67,1,2878,-72.647169,7610.074803
50,67,1,2879,125.924484,7488.544822
50,67,1,2880,-79.775642,7191.692901
50,67,1,2881,-25.766130,7424.791389
50,67,1,2882,-70.269341,7398.891557
50,67,1,2883,-15.141371,7422.799094
50,67,1,2884,93.570867,7584.174971
50,67,1,2885,12.014985,7365.022546
50,67,1,2886,123.105051,7315.215177
50,67,1,2887,-26.421610,7255.446334
50,67,1,2888,2.170257,7454.675811
50,67,1,2889,-10.618456,7452.683516
50,67,1,2890,55.489061,7466.629579
50,67,1,2891,45.094537,7542.336780
50,67,1,2892,194.480286,7394.906968
50,67,1,2893,-76.476869,7275.369282
50,67,1,2894,-92.938009,7434.752863
50,67,1,2895,-131.214824,7295.292229
50,67,1,2896,33.584062,7301.269114
50,67,1,2897,174.400814,7530.383012
50,67,1,2898,1.709785,7307.245998
50,67,1,2899,-13.012645,7374.984020
50,67,1,2900,84.470943,7709.689541
50,67,1,2901,-97.176593,7293.299935
50,67,1,2902,-154.593067,7347.091893
50,67,1,2903,125.835161,7622.028571
50,67,1,2904,-122.542649,7600.113329
50,67,1,2905,-20.409089,7357.053367
50,67,1,2906,-62.092866,7504.483180
50,67,1,2907,-49.588485,7618.043982
50,67,1,2908,127.858202,7418.814505
50,67,1,2909,-123.517688,7490.537117
50,67,1,2910,0.485642,7361.037957
50,67,1,2911,-143.933080,7396.899262
50,67,1,2912,-69.240206,7323.184356
50,67,1,2913,52.650760,7530.383012
50,67,1,2914,-116.031922,7374.984020
50,67,1,2915,8.431881,7392.914673
50,67,1,2916,-1.751274,7779.419858
50,67,1,2917,-34.386715,7460.652695
50,67,1,2918,71.275853,7374.984020
50,67,1,2919,-38.679394,7504.483180
50,67,1,2920,116.169080,7444.714337
50,67,1,2921,-21.793011,7440.729747
50,67,1,2922,118.598497,7574.213497
50,67,1,2923,63.895771,7645.936108
50,67,1,2924,-131.233691,7532.375307
50,67,1,2925,-62.057638,7556.282844
50,67,1,2926,-67.910379,7424.791389
50,67,1,2927,-32.027754,7486.552527
50,67,1,2928,83.035432,7452.683516
50,67,1,2929,-96.166325,7454.675811
50,67,1,2930,-140.404072,7554.290549
50,67,1,2931,-38.749850,7400.883852
50,67,1,2932,-25.535894,7498.506296
50,67,1,2933,-4.765715,7584.174971
50,67,1,2934,-113.867968,7378.968610
50,67,1,2935,93.413594,7088.093574
50,67,1,2936,-4.020911,7620.036276
50,67,1,2937,13.645503,7643.943814
50,67,1,2938,-74.827483,7317.207472
50,67,1,2939,-109.664613,7468.621874
50,67,1,2940,-86.535472,7580.190381
50,67,1,2941,-1.873319,7335.138125
50,67,1,2942,129.312580,7438.737453
50,67,1,2943,-55.847603,7153.839301
50,67,1,2944,1.815469,7462.644990
50,67,1,2945,110.172920,7631.990045
50,67,1,2946,-232.229926,7329.161240
50,67,1,2947,1.354997,7315.215177
50,67,1,2948,-24.346980,7392.914673
50,67,1,2949,110.492479,7572.221202
50,67,1,2950,60.916558,7502.490885
50,67,1,2951,149.551831,7273.376987
50,67,1,2952,-53.862296,7424.791389
50,67,1,2953,-99.020987,7229.546502
50,67,1,2954,15.153977,7478.583348
50,67,1,2955,48.501500,7255.446334
50,67,1,2956,-174.726634,7667.851351
50,67,1,2957,87.967229,7289.315345
50,67,1,2958,52.277105,7775.435268
50,67,1,2959,107.708274,7450.691221
50,67,1,2960,126.368595,7347.091893
50,67,1,2961,97.278522,7474.598758
50,67,1,2962,-42.243631,7295.292229
50,67,1,2963,-120.608932,7530.383012
50,67,1,2964,2.966649,7831.219522
50,67,1,2965,39.702268,7558.275139
50,67,1,2966,42.310332,7420.806800
50,67,1,2967,-51.468107,7502.490885
50,67,1,2968,54.744257,7430.768274
50,67,1,2969,127.912297,7233.531092
50,67,1,2970,-189.589977,7528.390717
50,67,1,2971,-185.652086,7492.529411
50,67,1,2972,-88.255315,7434.752863
50,67,1,2973,-29.633565,7564.252023
50,67,1,2974,13.380039,7518.429243
50,67,1,2975,-14.236788,7428.775979
50,67,1,2976,-95.351066,7594.136444
50,67,1,2977,77.342470,7291.307640
50,67,1,2978,-170.610096,7365.022546
50,67,1,2979,-7.070581,7372.991725
50,67,1,2980,43.019907,7404.868442
50,67,1,2981,70.300814,7265.407808
50,67,1,2982,-26.351153,7359.045662
50,67,1,2983,-22.378034,7374.984020
50,67,1,2984,73.634815,7400.883852
50,67,1,2985,-82.987597,7500.498590
50,67,1,2986,17.867726,7496.514001
50,67,1,2987,27.552674,7436.745158
50,67,1,2988,-79.634729,7398.891557
50,67,1,2989,-83.112149,7582.182676
50,67,1,2990,-52.088358,7384.945494
50,67,1,2991,-21.527547,7566.244318
50,67,1,2992,80.871478,7448.698926
50,67,1,2993,42.434884,7339.122714
50,67,1,2994,131.476533,7442.722042
50,67,1,2995,39.612944,7691.758888
50,67,1,2996,-15.815718,7490.537117
50,67,1,2997,-41.233363,7456.668105
50,67,1,2998,-76.086854,7319.199767
50,67,1,2999,-159.080754,7369.007136
50,67,1,3000,133.215243,7351.076483
50,67,1,3001,57.528462,7552.298254
50,67,1,3002,22.959303,7303.261408
50,67,1,3003,1.035438,7374.984020
50,67,1,3004,-18.245135,7361.037957
50,67,1,3005,-4.321604,7442.722042
50,67,1,3006,26.542407,7275.369282
50,67,1,3007,-82.223926,7299.276819
50,67,1,3008,-91.004292,7365.022546
50,67,1,3009,123.725303,7432.760568
50,67,1,3010,85.873732,7388.930083
50,67,1,3011,68.313001,7520.421538
50,67,1,3012,40.376615,7490.537117
50,67,1,3013,148.078586,7490.537117
50,67,1,3014,-76.176177,7452.683516
50,67,1,3015,-48.239791,7482.567937
50,67,1,3016,-44.496907,7424.791389
50,67,1,3017,-27.789171,7628.005455
50,67,1,3018,-53.526376,7653.905287
50,67,1,3019,201.893090,7701.720362
50,67,1,3020,70.387631,7657.889877
50,67,1,3021,-25.216335,7438.737453
50,67,1,3022,30.390975,7372.991725
50,67,1,3023,-97.336372,7323.184356
50,67,1,3024,47.418271,7516.436949
50,67,1,3025,68.277773,7468.621874
50,67,1,3026,38.177433,7434.752863
50,67,1,3027,-85.755441,7667.851351
50,67,1,3028,12.849111,7267.400103
50,67,1,3029,70.690830,7309.238293
50,67,1,3030,-117.345388,7562.259728
50,67,1,3031,-174.778223,7327.168946
50,67,1,3032,-136.412085,7333.145830
50,67,1,3033,85.589401,7500.498590
50,67,1,3034,-5.066407,7406.860736
50,67,1,3035,22.745428,7518.429243
50,67,1,3036,28.917729,7590.151855
50,67,1,3037,-77.701012,7329.161240
50,67,1,3038,73.740499,7556.282844
50,67,1,3039,-72.788082,7402.876147
50,67,1,3040,-24.861547,7430.768274
50,67,1,3041,-15.160238,7659.882172
50,67,1,3042,-59.024330,7514.444654
50,67,1,3043,-85.346558,7474.598758
50,67,1,3044,-76.460509,7564.252023
50,67,1,3045,94.014978,7442.722042
50,67,1,3046,-8.134943,7396.899262
50,67,1,3047,132.540896,7418.814505
50,67,1,3048,-134.816795,7560.267433
50,67,1,3049,108.683313,7560.267433
50,67,1,3050,24.963477,7337.130419
50,67,1,3051,127.343634,7456.668105
50,67,1,3052,79.346644,7325.176651
50,67,1,3053,-30.733156,7536.359896
50,67,1,3054,190.737402,7452.683516
50,67,1,3055,60.366763,7488.544822
50,67,1,3056,39.702268,7558.275139
50,67,1,3057,117.569363,7649.920698
50,67,1,3058,-38.644166,7556.282844
50,67,1,3059,66.858623,7500.498590
50,67,1,3060,156.450068,7618.043982
50,67,1,3061,-3.027005,7492.529411
50,67,1,3062,30.550754,7343.107304
50,67,1,3063,68.472781,7490.537117
50,67,1,3064,125.553336,7207.631260
50,67,1,3065,-48.949366,7498.506296
50,67,1,3066,28.422029,7390.922378
50,67,1,3067,54.194462,7416.822210
50,67,1,3068,-39.334874,7335.138125
50,67,1,3069,-71.653263,7482.567937
50,67,1,3070,106.129344,7512.452359
50,67,1,3071,9.247140,7532.375307
50,67,1,3072,-84.672211,7406.860736
50,67,1,3073,97.348979,7578.198086
50,67,1,3074,-7.639243,7596.128739
50,67,1,3075,-27.326193,7249.469450
50,67,1,3076,53.804446,7372.991725
50,67,1,3077,-38.695755,7215.600439
50,67,1,3078,107.423943,7562.259728
50,67,1,3079,-13.846772,7472.606464
50,67,1,3080,-147.551412,7372.991725
50,67,1,3081,-239.520685,7466.629579
50,67,1,3082,10.186951,7590.151855
50,67,1,3083,68.367097,7335.138125
50,67,1,3084,83.549999,7414.829915
50,67,1,3085,-46.165161,7620.036276
50,67,1,3086,92.649923,7289.315345
50,67,1,3087,-170.220080,7408.853031
50,67,1,3088,44.384962,7558.275139
50,67,1,3089,-258.251463,7466.629579
50,67,1,3090,-33.926244,7608.082508
50,67,1,3091,-30.218588,7498.506296
50,67,1,3092,-54.802107,7367.014841
50,67,1,3093,2.755280,7520.421538
50,67,1,3094,-30.714288,7299.276819
50,67,1,3095,-63.866804,7544.329075
50,67,1,3096,-23.158065,7287.323050
50,67,1,3097,6.267928,7388.930083
50,67,1,3098,62.406165,7574.213497
50,67,1,3099,69.076672,7319.199767
50,67,1,3100,-93.983505,7221.577323
50,67,1,3101,18.203646,7725.627899
50,67,1,3102,146.729892,7626.013161
50,67,1,3103,120.903363,7785.396742
50,67,1,3104,-55.316674,7404.868442
50,67,1,3105,-48.648674,7675.820530
50,67,1,3106,-97.620704,7434.752863
50,67,1,3107,-60.283700,7516.436949
50,67,1,3108,29.556848,7470.614169
50,67,1,3109,-28.054635,7502.490885
50,67,1,3110,-40.683568,7470.614169
50,67,1,3111,-150.833823,7578.198086
50,67,1,3112,-82.508258,7410.845326
50,67,1,3113,172.946436,7510.460064
50,67,1,3114,-50.669208,7353.068778
50,67,1,3115,118.102797,7374.984020
50,67,1,3116,-32.967565,7428.775979
50,67,1,3117,-2.653350,7247.477155
50,67,1,3118,-208.355982,7476.591053
50,67,1,3119,-47.849775,7526.398422
50,67,1,3120,54.354242,7386.937789
50,67,1,3121,-0.348484,7458.660400
50,67,1,3122,72.835916,7550.305960
50,67,1,3123,-37.810039,7458.660400
50,67,1,3124,54.939265,7452.683516
50,67,1,3125,34.364094,7388.930083
50,67,1,3126,-152.447981,7588.159560
50,67,1,3127,-151.364751,7327.168946
50,67,1,3128,-7.514692,7514.444654
50,67,1,3129,28.208154,7606.090213
50,67,1,3130,-12.392394,7492.529411
50,67,1,3131,66.078592,7412.837621
50,67,1,3132,-4.676391,7450.691221
50,67,1,3133,-32.452998,7390.922378
50,67,1,3134,113.685567,7500.498590
50,67,1,3135,93.305403,7458.660400
50,67,1,3136,-5.136863,7303.261408
50,67,1,3137,6.817723,7402.876147
50,67,1,3138,109.517440,7462.644990
50,67,1,3139,14.869646,7590.151855
50,67,1,3140,-64.042944,7285.330756
50,67,1,3141,12.299316,7253.454039
50,67,1,3142,-13.031513,7612.067097
50,67,1,3143,-99.624877,7400.883852
50,67,1,3144,-19.753609,7526.398422
50,67,1,3145,-13.332205,7434.752863
50,67,1,3146,89.562520,7516.436949
50,67,1,3147,-87.705519,7448.698926
50,67,1,3148,-31.548415,7396.899262
50,67,1,3149,35.463685,7416.822210
50,67,1,3150,27.677226,7355.061072
50,67,1,3151,-3.327697,7315.215177
50,67,1,3152,98.998365,7620.036276
50,67,1,3153,136.319007,7412.837621
50,67,1,3154,-69.773641,7598.121034
50,67,1,3155,-47.440892,7333.145830
50,67,1,3156,86.228519,7380.960904
50,67,1,3157,-14.326111,7562.259728
50,67,1,3158,-85.966810,7357.053367
50,67,1,3159,-137.955787,7446.706632
50,67,1,3160,-95.332199,7357.053367
50,67,1,3161,-82.917141,7604.097918
50,67,1,3162,-4.995951,7510.460064
50,67,1,3163,164.664277,7249.469450
50,67,1,3164,-110.569196,7462.644990
50,67,1,3165,6.657943,7432.760568
50,67,1,3166,-24.896775,7378.968610
50,67,1,3167,84.489810,7472.606464
50,67,1,3168,33.654519,7404.868442
50,67,1,3169,-54.022076,7454.675811
50,67,1,3170,70.157395,7584.174971
50,67,1,3171,106.324352,7534.367601
50,67,1,3172,-26.191374,7329.161240
50,67,1,3173,7.597754,7490.537117
50,67,1,3174,-145.281774,7532.375307
50,67,1,3175,90.041859,7426.783684
50,67,1,3176,-62.217418,7586.167265
50,67,1,3177,-60.123920,7486.552527
50,67,1,3178,50.717043,7600.113329
50,67,1,3179,-59.024330,7514.444654
50,67,1,3180,111.397062,7578.198086
50,67,1,3181,-102.977745,7502.490885
50,67,1,3182,-57.640408,7430.768274
50,67,1,3183,-71.636902,7771.450679
50,67,1,3184,32.164912,7333.145830
50,67,1,3185,165.549993,7492.529411
50,67,1,3186,164.539725,7331.153535
50,67,1,3187,51.941185,7546.321370
50,67,1,3188,-122.932665,7556.282844
50,67,1,3189,-68.744506,7522.413833
50,67,1,3190,31.650345,7370.999431
50,67,1,3191,88.763621,7665.859056
50,67,1,3192,27.197887,7444.714337
50,67,1,3193,-117.681308,7333.145830
50,67,1,3194,-21.384128,7247.477155
50,67,1,3195,52.455752,7508.467769
50,67,1,3196,22.479964,7392.914673
50,67,1,3197,-50.084185,7418.814505
50,67,1,3198,-68.584726,7492.529411
50,67,1,3199,10.560606,7345.099599
50,67,1,3200,-165.661938,7490.537117
50,67,1,3201,42.540568,7494.521706
50,67,1,3202,-7.709699,7492.529411
50,67,1,3203,-162.327937,7626.013161
50,67,1,3204,-171.620363,7203.646670
50,67,1,3205,90.326190,7315.215177
50,67,1,3206,177.203886,7414.829915
50,67,1,3207,172.006625,7452.683516
50,67,1,3208,144.425026,7414.829915
50,67,1,3209,51.071830,7592.144150
50,67,1,3210,-44.177348,7365.022546
50,67,1,3211,54.248557,7231.538797
50,67,1,3212,72.570452,7424.791389
50,67,1,3213,21.150137,7291.307640
50,67,1,3214,11.730653,7476.591053
50,67,1,3215,25.247808,7225.561913
50,67,1,3216,100.666618,7424.791389
50,67,1,3217,-120.733483,7612.067097
50,67,1,3218,5.593581,7456.668105
50,67,1,3219,62.265252,7367.014841
50,67,1,3220,129.312580,7438.737453
50,67,1,3221,-178.539974,7622.028571
50,67,1,3222,-58.970234,7329.161240
50,67,1,3223,56.323187,7369.007136
50,67,1,3224,-68.070159,7454.675811
50,67,1,3225,307.325422,7542.336780
50,67,1,3226,100.276603,7380.960904
50,67,1,3227,60.206983,7518.429243
50,67,1,3228,-6.130769,7430.768274
50,67,1,3229,16.697679,7365.022546
50,67,1,3230,112.515520,7369.007136
50,67,1,3231,26.878327,7504.483180
50,67,1,3232,-43.627553,7378.968610
50,67,1,3233,27.623130,7540.344486
50,67,1,3234,-174.742995,7378.968610
50,67,1,3235,61.111566,7524.406128
50,67,1,3236,-11.913055,7402.876147
50,67,1,3237,-99.535554,7267.400103
50,67,1,3238,-3.452249,7396.899262
50,67,1,3239,48.926744,7351.076483
50,67,1,3240,-19.469277,7414.829915
50,67,1,3241,-98.790751,7303.261408
50,67,1,3242,-63.617701,7380.960904
50,67,1,3243,-51.397651,7606.090213
50,67,1,3244,-69.665450,7227.554207
50,67,1,3245,-4.516611,7420.806800
50,67,1,3246,-57.301981,7133.916353
50,67,1,3247,-78.889926,7434.752863
50,67,1,3248,6.232699,7337.130419
50,67,1,3249,21.096042,7476.591053
50,67,1,3250,56.713203,7412.837621
50,67,1,3251,51.391390,7532.375307
50,67,1,3252,-70.180017,7265.407808
50,67,1,3253,-15.710033,7645.936108
50,67,1,3254,-48.594578,7490.537117
50,67,1,3255,90.626883,7492.529411
50,67,1,3256,40.677307,7667.851351
50,67,1,3257,93.855199,7472.606464
50,67,1,3258,-47.405664,7384.945494
50,67,1,3259,80.711698,7478.583348
50,67,1,3260,29.415935,7263.415513
50,67,1,3261,38.656772,7345.099599
50,67,1,3262,-33.127345,7458.660400
50,67,1,3263,192.032001,7502.490885
50,67,1,3264,156.823723,7372.991725
50,67,1,3265,173.905114,7331.153535
50,67,1,3266,0.715878,7434.752863
50,67,1,3267,-10.458676,7422.799094
50,67,1,3268,75.798768,7404.868442
50,67,1,3269,-76.300729,7534.367601
50,67,1,3270,80.836250,7396.899262
50,67,1,3271,-46.891097,7347.091893
50,67,1,3272,54.229690,7468.621874
50,67,1,3273,93.589735,7347.091893
50,67,1,3274,-124.706603,7596.128739
50,67,1,3275,-22.502586,7456.668105
50,67,1,3276,-84.176511,7606.090213
50,67,1,3277,12.209992,7386.937789
50,67,1,3278,-189.500653,7394.906968
50,67,1,3279,201.947185,7516.436949
50,67,1,3280,29.662532,7626.013161
50,67,1,3281,-1.802863,7438.737453
50,67,1,3282,47.773058,7508.467769
50,67,1,3283,123.335287,7388.930083
50,67,1,3284,-8.844518,7412.837621
50,67,1,3285,62.354576,7233.531092
50,67,1,3286,-26.670713,7418.814505
50,67,1,3287,0.271767,7576.205792
50,67,1,3288,51.675721,7420.806800
50,67,1,3289,18.913221,7709.689541
50,67,1,3290,46.619372,7665.859056
50,67,1,3291,81.315589,7307.245998
50,67,1,3292,-59.698677,7582.182676
50,67,1,3293,-42.527962,7406.860736
50,67,1,3294,-34.511267,7542.336780
50,67,1,3295,-71.033011,7600.113329
50,67,1,3296,16.998371,7542.336780
50,67,1,3297,-38.998954,7564.252023
50,67,1,3298,20.706026,7432.760568
50,67,1,3299,-151.808862,7468.621874
50,67,1,3300,-25.340886,7520.421538
50,67,1,3301,-22.467358,7508.467769
50,67,1,3302,156.344384,7462.644990
50,67,1,3303,60.596999,7562.259728
50,67,1,3304,-27.220508,7404.868442
50,67,1,3305,-44.052796,7283.338461
50,67,1,3306,-33.641912,7496.514001
50,67,1,3307,23.384547,7398.891557
50,67,1,3308,-40.418104,7596.128739
50,67,1,3309,64.854449,7466.629579
50,67,1,3310,23.189539,7376.976315
50,67,1,3311,-61.808535,7392.914673
50,67,1,3312,-12.162158,7566.244318
50,67,1,3313,54.904037,7400.883852
50,67,1,3314,22.656105,7651.912993
50,67,1,3315,104.834745,7462.644990
50,67,1,3316,-19.683153,7629.997750
50,67,1,3317,-48.984594,7446.706632
50,67,1,3318,-84.691078,7643.943814
50,67,1,3319,-30.199721,7261.423218
50,67,1,3320,-44.320767,7683.789709
50,67,1,3321,28.492485,7494.521706
50,67,1,3322,6.888179,7506.475475
50,67,1,3323,-27.255736,7353.068778
50,67,1,3324,251.896760,7341.115009
50,67,1,3325,-30.413596,7476.591053
50,67,1,3326,-89.000118,7398.891557
50,67,1,3327,72.020657,7410.845326
50,67,1,3328,64.144874,7482.567937
50,67,1,3329,-175.772130,7454.675811
50,67,1,3330,137.738158,7380.960904
50,67,1,3331,-36.106558,7315.215177
50,67,1,3332,68.667789,7512.452359
50,67,1,3333,61.271346,7494.521706
50,67,1,3334,-22.732822,7382.953199
50,67,1,3335,-75.130682,7665.859056
50,67,1,3336,-1.643083,7408.853031
50,67,1,3337,120.851774,7444.714337
50,67,1,3338,103.255815,7524.406128
50,67,1,3339,19.571207,7353.068778
50,67,1,3340,130.607179,7488.544822
50,67,1,3341,15.809457,7647.928403
50,67,1,3342,-113.052709,7518.429243
50,67,1,3343,-11.523039,7446.706632
50,67,1,3344,194.994853,7357.053367
50,67,1,3345,66.983175,7418.814505
50,67,1,3346,-69.294301,7508.467769
50,67,1,3347,137.329275,7574.213497
50,67,1,3348,-209.580125,7530.383012
50,67,1,3349,66.113820,7464.637285
50,67,1,3350,-106.845180,7641.951519
50,67,1,3351,21.716294,7594.136444
50,67,1,3352,-24.826319,7482.567937
50,67,1,3353,133.605259,7394.906968
50,67,1,3354,-142.337789,7624.020866
50,67,1,3355,-72.966728,7669.843646
50,67,1,3356,110.137691,7580.190381
50,67,1,3357,99.851359,7285.330756
50,67,1,3358,-66.829656,7689.766593
50,67,1,3359,-1.377619,7534.367601
50,67,1,3360,28.776816,7382.953199
50,67,1,3361,-38.094371,7570.228907
50,67,1,3362,-78.304903,7500.498590
50,67,1,3363,-43.397317,7452.683516
50,67,1,3364,116.098623,7341.115009
50,67,1,3365,-217.331356,7520.421538
50,67,1,3366,-67.236032,7357.053367
50,67,1,3367,7.153643,7631.990045
50,67,1,3368,6.143376,7470.614169
50,67,1,3369,-16.205733,7446.706632
50,67,1,3370,110.741582,7408.853031
50,67,1,3371,-27.485972,7279.353871
50,67,1,3372,37.698094,7524.406128
50,67,1,3373,78.228186,7534.367601
50,67,1,3374,-16.100049,7602.105623
50,67,1,3375,-28.888762,7600.113329
50,67,1,3376,-16.454837,7610.074803
50,67,1,3377,-174.921642,7645.936108
50,67,1,3378,270.289111,7637.966929
50,67,1,3379,-80.699092,7422.799094
50,67,1,3380,98.537893,7472.606464
50,67,1,3381,57.777566,7388.930083
50,67,1,3382,47.542822,7434.752863
50,67,1,3383,56.518195,7390.922378
50,67,1,3384,38.727229,7448.698926
50,67,1,3385,-73.142869,7410.845326
50,67,1,3386,-0.437808,7592.144150
50,67,1,3387,6.108148,7418.814505
50,67,1,3388,131.601085,7361.037957
50,67,1,3389,41.920317,7376.976315
50,67,1,3390,-75.076587,7480.575643
50,67,1,3391,-27.610524,7361.037957
50,67,1,3392,-64.717291,7353.068778
50,67,1,3393,-9.039526,7390.922378
50,67,1,3394,60.277439,7622.028571
50,67,1,3395,67.337962,7410.845326
50,67,1,3396,-59.679809,7345.099599
50,67,1,3397,-122.453326,7466.629579
50,67,1,3398,122.731396,7560.267433
50,67,1,3399,-85.541566,7452.683516
50,67,1,3400,41.600757,7436.745158
50,67,1,3401,27.872234,7376.976315
50,67,1,3402,-57.675636,7378.968610
50,67,1,3403,-69.914553,7390.922378
50,67,1,3404,38.353574,7693.751183
50,67,1,3405,35.693921,7490.537117
50,67,1,3406,131.335621,7235.523386
50,67,1,3407,42.310332,7420.806800
50,67,1,3408,113.915803,7574.213497
50,67,1,3409,-19.948617,7504.483180
50,67,1,3410,8.857125,7488.544822
50,67,1,3411,-12.676725,7604.097918
50,67,1,3412,15.278529,7396.899262
50,67,1,3413,114.254230,7277.361576
50,67,1,3414,104.054714,7374.984020
50,67,1,3415,-41.073584,7426.783684
50,67,1,3416,-38.465519,7289.315345
50,67,1,3417,118.882829,7462.644990
50,67,1,3418,-20.639324,7283.338461
50,67,1,3419,-38.289378,7548.313665
50,67,1,3420,-72.647169,7610.074803
50,67,1,3421,76.844263,7618.043982
50,67,1,3422,-106.206061,7522.413833
50,67,1,3423,175.110389,7514.444654
50,67,1,3424,-5.740754,7474.598758
50,67,1,3425,-215.237858,7420.806800
50,67,1,3426,67.852530,7372.991725
50,67,1,3427,-36.905456,7464.637285
50,67,1,3428,267.699914,7538.352191
50,67,1,3429,1.176350,7582.182676
50,67,1,3430,-1.802863,7438.737453
50,67,1,3431,-121.053043,7671.835940
50,67,1,3432,-34.121251,7586.167265
50,67,1,3433,-80.468856,7496.514001
50,67,1,3434,51.215249,7273.376987
50,67,1,3435,17.442482,7400.883852
50,67,1,3436,18.347065,7406.860736
50,67,1,3437,-51.538563,7398.891557
50,67,1,3438,11.145630,7410.845326
50,67,1,3439,-82.773722,7285.330756
50,67,1,3440,63.134607,7321.192061
50,67,1,3441,-127.845595,7482.567937
50,67,1,3442,-209.685809,7374.984020
50,67,1,3443,-93.577128,7554.290549
50,67,1,3444,53.449659,7380.960904
50,67,1,3445,-28.320099,7376.976315
50,67,1,3446,51.640493,7369.007136
50,67,1,3447,198.932744,7321.192061
50,67,1,3448,-17.554427,7582.182676
50,67,1,3449,-162.114062,7410.845326
50,67,1,3450,104.089942,7426.783684
50,67,1,3451,-94.622623,7341.115009
50,67,1,3452,-123.517688,7490.537117
50,67,1,3453,-26.226602,7277.361576
50,67,1,3454,123.885082,7402.876147
50,67,1,3455,30.780990,7416.822210
50,67,1,3456,49.351988,7446.706632
50,67,1,3457,-117.610852,7436.745158
50,67,1,3458,26.523540,7512.452359
50,67,1,3459,127.982753,7337.130419
50,67,1,3460,-124.546823,7566.244318
50,67,1,3461,5.967235,7211.615849
50,67,1,3462,-72.398066,7446.706632
50,67,1,3463,-13.296977,7486.552527
50,67,1,3464,-111.013307,7604.097918
50,67,1,3465,-83.838085,7309.238293
50,67,1,3466,-114.577543,7394.906968
50,67,1,3467,74.910546,7687.774298
50,67,1,3468,143.041104,7498.506296
50,67,1,3469,98.396981,7265.407808
50,67,1,3470,9.211912,7480.575643
50,67,1,3471,-147.586640,7321.192061
50,67,1,3472,32.465604,7510.460064
50,67,1,3473,-66.900112,7586.167265
50,67,1,3474,-77.719879,7566.244318
50,67,1,3475,-66.580553,7526.398422
50,67,1,3476,119.272844,7506.475475
50,67,1,3477,-177.172413,7249.469450
50,67,1,3478,111.946857,7592.144150
50,67,1,3479,8.946448,7355.061072
50,67,1,3480,-97.585475,7486.552527
50,67,1,3481,80.056219,7309.238293
50,67,1,3482,129.277352,7386.937789
50,67,1,3483,-82.118242,7454.675811
50,67,1,3484,218.319001,7490.537117
50,67,1,3485,-88.680559,7339.122714
50,67,1,3486,35.534141,7520.421538
50,67,1,3487,-11.328031,7468.621874
50,67,1,3488,43.445151,7500.498590
50,67,1,3489,-10.334125,7341.115009
50,67,1,3490,58.132353,7380.960904
50,67,1,3491,36.013480,7430.768274
50,67,1,3492,-76.176177,7452.683516
50,67,1,3493,-23.052381,7442.722042
50,67,1,3494,4.033518,7281.346166
50,67,1,3495,74.555758,7695.743478
50,67,1,3496,102.351233,7518.429243
50,67,1,3497,142.420852,7380.960904
50,67,1,3498,79.222092,7406.860736
50,67,1,3499,77.128595,7506.475475
50,67,1,3500,85.643496,7315.215177
50,67,1,3501,39.241796,7410.845326
50,67,1,3502,-118.959546,7572.221202
50,67,1,3503,37.947197,7361.037957
50,67,1,3504,59.001708,7335.138125
50,67,1,3505,-134.123580,7255.446334
50,67,1,3506,62.920732,7536.359896
50,67,1,3507,-64.221591,7552.298254
50,67,1,3508,52.935092,7418.814505
50,67,1,3509,-113.372268,7578.198086
50,67,1,3510,77.377698,7343.107304
50,67,1,3511,-93.133017,7412.837621
50,67,1,3512,106.430036,7689.766593
50,67,1,3513,5.718132,7374.984020
50,67,1,3514,145.489388,7390.922378
50,67,1,3515,5.753360,7426.783684
50,67,1,3516,-90.064481,7422.799094
50,67,1,3517,-79.014478,7516.436949
50,67,1,3518,-129.069738,7536.359896
50,67,1,3519,-4.302736,7205.638965
50,67,1,3520,98.697673,7442.722042
50,67,1,3521,99.017232,7382.953199
50,67,1,3522,87.877906,7422.799094
50,67,1,3523,107.654179,7635.974635
50,67,1,3524,-36.036102,7418.814505
50,67,1,3525,11.110402,7359.045662
50,67,1,3526,-37.934591,7540.344486
50,67,1,3527,-37.650260,7428.775979
50,67,1,3528,44.154726,7484.560232
50,67,1,3529,-52.833162,7349.084188
50,67,1,3530,193.521607,7574.213497
50,67,1,3531,-13.242881,7301.269114
50,67,1,3532,-95.581302,7520.421538
50,67,1,3533,-118.745670,7357.053367
50,67,1,3534,-198.281019,7460.652695
50,67,1,3535,16.378119,7424.791389
50,67,1,3536,-12.037606,7484.560232
50,67,1,3537,56.092951,7295.292229
50,67,1,3538,25.762375,7187.708312
50,67,1,3539,-66.740332,7556.282844
50,67,1,3540,-33.606684,7548.313665
50,67,1,3541,-70.553672,7510.460064
50,67,1,3542,17.407254,7349.084188
50,67,1,3543,228.732392,7177.746838
50,67,1,3544,195.490553,7556.282844
50,67,1,3545,-6.591241,7283.338461
50,67,1,3546,75.284201,7442.722042
50,67,1,3547,86.493984,7506.475475
50,67,1,3548,18.737081,7450.691221
50,67,1,3549,-23.106476,7628.005455
50,67,1,3550,-18.033766,7671.835940
50,67,1,3551,94.954789,7500.498590
50,67,1,3552,162.197125,7594.136444
50,67,1,3553,87.433795,7564.252023
50,67,1,3554,75.763540,7353.068778
50,67,1,3555,-38.855535,7245.484860
50,67,1,3556,17.512938,7504.483180
50,67,1,3557,-18.599923,7369.007136
50,67,1,3558,41.050962,7422.799094
50,67,1,3559,-12.108062,7380.960904
50,67,1,3560,-53.932752,7321.192061
50,67,1,3561,93.890427,7524.406128
50,67,1,3562,5.292888,7279.353871
50,67,1,3563,27.552674,7436.745158
50,67,1,3564,40.306159,7386.937789
50,67,1,3565,22.266089,7608.082508
50,67,1,3566,94.919561,7448.698926
50,67,1,3567,-50.598752,7456.668105
50,67,1,3568,2.275941,7610.074803
50,67,1,3569,130.447399,7518.429243
50,67,1,3570,-112.874062,7251.461744
50,67,1,3571,-44.746011,7588.159560
50,67,1,3572,23.119083,7273.376987
50,67,1,3573,96.728727,7460.652695
50,67,1,3574,46.603011,7376.976315
50,67,1,3575,-22.822145,7516.436949
50,67,1,3576,92.560600,7422.799094
50,67,1,3577,-31.158399,7440.729747
50,67,1,3578,-12.871733,7582.182676
50,67,1,3579,-101.629051,7367.014841
50,67,1,3580,-52.142454,7570.228907
50,67,1,3581,132.930912,7462.644990
50,67,1,3582,-107.091777,7279.353871
50,67,1,3583,-103.297304,7562.259728
50,67,1,3584,66.414512,7641.951519
50,67,1,3585,-142.389378,7283.338461
50,67,1,3586,-76.549832,7697.735772
50,67,1,3587,-156.846344,7476.591053
50,67,1,3588,-21.012979,7528.390717
50,67,1,3589,131.016061,7295.292229
50,67,1,3590,-57.569951,7534.367601
50,67,1,3591,-13.597669,7309.238293
50,67,1,3592,-18.794931,7347.091893
50,67,1,3593,-148.190531,7492.529411
50,67,1,3594,-20.037940,7637.966929
50,67,1,3595,42.380789,7524.406128
50,67,1,3596,-165.661938,7490.537117
50,67,1,3597,56.038856,7480.575643
50,67,1,3598,-99.500326,7319.199767
50,67,1,3599,66.308828,7486.552527
50,67,1,3600,93.979750,7390.922378
50,67,1,3601,139.227764,7452.683516
50,67,1,3602,61.520449,7331.153535
50,67,1,3603,-0.188705,7428.775979
50,67,1,3604,25.193713,7410.845326
50,67,1,3605,101.907122,7659.882172
50,67,1,3606,109.127424,7418.814505
50,67,1,3607,-94.871727,7504.483180
50,67,1,3608,-34.616951,7386.937789
50,67,1,3609,26.629224,7667.851351
50,67,1,3610,-44.816467,7484.560232
50,67,1,3611,113.934670,7337.130419
50,67,1,3612,-27.575296,7412.837621
50,67,1,3613,-121.353735,7494.521706
50,67,1,3614,44.244050,7351.076483
50,67,1,3615,-4.500251,7709.689541
50,67,1,3616,131.652674,7701.720362
50,67,1,3617,-45.721050,7478.583348
50,67,1,3618,90.307323,7552.298254
50,67,1,3619,38.372441,7456.668105
50,67,1,3620,-70.819136,7384.945494
50,67,1,3621,92.985844,7518.429243
50,67,1,3622,-142.868717,7372.991725
50,67,1,3623,-124.652507,7410.845326
50,67,1,3624,-29.154226,7474.598758
50,67,1,3625,-15.531386,7378.968610
50,67,1,3626,-40.577883,7626.013161
50,67,1,3627,60.296307,7384.945494
50,67,1,3628,59.551503,7349.084188
50,67,1,3629,-18.494238,7524.406128
50,67,1,3630,44.455419,7661.874467
50,67,1,3631,-13.296977,7486.552527
50,67,1,3632,-171.390127,7277.361576
50,67,1,3633,-209.136014,7388.930083
50,67,1,3634,-25.571122,7446.706632
50,67,1,3635,55.879076,7510.460064
50,67,1,3636,-99.110310,7363.030251
50,67,1,3637,53.945359,7580.190381
50,67,1,3638,19.571207,7353.068778
50,67,1,3639,35.534141,7520.421538
50,67,1,3640,116.843427,7376.976315
50,67,1,3641,97.633310,7466.629579
50,67,1,3642,39.986599,7446.706632
50,67,1,3643,4.244887,7592.144150
50,67,1,3644,-66.900112,7586.167265
50,67,1,3645,-45.011475,7462.644990
50,67,1,3646,-71.883499,7408.853031
50,67,1,3647,28.812045,7434.752863
50,67,1,3648,15.438308,7367.014841
50,67,1,3649,-78.835831,7249.469450
50,67,1,3650,46.212995,7333.145830
50,67,1,3651,-45.702183,7241.500271
50,67,1,3652,57.227770,7374.984020
50,67,1,3653,11.890433,7446.706632
50,67,1,3654,69.891931,7458.660400
50,67,1,3655,-21.118664,7372.991725
50,67,1,3656,-140.474528,7450.691221
50,67,1,3657,69.642828,7622.028571
50,67,1,3658,-85.062227,7363.030251
50,67,1,3659,3.269847,7482.567937
50,67,1,3660,-19.788837,7474.598758
50,67,1,3661,35.498913,7468.621874
50,67,1,3662,117.287538,7235.523386
50,67,1,3663,-126.231437,7472.606464
50,67,1,3664,8.626889,7414.829915
50,67,1,3665,-39.158733,7594.136444
50,67,1,3666,-123.837248,7550.305960
50,67,1,3667,-12.977417,7426.783684
50,67,1,3668,64.819221,7414.829915
50,67,1,3669,-86.002038,7305.253703
50,67,1,3670,56.269092,7554.290549
50,67,1,3671,-36.231109,7396.899262
50,67,1,3672,-29.314005,7504.483180
50,67,1,3673,85.394393,7478.583348
50,67,1,3674,40.891182,7452.683516
50,67,1,3675,68.667789,7512.452359
50,67,1,3676,19.836672,7478.583348
50,67,1,3677,100.807531,7631.990045
50,67,1,3678,33.903622,7241.500271
50,67,1,3679,-145.742246,7384.945494
50,67,1,3680,-107.500660,7472.606464
50,67,1,3681,-54.642327,7337.130419
50,67,1,3682,-166.336285,7558.275139
50,67,1,3683,-76.406413,7378.968610
50,67,1,3684,-25.181106,7490.537117
50,67,1,3685,-98.934169,7622.028571
50,67,1,3686,-114.117071,7542.336780
50,67,1,3687,-122.932665,7556.282844
50,67,1,3688,174.295130,7374.984020
50,67,1,3689,8.166417,7267.400103
50,67,1,3690,82.184944,7261.423218
50,67,1,3691,75.603760,7382.953199
50,67,1,3692,-64.026583,7574.213497
50,67,1,3693,-66.315089,7651.912993
50,67,1,3694,115.529961,7564.252023
50,67,1,3695,-128.945186,7454.675811
50,67,1,3696,113.295551,7456.668105
50,67,1,3697,-16.116410,7313.222882
50,67,1,3698,-8.755195,7279.353871
50,67,1,3699,86.813543,7446.706632
50,67,1,3700,50.221343,7400.883852
50,67,1,3701,77.908626,7594.136444
50,67,1,3702,-114.772551,7372.991725
50,67,1,3703,-162.379526,7285.330756
50,67,1,3704,-2.531305,7691.758888
50,67,1,3705,-57.480628,7400.883852
50,67,1,3706,18.311837,7355.061072
50,67,1,3707,-3.311336,7604.097918
50,67,1,3708,-102.232942,7538.352191
50,67,1,3709,-80.894100,7400.883852
50,67,1,3710,41.245970,7444.714337
50,67,1,3711,-80.273848,7518.429243
50,67,1,3712,-15.834585,7727.620194
50,67,1,3713,35.818472,7408.853031
50,67,1,3714,-113.708189,7349.084188
50,67,1,3715,-137.690323,7572.221202
50,67,1,3716,-8.933842,7546.321370
50,67,1,3717,-97.815711,7412.837621
50,67,1,3718,12.050213,7416.822210
50,67,1,3719,21.645837,7490.537117
50,67,1,3720,8.431881,7392.914673
50,67,1,3721,-53.881163,7661.874467
50,67,1,3722,28.316345,7235.523386
50,67,1,3723,-48.434799,7460.652695
50,67,1,3724,-47.530216,7466.629579
50,67,1,3725,-78.269674,7552.298254
50,67,1,3726,135.433292,7169.777659
50,67,1,3727,-19.558601,7548.313665
50,67,1,3728,-126.071657,7442.722042
50,67,1,3729,-48.434799,7460.652695
50,67,1,3730,45.555009,7689.766593
50,67,1,3731,-4.107729,7227.554207
50,67,1,3732,-50.420105,7189.700607
50,67,1,3733,-227.601327,7514.444654
50,67,1,3734,-21.048207,7476.591053
50,67,1,3735,161.346637,7402.876147
50,67,1,3736,-106.365841,7552.298254
50,67,1,3737,65.404245,7480.575643
50,67,1,3738,-39.034182,7512.452359
50,67,1,3739,87.593574,7534.367601
50,67,1,3740,-137.015976,7504.483180
50,67,1,3741,45.822980,7289.315345
50,67,1,3742,-18.014899,7434.752863
50,67,1,3743,20.015318,7211.615849
50,67,1,3744,-77.186445,7291.307640
50,67,1,3745,-118.036095,7341.115009
50,67,1,3746,-22.201894,7633.982340
50,67,1,3747,27.251982,7259.430924
50,67,1,3748,-28.639658,7436.745158
50,67,1,3749,-70.323436,7584.174971
50,67,1,3750,-10.228440,7496.514001
50,67,1,3751,-48.984594,7446.706632
